   434.06818451118687     
   432.30085930786754     
   430.94546974723994     
   430.15716255337924     
   429.55515127952259     
   428.57259698368694     
   427.62409849192659     
   426.68082038434460     
   425.98901735925898     
   425.23223247475903     
   425.23739248514352     
   429.14705205302897     
   437.74421534945611     
   448.37777335810011     
   456.84355924036333     
   472.10801614619783     
   485.31899648823816     
   500.14220987165976     
   514.70622057215314     
   527.58089178475291     
   538.32807868954410     
   547.13583827018067     
   555.54774338368088     
   563.63499546531125     
   563.90041307580248     
   565.53139052132281     
   567.35948289366002     
   566.64868755107045     
   565.88588932493792     
   559.25648221392146     
   553.26776293450575     
   545.29022121242713     
   534.99175932113690     
   522.69972764406782     
   509.63428405540185     
   498.22329834013499     
   487.25964216455122     
   475.92114049516493     
   466.39657104677718     
   459.60066215074124     
   455.30302668068805     
   452.27479756976436     
   449.74743226958157     
   447.40562241604715     
   444.79008784943858     
   442.28639474180585     
   439.81786057453456     
   437.16042363481716     
   434.44975668824600     
   432.30000726363130     
   430.23576856570173     
   428.30048233445103     
   426.62737302966519     
   424.64959607831111     
   423.36223668512287     
   421.81299590444178     
   420.58565343325080     
   419.62116657315039     
   419.47513210991076     
   424.33170174885100     
   433.86175342151262     
   447.77073850522379     
   465.56091413241865     
   480.89218121432168     
   498.00584929861333     
   514.48328681361227     
   526.62136560930685     
   536.48764671686649     
   548.30658291014049     
   554.51613706564808     
   555.95238369831384     
   565.80064609293890     
   572.69468371108405     
   578.05145655032118     
   580.62821389171518     
   577.95508943697132     
   573.42432269166409     
   570.84506060127910     
   560.35686275851617     
   555.65079556835394     
   546.40848443351501     
   536.18267296738691     
   525.29752461044313     
   510.99512231458709     
   501.10304137321248     
   488.57506721974033     
   478.26497268145664     
   472.08640770078432     
   466.80432668266724     
   463.34511250065060     
   459.88504262814018     
   456.89131310703004     
   453.67938401252360     
   450.28222216890487     
   447.15841165965577     
   445.46634240083375     
   443.85930230067959     
   441.69561029484839     
   439.41397720921810     
   437.51908085765456     
   435.70257127608704     
   433.17785313448519     
   431.65277324814986     
   429.97474682209241     
   428.56627931661751     
   427.11035348832451     
   426.79793108412736     
   431.02539747059961     
   440.31511403513070     
   453.73288422137915     
   470.51738419486418     
   488.86002116071927     
   506.96333235257407     
   522.64445183627163     
   538.99070914260381     
   552.21112854531816     
   563.89438258392533     
   574.73022990717880     
   586.22415942269481     
   589.87327869975070     
   595.33403609010770     
   601.45709143319255     
   604.38638974760761     
   598.71332858047151     
   596.70339210547331     
   591.14326880025976     
   584.79226882686760     
   574.65254496687112     
   563.06443591472498     
   552.51290244025563     
   539.24662207398455     
   524.79493372370939     
   509.48211830976464     
   498.28569829946895     
   487.04337169034335     
   481.22466338838700     
   475.65099924593727     
   471.97030821391604     
   468.00956280250796     
   464.82034253915486     
   462.05556067248153     
   458.90664476642803     
   455.06770401176306     
   452.40215370677436     
   450.23992328667367     
   448.25754498786500     
   445.76723478675257     
   443.21944693363758     
   441.32458767400425     
   439.97458365503280     
   438.45650440973282     
   436.65965690536348     
   434.83224052894190     
   434.14380846855744     
   434.27477430165231     
   438.94799585682364     
   448.30069466382918     
   461.96927497207031     
   478.63302298863442     
   494.80377526249129     
   512.19454451049398     
   526.87074440219146     
   542.84170786406457     
   553.44717490257278     
   564.06951433886445     
   568.78580391255878     
   578.85285465832908     
   586.12235216268220     
   592.97766700158218     
   590.63084663580321     
   591.99339034390562     
   587.49436074343782     
   583.64005514622579     
   582.37316602049577     
   569.83388401789080     
   560.59081577069492     
   554.35438618579542     
   541.98771548059256     
   530.68103449831824     
   516.65206876912566     
   506.89305531642719     
   495.87296289753590     
   484.29551710770556     
   478.87612007701222     
   473.15648549593294     
   469.77188782645072     
   467.43977411725439     
   466.22279782642499     
   463.87795464211700     
   461.29187853849663     
   458.94984491686898     
   457.42072487342000     
   456.41623004358598     
   455.46693121935215     
   454.48842356428929     
   453.34117852188609     
   450.88713995434875     
   448.91920274575222     
   448.02255806441138     
   447.35366411739165     
   445.97772771267034     
   445.30685147543772     
   444.60606294875015     
   448.34713493224859     
   458.29019869759196     
   472.35346696425461     
   487.03233190024605     
   503.02861618215718     
   516.63974516338646     
   523.38982983715732     
   534.69352540599209     
   548.20041783881686     
   556.20962859468875     
   567.03333511213577     
   578.36484492459022     
   585.77984232624556     
   593.00192401015522     
   593.06128056672583     
   591.15485295819565     
   587.41954619576666     
   585.57190505251742     
   582.21936889453355     
   579.72024854862741     
   571.77486275698720     
   561.61431932849507     
   552.28131657206688     
   535.59160466516266     
   523.94069510587030     
   513.11507169734807     
   501.95740807095956     
   492.54015476130030     
   486.52256867843874     
   481.79102880779027     
   479.41633536658622     
   476.73493123194748     
   474.18285428481147     
   471.50004285384273     
   468.60638130203688     
   466.11602608851626     
   464.11774244517858     
   462.42235431055281     
   460.81913466957201     
   459.16432956904475     
   457.30832986469147     
   455.50575988358668     
   454.29946177242323     
   452.96858547791470     
   451.37803237981956     
   449.99794880887032     
   448.13755596773211     
   447.72415124237295     
   450.80879707717042     
   459.83006168090901     
   471.18310527377554     
   484.57748397275179     
   502.03805613527538     
   518.60578109201811     
   532.36752429399451     
   548.39162630465853     
   563.68807496616421     
   575.19911620985602     
   586.03475199957370     
   588.82870920514040     
   591.69607542235451     
   599.41253732823861     
   603.47906990862634     
   608.48222617018564     
   604.78008446539502     
   594.23553095300372     
   590.30015524903683     
   585.67645888038419     
   579.35594956405725     
   565.18757916100481     
   550.91967917621605     
   538.57940285739801     
   526.65214089759183     
   514.12477553756412     
   502.90750300182964     
   492.65313844041094     
   486.36900008149269     
   481.30154840343016     
   478.39150728712650     
   476.06323479116111     
   474.11893758209487     
   471.81421435003773     
   469.20679598015005     
   465.87219392577009     
   462.45249385638493     
   461.08107578825593     
   461.19923411637654     
   460.37733382136321     
   459.43329301736685     
   458.24867156258858     
   457.38796120959756     
   456.25292508822434     
   455.68105256098670     
   454.60853256438008     
   453.35701819828461     
   453.25234223244092     
   456.91731799463855     
   464.42722642208514     
   475.18823602729196     
   488.39328030643190     
   501.11871847450271     
   514.25065614793687     
   528.02765454364908     
   541.65417580644169     
   555.23539329632581     
   563.70000610089824     
   571.20116324987271     
   579.13835005763940     
   582.71418221409806     
   588.71107020096031     
   593.96588263103740     
   595.61252226549936     
   597.28915533833185     
   594.78750265252654     
   592.70229869695288     
   587.66826478004873     
   576.18974047405322     
   564.60415195340033     
   551.64905358394117     
   539.68525125171959     
   527.71500407207793     
   514.71101829181714     
   505.67744038315396     
   495.58948558678640     
   489.61689585313070     
   484.10590925074604     
   480.12931346038346     
   476.62215360536817     
   473.37052792726735     
   471.13960829273992     
   469.30068698248755     
   467.28539135872194     
   464.75290881150437     
   462.58440759141229     
   461.01075831210557     
   458.89204552057214     
   456.81585099779142     
   455.35284009010581     
   453.74539908474532     
   452.16307814242509     
   449.74046702775166     
   447.61192985732805     
   446.87820187208513     
   447.03068419501079     
   451.49696900289109     
   461.29667371645797     
   475.10026267790789     
   492.72201246378825     
   510.10409403376832     
   529.04475868431552     
   546.26093582684985     
   563.23752367286897     
   578.72493232423835     
   590.09464694808628     
   598.42785420034124     
   599.64110039125922     
   601.06253299402317     
   607.51144217300907     
   600.71474754979715     
   600.77429825114541     
   593.52533371639049     
   591.24360148703556     
   595.59511832874887     
   594.14957729728167     
   586.40777068761429     
   573.10833013479714     
   556.36092172219287     
   548.01324653856329     
   537.58048896128787     
   528.54766378439319     
   514.17776093658085     
   502.82630515318937     
   496.25015692066847     
   489.43069844979993     
   485.51197890425635     
   482.70835427590015     
   480.20363457549894     
   476.37733328240728     
   473.46297872967529     
   470.77579506186447     
   468.61109225610011     
   467.00035708460661     
   465.58821926135522     
   463.91899522218000     
   461.62032540450969     
   459.37664987522913     
   457.67286627639680     
   456.07678377902266     
   454.63541186310499     
   452.56992267032581     
   451.00799010483104     
   450.46415182441876     
   454.06777624057270     
   463.25760432434953     
   475.82028703468495     
   491.09000895010735     
   508.74075349694704     
   525.11198295353938     
   538.67786248514562     
   554.69091794300141     
   568.81979521836968     
   583.23949669807587     
   596.10944255370055     
   603.83618216747413     
   609.82022360593180     
   619.27040884970017     
   626.62387714104864     
   630.48366495982486     
   630.29908629721876     
   628.09034271111068     
   616.58757516787102     
   602.04267978371638     
   589.99494913336127     
   583.74046737495553     
   571.59584748066277     
   557.49221076166543     
   542.08953464222020     
   530.43982179853765     
   516.62979120945351     
   504.91761323740008     
   500.00217939991228     
   494.88783766982021     
   491.18758069773810     
   487.28196134489218     
   483.27935085033295     
   480.40106896420485     
   477.30015413543401     
   474.72604692630637     
   472.02363050454704     
   469.41894033330800     
   467.26616740729065     
   465.47315075696059     
   464.38941286526887     
   463.02524457449653     
   461.94183368166091     
   461.86744252646952     
   461.23440189912816     
   460.06293485763541     
   459.19122629219140     
   457.55788357816306     
   461.30075959294976     
   469.45118639629214     
   481.51794187631140     
   495.25483762932095     
   509.86554677213110     
   530.29977761877296     
   546.18020722778442     
   558.83523841959277     
   570.84145452981522     
   578.25939826633748     
   588.58471250258356     
   609.73943815802363     
   619.87584228110427     
   617.56135008917818     
   618.33633885507254     
   617.83593424014532     
   610.19141511306157     
   610.54009507941748     
   599.76823481877477     
   590.37718939357512     
   584.30093604147669     
   576.22417909713579     
   567.51846585956150     
   556.67240456725165     
   544.99360095488623     
   535.39726928090158     
   524.41436301760598     
   514.88317714627760     
   509.15083576255910     
   503.09609233199609     
   498.08136773259827     
   494.59930655650442     
   491.50574974692512     
   489.42321524798552     
   486.76636672672078     
   484.62757423226100     
   484.44707727867615     
   482.33788257647984     
   480.85355430926933     
   478.39750468124237     
   476.66459864454907     
   477.52612167731814     
   476.77260614461534     
   475.39541613840015     
   472.14587782977071     
   470.61687996940015     
   468.24877090064149     
   465.94762754013550     
   468.49693951889202     
   475.96139087332955     
   487.03200340319722     
   501.54536294596898     
   518.28845786415184     
   538.36910421399102     
   550.81786948440276     
   566.05253605991902     
   584.73640807256334     
   588.32518786975368     
   585.20097063429273     
   585.97727647163424     
   588.16312127768822     
   595.87153849069114     
   605.37778807495715     
   597.81159971059515     
   594.04185899748097     
   582.18251760500698     
   581.43938014354524     
   577.05535750793865     
   559.81587784111878     
   556.46889946232739     
   542.87639942593296     
   532.17071487959242     
   521.41370367332331     
   511.00617207888314     
   500.42571071835340     
   491.72778355913795     
   483.73568828991944     
   476.62894434301381     
   473.85823233295974     
   471.11193675469138     
   469.64203008009730     
   467.00427794163750     
   463.90918250924932     
   461.42855281077294     
   459.68655287492254     
   458.26351320112337     
   456.38215086734414     
   454.60843166646680     
   453.61838153069078     
   450.62822092940917     
   450.24452934924028     
   454.23543095785124     
   455.41891797691636     
   455.11855395850341     
   454.79684610816076     
   454.08608739840707     
   455.87015259704106     
   459.18614223521053     
   468.58713226901295     
   479.18232707596451     
   490.43744349354637     
   501.12120404226340     
   513.42396707470027     
   526.73245800977077     
   535.78113557505367     
   545.63309660002426     
   553.14079846880031     
   563.49587667675428     
   571.01823947801165     
   574.72081341199873     
   576.34389275693036     
   577.56196929222244     
   578.96363100167537     
   575.42830597256329     
   572.36522677227629     
   567.41116564497599     
   553.83954159461962     
   539.62283550454765     
   531.45294203276183     
   520.71654320169512     
   507.99454811978370     
   496.40913072349520     
   484.47971998455779     
   475.99102911949336     
   470.57873274084642     
   466.43819776098775     
   463.45940503119459     
   460.78373678402556     
   458.13984172167807     
   455.99066795741237     
   453.79784924626830     
   450.85784436446590     
   447.76863623079578     
   445.29967685567306     
   442.87453363330508     
   440.72937407220587     
   439.09539402345024     
   437.52030092446461     
   435.94913447499198     
   434.66617206544004     
   433.33774446848940     
   432.28759467902296     
   431.19500710712322     
   430.60266480435257     
   434.22858322358519     
   443.00057717204953     
   456.84349222108017     
   474.72365704326580     
   488.93458966534934     
   505.19125806430276     
   521.39576037319421     
   537.01630213218527     
   550.32072339098465     
   560.26562713950625     
   574.56928549375402     
   583.34488202423699     
   592.42016964154072     
   597.47694404717595     
   600.00586302136799     
   602.21098526949493     
   601.42190916855247     
   597.24629347376549     
   592.54581285247809     
   585.86799705399460     
   577.77547313663058     
   567.25364969871339     
   556.13895885683507     
   542.98086804650723     
   528.70257311337377     
   512.20834209930865     
   499.82283453545460     
   487.56199030505729     
   481.41215810458323     
   477.12447988944712     
   474.16966148385484     
   471.52274485845311     
   469.19722908502177     
   466.38158056456376     
   462.34071997449007     
   459.34900562171225     
   455.43128464296836     
   453.59572543500809     
   452.48151861992056     
   451.53493832779691     
   450.48203635038857     
   449.30597850747893     
   447.70226291843920     
   446.26422801526627     
   445.02352587564559     
   443.80497039484175     
   442.43336499782453     
   441.90357095194258     
   444.52211961671338     
   453.09466133323082     
   464.66449063466604     
   480.64682308537721     
   497.61622106847972     
   516.69796071313885     
   536.35328160399274     
   547.03287616494538     
   561.86719085451261     
   575.59761819970618     
   584.39641751780391     
   595.15400958623661     
   588.92849671642341     
   594.48639144247022     
   597.13171187515456     
   594.68280063556938     
   594.80684995502963     
   591.99503979020551     
   587.66471551110999     
   580.20492923506288     
   573.03537365256147     
   561.74094758034221     
   548.98568463167624     
   537.31544363445437     
   526.43936152535991     
   515.14291989856406     
   510.36249695385413     
   499.92919650065568     
   493.24244120612764     
   488.52478832564140     
   482.41670973619534     
   478.32613027305820     
   474.54013895947321     
   472.04793697638183     
   470.28287840848037     
   468.74934490897164     
   466.12359146782171     
   463.99301007356462     
   462.59075022344138     
   461.07288309981726     
   459.97422728491881     
   460.02028291960767     
   463.12166346919156     
   459.58618371436177     
   459.19894375328317     
   461.01040784589918     
   457.26799347268650     
   456.39869453669832     
   456.73955671257852     
   464.76342908170022     
   475.63838874690657     
   479.13709590635432     
   489.10078262242888     
   506.54275193236509     
   514.92812230764491     
   535.83349382001643     
   548.30989257851456     
   558.34301820891835     
   571.61755344750975     
   576.50071935586629     
   583.80091571277137     
   592.74176555363169     
   594.77852515683367     
   597.56386559047871     
   597.82413975661029     
   593.53075384731108     
   583.85694831115825     
   573.24582100743510     
   568.06460576301686     
   556.36943082191488     
   548.17959231026259     
   535.29492420963061     
   523.11164001832367     
   512.84749852374318     
   500.27302557314522     
   491.34781016569411     
   486.02378514912760     
   481.46436704463525     
   478.01923131708207     
   474.62124756065799     
   471.32037207318211     
   468.30238863071764     
   466.50918752961599     
   464.79596456436758     
   462.76695829696223     
   461.09282168760558     
   459.50529806097035     
   457.66154679372960     
   455.74052452789698     
   454.35670319364937     
   454.70556496750208     
   455.74373637656294     
   456.69185353982806     
   457.49697718036538     
   456.28815422329097     
   454.44915409761137     
   455.22564482439486     
   457.44894987337915     
   462.75177916482113     
   480.14824555654627     
   496.29345917903220     
   509.81148070980367     
   521.00357612619382     
   531.38911735281783     
   540.36870804194996     
   551.26394133355564     
   562.77393154317917     
   572.97870810170150     
   579.01360969906023     
   580.01001838496268     
   584.44084332742170     
   582.90476806667323     
   583.23616480542034     
   582.54833792975467     
   582.52949863837330     
   574.94323663506145     
   565.63627086588735     
   557.58468498045693     
   545.84656463238116     
   535.93451748749533     
   521.50009271529757     
   508.77094519941409     
   498.63034308795881     
   492.84395362057364     
   484.56002807287473     
   478.84496652125961     
   474.78952362912833     
   472.71065712445767     
   471.64416916939831     
   471.50408842376612     
   467.67984293888787     
   466.36497846944059     
   465.54879668833280     
   462.15899430545392     
   459.28719179002314     
   457.67352953652670     
   459.32053763693284     
   458.45118274696847     
   457.38202857940701     
   455.66599518956400     
   457.04307341272585     
   457.90221239310677     
   456.12037197430527     
   454.23189478796667     
   452.48617050889015     
   452.54949206930013     
   455.35858079515475     
   453.66703723543026     
   463.68220839088616     
   481.32946797090011     
   514.34497085846431     
   515.03168950407803     
   519.33963234761018     
   524.14524098334289     
   543.92596828209957     
   572.10374141505008     
   575.14135296441395     
   574.62381224089120     
   575.81314598221945     
   575.38563316974614     
   570.93882339372101     
   564.86149560174272     
   557.97767998619656     
   557.38474424718277     
   550.05244405659914     
   539.40250198417334     
   531.04751660111151     
   519.98780632660794     
   507.69334966210403     
   495.17934664711942     
   485.09059112827356     
   477.02868950355838     
   473.65635129747801     
   468.43665009325861     
   466.14081058053887     
   462.46435534659395     
   459.15625455689786     
   458.99953768172793     
   457.69862585211399     
   455.26449056933330     
   453.32973359894117     
   451.75324573212748     
   451.06908105120340     
   450.73643353449995     
   449.11715099475839     
   449.69332986631645     
   452.82184805355098     
   453.23297637284918     
   451.73444862593595     
   451.98633000543606     
   452.28747165314178     
   450.80861056008064     
   452.10260667287736     
   454.47098526837652     
   462.69669003155991     
   471.86508255228540     
   478.62850080109638     
   485.28188480482208     
   494.64655914004209     
   512.97724902020832     
   531.08573823512575     
   543.31915230541324     
   553.66088906646519     
   562.52045205595175     
   566.48634099126843     
   570.28067414244060     
   574.27305407602000     
   577.40610190802386     
   574.94098452289177     
   573.28192135232189     
   567.91380210111333     
   560.73994485492949     
   553.53700888468882     
   544.71592997432049     
   534.06928685758510     
   521.76913575660228     
   508.33313914555754     
   495.82026692064738     
   486.74712186380475     
   477.89869088106155     
   472.83818696831219     
   468.29992414200325     
   464.65777544340966     
   461.70840712985159     
   459.11626543505253     
   456.87816254192688     
   454.81268446379687     
   452.38982738911989     
   450.42533637734590     
   447.87649699269366     
   444.80047389596223     
   442.45273629884923     
   440.64261241960816     
   439.14935300316819     
   437.36871196628010     
   435.90805202011006     
   434.63826781190033     
   434.09334964186615     
   433.51649387862415     
   432.73197456736420     
   435.70665380630589     
   444.45584946364204     
   456.54505077945555     
   472.09581347871938     
   485.24529996574597     
   500.25430612512309     
   513.85029660017688     
   527.40569441130833     
   537.06121036934383     
   549.45707603850212     
   561.29986883944730     
   569.27691084321862     
   575.19873564457055     
   580.47251411819491     
   586.09998678469810     
   591.93665616567750     
   588.44523161690938     
   581.59455390540018     
   575.62078794163176     
   568.93217051263014     
   558.57100190156712     
   548.55416632317826     
   535.44598237684920     
   522.75694831428848     
   511.10069996306925     
   497.29622118249711     
   487.48303554835371     
   478.85769586225439     
   473.38884004564608     
   469.19204529075427     
   465.83880336002613     
   463.47011271884236     
   461.45736591398446     
   459.50875353939011     
   457.66466004240874     
   455.85739112236075     
   454.42368826531214     
   452.98190042022685     
   451.43618508525844     
   449.83371929608040     
   448.52824836643788     
   447.23592846475691     
   446.20693300135196     
   445.23136153293291     
   444.05659868516705     
   443.61990667649155     
   443.00079973816668     
   442.56424674380116     
   444.94801628144165     
   451.48100454037649     
   461.35979230866394     
   473.41393860299024     
   486.09376863198872     
   498.72880530214377     
   513.70588260613135     
   528.21882900507615     
   541.22317552980087     
   551.90233725410212     
   561.36972330219055     
   567.64455494396441     
   570.52143743221927     
   572.82727779062452     
   572.69964301863001     
   576.54771499265087     
   579.49851554512270     
   577.95921788035139     
   575.10701453965169     
   566.10437128021078     
   555.70109380950566     
   547.00612142753255     
   536.49858912008642     
   524.95576940117519     
   513.24849347323652     
   501.23416360092187     
   490.24435914059393     
   477.78774808978852     
   471.77930905310052     
   468.08416372547089     
   464.60603230839189     
   462.54455833541346     
   460.48050221192489     
   458.21249645917527     
   456.30998993142458     
   454.49743715382692     
   452.64023418072014     
   450.73509326354758     
   449.27714236556659     
   448.18001708232487     
   447.45332097252663     
   446.14854231353638     
   445.56652663530963     
   444.77323238805974     
   444.03674225249080     
   443.25113741023972     
   441.61102482133310     
   440.78562034490085     
   444.16346654461489     
   452.14177461306707     
   461.80262322555296     
   473.52517356610963     
   485.27404599696024     
   499.84420929828514     
   512.31449909371702     
   525.47392864762048     
   538.02927702643808     
   549.94745337199652     
   558.82570267377196     
   559.37417366221314     
   570.95407099826332     
   581.56785064619146     
   586.70905470923230     
   587.89170446439800     
   587.97379386846626     
   581.91870470787558     
   572.28920745135611     
   570.03243456459245     
   563.17300758841077     
   553.41244050393436     
   536.71590509017585     
   526.16364981251775     
   514.18447447334677     
   501.75517202028124     
   490.55052486679762     
   480.86716898075753     
   474.40203432466274     
   469.42680755971952     
   466.18258516418081     
   463.80448576496843     
   461.37526348522323     
   459.22490402051335     
   457.71275259093329     
   456.41761700432500     
   455.01285827183136     
   453.50716999047501     
   452.43273883502798     
   451.86624872449022     
   450.66243945784794     
   449.34493303177919     
   448.35159891611278     
   447.18265144875909     
   445.56763428134207     
   444.90463760989235     
   444.38930109813958     
   443.42627317479065     
   446.02931619199364     
   453.26762692062294     
   463.74189458413912     
   474.95081842198238     
   486.61944840509386     
   499.64359148418430     
   511.61489031097756     
   524.94322941187227     
   536.22542137293840     
   546.81428565649526     
   558.12856456418217     
   567.21839258021441     
   572.64373084582155     
   578.96789447890228     
   584.30433148475754     
   584.63371567537388     
   581.02648714875568     
   577.13715934522645     
   572.10422651545571     
   564.91739986371363     
   556.40568067110905     
   547.38038211270236     
   536.30638926516428     
   522.36329090905497     
   509.46147510463015     
   498.23726813076144     
   488.90896683282307     
   480.23143738831783     
   475.11332231700902     
   471.05296989369157     
   468.02182277000264     
   465.91863322241920     
   464.14100370808291     
   462.42044177146977     
   460.67757474926907     
   458.63150710351869     
   457.07486509922359     
   455.36771018535933     
   454.08024404803729     
   453.15023659912021     
   452.30099374560501     
   451.41262293996061     
   450.06100626250748     
   449.00884094047643     
   447.90410958154433     
   446.76977170382492     
   445.81645572750614     
   444.98684925614936     
   447.26281401751385     
   454.56567757239634     
   464.48985392141299     
   476.09379348199940     
   489.01153428709790     
   501.90045645232482     
   516.01943628311233     
   526.96111403595319     
   538.53897809154648     
   553.21007611288258     
   559.80074016072979     
   569.83579106662796     
   571.19512734914042     
   572.93933860061065     
   575.53527442938980     
   579.76280272328779     
   580.86858998214745     
   579.20042703060585     
   575.52160161897052     
   570.92130054334802     
   562.26002356770687     
   553.01834920388910     
   538.76392409440371     
   526.67566718430840     
   513.25604595213360     
   501.70167645306952     
   493.05055482931886     
   483.92665420397697     
   478.65623448314267     
   475.13694288122019     
   472.19766778494056     
   469.82160411690489     
   467.62260250757066     
   465.60803501121279     
   463.71274913293763     
   462.01254025284328     
   460.39021452492051     
   459.19153496845337     
   458.41066525159147     
   457.47480369422510     
   456.17777855286249     
   455.02181286401770     
   454.08720082235720     
   453.46846520829070     
   452.55671507470811     
   451.76735761193709     
   451.34909078649616     
   450.82419482889026     
   452.88428666959038     
   460.03254624488432     
   471.28079298208644     
   483.69634869766355     
   495.67017477946587     
   507.32761911729557     
   521.57138959552856     
   534.37070264240640     
   547.28535844775058     
   557.90783876512444     
   565.88067912348708     
   571.92374604419820     
   577.01590771509950     
   582.58426067308494     
   588.03805326447662     
   591.05891673932433     
   591.57066227966220     
   589.57411139921555     
   583.10715998467185     
   574.33414728708112     
   563.96789037898486     
   553.08745902612952     
   540.77469727640857     
   529.25478514780411     
   517.97587821499224     
   504.86046238571447     
   494.49146331572700     
   485.38176175024233     
   480.84964638312312     
   477.24824454757129     
   473.93948766828430     
   471.21645134393771     
   468.95517450287520     
   467.08895280647624     
   465.38926383723123     
   463.82547533783543     
   462.25596065012763     
   459.75543798540184     
   456.79775370151071     
   455.10543900615846     
   454.79957609021426     
   453.94665871828244     
   452.70278641957572     
   451.46620574770003     
   450.19897188226531     
   448.87160885409389     
   447.71324789935989     
   446.78948546182085     
   448.45025152520003     
   454.52810013878036     
   463.92933966211939     
   474.56574105136980     
   485.28272847190851     
   497.75472150284583     
   510.07820831637326     
   521.01638594183601     
   535.97675161393408     
   549.15457577813697     
   556.74428818218860     
   563.08401821194650     
   567.89139592834272     
   573.33010297042244     
   575.40479398990544     
   573.99727283559935     
   573.10549995669635     
   569.25103781921871     
   564.40811352689354     
   555.75835554284606     
   544.69263236566678     
   536.39441057671104     
   526.21509037358192     
   515.87122262102218     
   503.37674862753653     
   492.21356853460838     
   483.48705097881026     
   474.99047239018967     
   470.16405180861608     
   466.58333537456815     
   463.44393103498356     
   461.19391631215467     
   459.18601633151678     
   457.26459257329964     
   455.47144092086586     
   453.95395211074731     
   452.58059177852664     
   451.38271477661107     
   450.12064250272255     
   449.11871885915917     
   448.01318615386867     
   446.84671388134910     
   445.89168685238059     
   445.02060553679951     
   444.32723314285238     
   443.31774709175221     
   441.85501357369043     
   441.06029193395494     
   442.64982293756896     
   450.29847520211075     
   461.27517012326535     
   474.11460966987408     
   487.08559954526277     
   501.07341575524271     
   512.54030638894210     
   524.95293925651231     
   537.64113501679935     
   547.59864379863598     
   556.21967878099156     
   563.31240325640533     
   571.25834466097308     
   575.15722556058256     
   576.82760709385127     
   578.34739497493274     
   578.96427482532351     
   574.07441644098014     
   569.68350786031897     
   564.17688043228748     
   559.09798478261200     
   548.71466479000321     
   536.82795784882853     
   525.06933091914379     
   512.74231177102592     
   499.85335688224745     
   489.75149826360985     
   480.07432636152680     
   474.54739799595387     
   470.36145553953196     
   466.46334172611716     
   463.35562885115149     
   460.96908955916143     
   458.98928161925494     
   456.29424085168796     
   454.27504995871556     
   452.24256005670503     
   449.89169701727508     
   448.05424203556095     
   447.28950279853956     
   446.57784080780937     
   445.67044743770623     
   444.11016752932522     
   441.25976464681554     
   439.17518777324500     
   437.48316761758588     
   435.72951675000161     
   434.72305159737812     
   436.87853945819779     
   445.43314934618826     
   459.25661931804450     
   474.94763880833335     
   487.59751675186442     
   501.14959502418088     
   516.04577910555281     
   530.37876024948901     
   544.17891705494583     
   553.92928912666150     
   567.83930309944947     
   578.77762897837704     
   584.83762734514153     
   590.35970688900898     
   595.30260101600288     
   592.14731216029668     
   591.15645036188516     
   587.70957881098479     
   585.68893028520381     
   577.80651394966219     
   569.35470760248450     
   557.51146141703327     
   546.13105796352545     
   533.24963463196480     
   519.07982136951000     
   506.66803396809740     
   495.64140730558893     
   485.96997983087124     
   480.59613845745616     
   475.60003933285645     
   471.10276870364652     
   467.89081381772110     
   465.56314893720185     
   463.66802522457351     
   461.77628690605593     
   459.24803879159936     
   458.04918810609041     
   456.54319431847341     
   453.94387340474839     
   451.90616282448178     
   450.57799692798443     
   450.09778561734612     
   449.12560499530457     
   447.76659593902110     
   445.95098734932236     
   443.38188596025481     
   441.26762538390801     
   441.19789612673668     
   444.03871944381893     
   452.08106268225032     
   464.39941028139788     
   480.44172752119505     
   492.38739799482187     
   502.91531898323291     
   519.25898073622454     
   535.42248540989419     
   550.29668318393408     
   561.05294200112667     
   570.48003687037692     
   580.67574777943184     
   588.70679427722177     
   592.82748876519679     
   599.49923221883444     
   602.62615301286303     
   600.64050660512396     
   602.21581898663089     
   594.01383264603783     
   587.00563724739766     
   579.05275428457935     
   566.10453697213222     
   553.46423702896755     
   538.97758895700372     
   525.13215570931516     
   510.93202532021746     
   500.34581745528766     
   491.72084777953478     
   485.19315578612878     
   480.38304377737853     
   476.10231052246314     
   473.71958974349343     
   471.44262263391539     
   469.00004859331500     
   466.86188159725293     
   464.31905953727880     
   462.18744938161677     
   460.80893838809664     
   459.90838951585215     
   458.40619285553771     
   457.22892660541339     
   455.91874522165449     
   453.80044362266767     
   451.87775965464328     
   450.27901021525241     
   449.06877179746783     
   448.13335745647453     
   447.48771924847654     
   447.47250694467101     
   454.15467800974392     
   465.98325018826569     
   482.42448971198758     
   500.29412864180301     
   514.72835276000103     
   528.92260601233522     
   545.86121163615826     
   563.21531092401835     
   576.00661051683812     
   584.11709231277632     
   590.86912357182212     
   593.07940838983359     
   594.88143357734077     
   598.31353753629287     
   602.19396593615443     
   606.40909408061805     
   600.41392188700149     
   591.34309278563489     
   582.84633406240016     
   576.36602981335341     
   564.22263693506886     
   550.44965557390537     
   534.43233771233088     
   524.54590023195533     
   512.49286109016873     
   500.61719311307621     
   491.77227498323202     
   485.84404156286104     
   481.60171126199072     
   479.76729065796724     
   477.22812197905603     
   474.91907702494331     
   472.51385182209719     
   469.94041638752560     
   467.72170835906087     
   464.54323100899813     
   461.27006894625623     
   459.13440063889175     
   458.19482661877771     
   456.19355642223422     
   454.75305111313145     
   453.39474651258558     
   451.68132271428146     
   450.03830677043806     
   448.33267696472541     
   447.05256700430266     
   446.50673667649949     
   448.41695706184117     
   455.48495754129527     
   467.57360310795173     
   483.67784765169216     
   500.45529626513604     
   515.60149810472467     
   534.17535971889902     
   550.72016132488739     
   565.84187791317152     
   578.96336315073586     
   577.52734264479466     
   580.30752130337964     
   587.01054410792403     
   588.10740473841292     
   590.32992604284038     
   590.79397272862491     
   592.52291181058854     
   590.42594731296492     
   586.77568590205908     
   582.85227324072184     
   575.63067281582050     
   564.82935041733379     
   551.49610961669885     
   541.52070593220390     
   527.50155766027217     
   512.33776764644620     
   503.04645599539890     
   492.54795684124559     
   486.03543349547391     
   482.97933970292888     
   478.39052429345145     
   476.06711640242571     
   473.76140784204063     
   471.13099230793574     
   469.24399805200699     
   466.70082673053565     
   464.56751759206190     
   462.79071933526268     
   460.96996541384812     
   459.32272052386577     
   457.76077187830032     
   456.28713176283361     
   454.81017032529462     
   453.33385491212402     
   453.11207271258104     
   451.81767298974660     
   450.59849625908754     
   450.42815908168461     
   451.09586570951967     
   457.20627699469651     
   469.18982736889251     
   485.70255536856087     
   501.37889787330198     
   514.82422858874088     
   530.41542096588864     
   545.84787129702204     
   559.39855677342371     
   564.55920623785539     
   573.74427875127571     
   582.75816400316637     
   588.25291663693554     
   597.88566298942987     
   602.81818326850623     
   605.63869112581267     
   602.87316533889282     
   594.70337860816585     
   589.68037968841236     
   586.38759537935755     
   579.69483803827552     
   566.09951950305879     
   553.07702840363174     
   539.00688312016621     
   525.25391876148717     
   511.55830170936127     
   502.39173937656238     
   494.05148818460952     
   489.37972517999242     
   484.79163855333189     
   481.57849150849904     
   479.47321316665960     
   477.32773628278613     
   475.45540401225225     
   473.69631372611906     
   471.49595706123893     
   469.10235704537348     
   467.11306812761478     
   465.92216741587197     
   464.73768255572810     
   462.66335088364974     
   461.01143922370142     
   459.87807584060101     
   458.93859243283060     
   458.34872164147271     
   457.79053327782964     
   456.98391597219563     
   456.84670499417967     
   459.07951850771531     
   465.08312410914715     
   475.12290749074168     
   487.85865094230536     
   502.37400856976228     
   514.02420640531716     
   528.06153020119064     
   544.45157335404485     
   559.91419108112427     
   570.65906624391698     
   582.14868432568437     
   591.78052892099504     
   597.04470328553043     
   603.79565342367084     
   609.43244037809154     
   603.29040866425703     
   600.87967516205606     
   597.46998572655457     
   592.64802937912566     
   585.75143544194884     
   580.79074757937849     
   569.76170947704702     
   557.02793121420564     
   545.00477786675992     
   531.40512938827305     
   518.10920715957286     
   506.21174439853809     
   496.63601938522049     
   492.03407367890173     
   487.92341759237684     
   484.83820887598080     
   483.21752306216848     
   481.51940875033057     
   479.80182709547086     
   478.14601637571400     
   476.68216458676665     
   475.45799260822980     
   474.29850371872288     
   473.59620844405970     
   472.32642935913162     
   471.12306170905350     
   469.95152844393124     
   468.49156241587292     
   467.17778401994292     
   467.08277849883791     
   466.20267353104521     
   465.51620574958025     
   465.69294261688691     
   466.59024722439153     
   472.22247458147399     
   481.40751209090729     
   492.90461976949871     
   505.06143677157024     
   516.95512785538415     
   530.30917638436279     
   544.32452869028589     
   557.79610895334611     
   571.80613234453710     
   583.19385840201858     
   592.29415845905498     
   600.36578425327275     
   605.94297905235624     
   611.07325829261674     
   612.91364244392457     
   610.79667748494057     
   606.16210534879895     
   600.34963872185165     
   595.35829898995041     
   586.15379212414632     
   573.56791627346206     
   561.40600076558303     
   549.32410802536731     
   534.78574961611321     
   521.51714603012783     
   512.83941248358087     
   504.26279247250687     
   499.16640389038139     
   495.49893511681347     
   492.39196293392831     
   487.11996848801095     
   484.15394251591016     
   481.96433451799243     
   480.11022156088382     
   478.48951298927125     
   476.93578294906393     
   475.31751460757027     
   474.81702261910414     
   473.62427541631541     
   471.95722687967526     
   469.88493768152830     
   468.04832234569437     
   466.06444973851285     
   464.25086272535555     
   462.90633976343526     
   461.76509511507146     
   461.08982125927236     
   461.44572602227618     
   467.21469125717920     
   477.63429344516328     
   490.76702431327777     
   507.60626918146818     
   524.24390080494948     
   538.71542385719340     
   554.57234356126696     
   570.85344011051507     
   586.53518966659010     
   601.04207059190639     
   615.26190315261624     
   623.16854643392071     
   622.41815140244069     
   619.11587449331432     
   614.58052610998050     
   618.54326179574366     
   611.67018868766468     
   612.58251538187346     
   602.62656693026827     
   594.67613227512084     
   581.11536665511039     
   567.46174092877141     
   551.84863975249630     
   539.73630378410405     
   527.37712661862588     
   516.27864667605979     
   504.47066327328679     
   498.77624658512320     
   495.48761498777208     
   491.82531090664668     
   487.84632483934087     
   483.76241495918333     
   481.35076197664677     
   479.40118712057330     
   476.80294457944706     
   475.56630367459184     
   473.84650081950440     
   471.88880539115195     
   470.09898121970264     
   468.95096895734440     
   468.01516016780221     
   466.73833355429321     
   465.23710249579062     
   464.57803882974054     
   463.69124901480370     
   461.84233348455166     
   462.48231938895651     
   463.21815130150515     
   469.36639455645945     
   480.48165483915659     
   496.04074493498780     
   509.52452690535904     
   522.34171395761041     
   535.37378836534151     
   547.57178337498476     
   560.84727094902485     
   573.19475992433115     
   580.07092232736386     
   589.50982269267593     
   600.02128698238880     
   603.87944282303033     
   605.89165671039848     
   608.97397456044166     
   602.17379849292593     
   600.38235478198260     
   599.87081435335404     
   589.49713934184604     
   581.52607859477041     
   573.59220861250662     
   562.62239884020062     
   548.18701658314353     
   532.99025515328105     
   519.74385868330694     
   509.23919579724236     
   500.00193741302286     
   493.61936071347952     
   489.27984827363781     
   485.91660656017058     
   483.08904126244289     
   480.75621851150368     
   478.62516974556667     
   476.56633949479783     
   473.97728566092923     
   471.50148583758977     
   469.08822859716150     
   467.25721153377191     
   465.67045926391717     
   464.24428084576920     
   462.92072255012749     
   461.37434919786347     
   459.54677741378123     
   457.96279032559130     
   456.94816636465106     
   456.50305396826587     
   455.98135876170784     
   456.30222145188208     
   461.19814374126173     
   469.96153965339482     
   480.03476938471579     
   491.67107557352176     
   503.04928222183906     
   515.47893310762277     
   526.85831380013440     
   538.72615130729264     
   552.14308936924579     
   560.46688644795040     
   568.81609598937314     
   577.02016511663078     
   582.03308567122360     
   585.12931136945156     
   585.39756306303639     
   581.39781487278185     
   577.58854095867525     
   572.76141824385070     
   565.20588307131231     
   555.64228106659061     
   546.04112807305205     
   534.20271276546259     
   521.74266022727716     
   508.88133663224033     
   496.38511208549050     
   488.09982688926152     
   480.57329166545338     
   475.90375404698995     
   471.55211542261816     
   468.34419186424856     
   466.18464926701733     
   463.92244665126162     
   461.95469227070430     
   460.28329730086188     
   458.73263479905637     
   457.68138926317863     
   456.49320902701993     
   455.37565435230346     
   454.08791196589146     
   452.91598739588221     
   451.95714317091279     
   450.84969136823997     
   449.96549070602919     
   449.13983009827245     
   448.15478146526351     
   446.85483229666875     
   446.56268763365756     
   447.41542314454699     
   453.31691479341248     
   462.55874256914558     
   472.33350299283296     
   484.83362537743136     
   496.11762335933156     
   507.64106998347859     
   521.50579662736413     
   533.85223197545020     
   542.81820493964221     
   553.59376792165506     
   564.71766366525617     
   573.44591596114321     
   578.49816957905443     
   576.68780535151643     
   577.03287285840520     
   574.82833726316778     
   575.05404697017343     
   569.68802632545930     
   561.70083537002483     
   551.28201762933668     
   541.36033045818806     
   529.77072529676684     
   515.86382642462922     
   502.97617656344096     
   490.78950455588432     
   481.82728179493131     
   473.67783210748581     
   468.95967881764238     
   466.02655796107820     
   463.03671618822779     
   460.73686717994349     
   458.64239530988118     
   456.81309124987854     
   455.13526363040654     
   453.52945767591217     
   452.02322599362037     
   450.92141675029592     
   449.89140189465326     
   448.85203072618708     
   447.96258677976243     
   447.27793237596126     
   446.79032573294307     
   445.68749475205260     
   444.01989232071429     
   442.85584865070587     
   441.78050791093096     
   442.28503675875930     
   444.28086421678796     
   451.79343868760844     
   460.20992199211378     
   470.47468866862704     
   482.81554720415016     
   493.36461733820579     
   509.39973208468814     
   524.08293547625306     
   535.20762667924305     
   543.43250226034627     
   552.70626741942669     
   565.55720897371611     
   573.58555744744342     
   578.13035491064852     
   581.89151062831843     
   582.57040162230430     
   582.12546241495454     
   580.24910087510602     
   577.27281815876529     
   568.51882711830069     
   558.27344726020090     
   547.91021065811367     
   535.92957634484333     
   520.28675274638704     
   506.57623610380733     
   494.46280859656133     
   485.29041707046417     
   477.36014160576110     
   472.42094413693115     
   468.90252974156999     
   465.64924714764356     
   462.90827530357871     
   461.01706031910021     
   459.20792758009975     
   457.39480675196825     
   455.45396550204259     
   453.31670965467129     
   451.11777445028440     
   448.77124371281889     
   446.65171623603902     
   444.75740116142754     
   443.06539775366133     
   441.12274983919480     
   439.55621651305631     
   438.05240921166796     
   436.85587780859879     
   435.29011859152467     
   434.55906963803227     
   434.77917518010929     
   441.50390816720295     
   453.19690237352023     
   468.03920956075956     
   485.64260354456997     
   503.12670306516554     
   518.76036743491329     
   530.68430325346515     
   543.71455991908681     
   553.89407231033772     
   562.53354679302493     
   572.63443036571994     
   578.03066274107482     
   584.52577223108676     
   587.75220671385534     
   587.47694205864434     
   587.03156239799659     
   584.23742830196409     
   574.99300453132344     
   563.51739772212341     
   554.76516514463663     
   544.74102631530275     
   533.50324060038554     
   522.95130161434986     
   508.69197932685904     
   497.04383328766431     
   487.33449622891266     
   478.18926915107971     
   473.09565769782733     
   469.34287244915731     
   466.37815237981141     
   463.27257152865701     
   459.78583993067940     
   457.37760798873649     
   454.33512669117596     
   451.96252987498383     
   449.76197946112308     
   447.49046575149060     
   445.57100771347575     
   443.94889597517778     
   441.84180418649214     
   439.76769283821153     
   437.54520949951745     
   435.87988220710213     
   434.70230238475415     
   433.17522476610463     
   431.24426163168738     
   430.35894275987181     
   431.36410029281757     
   438.83978962552715     
   451.83521674392335     
   467.18898154525942     
   483.70159446212119     
   498.15138421094917     
   514.17887657283427     
   529.68221315125948     
   541.25899319780387     
   552.23065396998732     
   567.94905137838896     
   569.15060546695258     
   574.93938017500716     
   582.50256781559585     
   588.13291885554031     
   590.93789225393152     
   591.49404513238198     
   579.04969313323534     
   567.43805636279535     
   561.00648483973714     
   557.06175338482967     
   547.51451979739943     
   538.36850649911253     
   527.38124101794733     
   514.29594001772614     
   500.15889767685957     
   491.10243858395535     
   483.05939951666568     
   478.85604820706487     
   474.67179432757047     
   470.99962840898559     
   468.11461062368875     
   465.03883510236568     
   462.92570323361394     
   461.56148579153273     
   459.93020355968883     
   458.00970360698045     
   456.50303574348987     
   454.36816782474489     
   452.36594247147150     
   451.55111112164388     
   449.74399097240888     
   451.02361686922205     
   451.86955992530369     
   450.99977164416327     
   450.82806508388802     
   450.68845423490097     
   450.75854574892503     
   450.76625300235719     
   457.08854695974912     
   467.08141616155922     
   478.99967973796936     
   492.91779969425448     
   506.00624889601926     
   518.58594030053791     
   530.59497568290124     
   543.18270373863004     
   556.15073383205947     
   563.93226270398657     
   566.27268114279377     
   574.66735649753105     
   580.60483422365724     
   585.67732142692682     
   588.78510280300873     
   586.82030943415896     
   581.18547256491354     
   574.33766433781341     
   566.90655966824340     
   558.18604348806764     
   549.22747616899960     
   534.69244241777483     
   522.27508208096367     
   510.01007559018990     
   498.80721866487966     
   490.01246040741489     
   481.30758159601157     
   476.97879297944689     
   473.28035011792065     
   470.91685460680731     
   469.27732490823962     
   467.72183553874282     
   466.21087668070186     
   464.46119324471135     
   462.33485912154401     
   460.15942032845902     
   457.59878710398220     
   455.47047491938429     
   453.54278189870570     
   451.70367904872535     
   450.17230963589310     
   448.48367295403852     
   447.07957412510507     
   446.04552643495225     
   445.05911449593231     
   443.95876236120353     
   443.75738098472783     
   443.78878701179121     
   450.55381588759229     
   461.69006357945585     
   476.12548478882036     
   492.43197067501967     
   501.96727943148602     
   513.89600231506256     
   525.29685632478470     
   535.62410580364326     
   549.21974174032096     
   557.31363401078067     
   567.45231369866201     
   572.52953547203731     
   580.07639827050514     
   582.90747502600243     
   585.59099882696876     
   584.04102384561440     
   579.37106069633910     
   574.44364438853916     
   565.94481958368488     
   561.44686870919202     
   548.48378631595619     
   535.68843022008605     
   522.28794830283857     
   509.52760146133915     
   497.53343274380239     
   486.85219397054766     
   479.25296277961786     
   475.05939924275373     
   471.23778812119616     
   468.91291359527708     
   467.77932575085646     
   466.70551667491969     
   465.36485590572551     
   463.85745251034115     
   462.09142859901493     
   459.89947424137887     
   457.69730322456246     
   455.49130892531144     
   453.24006640865650     
   451.25546779119168     
   449.69468778258573     
   448.67757442901592     
   447.35411599239893     
   446.11435153970666     
   444.46989455497862     
   443.19984204759231     
   442.36470169378737     
   442.36450689800887     
   448.33023322374169     
   459.57522202841722     
   474.28601483961506     
   489.84740781427428     
   507.10963811483725     
   516.36873220000916     
   525.60468934057781     
   536.86685545514047     
   544.14533649496832     
   554.91718775052993     
   563.46052721489275     
   570.38371724945796     
   576.62944712187505     
   578.16388822227088     
   581.53837834711021     
   581.85840609310640     
   579.97398182099062     
   573.71219856474761     
   566.99793043136117     
   559.30519126196191     
   547.17963377757656     
   536.18250987618387     
   523.25006407588080     
   509.86048143218591     
   499.38786599663285     
   489.33879087625598     
   482.03615044580704     
   478.49695564108993     
   475.24909218350314     
   472.83466786668350     
   470.13746632436681     
   466.97282040671428     
   464.74453844280293     
   461.84788869548794     
   459.39192613258047     
   457.34958186348086     
   455.51190221347480     
   453.89864098691640     
   452.33706103716048     
   450.85551986466805     
   449.75225627693283     
   448.55724933981253     
   448.08670388855631     
   449.45114758327588     
   448.98709908195974     
   447.58009541867216     
   447.29951627754286     
   445.53324120513986     
   450.81396846578900     
   461.68237669417232     
   476.06503922316512     
   492.16900976171996     
   504.87866353962693     
   517.81803062466213     
   529.28159026667277     
   540.10682832387226     
   552.27585937826757     
   564.87268733467988     
   572.42326291636675     
   574.91721109238597     
   581.68806625300147     
   579.61700256570577     
   582.60875817981594     
   584.34604065754161     
   585.71353900117583     
   582.12493625105060     
   577.25943307022783     
   570.11017040808110     
   561.20896799610648     
   547.62023296583232     
   532.07295403279329     
   517.32925123515236     
   507.25953381315867     
   494.91021796934922     
   487.56148578461142     
   482.69117081621198     
   478.06103816157116     
   474.91295102730788     
   472.59420485750923     
   469.99554341265593     
   467.58515347987145     
   465.19251164198397     
   463.01141335041058     
   460.93812137929416     
   459.12834646210081     
   457.27011555597477     
   455.43053916894507     
   453.88428518742990     
   452.72616098401420     
   451.48347261015624     
   450.54757045138018     
   449.17558707713727     
   448.05266480570475     
   446.72916802176218     
   445.88726888546961     
   445.93140115683991     
   451.47554747226286     
   461.82810109192320     
   476.06485738642499     
   492.50067498756556     
   506.51295356477300     
   520.26117631818124     
   531.31596900783745     
   543.92128043214245     
   551.84623478130368     
   559.77768578417215     
   567.90731289415760     
   572.76660182642831     
   577.41230166761102     
   579.32710626299399     
   581.13076421555616     
   579.92782820828131     
   576.20615854080165     
   569.03207442118139     
   560.92386349837670     
   555.21240094832899     
   544.74399868100966     
   536.75187606056375     
   519.53473231821511     
   506.78423113712802     
   496.32220786091057     
   486.71798903334843     
   479.65013372367167     
   476.12822771168436     
   473.07175871840570     
   470.52268911919867     
   467.44553024080915     
   464.93092817140973     
   462.72564811503884     
   461.03801242727360     
   458.40014108486923     
   455.55214150453094     
   453.58843889550741     
   452.40814205697910     
   450.77805578345072     
   449.20171636141453     
   447.88911652299879     
   446.26637726948240     
   444.47956067424786     
   442.95558665194847     
   441.92467608059974     
   440.45963744780778     
   439.24199049943491     
   438.57360040806998     
   443.38065921875943     
   454.01758034065523     
   468.46793145249308     
   486.69505556470011     
   502.02684187321057     
   519.12920532214559     
   535.93905203112104     
   552.33889750773653     
   566.17895499658778     
   577.40285557000561     
   586.66422961208480     
   594.58417727002632     
   601.45282058270334     
   605.36301972596686     
   608.43094279711477     
   605.68410890338282     
   603.02047969366288     
   598.54913388661669     
   591.05616154495044     
   580.78472536191953     
   567.04753084240588     
   551.36914262019638     
   536.32584696430456     
   524.04214896393023     
   513.00071417817458     
   501.94955243967325     
   493.49154052585533     
   488.72322152921157     
   484.69952738108293     
   481.53842500601485     
   478.50192718384250     
   474.77734463055049     
   471.04550874921841     
   468.35544942709066     
   465.81583050028763     
   463.40412727572465     
   461.41781177588621     
   460.09766106963269     
   459.17688011251795     
   458.29700737659329     
   457.35902049679515     
   456.35076400511394     
   455.00761882260878     
   453.75547563874972     
   452.34301832585987     
   450.65477474127408     
   449.29865920347345     
   448.36637808497318     
   451.96934446315566     
   461.64865589698854     
   476.44817360871309     
   492.19759927443829     
   505.97379029192763     
   521.36488149540264     
   535.03579904836579     
   548.35695352207210     
   556.57840765457524     
   568.59604698899648     
   580.39577743309496     
   586.81742264254603     
   597.29516554164547     
   599.65988175525956     
   600.78979707089786     
   598.61130321101689     
   588.40670301483192     
   583.04290908007079     
   574.45144633963980     
   567.59434251700964     
   558.27997737159217     
   545.99019583678955     
   532.97187091896024     
   519.10567378526036     
   508.81531215022591     
   496.87263075237234     
   489.59910033529934     
   485.01279882484914     
   481.33199487694895     
   479.17119918846782     
   476.56928118609187     
   474.48906288695542     
   472.35564209644389     
   470.10795633920708     
   468.09939766848379     
   465.99415453162550     
   464.09084093006345     
   462.36687577601884     
   460.62902435792012     
   459.01110178426768     
   457.72095032300643     
   456.50282276548705     
   455.16785467791476     
   453.68008683626630     
   451.99022899313621     
   450.19784083824015     
   448.71514258825067     
   448.19062496955905     
   452.26526023874334     
   461.77751111621211     
   476.76290577096756     
   492.70751337321923     
   508.10822307934859     
   523.33358748424314     
   530.99660414645973     
   543.56359710589902     
   556.71808576536421     
   565.28096396633600     
   568.73608674411628     
   576.31325588354366     
   587.52955759153861     
   591.12964500947692     
   591.37657298504530     
   591.47993719835574     
   587.62656247250425     
   581.93221659081394     
   571.16510812168940     
   562.03605973552112     
   555.52243186291673     
   541.60335687774102     
   524.81915936086398     
   514.80116713016162     
   502.25268138131048     
   492.75665403034458     
   486.36172305747567     
   482.75944078214474     
   479.74379203109777     
   475.11182166348067     
   471.42098932881873     
   468.66298871451664     
   466.27903979279665     
   463.68137661333401     
   461.55764693660319     
   460.05348902842479     
   458.71659318532261     
   457.28559043863413     
   455.83771589776910     
   454.28604774505936     
   452.58263723798962     
   451.28817579941966     
   450.13446212508410     
   450.16616140740075     
   449.05645012361919     
   448.88285602815631     
   448.64028101439817     
   447.70670135384972     
   450.65865562455218     
   456.62967930391829     
   468.69789952529027     
   479.87910038641354     
   498.54076870519674     
   507.46791381940238     
   518.59618588605690     
   529.06856067995557     
   540.37113107709934     
   549.10535406402471     
   557.00126116260253     
   567.21042598266388     
   570.08763400707346     
   571.21162692200369     
   574.80890893334163     
   577.40030853273083     
   572.74772106011824     
   563.53062836885817     
   555.84087588062346     
   543.32972824109186     
   536.32689594238798     
   522.77553365569463     
   509.18045888201959     
   496.26353521064942     
   485.60521342969764     
   476.38414628776854     
   469.91553070434679     
   466.26163773135198     
   463.13530099807275     
   460.48971434510781     
   458.52236339861395     
   456.53944441404320     
   454.99927108320446     
   453.81942216737843     
   452.82794627264678     
   451.99866973819894     
   451.00618469897370     
   449.96777820267221     
   448.95244540248285     
   447.82936511725859     
   446.73696248486436     
   445.94278116049884     
   445.26853393809444     
   444.44318673427091     
   443.76829481106296     
   442.62446744576499     
   441.97601449244871     
   441.59918342754560     
   442.50220732858406     
   447.58881732786398     
   456.09320437035927     
   469.84366798405188     
   483.30259532738972     
   495.17192055824563     
   510.02755793594287     
   523.84845467689013     
   534.62911672998621     
   545.27586902359326     
   555.49377588549930     
   562.32967803782628     
   568.62261427247563     
   573.76786163894349     
   573.97556509742731     
   569.58252063891598     
   566.32547946808313     
   561.45005174308039     
   552.91132530265793     
   544.72075233293901     
   532.37472011404043     
   520.37855090122321     
   507.50383717300065     
   494.78575248078624     
   485.23753596311417     
   474.85143143015353     
   468.31363858710199     
   464.66617529858610     
   461.18378589076013     
   458.65219919987749     
   456.65617979006817     
   454.73763542430203     
   453.00811203818296     
   451.55780085395730     
   449.91372034196701     
   448.72515996763997     
   448.26806991572647     
   447.35713153046760     
   446.14998661875836     
   444.75895015377290     
   443.80338855421957     
   442.48705916117956     
   441.20259789829277     
   440.03945294047929     
   439.12106668466947     
   438.56057008906055     
   438.16507941407463     
   437.86479368747990     
   440.31948861125659     
   451.06777604829716     
   459.82127149613149     
   463.89065368377777     
   486.59478391109042     
   485.03205895927476     
   506.35707330022160     
   522.72241911033984     
   535.28617908157116     
   544.59086308889675     
   555.12413134987128     
   564.40153062942125     
   568.01269508795747     
   569.03804630205821     
   571.89131278547143     
   567.86101131281271     
   562.72398853892150     
   557.08993082746190     
   548.14388030427722     
   539.44680100389564     
   530.61379600270448     
   518.42880928876173     
   506.66915532574603     
   493.36534832123493     
   484.54523122926440     
   476.47286356103206     
   472.32899031362871     
   467.72726833373844     
   464.83219100923219     
   460.91556280392820     
   458.07054037964571     
   457.15198547720934     
   454.32140598847309     
   451.96152575327420     
   450.20897221131338     
   448.84549931245118     
   447.61816737999442     
   446.56068480820574     
   445.59360055615900     
   444.53413583553163     
   443.56558174558103     
   442.81292539693936     
   442.24437427211251     
   441.50264356512662     
   440.71083059613807     
   439.71649115424060     
   437.79499855356534     
   436.02330336600471     
   439.63345171059348     
   446.03107409261719     
   463.02218004838085     
   477.94012365924158     
   488.35962336826179     
   502.93530380281896     
   515.63146761106987     
   528.24407921492616     
   536.50610675070106     
   545.46581524401188     
   555.48838056597413     
   562.03614421495718     
   564.34729845760762     
   564.46811220986967     
   566.06089293328148     
   569.25958574140509     
   569.21510119559844     
   564.08361823078451     
   556.87394044962616     
   547.69972009449975     
   536.26040402532146     
   523.75548744520506     
   511.15654002294235     
   496.86403404966688     
   487.56625250747913     
   477.91405455436205     
   471.97198444519586     
   468.32773060314457     
   465.01456360223926     
   462.60613341517029     
   460.45562314415736     
   458.72868925958943     
   456.85831447450619     
   454.91611417489941     
   452.80476380157711     
   451.12019700806576     
   450.11914843755335     
   449.29833839292132     
   448.33629483024032     
   447.40229613320594     
   446.64514744940482     
   445.90471335554150     
   444.14562582295116     
   443.25885085174502     
   443.44821859605065     
   443.16252874717276     
   441.89575887727011     
   441.99585306271803     
   445.65430930268349     
   455.07626012563060     
   468.05641438329650     
   481.68659859468829     
   495.20400949687240     
   507.81580901724158     
   522.82220751803663     
   536.19676911205329     
   541.75634483484453     
   551.74580174710695     
   560.51168603744077     
   566.33989222783623     
   568.97566377850092     
   574.75837504208880     
   577.67632632547588     
   575.33753720113975     
   572.60140449216351     
   566.85829679946562     
   561.46328243431321     
   552.06330138883084     
   540.38311027600855     
   526.46588211548249     
   511.88597318639052     
   499.87186835303737     
   492.59900876281108     
   484.55158851242930     
   478.91563944656923     
   475.12371786935500     
   472.06910335052623     
   469.74097244202198     
   468.16392316490607     
   467.12299647600270     
   466.49932449088436     
   465.53602888240630     
   464.58749992252797     
   463.48639724868798     
   462.67602972061991     
   461.36114919025022     
   460.07233303158904     
   459.11774482081137     
   459.16934889249757     
   458.08118502367347     
   454.97634850103861     
   453.27384826284703     
   451.93314072280015     
   450.21090188374171     
   448.56569560315882     
   447.73484973821735     
   451.64446806036631     
   461.70202532983615     
   472.78206275633704     
   486.84318018469628     
   500.82478908222316     
   513.48762550308379     
   526.26809244872675     
   538.54281334838549     
   548.33794173929391     
   558.33760949270356     
   567.16503552132360     
   574.73614402444014     
   579.55623529069362     
   581.45199816641230     
   581.87383128182228     
   578.68837857975268     
   575.50140371990176     
   570.29516809538370     
   562.25725523901144     
   552.69676013889352     
   541.48555446341527     
   528.87033248026455     
   514.69946178589009     
   503.96968553738361     
   495.44600039008282     
   486.23542203697650     
   480.59706938928571     
   477.25487437277650     
   474.28454252487700     
   472.13969729443568     
   470.39807078914077     
   468.97902980828451     
   466.85774584291926     
   464.68848749009089     
   462.14948612260679     
   460.11434089603506     
   458.54030810893710     
   457.05410584502721     
   455.95213007028400     
   455.98515598092877     
   455.00316034218355     
   454.63798170298526     
   452.97160681868729     
   452.05134668368783     
   450.61211033067855     
   449.16005143475627     
   449.86000527421226     
   449.48266301170702     
   453.38769399426747     
   462.32841330187193     
   475.15504748537830     
   489.69674497460920     
   502.51055063842568     
   514.93045941340222     
   528.39117416075067     
   542.01803411519927     
   554.18064201657728     
   565.05397340946831     
   573.81522627036838     
   580.43329829231232     
   584.50993272810626     
   585.78278197802115     
   586.56648602140388     
   585.24063289289802     
   582.32436110496440     
   577.83372379009620     
   569.90566252830172     
   560.36071932718414     
   548.82534054728012     
   535.83917710555238     
   522.73268374831014     
   510.92101883584496     
   500.41393262529891     
   491.81800562477298     
   486.11224401954610     
   482.27462657664921     
   478.79378518713446     
   476.25561900953016     
   473.77184376882906     
   472.35905378100688     
   470.88632100702023     
   468.39129958385655     
   466.35376664772548     
   464.54294829770043     
   462.34110476704961     
   460.84827511884504     
   459.46310339083783     
   458.07424179996690     
   456.90528715392429     
   455.46413519125628     
   454.21300529016884     
   452.69810917052479     
   452.06069897991654     
   451.59537469844224     
   450.89613161735963     
   450.22778849834037     
   453.57809683142801     
   462.26872620370875     
   475.40455563400678     
   491.21504027983377     
   507.82322421689094     
   516.41252678468629     
   527.48884905892044     
   539.91263395050908     
   551.47748891313097     
   561.88934999104310     
   571.58205050305264     
   579.50766353695576     
   584.79772846756259     
   587.47746803960763     
   588.70419098004845     
   587.31885537217340     
   583.78293667041055     
   578.05969860588743     
   569.93590011940432     
   559.94125649308376     
   548.04271125571518     
   534.88698242697649     
   521.37063680619406     
   509.41494051056605     
   499.32753715889572     
   490.89250749850504     
   485.40648899693622     
   481.87400166218202     
   478.48271297099745     
   475.99847114191192     
   473.43053461952070     
   471.03492931589614     
   469.03002956481674     
   467.11845828870088     
   465.20912031104558     
   464.00438222205139     
   462.60013850103741     
   460.90093406968293     
   459.20655632902674     
   457.52872586486825     
   456.10624048092376     
   454.95800002629926     
   453.77732206340448     
   452.61909489822489     
   451.42882304839719     
   450.28731141522451     
   449.35288267328644     
   448.98708339370853     
   451.89924193676939     
   460.99805047670714     
   474.04035950103446     
   487.30350173870812     
   501.79332717843465     
   514.37050241569943     
   526.62596573711892     
   541.02342927929863     
   553.59467405748796     
   562.99139845182185     
   571.60355845649826     
   579.25295838786235     
   584.36614702358588     
   586.65014817279996     
   588.27472137352424     
   587.41496326203185     
   582.79498456289753     
   577.82833023647800     
   570.99609768713060     
   560.72513185865603     
   549.22493448552416     
   536.30635807611907     
   523.28787144335581     
   511.68096052056109     
   502.31091386911339     
   492.02294166479692     
   485.86994829215672     
   481.81958244718652     
   477.99899198164348     
   475.08321591751127     
   472.13330259310521     
   469.43610712449862     
   467.28960732247890     
   465.18911943117416     
   463.08615962213565     
   461.10186174888696     
   459.47119488343708     
   458.11651516983352     
   456.85357596022794     
   455.73552706380474     
   454.47314078984596     
   453.28405312755058     
   452.25355181629340     
   451.31395906578541     
   450.75138050947339     
   450.39205137985095     
   450.04807489599926     
   449.97638671611759     
   453.43055158348977     
   461.17190386658359     
   474.44283041835223     
   491.02424952036182     
   506.26249786890583     
   522.54988304590768     
   530.86394538328727     
   541.95080822565944     
   551.85518168162787     
   561.78895963269622     
   569.56046599015076     
   575.52979530876610     
   579.60164896298329     
   581.15633752755275     
   582.43545817039910     
   581.39107073031550     
   577.73936544292667     
   571.50228639043598     
   563.36240419061789     
   553.42215727505175     
   541.24284144323258     
   527.52809633346294     
   513.84943956169559     
   502.59376425884886     
   494.23215654771491     
   485.08075832980273     
   479.60614492710243     
   475.75605091575142     
   472.45683743401173     
   470.10760751520127     
   467.92057487798030     
   465.81986269696932     
   464.89822998277657     
   463.25133621775069     
   461.57516883225122     
   459.86767783224138     
   458.50396824741699     
   457.37992562971323     
   456.21911036574807     
   455.09044333973060     
   454.25008277292909     
   453.50911071951396     
   452.71259856995107     
   451.83948917768180     
   451.10299001904735     
   450.94987228471518     
   450.79996121061060     
   450.49763229818734     
   453.44538034048708     
   460.66435542269858     
   471.37184809878698     
   484.11823828498854     
   496.76630723900388     
   509.18491510828380     
   519.96481393479144     
   529.83348457929583     
   541.45548029188808     
   550.35101611875075     
   557.02923309386574     
   561.58201190011118     
   564.83010076473238     
   566.75139189562015     
   567.03630794488811     
   565.20702617348570     
   560.74858784233356     
   554.26058257792442     
   550.53967386107104     
   539.52258735105704     
   528.87968025045279     
   517.74808657360097     
   505.16277396531677     
   494.11354681830971     
   486.08961446466577     
   477.68193060871340     
   473.04785856366220     
   470.06500766197081     
   467.19292427423363     
   465.07835528121842     
   463.13539511503313     
   461.49755513762784     
   460.08165000123938     
   458.88481783916546     
   457.99697355149397     
   456.82636059835971     
   455.60769477580556     
   454.61213314926272     
   453.51698196201670     
   452.89874389902178     
   452.40887037074828     
   451.52168418387652     
   451.12602437935118     
   450.47002247977122     
   449.95111893240153     
   449.61872064950597     
   448.80349279334530     
   448.06108574810912     
   450.28651589016386     
   456.90060213607148     
   467.25711419873386     
   479.22264042432613     
   491.45768589064994     
   504.02870058309196     
   516.12167711743461     
   527.36371236518175     
   535.74562678706104     
   543.61883452738039     
   554.54793377376473     
   562.21315104359587     
   567.30454826377138     
   567.70359457487325     
   565.32223580928598     
   564.53429977492613     
   562.91303981374665     
   558.27947975216227     
   549.57027032870508     
   537.73904771181856     
   526.20369304523501     
   515.79064274851771     
   500.36640686087651     
   489.34525584617035     
   481.67314121731977     
   473.92604070405827     
   469.32159475515812     
   466.58681053437442     
   463.81158701843975     
   461.41508118125915     
   459.32454440408310     
   457.48950511815320     
   455.79595966287769     
   454.10634237255027     
   452.02687812810478     
   450.15852435211235     
   448.42966707199770     
   446.56549392976319     
   445.59096696505935     
   444.38788189828688     
   442.83740508690511     
   441.51748544417626     
   441.27562176866888     
   441.35302051789762     
   441.02752424569809     
   440.45892558800722     
   439.78492765499698     
   439.04913196195491     
   442.46787382836590     
   450.80428227754766     
   462.10962868741143     
   474.37752401926531     
   488.07319437295456     
   501.14603894777576     
   514.49236445956592     
   524.76660660210791     
   531.65463244073567     
   538.14433687728888     
   546.94935140410632     
   555.94871943730584     
   559.78908550274264     
   560.07149281162913     
   560.40715917107877     
   558.73340759449229     
   555.04390216756372     
   549.06409098728125     
   542.13884407685214     
   533.40912569645695     
   522.66772127670765     
   510.33750495743408     
   497.04243468811995     
   485.99506282457514     
   478.20109438006978     
   471.05476123566802     
   466.49095788432749     
   463.39097223454343     
   460.35516785307152     
   457.98543456627692     
   455.68786201755637     
   453.77538633398331     
   452.18009585838041     
   450.83285690317769     
   449.34740277739621     
   448.12774352737586     
   447.03752114738995     
   445.46696463058760     
   444.42961277394585     
   444.53736014208368     
   443.38278763853231     
   442.46456972981326     
   441.71962379584602     
   441.08495101788662     
   440.69762816224323     
   440.55893338945668     
   440.70602719849393     
   440.33365029506496     
   442.50784640820495     
   450.54441385934490     
   459.57825088629937     
   470.50922186034290     
   480.02101614549156     
   489.90322814608709     
   509.08288905064325     
   523.36609568569293     
   533.36504176461699     
   543.63075328996638     
   550.51898370675372     
   554.21803303078366     
   557.82022412551885     
   562.12021790451286     
   562.87075064713986     
   558.78252124537585     
   553.35803131378384     
   547.25421729811319     
   538.05578069647981     
   529.02541645018016     
   518.74488139532718     
   505.54067244769345     
   493.16178357368256     
   483.71277857386082     
   473.64159730741045     
   466.03529503844629     
   461.90968600412430     
   458.80177110096520     
   455.86664229957188     
   453.75428954927003     
   451.25227772953627     
   449.01964912878816     
   447.22225519295279     
   445.74186217399267     
   444.23417258118735     
   442.79808667231805     
   441.62501271942881     
   440.39664788368901     
   439.26273178931984     
   438.85138357636760     
   438.26696565381991     
   437.71160507298896     
   437.55333200014906     
   437.67612662566125     
   437.32862602528354     
   437.07087860363868     
   436.62422112079912     
   437.02413303627480     
   440.35748182540181     
   444.93841741062954     
   453.14246761454359     
   466.21149301403085     
   477.96513281096634     
   489.65296683476811     
   501.42221089749120     
   512.41085458827388     
   521.95723684820291     
   530.18209623837811     
   544.83765978588997     
   553.98195258444730     
   557.32113829580533     
   560.45173763767684     
   560.95882694178886     
   563.51531791188847     
   558.25764709533757     
   550.84566788061716     
   541.27605155389358     
   532.06778730868405     
   521.22866902029534     
   508.20389045533909     
   494.53967152905653     
   483.43302124934871     
   475.06023383067878     
   467.46156273249659     
   462.99113386105296     
   459.98147364049424     
   457.14155363926852     
   454.64416729329622     
   452.69745137061716     
   450.89626387191174     
   449.29239290486913     
   447.69082640410369     
   446.00491610671935     
   444.83300851076757     
   444.13404173989613     
   443.68454989698586     
   442.14722766489473     
   440.59791987381971     
   440.26910801707862     
   441.09825101865982     
   441.70304435458974     
   441.43669674760861     
   440.40030321748731     
   439.46928089553916     
   437.94444635988862     
   436.37413625912330     
   439.37053327260037     
   447.54468982994575     
   460.43797583378364     
   460.93828089393287     
   480.55349455096575     
   496.69345321975931     
   509.55681826229244     
   524.00199425801816     
   535.08911157348882     
   542.84706435948954     
   548.08514007492613     
   558.71500293487361     
   564.56373087096210     
   570.77333031588330     
   569.26810374836941     
   571.77909263466131     
   570.46840471483881     
   560.80495705304122     
   551.39297069731685     
   539.59884329669455     
   529.47236686884639     
   515.17583058946605     
   502.94316058353490     
   492.05163412400083     
   483.69510992913325     
   475.98331970508735     
   471.41700655695848     
   468.08741336755543     
   464.71163088532580     
   462.16693455981817     
   459.69703905893493     
   457.53798311387430     
   455.92976874966394     
   455.06433872893228     
   453.73641578585318     
   452.24736661558256     
   450.98268093978390     
   450.39336305289743     
   449.75780428881785     
   448.09787364708285     
   446.80380889167918     
   446.78881683239621     
   446.54269675414241     
   445.53692336727983     
   443.59046294849094     
   444.32625947338875     
   443.84485503600490     
   442.86091783246718     
   445.37672290243182     
   453.23500367666583     
   465.36499473545570     
   478.79089138951525     
   492.47747956363497     
   505.29078436366734     
   519.86762866397100     
   533.41827788447347     
   545.12960844569136     
   555.56937223896568     
   561.03848625836270     
   566.87558228323633     
   573.70027017340260     
   577.42355806397029     
   578.16296075820537     
   575.50611940059309     
   569.32399134554134     
   562.76764175840412     
   556.49010735590355     
   545.18892470054664     
   532.70196771426185     
   520.32301270673759     
   506.33086794424764     
   494.98948225335681     
   485.81579325296190     
   478.22880391257695     
   473.86255515909392     
   471.20834221151586     
   468.37035168221507     
   465.70533795341186     
   463.66525343017435     
   461.79907437869031     
   459.75240960618254     
   457.79412844556873     
   455.90072500407467     
   454.14325539870651     
   452.63371409532613     
   451.32674078019767     
   449.86435644603324     
   449.58545871300129     
   448.26640216747114     
   447.65027790259643     
   447.01134832167708     
   445.78580335751269     
   444.75991069701314     
   443.97220077151422     
   442.18075134062872     
   441.60051636668203     
   445.52566299479196     
   453.52798903421132     
   464.68260533294227     
   476.35531081937501     
   488.53578083744179     
   500.83283170316827     
   511.88804519904602     
   526.16273704684545     
   539.24226143302042     
   546.20979904913531     
   549.49203744581723     
   554.62775745117131     
   558.02337494912126     
   559.63026187600963     
   559.43861498589547     
   561.28531821885099     
   559.87685160100727     
   553.69702509528383     
   546.99014830242402     
   536.86292807608334     
   523.42312950053554     
   511.89795645107131     
   499.35737034740970     
   488.01895279607652     
   479.35882277894365     
   472.67782282667616     
   468.63820542975361     
   465.51768474628557     
   462.46084883855980     
   459.70193614110229     
   457.14603096158834     
   455.20658449297650     
   453.70183911628652     
   452.59355651549771     
   451.62121371708696     
   450.50185207133939     
   449.49076253802082     
   447.98113482977595     
   446.22923312986160     
   445.41307892994718     
   444.14396593034024     
   443.22267366841203     
   442.51893538810219     
   441.58416451069678     
   441.48121091018777     
   441.09582852897108     
   440.59688300316043     
   440.17945750490230     
   442.95095098557550     
   450.53365807861968     
   461.84714259999458     
   474.95136296600066     
   487.44136296816021     
   499.43204365887385     
   511.38342658630546     
   523.06602534928595     
   533.27746109218083     
   542.99413949238601     
   546.82218705731043     
   555.80657787099813     
   564.91664307303688     
   570.35583761637690     
   570.77506749773249     
   569.57727066476298     
   566.72960840743883     
   560.77715359762919     
   551.86459939258577     
   540.93885090004960     
   529.27414022043979     
   516.68164582874556     
   505.28182174451041     
   494.01498366516944     
   484.24328916082402     
   477.14820549928743     
   472.95545239933398     
   469.73813470464074     
   466.60907712387552     
   464.02094760012784     
   461.69911618468802     
   459.55822066716411     
   457.61057543009736     
   455.62563278413558     
   453.52033505870759     
   451.59310957427380     
   450.08093623977231     
   448.64541833966859     
   447.10909698394232     
   445.51047068372958     
   444.09299004190052     
   442.92465297463684     
   441.74025513240684     
   440.53235654656129     
   440.22965216776487     
   439.93298873885055     
   439.06173576135836     
   438.34950597461830     
   440.33675054692759     
   446.34134380363940     
   453.95428887280707     
   466.64058612352551     
   477.40155039076660     
   494.25301808307819     
   507.99533194044204     
   519.90100338903960     
   530.16838989075313     
   539.87155415625807     
   547.64259149003283     
   553.48666542634680     
   557.93658002211384     
   560.07030047973399     
   559.97923401114247     
   557.60636517685111     
   553.82189166340345     
   548.24960583256143     
   535.02441566243454     
   526.35135274318304     
   519.22397023686415     
   507.67793400683001     
   495.70189202479366     
   485.70986192297192     
   478.39534116154613     
   472.50477340185381     
   468.98071827723402     
   466.26816645263671     
   463.44348951522932     
   461.09345980096390     
   458.92375865532335     
   457.02662055080089     
   455.54286127875378     
   454.14760676679447     
   452.30812122850415     
   450.39992758169217     
   448.68807545469906     
   447.05283485254290     
   445.72939217392553     
   444.57672362831676     
   443.49508400840278     
   442.26373856423851     
   441.27113521637864     
   440.39431245342848     
   439.29657726422300     
   438.25729046682272     
   437.05485835297156     
   435.77593513923927     
   437.46473019035756     
   443.97357309648714     
   454.89589107856722     
   470.21306510209121     
   486.02252505274834     
   500.78627044743405     
   511.42221266280006     
   523.27354493074893     
   534.02524180153921     
   542.62492356840164     
   549.60066994202759     
   553.55840375624348     
   554.99363063360499     
   553.75524449726493     
   554.57118079982718     
   554.38438580635295     
   554.99450937658821     
   552.71195709805863     
   545.13769589290678     
   534.68403419963465     
   521.93710434599905     
   507.47647443795216     
   494.46239236136546     
   484.34391975464496     
   475.17365514127317     
   468.18419488682321     
   464.09593397622382     
   461.21161134815685     
   458.50707896949746     
   456.39139970346559     
   454.43029652344978     
   452.77875317596749     
   451.32802504797564     
   449.77503853664371     
   448.72557554961611     
   447.93793973015175     
   447.24031806335302     
   446.36335928844142     
   445.42249930166247     
   444.28486001398636     
   443.06048105595909     
   442.52261914549547     
   441.93994240846246     
   441.06726774154646     
   438.97373047095482     
   437.61545269906742     
   436.86748494774719     
   436.25580635584924     
   438.53284513570196     
   445.22325534739184     
   455.31455269703821     
   466.93993971073502     
   478.90652729269425     
   494.33339321575454     
   508.62993561731315     
   521.72718972815744     
   534.46540478454324     
   545.64994830334615     
   553.93958580733715     
   560.25845285167577     
   563.06866161764981     
   565.07397318549806     
   566.84203935805760     
   570.55727058636216     
   564.82953921469914     
   552.48419650201674     
   545.89020679852888     
   536.23027692706455     
   524.65722862970188     
   509.98696217211551     
   496.63074759339651     
   486.43589623359406     
   477.39680524114817     
   471.46244111394469     
   466.73174928432962     
   463.30259420859625     
   460.52050470400059     
   457.96293415294417     
   455.38196036186520     
   452.69237692883559     
   450.94766385869292     
   449.28325676117390     
   448.61632822920757     
   446.39554475621452     
   444.66252792193944     
   443.95715118370697     
   442.82099349186888     
   442.96985170016507     
   442.02714382196467     
   441.49049834608121     
   441.53622321695883     
   440.68476156612650     
   442.70314207614280     
   441.63154066451244     
   438.19536794443832     
   436.08755231993717     
   437.46336121106202     
   444.80221702648566     
   455.62513384066540     
   468.04245218258126     
   481.51086852960913     
   493.63912429905224     
   505.75447155248997     
   517.02646120714064     
   525.97078545223860     
   532.91723242608623     
   539.97208137777432     
   546.03482281369406     
   553.40161387677119     
   552.14873431860315     
   551.90898823983923     
   550.38146687930009     
   548.22286048768092     
   543.96913375442023     
   536.48220894577980     
   526.44005939178226     
   514.15772718716039     
   500.75500312709505     
   487.98356302596841     
   480.18830188893844     
   472.70965755626474     
   466.90380303486029     
   462.59058657922759     
   459.63398174448395     
   457.03986098714199     
   455.03753696233269     
   453.46377955044716     
   451.79783448262128     
   450.35005625560729     
   448.79231313431421     
   447.35037348849676     
   445.73141822813432     
   443.43386094293800     
   441.61673461205714     
   440.58351070827712     
   439.51923378071382     
   438.81123866970108     
   438.02740772268498     
   436.75213156681389     
   435.55241028603984     
   434.24677814122379     
   433.26867761110282     
   432.79465553303464     
   432.22788998212172     
   434.62442459371067     
   442.30910247230804     
   453.91590365670743     
   467.25208512884700     
   481.45575424796692     
   494.06192990532458     
   506.10721134018104     
   520.43637311706038     
   531.19956616956165     
   542.05592424801944     
   551.43659333453797     
   557.63239110625420     
   564.10157361947324     
   569.43696838260269     
   569.40787488409012     
   569.13784681769221     
   567.11296810093722     
   559.15565414512605     
   542.04663264482554     
   528.93280712809008     
   516.68068396177887     
   503.65840305256069     
   491.19289873051895     
   481.14566066227320     
   472.99201057373136     
   467.45003389812842     
   463.06121822683076     
   459.97596968685980     
   457.09959174671434     
   454.70637238313293     
   452.42314933868482     
   450.35170321304219     
   448.37884283892993     
   446.75891877395094     
   445.28653158656635     
   444.13618364281086     
   442.83687388594467     
   441.36373058956053     
   440.01482642612399     
   438.88985868012827     
   437.94337274036678     
   436.92974775681944     
   436.06954609055043     
   435.42130964690637     
   434.71439208193027     
   433.98411184481569     
   433.16298070742255     
   432.83034834063130     
   435.57193163766942     
   440.69848784810802     
   451.39076212373374     
   464.79862144700382     
   479.13264001757977     
   492.04366212104992     
   485.10475506949120     
   486.68675501624989     
   481.35864173394452     
   521.92975607989149     
   539.48399322985449     
   548.13172381968764     
   552.66222226929960     
   556.85186402609634     
   556.98304041909148     
   555.45519453930694     
   551.48009870550720     
   547.12943919286317     
   538.92170471260374     
   529.53016885399256     
   518.84501777185903     
   508.93165466301997     
   495.76486489728228     
   483.02909839752232     
   473.21244046442621     
   467.04348980643971     
   462.62207551515235     
   459.30029445421638     
   456.23321861533668     
   453.82149131182734     
   451.52142797075146     
   449.19586772210630     
   447.08236395268892     
   445.31266610231887     
   443.75055834574943     
   442.24388643488419     
   441.82003939411919     
   440.81579082628519     
   439.57843056598114     
   438.77181942407458     
   437.66809472607252     
   436.66196651504629     
   437.67519370369831     
   438.62403669601582     
   438.66056860174297     
   438.28937993591273     
   437.39193436202805     
   436.45949835504626     
   437.39097124035470     
   443.35236668765805     
   453.36783239282880     
   466.05399793726195     
   476.82973698602211     
   490.62081289034649     
   496.67965299723869     
   512.47130828800096     
   512.21910165474640     
   521.25056145750568     
   532.29238140538291     
   542.11414800979037     
   547.51231369379354     
   549.90246876167339     
   551.62181675762884     
   550.32999237437446     
   544.63250474245024     
   539.87282828885009     
   534.30601303142396     
   525.49968206961489     
   514.37043278216572     
   501.40182267036789     
   488.26011725062642     
   476.34721961290438     
   467.98302525254888     
   461.99372927452066     
   457.92406550223416     
   455.42926345367641     
   453.05288023586462     
   451.24454675767265     
   449.43370917901609     
   447.58559257720788     
   445.76863078705793     
   444.57546841656870     
   443.44079008142404     
   442.40653149177888     
   441.50491200295073     
   440.11671350911962     
   439.03652154482000     
   438.64946737512133     
   438.55538563063647     
   438.06773955195331     
   436.92374310603759     
   436.16110372619812     
   435.81024038772182     
   435.77169408851637     
   436.44429840035161     
   438.95383154262726     
   440.22937193959064     
   441.87145534876385     
   443.56314475442355     
   455.35897788303748     
   465.97017778624547     
   475.00322289335264     
   469.81531018400716     
   476.52177725235737     
   484.38121825162796     
   496.11683850189274     
   506.50248139316653     
   511.40899101882422     
   513.55335186561763     
   515.36275319683875     
   518.61700503307759     
   498.84881249903441     
   492.83077891263764     
   490.43002713944418     
   486.64550540327991     
   489.78007668362943     
   492.57757202534975     
   476.25842719951203     
   464.84180345896158     
   460.29050814992218     
   455.16261388790889     
   452.71607497693128     
   451.64332603164354     
   450.30782693058757     
   447.72570365826272     
   448.69209694312156     
   447.98994629888250     
   447.59371649655645     
   446.48621737019170     
   445.70210542681787     
   445.64565186364416     
   446.03935171537933     
   445.34458241473840     
   444.73543106043257     
   445.16014559503151     
   442.39950921260333     
   441.55554068062139     
   438.65940428116659     
   438.89499885207692     
   436.82443996768365     
   435.57587749647729     
   434.86788052395337     
   434.43921047091055     
   433.51563936969700     
   434.68784004750472     
   436.54571578042209     
   442.02961233192696     
   454.50353673372183     
   466.45433240543423     
   475.09278197484008     
   485.56931242148966     
   482.39159832394307     
   503.60782255332543     
   514.45136277384904     
   523.13869881833489     
   533.91345109992687     
   540.10095988756848     
   535.71811862246568     
   534.12556007756757     
   528.78320476816498     
   523.02191024012973     
   504.70770840877708     
   507.25400089107234     
   505.58174936021265     
   497.18759503447495     
   486.28963845195955     
   474.90627847052667     
   464.87202764606678     
   456.34126799396489     
   452.30751095969418     
   449.34374107716286     
   447.40253047566370     
   445.72103687870879     
   444.41033419084437     
   443.22343365753738     
   442.12341428331200     
   441.06828409243383     
   440.38938401206332     
   439.59679171887126     
   438.48463447896006     
   437.37324836578046     
   436.70134824612512     
   435.96696699296484     
   434.91973704829525     
   433.74500638016087     
   432.28020041026963     
   430.50061743612338     
   430.32368740993036     
   430.34642706643035     
   430.05531731383644     
   429.23281797724417     
   428.30308433644342     
   429.01637699158931     
   434.41771352662499     
   443.02697089229520     
   453.60200116950455     
   465.76502969122515     
   477.06149107048810     
   488.66957538889449     
   499.53131913109041     
   510.70805702176330     
   521.28437055314953     
   531.30617479018395     
   534.69645773139041     
   539.46728920855344     
   542.26048207243946     
   542.08500051319584     
   538.97573608966331     
   536.94496202224104     
   531.31858187444618     
   522.24952412577841     
   509.28686551145125     
   500.32533857437375     
   488.21394222005887     
   477.37009049724526     
   467.30974117990854     
   458.26053971568558     
   454.13209940322804     
   451.11034649774933     
   449.06224713334245     
   447.08440039700747     
   445.09867182932845     
   443.42977567024792     
   442.16962719798261     
   441.00736502880045     
   439.83599186047110     
   438.76903287086259     
   437.71979411605463     
   436.94852894235254     
   436.12692253191710     
   435.84508397771970     
   436.36606668870758     
   434.45717197057905     
   433.86318738641705     
   434.98179358983168     
   433.50827330094688     
   432.14570212946853     
   431.14115904188770     
   431.03072509286784     
   430.26666368454062     
   430.81419745573669     
   435.61822610185482     
   443.09240242608485     
   454.45530768083796     
   467.94539748516382     
   480.62861917387733     
   493.55767811072428     
   503.47839682082639     
   512.39979902498328     
   522.68443070701005     
   528.89197489202570     
   534.82862337725589     
   540.83763539369204     
   542.74480552535613     
   540.85625466297483     
   539.61809361871678     
   536.70313758259579     
   531.66481033253228     
   525.55042716090236     
   515.57378641810658     
   502.94017623126774     
   489.89907821647932     
   478.80333322949713     
   468.06824998209549     
   459.07505441262106     
   453.64679932568151     
   450.05349643934375     
   447.38671251953167     
   444.57848808488325     
   442.00892562426753     
   439.47099286675046     
   437.14432838020110     
   435.08360532291897     
   433.54334228529154     
   432.06205573898933     
   430.84635079636041     
   429.55859396410921     
   427.72741498124185     
   426.41056595532103     
   424.46735572148702     
   422.12947763230432     
   419.79178352006608     
   418.04239913525072     
   416.99320470210301     
   415.57679929815339     
   414.68538016217514     
   413.56272617460024     
   412.56211200392056     
   413.73257129120196     
   421.03487323689194     
   433.81204787596221     
   450.49067200999588     
   468.24703075607891     
   484.42674529688912     
   501.00807269382960     
   514.74442759879139     
   528.30392818849487     
   541.37919822214621     
   549.56487687974709     
   558.74700828717994     
   563.79563429634561     
   568.56141604964489     
   568.72784619149752     
   568.84438608022083     
   566.31001332505116     
   556.65102082117119     
   545.71434674068018     
   535.39955050113826     
   521.54182563005293     
   507.70435382589807     
   493.43909855519098     
   481.59226796105150     
   471.06788484541198     
   464.55494120669260     
   459.55488947846652     
   455.85451185966201     
   451.56088683137671     
   446.67716375320384     
   442.94435599599404     
   439.45265585260859     
   436.53280673145696     
   434.02581921069969     
   431.73591133181753     
   429.74219844078652     
   427.68844142283200     
   425.61805024298758     
   424.02873623661907     
   422.51132442841282     
   421.11273652740692     
   419.73611673671758     
   418.51026718128014     
   416.76175262033189     
   415.63673368323532     
   414.89798259584734     
   414.08036618903441     
   413.35530118700632     
   414.60110865148516     
   421.70840826443185     
   433.38462199332378     
   448.55807141967330     
   467.05096108337443     
   486.36090632874783     
   502.89057207243241     
   516.65866064788611     
   529.44974115864159     
   541.43040928973971     
   551.70639347659812     
   558.27045840938570     
   562.07195817550928     
   566.04992668365787     
   570.32542209496989     
   567.42241074473657     
   561.00352787577549     
   553.84523066592737     
   547.13012734331983     
   537.40860302269141     
   524.32301153858373     
   509.26834903431040     
   495.86968422121805     
   484.38258200936872     
   476.02038854382010     
   470.26478465000122     
   465.75738851375957     
   462.39449282781135     
   459.16512047676076     
   456.08299883725226     
   452.47746339254064     
   448.93835517664428     
   446.44940912860636     
   444.39573183818021     
   442.32927465199498     
   440.33038933688778     
   438.55939904843365     
   436.57264756444647     
   434.64196965139831     
   433.30664538855103     
   432.12640683348303     
   430.97754032109214     
   429.67578734304038     
   428.38271594798840     
   427.36482613323756     
   426.43665262301073     
   425.35111411385907     
   424.04764512114713     
   424.95638635634026     
   431.25249152925880     
   442.80250266164200     
   456.13696534635591     
   474.37995823127170     
   493.13746159035071     
   512.38426983468833     
   525.08677927336203     
   535.42063204663896     
   544.95758784996610     
   553.68604395751288     
   564.07871952866719     
   569.86581707038920     
   573.61987899378676     
   572.80743111419770     
   571.43968163127283     
   567.42450463000546     
   558.70573204409618     
   549.70413111610867     
   536.66116027285943     
   522.90530796661085     
   505.19498853524959     
   491.61657189579728     
   477.33204579349336     
   468.07655538338247     
   463.92948194531812     
   460.59711675603114     
   457.95328704607959     
   454.77723663667388     
   452.28253007709890     
   450.05388054545955     
   447.75784278337136     
   445.09457242242092     
   442.91040379507785     
   441.27073064239238     
   439.77253387890164     
   437.83845098863787     
   435.91870620706004     
   434.28211142586326     
   432.85929725436137     
   431.91728627786540     
   430.70890715753086     
   428.90929800443035     
   426.85486598221712     
   424.95672680673420     
   423.75914631748918     
   422.96389879728753     
   422.21133184281842     
   422.78592368615665     
   428.36873137384606     
   438.43727166512855     
   452.55821276217199     
   471.11560694089434     
   488.08857214611140     
   504.09860037044189     
   519.99686039470259     
   532.81662938947329     
   540.93753530196716     
   551.84041962903950     
   557.61010694262791     
   559.23017545583582     
   557.38233213709520     
   558.89599745414000     
   557.10598538752367     
   547.09843610142025     
   540.73114652764662     
   527.97422607694614     
   530.36619371197878     
   509.91509117712246     
   494.51383188018872     
   484.57940393505885     
   474.81280017107093     
   467.84999549765877     
   464.07518262149716     
   461.45495519583227     
   460.16870729344521     
   459.16699203034574     
   455.32145757206752     
   453.99176843221352     
   451.17187455149497     
   451.71965815203453     
   449.35227346387586     
   448.55576608646300     
   446.36432242610914     
   446.87024306085772     
   445.73942242715231     
   445.21973706803664     
   444.87705408107138     
   443.95184063046736     
   443.74526052045366     
   442.86528377543920     
   441.13352749249640     
   440.82769809624364     
   440.05714549822363     
   438.89808698894211     
   437.84758487944782     
   435.75312071556857     
   437.72446486208565     
   438.92135986434579     
   441.69807818325467     
   444.93774782226609     
   452.09046895654848     
   461.38190769531724     
   479.29448036365903     
   495.85004359760836     
   502.36103999766021     
   515.02150912878631     
   519.96530046331713     
   528.18834794069846     
   532.42400140494897     
   532.98196553394246     
   518.56722692481503     
   507.24363270694045     
   505.69244036934958     
   504.29899762798289     
   496.31493408450967     
   485.87226088962154     
   473.64158287153555     
   462.86910845114920     
   451.61170794942694     
   443.11655113568338     
   438.72646182448119     
   435.16312853734956     
   433.22759369561112     
   431.58120824035677     
   430.25952730775094     
   428.90834008159459     
   427.04280235443099     
   427.13363070456018     
   429.00165438083707     
   429.09958578319015     
   428.62177038198956     
   427.56264960628960     
   426.19504155591733     
   425.97560536591328     
   424.91196868761375     
   423.90514661361635     
   421.96079855370192     
   420.07621538344114     
   420.09275346356168     
   419.22105582503258     
   416.82306962292091     
   416.12165195873047     
   415.52294149165442     
   415.15138124819748     
   418.34299358823148     
   427.47099181976091     
   440.45263912428743     
   451.05862691300746     
   464.24111840611829     
   477.10387395633421     
   485.30881290218457     
   496.54041505854298     
   507.30187345184720     
   516.84106281152299     
   525.17892010411219     
   528.27634814604278     
   527.63371159768406     
   526.49544604725611     
   523.21913099839480     
   519.27883328477299     
   513.12467878346717     
   506.65083325430896     
   497.60599959013831     
   486.30428216271372     
   473.32918693189475     
   461.72253753152791     
   451.89499980272689     
   443.53733277913784     
   438.80562889412357     
   435.22009140010488     
   432.88783446846116     
   430.67417418954602     
   428.66831902348855     
   426.67863840851805     
   424.90257271682702     
   423.28132480209007     
   421.49476842011171     
   419.97991598970668     
   418.31059221187132     
   416.74121091383427     
   415.41763161161441     
   414.17520218635053     
   413.48072966278340     
   412.65910019452747     
   411.36083663370249     
   409.12025824062493     
   409.15592322804122     
   408.74753569502917     
   407.80794905872841     
   407.26087416331973     
   405.97896502475305     
   405.48012756474702     
   412.42780605798464     
   425.58208425602965     
   441.52859969934207     
   454.83604925294429     
   460.52119657258419     
   483.80654948221115     
   499.71586077119764     
   512.53939562246524     
   522.58820057240303     
   534.77218325773526     
   540.19811793132976     
   546.47431950616942     
   548.42255132022024     
   549.25178650961732     
   548.54164214655464     
   546.96340209308653     
   540.18003147695060     
   531.54613177436283     
   522.68199045897347     
   510.10189202614424     
   496.44978773234470     
   481.94428769254222     
   469.47060607787728     
   460.71530515483971     
   455.40897492945027     
   451.49892891067390     
   448.13660961048595     
   443.95643231695863     
   440.60500380950577     
   437.60093587874610     
   435.09670478947260     
   432.02246874298839     
   430.26424825145546     
   428.09540547975820     
   426.28699644000585     
   424.80999650256854     
   423.44228393318463     
   422.50554232541583     
   421.05042436421496     
   420.03555968159469     
   419.32289075106598     
   418.17148126584692     
   417.60177679212609     
   416.49768268278308     
   415.96685186248476     
   415.13716990646873     
   414.37494148584477     
   415.62665905753289     
   420.94001714915828     
   431.30815587628814     
   446.14156059095603     
   464.50679208804638     
   482.29885116657812     
   499.49583177295654     
   515.42415720791405     
   529.38018484433667     
   539.26533353911270     
   543.33919831880735     
   552.21247908062162     
   558.73448919369559     
   561.33639843082017     
   562.84740593968343     
   560.53047682003580     
   558.26606338228305     
   548.56197965354488     
   548.47934736071102     
   530.80600897869681     
   521.86030981370482     
   510.44961647783549     
   500.29874699741021     
   487.93508294219782     
   481.18072499165049     
   477.71862767129079     
   473.97168450760716     
   471.88370235028884     
   469.58583617572930     
   467.02840877428918     
   464.09516748640669     
   462.57366385489996     
   461.64670471707348     
   458.77322959077441     
   455.97108024488125     
   453.20707810451398     
   452.22427471379063     
   450.45903242935123     
   448.42497862052016     
   446.92600083589815     
   445.84969110447912     
   444.67772872759099     
   443.28412967792855     
   442.00784611224077     
   441.15737213508294     
   440.88117947466515     
   440.86243054635855     
   441.83158087345896     
   438.87758386882729     
   441.50001636064280     
   452.15670464414768     
   465.52447125604510     
   478.85935022639870     
   491.07976552926738     
   504.18389119190164     
   515.03004204871013     
   525.75394527034427     
   533.06226017404856     
   541.16071893246055     
   549.51959913625183     
   557.33187440054314     
   560.78096052441049     
   562.33404098080007     
   559.87333405130300     
   553.06120359184285     
   545.45292203099859     
   537.76837165635186     
   528.23074112768154     
   512.79486101603641     
   500.16036760262682     
   486.07144815586571     
   474.63079998652461     
   467.10754433651283     
   463.19025556260300     
   459.93943329730803     
   456.98417678069876     
   454.09537077858903     
   451.65420476076133     
   448.95417573174223     
   446.44415314960543     
   443.93653034257051     
   441.76831681963921     
   439.76703935915765     
   437.65219186226216     
   435.70382819562968     
   433.80435353645316     
   432.07177004955162     
   430.59388471226811     
   429.19939554399809     
   427.13052931067631     
   425.88344319072917     
   424.65459518327992     
   423.39751395405636     
   422.16873309780533     
   421.32281196934650     
   420.20414566067763     
   420.47978635278764     
   425.90597178313254     
   436.77004412016845     
   450.96767356187098     
   468.23758038850963     
   487.64849161377305     
   506.13980115962414     
   516.89946982858021     
   529.19348517626486     
   538.24721735715627     
   548.18850596228799     
   555.56104732520407     
   562.21620532740076     
   564.82640399983484     
   565.40636680550745     
   561.11774046743153     
   557.55403984090424     
   549.89873088071192     
   541.37765209309009     
   530.91487692934800     
   517.80684633635690     
   504.45759936007306     
   491.38001731653219     
   479.37160574227778     
   472.20608596174225     
   470.66779926275393     
   465.65007745632767     
   463.16989053133915     
   459.06034875230245     
   455.98726289226022     
   453.15124519901843     
   450.43957103778223     
   448.45270427171897     
   445.90095457125858     
   443.48029313307381     
   441.35076400380001     
   439.39114545850140     
   437.25296149946570     
   435.75911726715088     
   434.33409069595376     
   432.91427441432336     
   431.44516671486861     
   429.85004474405520     
   428.56400193722590     
   428.04062934472387     
   427.08445001889100     
   425.87567403500287     
   425.09643698904591     
   425.00277455545967     
   430.27218839195228     
   440.98987187504520     
   456.05645277226859     
   474.44914030555958     
   491.67702064575218     
   507.14774839502257     
   521.14212743651160     
   534.65884398417438     
   545.01373291336506     
   552.80385330726222     
   560.55540243093640     
   564.23932373883235     
   568.19316470406864     
   568.85325516741750     
   566.61941275068295     
   559.82589705851137     
   549.44086304514929     
   539.67276349789734     
   533.82771788241678     
   521.50356952054824     
   507.50823861831100     
   493.43463494601838     
   480.72610641800287     
   473.38193772983601     
   468.59618349165441     
   464.96893098994201     
   461.77210276810683     
   458.77069970275869     
   455.84290874933168     
   453.00782724958503     
   450.00968891349299     
   447.13636175497470     
   444.54698293524120     
   442.74896831461649     
   440.81981275875728     
   439.10445391066884     
   436.98591050725128     
   435.40703048499432     
   434.40455790035213     
   433.47315274877155     
   432.65524921945786     
   431.73390188781440     
   431.26742186800465     
   430.67744511624613     
   430.11468823604213     
   429.46137541622647     
   428.98467375653678     
   428.59279900095203     
   433.16164848701465     
   443.68264982187111     
   458.26123775786067     
   474.35044971780832     
   488.83438026216282     
   504.17094379206901     
   515.89205682292652     
   526.41354506064067     
   536.87367316493214     
   544.16247474542570     
   551.40537167351204     
   556.93418096885443     
   556.45587309464884     
   556.61677018855198     
   554.17274523666276     
   547.87063765984135     
   540.02502616220374     
   530.04534884073632     
   519.65359313693591     
   507.52320098986252     
   496.15727315447890     
   483.56337191860644     
   471.71886959634321     
   463.89016627371086     
   459.05348062017259     
   455.22346330805516     
   452.08844796361922     
   449.42302240336625     
   447.16872188237954     
   445.31154901527714     
   443.19450469128111     
   440.86193383485090     
   438.56826550823178     
   436.38013904537655     
   434.44213319073009     
   432.42194476118607     
   430.09163843038459     
   427.52998213216046     
   425.51874373188718     
   424.25786996522436     
   423.32174035650741     
   422.60991412990876     
   423.29244944970020     
   423.70831207117334     
   423.46727889158279     
   422.87442349192401     
   422.36671668776796     
   422.48758690204897     
   427.62998832354634     
   438.34757889405665     
   451.68018229561852     
   466.45438835890923     
   480.27033235122161     
   494.31929278925395     
   505.93933852947589     
   519.48130955486818     
   530.79460332540987     
   539.31876949634409     
   547.29465635861618     
   549.32137342089413     
   552.58804651500247     
   550.96131911504585     
   550.32558667381988     
   545.40246075297216     
   540.15310306879087     
   529.75073601083261     
   518.69752934552503     
   505.34099925737905     
   492.85575946506856     
   479.57758228634935     
   467.62700537329943     
   459.84307298471424     
   455.07689185116567     
   451.35607034271669     
   448.23328684173998     
   445.52312209398048     
   443.17787345753527     
   440.91904250919947     
   438.41049392861942     
   436.06770224815909     
   434.09013919796462     
   432.16398654257466     
   430.07413108138178     
   428.17081786029888     
   426.48130240726181     
   424.75835739986661     
   423.02925702335460     
   421.29018745966522     
   419.75718110189774     
   418.48515801141616     
   417.28150986490050     
   416.22167761605743     
   415.45186911712977     
   414.34025076304283     
   413.23153348239413     
   412.92987736261034     
   417.19770811929038     
   427.14896208011169     
   441.90480211025914     
   460.01269409220782     
   477.81346429466578     
   495.70685360622508     
   509.79600456710307     
   522.26167516992200     
   532.49091979372315     
   542.77681635255294     
   551.11596730543226     
   554.57434601822047     
   557.98650990251485     
   557.57907235338746     
   556.26234199860676     
   552.25463099624506     
   544.80229204312741     
   534.80053361008004     
   522.67242194241783     
   510.13916874710503     
   497.67683729444735     
   484.40632005743896     
   471.79281552570603     
   464.50047027235189     
   459.55694569140906     
   455.63113047042066     
   451.62367916760491     
   447.02507863851628     
   443.94828989795218     
   441.07402331680458     
   438.35609712152961     
   435.69030759868701     
   433.09005441504900     
   431.33710256450428     
   430.10514793991979     
   428.87126857498060     
   427.52610769449478     
   426.48350001980054     
   425.04472484049336     
   423.52984280746313     
   422.50987204901395     
   421.39631212295984     
   420.53550075973322     
   419.70001531541885     
   418.63298619173747     
   417.80534636617443     
   416.73471715992974     
   416.40952277199904     
   421.94942962407293     
   432.27507884262843     
   446.22784566205650     
   464.71330751530974     
   482.60909446190709     
   498.73665336314349     
   512.45612830005541     
   525.85367848988221     
   537.02909464837796     
   547.21928358745890     
   556.08154221508539     
   561.54056427218245     
   564.47701537213413     
   564.89140612831659     
   559.88924924228570     
   554.13133066260571     
   548.71959293595046     
   540.29409297031884     
   530.69305541303754     
   518.00768851116447     
   504.18484420504109     
   490.24630705166538     
   478.13103240052845     
   470.76563520106356     
   467.45049032360799     
   464.39179547627100     
   461.47576625620167     
   458.34766456974086     
   454.98489577021030     
   451.91440241065976     
   449.31896163595002     
   447.05213584514809     
   444.92266673811230     
   442.61891387157920     
   441.02824347405908     
   439.30734594817648     
   437.74452255296222     
   436.24652918047695     
   434.86538137139758     
   433.32577872407580     
   431.80756339847301     
   431.02717817612194     
   430.28346055219350     
   431.45898801845789     
   433.48832177059580     
   433.94122248386026     
   433.76054017189085     
   432.08038682023181     
   432.60351917023121     
   440.50085163922506     
   450.74201252591575     
   466.50335125293043     
   483.66465481268324     
   500.45662896311086     
   513.25707323993186     
   525.40006005987141     
   535.53051400456479     
   544.39043456229444     
   553.96114179722213     
   556.04515459275149     
   559.48345710455385     
   561.11105634262753     
   559.52372697416126     
   552.18222082318755     
   544.60964801537739     
   535.58014351079510     
   525.17633870420866     
   512.50994236669897     
   496.95419425328117     
   483.72304092149756     
   475.07897795458246     
   470.96445703437632     
   469.26030546992013     
   467.12837416811738     
   465.76793232012085     
   463.06350931915148     
   456.64344579753913     
   452.52000230829765     
   448.60436774604085     
   445.51226936143848     
   443.35559841536093     
   441.21107434991859     
   439.19208312297286     
   437.19046151076998     
   434.98258614023786     
   433.15917271794297     
   431.94373496912374     
   430.17346497197337     
   428.82378342750923     
   427.70130468368916     
   426.41088524005920     
   425.16897310368603     
   424.12729069221990     
   423.28048307921176     
   422.61083757746582     
   422.51245336837701     
   428.88401616618444     
   438.16764195555118     
   449.60784772121218     
   464.58333811643325     
   480.63335963590708     
   497.57126841930955     
   513.43937543174673     
   527.37038968140098     
   536.65075052328859     
   544.23956258742533     
   549.30719858679583     
   551.93154084372793     
   554.46311378399287     
   555.26097631127482     
   553.38733022690906     
   548.16329899045945     
   544.79067655021447     
   540.29592413637658     
   529.01328654089616     
   515.34033072480008     
   501.44229392599868     
   488.11269907505590     
   477.53765271354570     
   470.88445308206724     
   465.97477134044323     
   461.85828342388390     
   457.81482149538732     
   454.74098318436262     
   451.76452914197722     
   449.22607587164077     
   447.33291090520703     
   445.34085374709713     
   444.00943262567284     
   443.65167360872886     
   443.50614787975530     
   441.03897841181845     
   438.21256806659557     
   440.21074382811429     
   440.99791569862884     
   440.00396232808811     
   439.23477858497887     
   440.64355056903912     
   442.96740361993363     
   443.02030023343525     
   442.63046921251390     
   442.97507913105005     
   444.18279339094011     
   444.41278936041613     
   445.64895725617833     
   452.66293061677646     
   459.59156340138861     
   466.30296231304783     
   479.78010344802567     
   492.55468698271000     
   483.70315699208408     
   504.99682715009720     
   523.70956835846505     
   526.07105004833966     
   513.77625354938289     
   515.29537560627182     
   548.66951973268795     
   556.82438189398886     
   552.99501141775602     
   539.94737869922199     
   505.88126005003994     
   490.46326389282342     
   489.22547019262112     
   497.70179020400559     
   490.29537679487731     
   479.23132062740342     
   472.62152301535752     
   469.63065936261637     
   467.17955612525327     
   464.11462755347748     
   462.45011566937438     
   460.81629228570637     
   458.09397803200329     
   457.54833581146829     
   454.97250164785544     
   452.49069655512977     
   449.55562017903770     
   447.51635471707345     
   446.81694653591376     
   444.15021557611828     
   441.34796601033867     
   439.42833119975035     
   437.66559433824750     
   436.32512416267235     
   433.19604364123387     
   431.17704214360214     
   429.93135979300149     
   427.80025871735836     
   425.23877372659547     
   423.58446507459189     
   421.93203941128456     
   421.38139438561058     
   425.09063356524081     
   434.54343946204978     
   446.28873907960684     
   461.82880579951018     
   476.36225645524547     
   493.02268481168602     
   508.25955790230228     
   515.31910285237745     
   527.26454403839227     
   534.48058629912703     
   532.22434139973666     
   536.83495391630800     
   538.22752751734254     
   532.81801776421855     
   522.16682398132548     
   502.18568571806884     
   507.53425178036753     
   497.01733438310384     
   504.81043146668492     
   490.21178817331111     
   483.95354187155061     
   473.05408134268333     
   462.31231609520904     
   455.70614219468735     
   452.65439344586622     
   449.60763129154600     
   447.04711698221968     
   444.54874224952130     
   443.22782832354602     
   441.03557724560363     
   443.82830431889499     
   444.49547396442244     
   438.54156567529338     
   435.06321245947112     
   432.40384065478503     
   429.88641293324025     
   428.11477582778701     
   426.46944326010009     
   425.05294374899478     
   424.79781474635661     
   425.48127956005067     
   423.62815679078557     
   422.33758150533214     
   420.75675416474081     
   419.76580049060772     
   419.28676807613664     
   417.81048061618293     
   417.02657092562271     
   420.88038117846583     
   429.23762826556322     
   441.84847035700528     
   457.19899302472618     
   471.93895017520646     
   485.96705689876916     
   499.30249254185333     
   513.35103822993835     
   524.57051908009214     
   531.86720115090554     
   540.74352065869937     
   536.31501223957127     
   534.45396120780481     
   534.56365664936880     
   519.98694208602296     
   513.85529155530116     
   515.14140618846261     
   496.97322682871089     
   485.63768483109271     
   481.66952256240342     
   472.99157030946543     
   466.29527520290441     
   457.72167364651233     
   452.95273843012586     
   449.94343428424190     
   447.67231489292340     
   445.37768559906993     
   443.09498167598292     
   440.74709750124100     
   438.07689037949865     
   435.57023144628448     
   434.33013661965776     
   432.82288395930533     
   431.19630296646187     
   431.61807022871943     
   431.85082826429982     
   429.85921595695038     
   426.87411641437723     
   425.37582988787113     
   424.12471435100849     
   422.85548641144720     
   421.86663848117615     
   421.16421954399897     
   420.30522261984578     
   419.52218026238012     
   418.82987893787771     
   418.18860713763115     
   417.86762413506779     
   422.67192491867888     
   431.13032162935548     
   441.49879996937085     
   455.83475101801230     
   469.53102099002774     
   484.99477322510626     
   501.79627605920928     
   517.04444234555808     
   525.30484829180523     
   530.69490874800363     
   502.53550822569036     
   521.88219899695218     
   534.70272789033334     
   526.04928933579981     
   517.26231377642762     
   494.08844953760058     
   479.50491115548311     
   472.57936321732188     
   473.01071345173938     
   472.65843697245117     
   463.64505700713522     
   457.56430635843674     
   452.36947770398956     
   448.64563607458507     
   444.89074883231461     
   442.83037228874241     
   440.69683417972976     
   438.66610998094166     
   437.83266574919145     
   437.72302760265592     
   437.81888744104498     
   437.19734035569422     
   436.46056466870368     
   436.46764251453141     
   437.30215348621596     
   436.56434122019135     
   433.94365796481208     
   432.13386096327861     
   430.30808197755198     
   429.01569857438250     
   428.48783889220863     
   427.92216786410319     
   427.37416091545492     
   425.93541430357033     
   424.23377847206564     
   423.93020128840584     
   424.22857359771513     
   424.35554504667522     
   427.26780748355191     
   438.63502238378538     
   448.11885948951948     
   444.97868614961175     
   449.40148163081676     
   466.92232446854604     
   493.70568740014454     
   495.37436357398701     
   521.47512229376957     
   518.50769173474578     
   525.98578268730398     
   531.98927879040957     
   539.66670918868454     
   525.46879928007615     
   492.96422703422797     
   484.15236512920632     
   475.75622166168245     
   468.49283480666509     
   467.57252110300180     
   476.47723958678182     
   470.90748353505887     
   456.50522878870368     
   450.23834033671204     
   447.04384408256021     
   443.76737095063680     
   442.49370721144794     
   442.78329452951118     
   441.56663867977670     
   442.52329770268682     
   440.79095923033555     
   438.91862839018040     
   437.38573991419503     
   435.00531263018098     
   431.43442414688656     
   431.67427398223134     
   432.96025505015160     
   430.98725735563067     
   428.63386961185557     
   431.86733576863435     
   433.09109554499838     
   433.24771800412447     
   433.09321221357038     
   433.26391418254337     
   432.03461724707944     
   430.17365082983167     
   429.19367069568875     
   428.95640259973646     
   429.52625983298611     
   431.43943060765855     
   434.65305517039411     
   438.19766006971872     
   439.03699585139628     
   441.84175852881538     
   451.30332070162638     
   457.87335363977411     
   464.70979848452805     
   490.54756014766127     
   500.86398049263749     
   484.70829149879791     
   507.55786808008907     
   525.77635269645225     
   530.26629271043828     
   508.07576203277944     
   500.85256104294723     
   509.08119353473319     
   499.64904687834837     
   489.29486666449071     
   472.09082279722213     
   465.70914416105080     
   460.41605701429728     
   454.65778312272607     
   453.06863713777653     
   450.73099328030310     
   447.00907840535177     
   442.44008312409142     
   441.72703907333812     
   439.73470229428773     
   435.81014355394666     
   432.96729740987473     
   429.30575716477006     
   426.33607387912110     
   424.07591037254753     
   422.35179341648632     
   422.08565722805764     
   421.42167694725174     
   420.03204970843603     
   418.77691068728569     
   418.42293738784815     
   416.81065966225549     
   414.56782534269070     
   413.18100750712142     
   412.00707894427120     
   410.78225990012243     
   409.61954853925937     
   408.55728578267411     
   407.86268694787657     
   410.33572564859685     
   418.91363367531972     
   426.25361692571903     
   434.68466288955932     
   457.34169542025040     
   474.44657990011996     
   490.99453014221086     
   506.00473639312492     
   510.27218552734655     
   517.60119807162994     
   523.52413534374978     
   523.87953214515301     
   524.29011607479401     
   510.25627058244515     
   518.43240069333615     
   524.30581753806143     
   515.87864869824489     
   504.22536552334850     
   503.46107933716274     
   490.92900750938685     
   476.31669033113184     
   464.76941037459693     
   455.82533981301663     
   453.18110099935961     
   451.18726805443708     
   449.90023748784853     
   448.45020086045685     
   445.04320353892456     
   442.52036144337177     
   442.08034604431072     
   440.31209757037544     
   437.98187894362400     
   436.45207660822905     
   434.44501510357696     
   432.05685260887714     
   430.10240534160670     
   431.49223031964448     
   433.41880909552430     
   432.11089474873808     
   429.90492810194507     
   430.26419310524551     
   430.30694701310125     
   430.52415143990657     
   430.59116076102771     
   430.75849596723538     
   429.78166136588499     
   429.57031289128656     
   430.03145523775896     
   430.69375222529015     
   432.19143135649921     
   435.94039256926322     
   441.25791500033353     
   450.64045156533956     
   457.83368546466988     
   471.78751954255847     
   476.55407705217607     
   479.40345110405536     
   513.93155938318648     
   526.10901788217188     
   498.20134167784016     
   497.25754174879154     
   503.34861366640069     
   528.53007650258405     
   511.35636703571782     
   518.98936881468524     
   512.72422298800575     
   502.36333651375259     
   489.35388145659988     
   477.81629938978858     
   465.90123623465871     
   456.43032244645462     
   451.98965682883545     
   448.16148727560881     
   445.07177367479568     
   442.55042133049380     
   440.85974112596267     
   437.97777355648986     
   435.63912575255370     
   435.16057179862599     
   434.70856158500158     
   431.92831562331406     
   430.43555695223409     
   429.04696237948889     
   427.89862343048077     
   426.36276898056121     
   424.70012767600684     
   423.44914626021387     
   422.60214503993433     
   422.41548748240172     
   421.28692469707818     
   420.09391590123869     
   419.12398680197157     
   418.17198819102106     
   417.17898371530623     
   416.24668229017692     
   415.69466675177927     
   418.47067039981380     
   428.24301720296387     
   439.56140084542028     
   452.85801637307804     
   465.81973707666657     
   479.21956910632269     
   490.83742386504701     
   500.23391369996438     
   509.00336841155729     
   516.82896106884675     
   525.03141817144899     
   528.82631385553054     
   527.77128268265415     
   525.92751852542381     
   522.60687708353259     
   516.75287823027202     
   511.84176127383438     
   502.82014579143407     
   493.75432463348602     
   482.95126961192449     
   471.76920373829927     
   460.64674846420371     
   452.07212680136143     
   447.07269483103357     
   444.23579138825124     
   441.97395123152762     
   439.86091210012273     
   437.65738670012684     
   436.70771247144802     
   434.79865741293162     
   433.13647046495311     
   431.89216370192156     
   430.75891867589945     
   430.03907123945027     
   428.75283682818514     
   427.90550889448741     
   426.54304987827271     
   425.65549033985292     
   425.32807311497822     
   424.90274234080727     
   424.29576554309887     
   422.43057905996716     
   421.20707836919900     
   420.36482444389532     
   419.46259673186279     
   418.45321470832937     
   417.84310404743178     
   417.41106864883449     
   419.69658664136358     
   427.85307292712412     
   435.18981970310182     
   447.83881368339297     
   460.47563793261600     
   477.97514197465597     
   491.47477573494348     
   501.85622416618565     
   509.18364426133172     
   515.99541646204432     
   521.18147836669311     
   521.20602829885183     
   522.57687635360105     
   525.09074990611066     
   522.16685656198013     
   519.75956000677070     
   514.43596501995046     
   507.59760939269353     
   498.46422438177711     
   487.63816845500736     
   474.84344315593376     
   462.07777428315222     
   451.98047627568019     
   446.53244828647615     
   442.65222804070913     
   439.66590957303129     
   437.14544886063379     
   434.76822768095667     
   432.75432035943180     
   430.85254133546567     
   428.55139558627093     
   426.22983109043247     
   424.00849823954866     
   421.82801726896588     
   419.74028815308071     
   418.04546490478822     
   416.33594704765017     
   415.07241516434567     
   413.71728288570733     
   412.10303594194340     
   410.73666025336337     
   409.86045857202168     
   408.86423054342873     
   407.63904733377683     
   406.58748630441733     
   405.79722735481198     
   405.10791143301617     
   404.38250866849825     
   406.63428828990709     
   414.83853949038092     
   427.33359135489474     
   443.44617161202308     
   459.93696140906951     
   474.99881882211457     
   490.18457811284634     
   501.22711879903562     
   510.64821474912526     
   519.17843020196835     
   528.06777982969493     
   531.68250609791392     
   533.64356412860047     
   534.22786745481073     
   533.32072943329456     
   529.08254636821073     
   521.93830228877584     
   512.69283865393743     
   501.19076818919928     
   488.46309709244946     
   476.41996780525756     
   463.56420428719451     
   453.55699441137489     
   448.60959061330408     
   445.04779376347915     
   443.28426726521195     
   439.47857885381802     
   435.48699567323246     
   432.49010222073741     
   429.86743610466226     
   427.17340002131198     
   424.07133226535194     
   421.76422349468174     
   419.72673613335388     
   417.68249909938510     
   416.39458874444000     
   415.51681661828491     
   414.33620536912849     
   412.57384631524144     
   411.08864334986924     
   409.77225479666237     
   408.93862656899944     
   407.43752384897363     
   406.27420561911737     
   405.16138141652647     
   404.56188283445829     
   403.35571430888228     
   402.46894466997088     
   404.02453942243295     
   410.74870870229353     
   421.66704230611708     
   438.72625650663747     
   455.48245014556244     
   471.58885588054227     
   485.53976093418862     
   495.84080745248963     
   504.88283653386577     
   515.79794300363824     
   523.87144460419813     
   526.52891736134688     
   528.06722363077745     
   528.31434847095295     
   524.49839495369736     
   520.62537287410066     
   512.85455485747445     
   502.90907924036566     
   493.02453900195093     
   481.49465277283656     
   469.81664300858569     
   457.95361176609413     
   448.27715266691780     
   443.80201699436270     
   440.45779575374883     
   437.63039596954883     
   434.94531351369267     
   432.32017948294828     
   429.90184518184009     
   427.40077812276320     
   425.96472326768895     
   424.69612893406821     
   422.57112225071853     
   420.10274045249537     
   418.66498314551984     
   416.75355647019205     
   415.25229187902863     
   414.46406310193271     
   412.78981744821584     
   410.50586051451120     
   409.68798399298964     
   409.29801966482603     
   408.16803929948270     
   406.82778182217538     
   406.02997883516406     
   404.96570444808299     
   404.06704200677910     
   403.58298122382803     
   405.89020044124186     
   412.91839474684144     
   424.04170328067073     
   439.01913647402807     
   455.79148517817958     
   473.32495286782017     
   488.36649509222502     
   500.11633559003826     
   509.69010249924168     
   518.17788854103947     
   525.73050362294566     
   528.35872443087840     
   529.32189597013996     
   524.39499836821801     
   516.91339400028778     
   494.07498937063400     
   499.76311079823256     
   497.90118880450450     
   489.14810241111303     
   479.10095820491614     
   467.39562308993487     
   455.71116841711745     
   447.80630710187739     
   443.96443664629834     
   440.79516785240656     
   438.11624936999903     
   435.69733615123073     
   432.80135529151079     
   429.32548978987461     
   426.98931060662983     
   424.72306432352241     
   422.19061174242404     
   420.17856793288678     
   418.45681617516396     
   417.37850307890722     
   415.87886343211693     
   414.44302567650448     
   413.26190240090324     
   412.02142231327457     
   410.85900150324477     
   409.88174952414170     
   409.02299303996074     
   408.40170330703546     
   407.98793555153975     
   407.31941620075935     
   406.66199466873263     
   406.25711299120729     
   405.11272760925380     
   406.81202158612069     
   413.64470916492002     
   424.38229295653576     
   438.65637802684478     
   455.93532893243366     
   471.24770877493916     
   484.95017875730065     
   496.94100007290535     
   507.62663622976243     
   515.04607723149365     
   521.43666007506522     
   524.71825723042616     
   526.79024394400892     
   527.48266209269457     
   526.04795574686273     
   523.13827862678113     
   516.62327654917146     
   507.19308717777602     
   496.45141974851987     
   485.23661082333632     
   472.63900636208234     
   461.36340350541354     
   453.34383385545635     
   449.89820042167167     
   447.29066525653042     
   445.40030468701968     
   442.79765398321496     
   440.10011332002369     
   436.46694488682147     
   433.16577081856394     
   431.24545893909766     
   430.99593951984394     
   431.31732080184054     
   428.94796125927218     
   426.47160980305426     
   424.49887486175851     
   422.97376260495332     
   422.77290970656708     
   422.28869487615293     
   423.62571896460980     
   421.30020656525949     
   421.46634608927820     
   422.03920773570479     
   421.50839090312650     
   421.19318951271737     
   421.52632598464197     
   421.85737743470963     
   421.11154419211141     
   418.67731616281867     
   421.12750481425030     
   425.62400716207361     
   429.60981758629555     
   435.50722038197682     
   441.14724237704132     
   448.19060889501890     
   456.07810036069799     
   458.97408940959008     
   465.69239671924555     
   475.79845888710452     
   463.10027650933307     
   469.62906539626454     
   474.23184447408732     
   462.11604959010054     
   454.40350576495223     
   457.90171556399969     
   457.04645772714912     
   449.44912284454051     
   445.39016662005753     
   443.80240559180879     
   441.59659517627483     
   439.96918348941801     
   437.95167100474214     
   436.35790534901571     
   435.78229627763642     
   434.74952417631749     
   433.21060265938837     
   431.77188795249424     
   428.88886238832248     
   424.39185212718940     
   420.96822171740808     
   418.21042231770508     
   416.63686566868085     
   415.33593715718359     
   414.10759945789755     
   415.75632044265581     
   416.01572426109266     
   414.39937979278267     
   411.93568551712730     
   411.90162226726449     
   413.14354844657026     
   410.86346324745358     
   409.52738423576318     
   408.74869798607949     
   408.02649676502904     
   409.26443676648677     
   410.56332574568233     
   413.54939860384422     
   421.25552690663994     
   425.54971418455324     
   424.91199645594270     
   425.90754114166941     
   429.30434448383249     
   432.51890535142724     
   437.31936189178214     
   451.53149342868193     
   474.67415363142788     
   492.36326872641337     
   494.03890443059225     
   490.64749211109040     
   482.24217050654403     
   480.14939037134172     
   490.63747493637663     
   498.28583639014244     
   491.95728813557508     
   483.04041196850091     
   472.24803248599102     
   462.07152263878430     
   451.38211892912568     
   443.50013285739010     
   439.74979732960156     
   439.57237309550038     
   436.59546485556479     
   432.73096640749037     
   429.36968432076162     
   426.98512107061606     
   424.52947418274601     
   422.58850297164810     
   421.05176571686002     
   419.45151546077938     
   418.08095495044398     
   416.88501210188855     
   415.67228942325875     
   414.47108903056136     
   413.30569547954082     
   412.48105567580495     
   411.47524567231147     
   410.73897247545415     
   409.88567486381419     
   409.05422010717359     
   408.45602392985245     
   409.52713730862047     
   408.00503044762524     
   407.54285440714892     
   408.00475950442751     
   409.01969049610136     
   415.74789883502524     
   421.31075106769902     
   432.31163906108065     
   452.86506663109532     
   459.80890169541613     
   479.36308337630589     
   494.05844940897532     
   504.18710066071520     
   512.97734882112388     
   517.38530041065076     
   520.38142986435855     
   519.74602306528720     
   513.02352003592284     
   514.75698306539311     
   511.14448341412503     
   503.80738615729638     
   496.71380074203893     
   486.68763215368682     
   473.43571672151523     
   462.47439096166079     
   452.57762419011533     
   445.62869034100271     
   441.63470616083623     
   438.91233097986662     
   436.67920705998574     
   433.71672313777469     
   431.00405766177903     
   429.06629708192384     
   427.51286039468619     
   426.04766570896908     
   424.11210014849956     
   421.96862322359254     
   420.25635281864595     
   418.16241915432039     
   416.42599017149570     
   414.90117932067989     
   413.49833629661703     
   412.44049802264078     
   411.25782015023219     
   410.21358241032345     
   409.55600160110146     
   408.65258207009640     
   408.04660866506936     
   407.52673907965840     
   407.06878053602117     
   406.45362832002382     
   406.33088980978602     
   406.55916649668779     
   411.08492870800274     
   421.03970514536240     
   435.08520669933864     
   449.49652812232193     
   462.69454443015002     
   474.50810127405396     
   486.24121777052085     
   495.40711300436419     
   503.28093688505760     
   510.93315740833981     
   516.25309802153197     
   517.92242387047668     
   514.78285447499866     
   510.22150914446303     
   505.23048194340890     
   498.07555952521017     
   487.77081013470456     
   478.39326223368579     
   469.00594369668914     
   458.15820380778939     
   448.80426616220740     
   442.45001060686161     
   439.48331217653447     
   437.02333786404171     
   434.91737247996531     
   433.11810970607399     
   431.04341199613384     
   429.58065038353061     
   428.14242905948680     
   427.02292204943240     
   426.35411259450905     
   425.49415373468696     
   424.56527163920788     
   423.90908886997443     
   424.69358646845973     
   423.58833659217635     
   423.73390059819695     
   422.69640248955312     
   423.20657045422519     
   424.41386830435209     
   422.89920907952370     
   423.11106347569995     
   425.93897822714746     
   425.17784702746803     
   422.64909116592594     
   421.88335296060222     
   423.15421296315742     
   423.94758310115384     
   425.19840386501340     
   430.29242909893765     
   434.30273479493928     
   441.07577596864769     
   456.19379651722818     
   473.57512799606917     
   476.36126844575909     
   472.63922891572872     
   494.06061217987161     
   505.22297833083167     
   502.36178970969149     
   510.05511793113112     
   509.59639573395242     
   504.46932483687812     
   498.96448782244681     
   490.92569830564855     
   484.93330253314389     
   482.99237846514319     
   474.04703658664914     
   459.13186895426827     
   449.35332186344607     
   445.63485372429000     
   443.13867668176312     
   439.36037587532667     
   435.98720444825233     
   435.54569170604401     
   434.49553895008904     
   431.19923844045121     
   429.66667921930184     
   427.21716048381705     
   427.22449400397244     
   426.12951659832163     
   423.70334893236429     
   424.33889703783552     
   423.82903499653321     
   422.87892219389488     
   421.03334200283791     
   422.87028697399739     
   420.86902651618590     
   418.88737590274434     
   416.45521989974634     
   418.35986790891616     
   416.71478796329865     
   415.66067806402265     
   420.48825246163420     
   422.27542266732752     
   420.97503929845408     
   420.46303118191776     
   423.35579535303884     
   426.99879242705134     
   431.43158694720444     
   442.42596280090015     
   447.95704448420236     
   462.57349146198101     
   476.20837440532398     
   484.42956132045350     
   481.49849008730195     
   478.71864386258432     
   485.69611739980957     
   475.73299758200415     
   477.07938770022150     
   483.41687158553503     
   474.19988170075823     
   464.94564001679316     
   459.49957121136777     
   460.36280885235118     
   450.50212051882102     
   444.47198007189411     
   440.79690484212398     
   437.99210913295070     
   436.90013009867613     
   432.99742679461031     
   429.82059850363754     
   427.96899272935946     
   427.61143477402413     
   425.79178579432084     
   422.91591595543190     
   422.05959959575989     
   423.58579073379144     
   419.84841512073149     
   418.21988698832064     
   419.57072109193473     
   417.06632476663646     
   416.15605744611133     
   417.42287171782925     
   418.55624018218475     
   416.86778801113627     
   417.18869779120672     
   413.82857558937155     
   412.00345921037137     
   410.95810255177935     
   412.56269156757611     
   416.27841669133443     
   416.29277705404127     
   413.42086026566545     
   413.56005855338935     
   416.34951537340618     
   421.42711402760125     
   428.39210198873485     
   432.97940521354593     
   439.43635141312933     
   460.78479426859667     
   470.66975325025447     
   484.37961689925197     
   491.65989504345987     
   496.87359097821371     
   500.88262696542392     
   503.08646773875722     
   501.72204112530244     
   502.80107128859476     
   500.00642285458042     
   493.31330625110036     
   484.76103161969456     
   474.67320454838023     
   464.95690433312450     
   453.52462578202739     
   444.37571897050691     
   438.84397961362561     
   435.66347404071445     
   435.07800973130185     
   435.85084176618614     
   431.14290752909562     
   430.11359863121970     
   429.67444369053032     
   426.60703209652178     
   423.27930708771424     
   421.17095913355325     
   419.78376561682290     
   418.80441236332166     
   417.38898973625317     
   415.70787429259076     
   414.01342492130613     
   415.11991244831705     
   414.85041015783679     
   411.79839930919547     
   413.33050071912658     
   411.08117478029641     
   407.83782095543484     
   405.73065813547618     
   406.63395398567485     
   407.16874545008369     
   404.27074469859991     
   403.37523355247839     
   403.12908131263640     
   407.30844963130852     
   418.61660052246555     
   432.70596739475991     
   448.20002220587776     
   461.23742032022449     
   474.30164071831462     
   484.35865507832881     
   492.41141255514202     
   500.57277531275605     
   503.79590031575697     
   503.87691286404208     
   507.91724913885486     
   509.31197043614497     
   510.80558450255489     
   506.27890253748154     
   498.28062033652856     
   490.51773313310400     
   479.99205642310312     
   467.40684235514198     
   456.17973402326732     
   445.97124431131800     
   440.24451679387033     
   436.37749121750898     
   432.87769059233744     
   430.22599339456997     
   427.85590953066179     
   425.50757872110853     
   423.36594563692614     
   421.10158577913290     
   419.21146239301095     
   417.38824064244210     
   415.28003198936625     
   413.12512436082858     
   411.44200831048659     
   409.68812928503684     
   408.30731655203738     
   407.00077935700500     
   405.49023270119574     
   404.38361348686561     
   403.73608001477811     
   403.08725863410962     
   402.25577585787624     
   401.42241584193903     
   400.66052227534726     
   399.65539929428326     
   399.90815478199943     
   399.21466026030635     
   398.81913301225035     
   405.02735788708799     
   412.49602361001348     
   423.68443574598507     
   431.82158931171813     
   444.89944529352488     
   463.84838830863549     
   475.55189732189882     
   485.60828169256519     
   495.00285583895260     
   504.62420466083302     
   503.68671310563070     
   503.10446584637884     
   504.73682531147836     
   501.89428565878057     
   496.58798070643053     
   491.56181398355017     
   484.00337200184066     
   474.51174275492218     
   463.47200276006652     
   451.47133056398275     
   440.68590498117499     
   434.82220176443724     
   431.60685010609961     
   430.06063019020274     
   429.37984110974855     
   427.91240285169084     
   425.42211100618277     
   424.47443013698137     
   424.14259972550855     
   422.70551652654706     
   423.07354220995649     
   422.13309050662275     
   421.53470845923226     
   421.39790689717711     
   420.55273376970678     
   420.45212512719706     
   418.74475534430667     
   417.21238100040472     
   419.60291106887638     
   418.81400505646974     
   416.32865884685998     
   414.06070800869122     
   413.94043761298281     
   414.37399767288008     
   415.77646056410265     
   417.88686778303696     
   418.41957417476948     
   416.76741898637169     
   418.30743657879867     
   423.57002417169713     
   435.45790294920545     
   447.26886728001352     
   456.34649902429976     
   466.99962280329277     
   473.80016087580026     
   480.69541394342195     
   484.59451805298715     
   487.27015087765534     
   490.22619874156868     
   494.55711877718863     
   496.81723204724983     
   494.18332973281355     
   490.51862582178842     
   483.29740484999951     
   477.96577169850389     
   467.44432937290037     
   464.83334761061695     
   453.03113139800377     
   440.73131634088713     
   434.69268435339978     
   433.00875223813995     
   429.41120765632576     
   428.51307527529622     
   426.94661882223977     
   424.73489058159231     
   421.97107477815422     
   420.88102968633541     
   419.12298238770404     
   416.69882733180970     
   414.94735056757878     
   413.42221561012474     
   412.38886722730717     
   411.75923973518638     
   410.76299465075408     
   410.14818530958655     
   409.80504605961323     
   410.82830399366441     
   409.95172614144303     
   408.89077936306842     
   407.42904467009510     
   406.42820744055183     
   404.88614247992149     
   401.93518756752934     
   401.59746235059066     
   400.31416872454059     
   401.20762845653013     
   405.40271004606086     
   411.06632497920009     
   416.01152236081896     
   430.69507841271519     
   443.57211402152370     
   459.71128758013793     
   473.95534258028113     
   484.94209970761244     
   492.04906865263598     
   498.44452582188927     
   500.83625432970683     
   501.09485751094286     
   499.45827748216561     
   498.70024169738588     
   493.58196790635651     
   487.25728053765255     
   479.70155162437561     
   469.21606553671944     
   457.77042166536091     
   446.72349466847845     
   436.46148140206736     
   430.66791455647052     
   427.02914380522247     
   424.11667371785182     
   421.94804067121009     
   419.95304772382326     
   417.69120787935174     
   415.62966765921925     
   412.98129887722513     
   410.50225100732024     
   408.06778361204545     
   405.51553665349047     
   403.76519935954968     
   402.04224899521944     
   400.56417558884255     
   399.41112428185374     
   398.11178449622497     
   396.79768299330556     
   395.55551992017052     
   394.35788082775946     
   393.22322328088666     
   392.55991650650992     
   391.90870540317229     
   390.61020991440648     
   389.56095315259881     
   388.74514955878470     
   388.45247054375295     
   389.26028575530972     
   394.36938722864267     
   404.05195438322420     
   417.52898528915063     
   433.31077622734756     
   449.60364695900125     
   464.31210255101280     
   476.82136770551483     
   488.82389777204452     
   500.50928158160980     
   504.89446234851039     
   509.98183383552674     
   512.40919799247263     
   511.87288821426375     
   508.80738695452141     
   504.23452408891092     
   497.36091910670325     
   485.50026375642676     
   475.56937281773156     
   461.36955097366950     
   449.17466023742543     
   441.30215187356941     
   435.93238329981176     
   431.69762984735695     
   428.58110909096268     
   425.62690731864831     
   423.76957432356784     
   420.43007835802570     
   417.42425973962037     
   414.56332292615735     
   411.74987278548252     
   409.43073927217074     
   407.27343576111593     
   405.37336920689938     
   403.44052404108714     
   401.81147960600003     
   400.46895399911102     
   399.16535580118835     
   398.02948453549925     
   396.63929808733809     
   395.26085365460000     
   393.75973249865899     
   393.48333754484315     
   392.60761868542579     
   391.50070338189079     
   390.72201385544383     
   390.18135199048504     
   389.88670368745443     
   389.93841190628217     
   394.84321327364023     
   404.28898927718859     
   417.59357904941982     
   432.57348755963454     
   449.66090555945988     
   466.11434163274822     
   478.60105596250702     
   490.32562715403509     
   498.49013957031798     
   503.56619902229187     
   509.32648024950061     
   511.21890837858263     
   501.08215554371480     
   501.48840332706152     
   501.00973028830720     
   495.96198881723564     
   487.82969924317774     
   477.34463960843323     
   465.67223096900415     
   453.61527283577698     
   443.98913553578683     
   438.62691516573074     
   435.00161113615439     
   431.88444625931788     
   429.26983095423509     
   426.49693342629320     
   423.87327350283249     
   421.63709928729378     
   418.99375412286361     
   416.72939443999149     
   415.21544878199484     
   414.41883724415123     
   413.14784391091450     
   413.75942028395031     
   413.38812518458826     
   411.19064968057751     
   409.85127045316432     
   408.68066927500536     
   408.07745182484570     
   407.18250766648214     
   406.26410302599550     
   405.46578646649954     
   404.96714132467486     
   404.44074902190613     
   404.06679358990112     
   403.68601464098623     
   403.20583391204201     
   402.94290090377297     
   407.60390657364354     
   416.78447832005475     
   430.07396449922646     
   446.67088113077921     
   463.44709375514310     
   477.29708972896742     
   489.29186896478075     
   499.52612174943124     
   508.53989597467421     
   513.71407256218254     
   513.93911351546978     
   511.83386137110665     
   508.46104955823171     
   508.82072160230365     
   504.37390719279119     
   492.12280553379719     
   488.47972609995878     
   484.58878382634674     
   471.38189213702219     
   458.41731602199025     
   448.72939153093023     
   446.78533940659059     
   446.85558535549467     
   441.59426038378609     
   437.21448231652141     
   435.21414154653144     
   433.02519997865346     
   429.20629919352865     
   424.84499635843798     
   421.31216028622441     
   418.04508006363420     
   415.15551661102313     
   414.73639365613775     
   416.44494580075218     
   417.78602167541328     
   413.65316900835364     
   414.12829653068144     
   413.68190713658129     
   412.52661526344258     
   412.01692579567157     
   410.15958713626230     
   408.29696907767880     
   407.37984777242372     
   405.99450667183839     
   406.01872783943838     
   405.14890782354848     
   405.37472453228753     
   404.91271508605308     
   408.56232232540924     
   417.05137554280208     
   428.47690009303773     
   444.11490142542402     
   456.55490744128781     
   454.40610756461814     
   455.84043690088288     
   461.50553450176670     
   456.32404702008222     
   459.60703692908203     
   472.65190621215100     
   457.50376991748794     
   458.99824193443368     
   463.49718785934999     
   460.73960562633619     
   452.71293562130694     
   452.14290574951326     
   445.28265008777726     
   438.47855598978771     
   436.35599947142555     
   433.57651803417298     
   430.96725624370180     
   427.43714011059308     
   425.59836813667931     
   424.14457168755911     
   424.50205106937238     
   425.06874311936423     
   425.19393447173223     
   424.74850150019120     
   423.93388769433636     
   423.12958572035751     
   422.41116841510569     
   421.86531005295308     
   421.26737339625112     
   420.63285938536859     
   419.73644790586701     
   419.05003957644277     
   418.21937395918167     
   417.73126859537552     
   416.15373572653135     
   412.82428901021353     
   411.16825563266127     
   411.46642023103641     
   412.22985344244051     
   412.02315724218852     
   411.20631661203777     
   407.70103151483573     
   404.79379677201200     
   407.36593401741123     
   411.11001263080573     
   415.09996257381584     
   426.53300781198249     
   438.00322415461739     
   442.93858436101789     
   443.01332034178688     
   455.30933019253678     
   470.20964454959557     
   484.59004476507050     
   486.98664211803197     
   484.31238316701581     
   482.90576222612799     
   479.24867811972047     
   474.33557755076873     
   468.75947724840410     
   460.78500730386685     
   453.17335411071792     
   445.23739620553260     
   436.49755702113595     
   429.28220034358645     
   425.00906803453057     
   424.10292350021467     
   424.63489979311265     
   422.74979791125850     
   419.07858796236576     
   419.35357413074018     
   417.94681027751932     
   414.73041474755729     
   414.21380793766838     
   415.31739196327948     
   414.98642478155421     
   414.44548336479585     
   414.07314292446250     
   413.20055052002965     
   412.14091459445876     
   411.31023464820947     
   410.40838034822906     
   409.02584704423157     
   404.15400763803456     
   400.93977174908071     
   398.98453149694166     
   397.78935364933142     
   396.63367190239779     
   395.46388706943168     
   394.53089727017363     
   393.88198363520786     
   393.41582288411257     
   397.60433347323146     
   406.68476069844479     
   419.15667390609872     
   434.04819906273315     
   449.17485649537844     
   463.22787903532509     
   474.03627053131669     
   482.44515214265243     
   489.51174432164345     
   494.47430640437051     
   496.62419201967725     
   499.16205177699720     
   498.23091816547628     
   497.14590472493569     
   492.10861779029091     
   486.42403508093770     
   478.93146304261563     
   469.71927877293291     
   459.55153968436844     
   449.54658583439334     
   440.72456827619720     
   435.47080698750909     
   431.16215560221258     
   427.37777979602214     
   424.39867294417542     
   422.06182018914160     
   420.03648952086581     
   419.95799085364007     
   418.95618039949977     
   417.22662510348692     
   416.09559613712412     
   416.08563487374113     
   415.48400691512870     
   415.06340258198713     
   415.27260486518929     
   416.64002323724407     
   415.96926603352648     
   415.89494033226794     
   414.77614889776100     
   412.70329717591534     
   412.30747692400490     
   411.62244505733230     
   411.79218777005195     
   409.75167547709259     
   407.40896671297776     
   408.80772129462935     
   408.70155962384814     
   407.94124682277993     
   415.04916139811394     
   425.13577336238535     
   433.78849466206327     
   446.31861514909741     
   457.87800485477385     
   469.95247946426332     
   478.18657764789197     
   487.54901363598185     
   495.16814721027242     
   498.09442331617061     
   501.62410479369413     
   499.14731727530614     
   502.61507858364013     
   502.50450993175082     
   499.25389137426794     
   506.90839592811676     
   499.79668334412133     
   485.79969028876116     
   468.06414979035759     
   454.85800075485378     
   447.14387727758043     
   442.61252646350823     
   440.72376066625321     
   438.33148772228276     
   436.30204328182646     
   434.90189109930861     
   432.30566247138705     
   428.56874994846385     
   426.41842653302467     
   426.36192648559097     
   425.92318743785034     
   426.53297610519570     
   425.18726996484344     
   422.69180457180533     
   419.77497219412203     
   420.99256771429134     
   425.05500557670962     
   425.31084158646820     
   423.77171030852116     
   420.60575718475422     
   423.78613907613789     
   423.86818881971277     
   421.21794831530605     
   417.75906349218951     
   415.84886644146383     
   416.24037739105529     
   415.93705704034363     
   416.23325021649845     
   418.71658107440527     
   427.18149877978601     
   438.03205464567247     
   450.44473240030919     
   461.73634798247485     
   472.62840988417895     
   482.79097519318964     
   492.23945921153938     
   500.93468644680979     
   506.85358633224189     
   511.01346254041528     
   512.60150345191357     
   513.20905248903989     
   512.29505303990675     
   497.76906954062184     
   497.81758051589134     
   476.14268953419531     
   467.01484413764109     
   465.38555980750584     
   458.62239788123640     
   450.36521529979746     
   445.28124953903693     
   441.35099135999945     
   438.08519797956802     
   436.25548693942903     
   434.22333326491457     
   430.91321807798721     
   428.15996741755481     
   425.56764675545361     
   423.36753676271576     
   421.59679731587460     
   420.31943149257165     
   418.70797487820244     
   416.71926269080075     
   415.75955539215397     
   415.89733256303754     
   414.86146738581891     
   413.46247191902307     
   412.09037371361296     
   411.86082405613610     
   411.44667194888655     
   409.70062627594314     
   408.72143214864928     
   409.25432879895999     
   408.49564075513939     
   407.09538330169613     
   405.63506896224123     
   405.14048752455693     
   408.97660116202633     
   418.20962253956293     
   431.89339574276630     
   445.17485035580552     
   457.48497890763298     
   469.43434922869722     
   479.55318197281292     
   489.86886597913696     
   499.15142266374090     
   504.36297646117373     
   507.63368139927985     
   510.87677652347281     
   511.17959086781497     
   511.13201471689581     
   511.61762717050135     
   499.57337981815880     
   491.78767153968994     
   480.24434449761213     
   469.30094900514246     
   457.52352718595250     
   447.67863858941780     
   442.57592537932788     
   439.12404813474063     
   436.12390987490915     
   434.13868841306447     
   432.20225706617470     
   430.30896797356837     
   428.95305986535436     
   427.56398723294114     
   425.66133934958748     
   423.82568001312359     
   422.21487438440909     
   420.97027970370544     
   419.56188869982924     
   418.21563042060001     
   417.31826218029067     
   417.12172380882635     
   416.28098636044592     
   415.63888179118175     
   416.13242075592450     
   416.22800425848936     
   415.91203810538576     
   415.99485058911569     
   415.67877814458677     
   415.31889138164070     
   415.12887649584383     
   414.14123150261355     
   413.95601020381662     
   418.59487556390786     
   426.96289328887337     
   438.12950923692989     
   449.44649109700549     
   460.27342431788617     
   472.48874437016411     
   482.70852005134736     
   492.04279470489763     
   499.03966114595119     
   504.31741723949358     
   507.50892368775470     
   511.10338759749561     
   509.73122010293025     
   509.07211614784245     
   503.33022015391282     
   497.20807266127048     
   489.49975059809577     
   479.95640483689363     
   468.99812203306044     
   456.73475734965052     
   448.56964542058375     
   443.75047298676850     
   439.94566856750919     
   437.66426266189126     
   435.97575407916429     
   433.62161485653013     
   431.20048495329149     
   429.24626057323360     
   427.68189020163356     
   426.35699348265530     
   424.96638589883275     
   423.56593625711230     
   421.51804273781465     
   419.65044237552547     
   417.69083945735861     
   416.60845984237221     
   415.97872605323579     
   416.24645333944568     
   415.99166659378648     
   415.47996785366433     
   415.11426576651849     
   414.99800889508566     
   414.71531194829583     
   414.21455485721418     
   414.04641436093675     
   413.26925594895602     
   413.15928714522522     
   413.55282186954594     
   417.58365347702266     
   425.57752984676273     
   436.29509035180808     
   449.77914496346648     
   458.11982449606774     
   472.43244351313433     
   494.33597219768012     
   496.60658935976488     
   467.58803368678235     
   482.41465256970747     
   494.04820044379994     
   502.73917501078000     
   503.46888108983228     
   502.64795698873303     
   498.67219486497999     
   493.68166061163117     
   486.14611606611390     
   477.40734961860602     
   467.80343000600089     
   457.50988299149515     
   449.79958752791072     
   446.12947689420457     
   442.51714108472913     
   438.42418673729037     
   442.02330496392710     
   441.99806435452717     
   438.79899404248408     
   434.53456583240285     
   433.83445368680344     
   432.87963800970027     
   431.07041580760404     
   427.13533598933509     
   424.90596414085906     
   426.05550048545302     
   421.45977514843139     
   418.01076148523509     
   418.40273070215159     
   420.88819104358356     
   419.99435248995826     
   420.24822872706346     
   419.80357100989022     
   416.31994400846656     
   412.21347130767032     
   409.69635458988569     
   408.30067029727263     
   407.32399363422280     
   406.04727009378990     
   405.96606540703186     
   409.67311565743989     
   418.09174586860382     
   428.26422489335357     
   444.53097651548495     
   457.27415387731349     
   470.13833580900001     
   468.97712649787121     
   465.26303350838157     
   467.36450611434753     
   464.82641462324466     
   484.59149128004566     
   477.51910716548917     
   469.52715736154755     
   479.62854880903330     
   489.14022206780788     
   475.56426622988238     
   473.68812221299095     
   468.09379491714691     
   455.41676084181978     
   446.23123487734335     
   440.48453144506595     
   437.06029774790301     
   435.42530914913925     
   432.41896514218729     
   430.22861166773498     
   427.59862808652900     
   423.30350214697472     
   420.30922535127570     
   418.34248327793597     
   419.94715690411971     
   423.50658759783727     
   424.47205627623634     
   424.74899987846635     
   424.02222854651598     
   422.10037913908087     
   415.69518219017465     
   412.14772212265001     
   410.23854715108718     
   408.46249301877003     
   408.91274937669573     
   410.18617490332599     
   411.41028433298169     
   411.40266905911056     
   408.28316459433302     
   406.97742955889544     
   406.26218784701172     
   404.45203078755435     
   403.12621144609648     
   406.50989604943658     
   413.24304364704187     
   421.87014665040067     
   437.88560446854876     
   457.24308260549361     
   475.98043556922454     
   492.88113350368911     
   486.39804152070894     
   471.37234575856166     
   469.92450670658224     
   482.14721911810540     
   471.57203029699480     
   469.52619078055130     
   480.67093717868340     
   478.24809329764093     
   471.26771448649737     
   463.35284365062267     
   460.27803096365363     
   455.58169155673380     
   448.09952095384665     
   444.72604794787401     
   442.01944187394810     
   439.62072105844493     
   437.75859968169817     
   435.25291515380792     
   432.99611243322454     
   431.20564287086739     
   430.36935287611743     
   430.02939377967022     
   430.51461497032199     
   430.24049275652538     
   429.63410891736413     
   429.56895258510383     
   428.61610478979463     
   428.02515295943607     
   426.25675123898958     
   425.27221469095332     
   424.17669177086520     
   422.88521322446223     
   422.50187157168608     
   421.84456505043215     
   421.46384425419592     
   421.23514940361235     
   420.15937097522118     
   419.11363399741708     
   419.39950527099694     
   418.44164478879941     
   416.74105434856978     
   414.99541736183795     
   423.12798847865287     
   429.73860721550881     
   446.42532680445856     
   456.57984471777490     
   468.64539922192256     
   480.12231963015233     
   493.55907360831043     
   501.59371724593615     
   506.21906877845106     
   508.89094249072730     
   512.64804843408353     
   513.33466082368250     
   509.44360008842989     
   503.88046488580261     
   496.58472459801686     
   485.91766084453218     
   480.04606814301843     
   468.75874993023234     
   455.95960057063712     
   446.40496385661100     
   441.10837373493655     
   438.64684231434944     
   434.50533561317150     
   431.55630273050991     
   429.28464501441061     
   427.39033375649251     
   424.80858980293561     
   422.20999333492620     
   420.77946586227273     
   419.29438645914826     
   417.11149105573469     
   415.51938819949174     
   414.86167231633476     
   414.10133362794016     
   412.94447618609513     
   411.37761463743414     
   410.72244538799902     
   409.27736624482247     
   408.32469573929416     
   408.00293890140131     
   407.16883966196792     
   406.30797908960795     
   406.23077662338250     
   405.96802540504018     
   406.32202768644248     
   408.31454536366078     
   408.93951766486629     
   412.07767485308051     
   420.73070241640511     
   431.54702776704755     
   443.24251391473535     
   457.42103456827476     
   468.26384469002829     
   471.64616121450376     
   485.48228229055957     
   500.95751862050554     
   502.07072257626970     
   482.40900031380886     
   485.46548045101719     
   507.46711448141576     
   495.43939990019987     
   479.92601693061192     
   469.94245025917161     
   462.96778300967225     
   458.18167586090198     
   454.70109749589471     
   450.04089037504787     
   444.09715292881481     
   439.66998562388005     
   437.50286758828651     
   435.36373511427962     
   435.05923953213875     
   434.34554101447924     
   434.05736228964776     
   433.96487739061337     
   432.78221460036707     
   433.05389361371562     
   434.17403481386464     
   433.98651695390026     
   433.60921208941579     
   432.54597880166159     
   431.18253419766404     
   429.48493781809094     
   428.30611257289536     
   428.09648857877045     
   427.70086486765263     
   427.64079606738682     
   427.13957673757363     
   426.93835836702323     
   426.00934944000909     
   425.92949995861170     
   426.43749045053460     
   426.80430244430124     
   425.27725114952119     
   423.81029508803050     
   423.63397327335713     
   424.01128956728144     
   424.46423316545361     
   424.39019611735057     
   423.46499982098715     
   422.92220229412266     
   423.76606749459677     
   426.35065587714274     
   425.80266443569076     
   421.69050995687098     
   419.82028805898483     
   420.58212638327137     
   431.85720239401496     
   438.18404442742144     
   438.39924482656801     
   433.55637059362186     
   433.16725479457989     
   429.41957531914625     
   424.28512694442924     
   419.91860016917235     
   419.11938266021127     
   419.59108780368030     
   418.48396529406955     
   417.65279802095688     
   417.31453261462326     
   416.40020144903229     
   414.65901555560328     
   413.53568880106587     
   412.71139501883152     
   411.97457996111052     
   410.95939787709278     
   408.64011775772292     
   407.69475071251122     
   406.99276434892715     
   406.42977350293251     
   405.18893056731179     
   403.94733073184364     
   403.19559389481998     
   402.69359549708918     
   401.79634478156987     
   400.82707862907330     
   399.74042962083212     
   396.37877085941329     
   393.67039087521192     
   392.34389246078479     
   391.21620511430643     
   393.31703684197964     
   391.22595927896759     
   392.46174127890475     
   397.70117966614231     
   407.10168105883452     
   420.64086136941620     
   433.82929370677749     
   448.48170981344737     
   461.33436254765189     
   470.56633901609598     
   478.07394931049282     
   483.15559935187190     
   486.54969978288790     
   486.54462264308307     
   487.69571942586521     
   485.54688121648900     
   479.41088742786116     
   473.30906112648745     
   464.74527134800405     
   455.06088187928663     
   441.81113121298455     
   435.71788321344150     
   430.95840224068792     
   426.00724132587521     
   421.61531321156434     
   417.73272666893445     
   414.75737956240818     
   412.03454991852692     
   409.44817716174606     
   407.46596214408055     
   407.46309448950251     
   405.20560006066773     
   403.02380686288797     
   401.57311871711164     
   400.31360137877067     
   398.92992089451241     
   397.82151593690094     
   396.75521974568466     
   396.03661470758328     
   395.10043922914855     
   394.26154616351340     
   393.70169971051899     
   393.86495476878554     
   392.46444322614263     
   391.94429209171574     
   390.94874754615387     
   390.26687851838108     
   389.13243968028161     
   388.00315124414811     
   387.29870326121386     
   390.10399198166738     
   397.49116459154533     
   409.07540081446353     
   422.11944093280403     
   436.15071394017099     
   451.81749063872672     
   466.00214673664948     
   477.87380411607671     
   485.44149671437634     
   491.68093808823176     
   493.58967099152278     
   496.24396684371311     
   494.83118421716597     
   491.26820481643205     
   486.54786507512819     
   480.38995914340472     
   472.25782755538603     
   461.58826009310781     
   450.43833854609574     
   438.78311808212129     
   431.26125822972159     
   426.97622887068513     
   423.68226611966639     
   420.12316599979016     
   417.20470505816331     
   413.88910391290727     
   410.89680982984913     
   408.87430287820882     
   406.68264088678995     
   404.88532226746406     
   403.58143562276746     
   401.88347425665398     
   400.38036357581632     
   399.15452872352296     
   398.25523404150829     
   398.99006597703209     
   399.15701965815987     
   398.64862461977538     
   395.69756506176878     
   394.04257478603989     
   393.07737134866932     
   391.82880279880493     
   390.96765072062357     
   390.41020673573962     
   389.74416218265793     
   389.55082367487256     
   388.99284164220444     
   388.75246493093920     
   391.94762087737229     
   399.49884894751938     
   407.99398883294344     
   417.70202759319466     
   433.48164350632049     
   446.85797082935227     
   449.71590108507013     
   449.85669657632167     
   455.84630552827286     
   466.23350604875532     
   472.29289066283241     
   482.70940261378888     
   481.25506801288748     
   470.76771962421338     
   476.44390093479785     
   465.40951544596948     
   451.14964985093843     
   444.09235570687110     
   438.42831632942136     
   430.44687698364038     
   423.79365551902004     
   419.68464360568089     
   417.31876787486908     
   415.55270860732895     
   411.76318338890894     
   407.99350870477690     
   405.57961169220289     
   403.33419806579826     
   401.25226047358939     
   400.14225960353679     
   399.22356476531149     
   399.01673872572684     
   398.44049186345865     
   397.44464119355536     
   396.16524292229485     
   395.74461948224337     
   395.90492609034760     
   395.99471043968316     
   395.55209259630408     
   394.62341183843290     
   394.26088317793426     
   394.09290177662444     
   393.88351107743881     
   392.00640772593084     
   390.65959452534474     
   390.73487854570396     
   390.97888299179976     
   390.69504570838791     
   391.26873976121624     
   393.14117523306055     
   398.94536820830956     
   407.59363892412466     
   418.60140300243029     
   417.93920070004509     
   426.54661161501679     
   455.87344195750563     
   469.69512500110255     
   473.25333070730574     
   473.12613935997268     
   460.29111145579407     
   454.28061246010105     
   455.64457538411767     
   453.74713475526954     
   443.21983258202590     
   440.08132273249902     
   439.23831213896977     
   438.57040084768062     
   430.95124606712113     
   422.84514488406813     
   418.38771033397774     
   416.68209021427822     
   414.80896352616463     
   412.45189645080490     
   411.32046980251727     
   409.84920006183211     
   408.08815209249013     
   407.93200971614084     
   405.28125020594786     
   404.65788938303325     
   402.92489999416131     
   403.12935989928104     
   403.04081624805758     
   401.59617502432155     
   398.60870976244263     
   398.56755189798770     
   399.82747824016025     
   401.12315941343689     
   400.97895800043040     
   399.99941636323047     
   399.16983703903514     
   398.85728123735146     
   397.96173380211644     
   396.66356168386983     
   396.58859093503736     
   395.64111954463823     
   396.64900803241045     
   397.37030725953764     
   401.57706215211743     
   412.97530839288032     
   421.38740582240587     
   437.16059628687560     
   425.84971110543751     
   426.57316147251396     
   448.71020902626481     
   451.73661327338760     
   471.21090801257827     
   485.94134155926679     
   481.03634272755602     
   482.09199557102539     
   485.57911937102989     
   474.64510428876213     
   473.04411708852524     
   471.04557055599230     
   463.93080838226552     
   454.16002288006638     
   443.70275443763825     
   437.79268302544642     
   434.10044543720102     
   429.77883085255326     
   424.71399363689000     
   420.81874977600870     
   418.38301507317050     
   415.84557487252272     
   414.00817521795261     
   412.38399772939130     
   412.01503711896942     
   412.91853313629070     
   415.16084630026268     
   413.31128764077266     
   411.17653519210785     
   411.17710071488108     
   409.84636547708618     
   406.79828806900184     
   404.96972323212492     
   403.32081179629762     
   402.47072896700809     
   402.12692324333301     
   401.80604909179499     
   401.09717179981334     
   400.68478660681609     
   403.00242660626935     
   403.77255396665788     
   403.20728696814251     
   403.41037073041394     
   407.62143444054590     
   417.75217980539850     
   427.78934434259924     
   432.68027586391872     
   443.94585776136512     
   455.23450937401753     
   466.05058870537403     
   476.21953882131703     
   483.21805551298877     
   489.23711311178477     
   493.76558333421627     
   496.34997851052202     
   495.41076021498759     
   493.00897395042261     
   488.12302992517476     
   482.15751962849356     
   475.07330491542450     
   463.94223064395811     
   452.19492753161808     
   440.56379262246622     
   432.48827322643598     
   426.94553119720848     
   422.71498237584592     
   418.95757028964562     
   416.25271427782997     
   413.88527245480827     
   411.42734211474766     
   409.66679447928146     
   408.32720440839597     
   406.86729937971961     
   404.70018415714623     
   402.62776154410494     
   401.65780097660888     
   401.44839993604955     
   401.18905356823456     
   400.34955261106796     
   400.56150598921653     
   399.89542420212473     
   399.32546320698111     
   397.92968734329082     
   396.42658417359007     
   394.53635872340379     
   393.45154114186562     
   394.45206198151499     
   394.30651643999721     
   393.27761961435061     
   391.49403789931620     
   390.56015085956665     
   391.28387633554138     
   399.43398370744274     
   411.40519788379663     
   423.40168573337314     
   435.97461281463842     
   446.94682774892505     
   456.61349774618412     
   465.02390911254622     
   472.97740828237198     
   480.33714315871407     
   484.05566201868089     
   485.67307540983131     
   483.63187688594650     
   481.55299045366002     
   478.66459539284074     
   471.66771311806639     
   464.63506329679649     
   455.65526021104415     
   445.46403464134340     
   435.80297522678188     
   428.72033493826905     
   424.83481878968928     
   422.08502364523184     
   419.52520239394357     
   417.15472495120832     
   415.19405312917399     
   413.35578862174640     
   412.42088462365183     
   410.79790037859982     
   410.40352615284286     
   409.50344861957160     
   409.10065929629599     
   407.70324871794122     
   406.88604675455065     
   405.64159657431225     
   405.27965974380510     
   405.67086983998701     
   405.18442215643546     
   403.92674052451252     
   403.09912261498380     
   400.79186087296205     
   399.82316727118666     
   398.88214023807478     
   397.56070466287258     
   395.90027629359111     
   395.16258814881718     
   394.50445299994743     
   394.84442844556952     
   396.62755313588622     
   402.91549739949039     
   413.06049133606984     
   424.86679519666643     
   437.22326598650386     
   441.93897196355789     
   452.24978419852721     
   469.61739521898642     
   475.09372195965165     
   479.64059085273215     
   482.77434358213316     
   478.32104481846528     
   469.71330492900103     
   462.04333596039925     
   468.69785011475034     
   462.82646357710661     
   455.94435009696377     
   450.86065170994749     
   443.17768466461291     
   435.86171191269813     
   431.79313110016949     
   428.83096514789759     
   426.97655167814088     
   424.76827452099172     
   423.69912526146351     
   423.21895607232682     
   422.39448841678080     
   421.75100668269789     
   421.41018632226758     
   420.44004354051481     
   420.08167303885006     
   419.25141314939754     
   417.84689594537753     
   417.50939531089932     
   417.42377329982685     
   416.95621812536888     
   416.17336916440979     
   414.51048788308822     
   411.53958609535999     
   410.76342427234789     
   412.72817387432525     
   411.60212482540425     
   405.82836592273617     
   401.59211007344550     
   400.03970160333080     
   398.37134435854063     
   397.15378702403723     
   395.88007401434714     
   396.32043785370723     
   401.01284234993727     
   410.81892180378816     
   423.12565017785892     
   436.01502806154781     
   449.52358238040847     
   462.91196852353801     
   471.30336511578918     
   472.88621173336327     
   464.78890266228689     
   449.24867357574777     
   448.14197552728365     
   467.77173172195535     
   475.36794095399347     
   475.61712298495326     
   462.66490739094257     
   451.86038956241538     
   445.49608845722992     
   439.21257636553855     
   428.98921976515072     
   421.52726482044068     
   417.44901297530174     
   414.37477360459798     
   411.92719422041205     
   409.89926070779848     
   407.92483820835167     
   405.48774280654686     
   402.79460709765669     
   400.18085589183022     
   399.23600927771696     
   398.56759121886211     
   398.99323140211158     
   400.12499063972501     
   400.24747334891543     
   398.80850371449753     
   396.83785366944898     
   394.76352244457917     
   393.93527327920503     
   393.67317842394493     
   392.63746629897770     
   391.33497597849265     
   390.21797565753911     
   388.72800935544859     
   387.66129627310534     
   386.71137994945138     
   385.49172827111948     
   383.53305274842864     
   383.43580353367395     
   386.83310455174882     
   396.54151709848225     
   404.78936135286079     
   411.76484653691904     
   420.95623160301989     
   428.58727013254475     
   429.01997940624074     
   447.50244523349215     
   454.95724081484616     
   471.68754221541337     
   478.95987935688544     
   481.30465806672669     
   477.89320717738974     
   475.11035971666757     
   475.09720317542582     
   456.65597220165523     
   446.98932591535640     
   439.73833595105071     
   429.67667249287308     
   423.50666258850731     
   418.96811780816665     
   416.34408614001865     
   417.90851608331917     
   415.42952200423753     
   409.99014898342972     
   406.86295654983354     
   404.52151050339540     
   402.76595300725779     
   400.79491359846617     
   399.21250184674085     
   397.94268366626051     
   396.51303887242085     
   395.20347125405527     
   393.81286592920873     
   392.87500099876394     
   391.75195647759836     
   390.51120913272985     
   389.55651695247263     
   388.68851645630616     
   387.51161892655961     
   386.70889446860616     
   385.79413410357159     
   384.52282269953815     
   383.55677881631402     
   382.72908013299133     
   382.36885964568768     
   381.63249500786719     
   381.51464944722551     
   381.82933648558645     
   386.89913852260793     
   391.39906831616628     
   403.23589297769394     
   417.33477653099624     
   421.80069859688456     
   426.47654337286377     
   441.38718292752282     
   436.89713923659036     
   445.90456788156916     
   454.59313820849894     
   460.33564319857658     
   445.51332812650071     
   438.47169971454571     
   437.76054381540752     
   432.64183761304753     
   429.28258659577318     
   426.63209761001121     
   421.93652398771593     
   418.38536202747929     
   415.68883808142130     
   413.01775043233278     
   411.06806098001465     
   411.30832872447024     
   412.13408149151746     
   413.17874490396349     
   412.94412240921145     
   414.92963351540521     
   414.40956792322913     
   413.91856984593278     
   413.32789527288423     
   414.47456239057988     
   414.34313633550795     
   412.46572540516456     
   409.53905918499021     
   406.20887961325576     
   405.44770433064406     
   407.35285508271772     
   406.99540632155208     
   407.00104850246254     
   407.16669688965453     
   406.97420673169137     
   408.71907039787385     
   408.98640384324744     
   409.41483293532497     
   409.42370896402440     
   408.48112274598748     
   407.94761163325836     
   407.62173768181975     
   407.73847416865431     
   409.23718675221397     
   408.47705233617114     
   414.49207375141646     
   425.07617610471993     
   434.48898240859762     
   446.97708856478266     
   446.79878206718763     
   448.96919724965920     
   450.00378790669737     
   448.38723372951830     
   447.02831980741814     
   443.61756343249834     
   448.53917552821395     
   445.00887829986220     
   436.89063726101591     
   438.31250564811495     
   431.22495130741748     
   426.27985666401344     
   423.13040685883630     
   416.70646578206339     
   409.82715808258695     
   406.95031298347686     
   407.73870322163219     
   403.88616283470469     
   401.50530725947772     
   398.07294209149842     
   395.86577068975009     
   394.49304824825947     
   394.99528044076072     
   394.78310050300109     
   393.75379070708419     
   394.78717259034244     
   392.28370271135020     
   392.72995576129563     
   391.29761580855234     
   393.24211939317479     
   395.32377311096570     
   392.80171120647799     
   391.81102731002454     
   392.99328966367455     
   392.17228042056973     
   388.31527180498239     
   384.23835229001713     
   382.70130660377464     
   382.03193858810135     
   381.30425308225779     
   382.44498366319669     
   391.50292242987581     
   405.98270099070345     
   404.77504925180489     
   401.59983733017322     
   427.59027860964159     
   444.63581418802983     
   458.43825925864445     
   466.82112455771545     
   471.03305626693771     
   468.62327187086532     
   449.32313404106117     
   440.68552233600263     
   436.56814551380330     
   432.06946131581799     
   424.42470399208014     
   419.63878333446030     
   417.95964506071567     
   413.59059559331752     
   408.54090382094699     
   403.79787892079963     
   401.24495022650569     
   400.84259289144245     
   398.52298434219301     
   396.19467141774697     
   396.04886801390626     
   394.55560379442932     
   394.52188889401469     
   394.79092053068615     
   395.97694841935879     
   396.89050977651681     
   394.89038233039201     
   396.56811542665884     
   397.14719447192073     
   396.97784625853427     
   397.42398390056644     
   397.46745685170390     
   396.95378830775371     
   396.59625197507535     
   396.20141981168331     
   395.49824966418925     
   394.09887388178140     
   393.25175839553856     
   392.00826109788966     
   392.27915276509424     
   391.29255604277319     
   391.13995290583597     
   392.51596798485673     
   393.79631002767491     
   396.86772453080624     
   403.26599004536553     
   417.00504950164640     
   434.55628579001967     
   433.13867637530319     
   431.21954523207677     
   462.36668001987493     
   450.45585236503450     
   444.76904967405403     
   462.06705149299160     
   471.86095009322469     
   475.62076887622459     
   467.37625819529177     
   466.27235649551653     
   462.39817904656809     
   453.77636171835854     
   436.63599656790001     
   425.37812346765946     
   419.10725598700202     
   414.46623725921523     
   410.44023315008445     
   407.34953317116833     
   404.85758064811546     
   401.72977969010839     
   399.23119326157678     
   396.75448962260828     
   394.56591839988494     
   392.71906851320921     
   390.74373396892526     
   389.08721434889497     
   387.63217960080192     
   386.92379580608906     
   385.99849968604235     
   384.84626407408854     
   384.22653718764286     
   383.10034435699311     
   382.06333669479091     
   381.61487892410497     
   381.36296382213050     
   380.95786084571506     
   380.47383308575735     
   379.49954114980477     
   378.88899995251069     
   378.83083708954155     
   378.73520722599352     
   378.20470875978498     
   377.72831461068586     
   378.68048615571900     
   384.17419959198537     
   393.84330255450982     
   405.64735151952766     
   417.48037272169790     
   428.62214925533976     
   442.42356206595218     
   456.11391889012049     
   467.76533981446352     
   477.00037586744577     
   481.85788572925338     
   483.27343830688386     
   481.07638931894911     
   481.64202390349874     
   472.43547718189291     
   460.30203359038217     
   454.23039676835970     
   440.37958733827224     
   432.34785654384143     
   425.42222299806940     
   424.15082649206943     
   421.04784743846614     
   421.04533339314804     
   420.15626595740724     
   419.79214231837614     
   418.42411532083537     
   416.61500157415480     
   415.87669436557394     
   414.80069062994005     
   410.07713428664243     
   406.63149848414275     
   405.10945121289973     
   404.38339993674998     
   404.37990686794592     
   404.81164386094224     
   404.50102648109129     
   404.16888460965197     
   402.15528639471950     
   400.97930239814690     
   400.70410078576714     
   399.34518222910287     
   398.43309155566931     
   397.39858088710696     
   396.80412988403128     
   397.67306297563005     
   397.79350600116322     
   396.18159773399589     
   395.66606706017876     
   396.48379040809931     
   402.35760053624870     
   412.06215712407050     
   423.56327113005199     
   435.79272542928567     
   446.19742169899956     
   457.87537076297042     
   459.68361595023492     
   469.61032776408911     
   476.97261281033400     
   483.06095836598257     
   482.99297128315106     
   481.13596885219107     
   477.03123242497998     
   461.91101439441269     
   452.73663390288243     
   446.28171795948606     
   442.59839063181954     
   441.19076286661146     
   433.09140277904936     
   425.19697095610417     
   420.59232224578818     
   417.57846680332835     
   413.50965488470871     
   410.63226898349251     
   408.16887372574865     
   405.58770577015827     
   403.40600956761091     
   401.40449445412003     
   399.76191294625153     
   397.55216573065229     
   396.03963262506267     
   394.67757993542602     
   393.51564436841426     
   391.95684552717091     
   390.37139093009699     
   389.30415472122752     
   388.98434507315693     
   388.03853521167531     
   387.07592090655226     
   385.58978370387058     
   384.45395443350952     
   383.43155177790038     
   383.19413730018755     
   382.97586549482401     
   381.91482084649175     
   380.26309608853717     
   379.45517342730801     
   379.71680962195154     
   385.28275930565485     
   395.88680039113677     
   408.74271793692986     
   421.59405964578031     
   434.29319069471296     
   447.15730165874345     
   460.22590738499508     
   470.93923746861702     
   473.92899185380617     
   478.39724486389167     
   482.29023084300451     
   481.84510184906753     
   478.58383810908077     
   473.62876804492726     
   468.19022859382051     
   461.15291362643359     
   452.68822684620579     
   441.73145069164099     
   432.84268886784986     
   427.02479535526021     
   424.61232609989565     
   419.53484575266612     
   417.69208360616346     
   418.89558062677077     
   416.46859904922871     
   411.21961256233891     
   408.64621809544769     
   404.78396705120650     
   403.25720785958123     
   400.74921819737790     
   400.01321744382540     
   401.18567309131635     
   400.04752740160620     
   399.46262804129680     
   401.25810465796985     
   404.53142078922787     
   402.59385065362983     
   400.20464285903944     
   398.85326011350810     
   400.13148807356333     
   400.02478912266315     
   401.55341578669743     
   403.43284492847573     
   401.66435916181194     
   400.96367160165659     
   400.97975141738192     
   399.22077382893644     
   398.04323996250673     
   402.08997217286623     
   406.67222195523726     
   407.90619871147186     
   412.64616801753766     
   421.18917425322388     
   415.29754050224500     
   412.32271463209480     
   413.62032340520062     
   413.99112395968837     
   414.13023914847685     
   416.32346393481151     
   418.14491415986612     
   423.02073599612839     
   424.46310535258141     
   428.38001198697941     
   425.12721628608489     
   413.14137415794636     
   409.85780264517797     
   404.71455017086106     
   403.04546995370947     
   401.48674208611033     
   397.26656912521548     
   395.23245861461209     
   393.68044897914552     
   392.73099296870248     
   392.56797139581278     
   391.34575012127550     
   389.60606630949462     
   387.51009176547501     
   386.21005521924940     
   385.59484785880142     
   383.92898219722173     
   384.93644854678138     
   385.73120302319950     
   386.66164847211053     
   385.48701995555649     
   383.71256242436630     
   381.60646964142950     
   381.41383283278276     
   381.40636894814901     
   382.30933808932775     
   383.83694704037532     
   384.04743579096322     
   383.73738775604937     
   384.84336773850322     
   386.12939366348598     
   386.29578152921101     
   382.57488549574117     
   383.69250484965403     
   392.03312188582038     
   403.14034862487557     
   413.16557667727056     
   419.43634891613641     
   424.72110677368653     
   431.92979015699581     
   440.62069727836513     
   447.08281521416433     
   454.96598049710883     
   455.73152863846173     
   448.64620544005777     
   450.81509314852946     
   448.49378749854964     
   446.51812883897554     
   432.75966089524547     
   423.05141798000210     
   416.96463148096257     
   412.27173202595873     
   407.59648650622609     
   406.92808991880401     
   405.91583573092601     
   403.85938263382383     
   400.61408956691179     
   398.60093383472622     
   393.41036826339638     
   388.89430806385730     
   384.51903746286047     
   381.10700878702204     
   379.01087370375262     
   377.32242178406676     
   375.77545031237054     
   374.06882656280743     
   372.30811336598191     
   370.89090062320525     
   369.77377208545579     
   368.62674274050886     
   367.54842407592946     
   366.85188277579999     
   366.20752638835205     
   365.48298367612142     
   364.46933818724710     
   363.43718005792277     
   362.84792535948395     
   362.50866388906064     
   362.34000771836560     
   362.05678271933755     
   362.17505354170748     
   367.51454061757755     
   376.48300549810426     
   386.85262242538909     
   400.32520951356724     
   412.85005356700947     
   425.57800409012202     
   438.93883700865405     
   451.24407896522081     
   459.62050273884375     
   463.22181280341340     
   464.51530219323109     
   465.34051018234294     
   461.75441738347860     
   457.17917066525473     
   451.13877340082479     
   443.69946410371574     
   434.63980853610622     
   424.24517128056561     
   413.66468714323497     
   406.05373169394056     
   401.70420934536878     
   397.90046771174929     
   394.51622135637751     
   391.68075045752568     
   389.35964149472466     
   387.47793468818730     
   386.03533479874807     
   384.29294979795668     
   382.55827670173232     
   381.50119676293713     
   380.63993905157758     
   379.08986720568367     
   378.16077862357929     
   377.18451269339965     
   376.13585820985907     
   375.21288077811306     
   374.06347808123007     
   373.75630833797959     
   373.33893541594125     
   373.21945762709009     
   372.52315825269460     
   371.80955796142979     
   371.04282192501648     
   370.36020708132037     
   370.01693319479722     
   369.68174266823814     
   369.01483798888455     
   369.19158953161036     
   374.16319918197240     
   383.27012207662250     
   394.79951884020630     
   407.61336890167001     
   420.59106248521772     
   434.25720859355545     
   447.00372904984170     
   458.19706310775041     
   465.35378385298992     
   469.77524098889404     
   470.82524725562416     
   474.88182646858138     
   475.73111381966766     
   469.16389643646886     
   461.72585009383602     
   456.39021948912114     
   446.04571287003773     
   434.02901967152832     
   422.27794755030095     
   418.29151032385943     
   416.29395285517353     
   414.90063622618385     
   413.12459652151176     
   411.52515411719264     
   410.01942678520754     
   408.32068327245651     
   406.99135767248657     
   406.14491079998612     
   405.45751351553929     
   404.41167624140428     
   403.84836742614982     
   402.91897286190942     
   401.98308738818866     
   401.38994412683627     
   400.87157317580431     
   400.05123124675151     
   399.26414768935382     
   398.53203850934995     
   398.17114890362109     
   397.05995190502500     
   396.67283206836811     
   396.42194745301924     
   395.86503146053599     
   395.33375151507204     
   394.92923510735704     
   394.42095354001310     
   394.06871417394774     
   393.77251308273020     
   394.37208478814875     
   396.14785076388432     
   400.30559821517176     
   404.16741428747855     
   410.12860459034141     
   410.05888930728582     
   421.03971453635938     
   421.64930209432646     
   419.48938261262128     
   417.45732857539105     
   416.77121192877956     
   417.33202375226563     
   415.63764220159771     
   411.82763692123774     
   409.87846599764919     
   406.59563965483807     
   403.63618103594666     
   401.65890205233546     
   399.20610409319676     
   397.42145235876029     
   396.35208936555028     
   394.23723152977595     
   392.97156265204273     
   389.56473939553035     
   387.06800189834598     
   385.24162291872204     
   387.08644659262916     
   389.19095987457496     
   388.58346257061260     
   388.96879509827988     
   389.01494786069151     
   389.00883194288798     
   388.10855988223966     
   388.35845905714524     
   388.02147515259156     
   387.77224871862455     
   385.47256601911829     
   385.95576043848450     
   386.49372215208467     
   386.43332695792640     
   386.18443745918609     
   385.84131565251778     
   386.01253727619422     
   386.54434924611678     
   387.17352521753264     
   387.33196027591555     
   387.38396011563719     
   387.54856036095958     
   387.26704909836360     
   389.16680072215706     
   393.22472139044180     
   395.02436644753402     
   397.85302670363632     
   399.77534857854965     
   404.85433902164220     
   407.94911295304576     
   411.88554647483141     
   416.07366010041795     
   429.26683166118630     
   426.05876157291306     
   419.97229848395705     
   416.29555241915023     
   415.91235104771675     
   413.06440870571305     
   414.94915067924052     
   407.02202909540563     
   401.66117822463679     
   396.95597203247399     
   394.07524416422893     
   393.67148685030145     
   393.42070689443204     
   394.62619168238388     
   394.56946474547658     
   394.73923961970695     
   394.76372720452042     
   394.35973627721557     
   394.11632203888530     
   392.37272108236851     
   393.27530694886394     
   392.77175820089019     
   391.46726658815868     
   390.83081881303610     
   389.79870570522326     
   389.25271073739054     
   388.99461168333283     
   387.46887228992483     
   386.45821223141968     
   384.00582244930951     
   385.84082840760834     
   387.53929108563636     
   388.16668986208640     
   388.52583013021911     
   388.43622943495768     
   388.21878128048701     
   386.50164236269768     
   381.81595096371785     
   381.22396606123846     
   389.32913005808643     
   399.79533729970626     
   412.61725322048767     
   424.73392738538718     
   435.28311458979891     
   442.59379277307124     
   454.85827975954908     
   456.53648387555478     
   465.49263727433930     
   469.46924484792476     
   467.18380465978623     
   449.31661683838365     
   451.53903856942077     
   454.14452403373178     
   448.15028491908794     
   441.18664139941797     
   431.31162918762487     
   419.30532087514672     
   412.58833994074774     
   410.05832517700156     
   410.12908976424609     
   410.25907710623432     
   404.18291908145869     
   400.26855666992168     
   397.14003549289833     
   394.89528557186770     
   393.42043380563894     
   391.91515234279439     
   391.15990247846810     
   390.09093183242607     
   389.78391887795277     
   388.74566436701082     
   387.79840120203045     
   388.74227407057344     
   389.99067746166952     
   392.51025795675230     
   390.03112360809257     
   389.43079704143764     
   390.24218024721506     
   388.34203045248239     
   388.30729765395967     
   387.35149038626275     
   391.17463337829622     
   394.48408844713362     
   394.19825021183414     
   393.59718760216305     
   394.35195745084911     
   393.28001788479122     
   395.35208819817916     
   396.15041702619868     
   396.94531549982827     
   401.10728751213588     
   402.87788166444028     
   400.31862975916943     
   401.08014347986438     
   403.44769463641768     
   423.77759159701480     
   421.04680112779647     
   425.93222834493622     
   419.13965851556850     
   417.85263871694349     
   410.74909938500087     
   410.33615002012783     
   408.80874620136342     
   407.99280033710238     
   404.13213853076434     
   403.62831276210926     
   402.19776056308956     
   400.64994316882263     
   397.11774492232735     
   393.34623824099901     
   393.05497777769170     
   395.35689110143448     
   392.94679760980512     
   391.00596348120541     
   390.36277881973660     
   391.04867893556582     
   391.96726075066385     
   393.09276763515413     
   392.05009780907432     
   392.46814850989097     
   391.89634204893940     
   387.63041659977358     
   383.72100291897357     
   380.80215056757083     
   379.36155197228561     
   377.84999834644776     
   376.14853592754912     
   373.59326791959933     
   372.98477802024900     
   371.92248236935518     
   371.22088407608953     
   370.81766473508509     
   371.13674687730145     
   370.60815163233605     
   372.18667942260282     
   378.93510511528558     
   391.56043011447707     
   405.54494885013759     
   416.90027436720072     
   428.92548357697831     
   439.40788737892780     
   448.61286401149005     
   457.29187894134861     
   461.46815412749430     
   463.09775677161514     
   463.35251699014458     
   461.82820397067621     
   457.39794224904011     
   448.10170712322900     
   434.27251556921607     
   421.05595135898699     
   416.70703270265773     
   411.36062369736231     
   405.54240090740501     
   402.02856923013536     
   399.88333939162277     
   398.40627423781916     
   398.25457611632208     
   396.78824004679694     
   396.48873133327140     
   396.69235293098217     
   396.64803801805135     
   396.29771197068987     
   395.88041034036098     
   395.33842986893319     
   394.97482949103079     
   393.40425391640616     
   391.15501706621211     
   387.28389511953287     
   384.86902687579084     
   382.28060679314189     
   381.54424456913472     
   384.98406048672445     
   387.18067810745788     
   384.51766577920478     
   381.32286652144865     
   379.09509341387263     
   378.10611776087012     
   377.02041499886724     
   377.65928314215722     
   379.07589997020386     
   381.19385258020679     
   383.38837434293538     
   386.61828692663698     
   388.40107782219678     
   392.34140924407825     
   394.19357090317459     
   400.22163200595611     
   419.48119866947337     
   446.06315649832197     
   455.53977236239592     
   457.68509495692774     
   457.45751471976070     
   439.17173466846793     
   429.38306731146776     
   427.73116595574521     
   421.43254836604535     
   419.10787260365163     
   414.80201812520329     
   412.00150822747543     
   408.72614377719879     
   406.93510511508936     
   404.01213689648131     
   401.46746985087344     
   399.71580996187981     
   399.12673069317282     
   398.52095095950943     
   397.01573012176516     
   398.38062115320321     
   398.03875590212118     
   398.23624616582055     
   397.81625444398856     
   395.78367412283961     
   392.28778567015343     
   391.33073893569269     
   388.20651962770461     
   386.07436792046769     
   385.14617298307451     
   385.22957163945631     
   385.33885249509626     
   384.27484619947791     
   384.41881305203157     
   383.81924546943577     
   382.49945243008608     
   382.00484653553684     
   381.22172220233688     
   379.83350546555539     
   379.20119032359401     
   379.45984934713283     
   379.29327554817166     
   381.34241728782018     
   389.01728297948495     
   398.29130024083503     
   401.64218444287508     
   403.73259611907503     
   411.26290509390674     
   425.67610201114252     
   430.81312065789785     
   441.38222064721168     
   438.66574199684146     
   460.15979394956605     
   459.72335204747833     
   457.61639760187199     
   446.00828176543706     
   440.51035505533201     
   432.86417005912318     
   423.12241922646723     
   415.10995731334060     
   410.54348385163451     
   409.77938610782951     
   407.18095286430599     
   402.83795406301539     
   400.62269028538498     
   397.87287099003311     
   395.37935214933344     
   394.10274254769575     
   392.47062265661140     
   391.35994998454635     
   388.69782979001968     
   385.23517914795912     
   383.99349693194910     
   381.67835850802237     
   379.75536283155697     
   378.31547501076585     
   378.59956106829827     
   377.68939638896717     
   379.57455807562940     
   382.09880906234963     
   383.99240713181644     
   382.27568826704464     
   382.41826857624949     
   381.44257881748143     
   379.29105723862830     
   378.35998332227172     
   376.87631669419613     
   373.61504479490139     
   371.52356599375196     
   373.63033859520425     
   375.48647687838832     
   379.91236150518614     
   388.85716154359778     
   398.34247015417623     
   399.00469677650938     
   402.59819472668414     
   401.67748827475140     
   422.86558214912060     
   435.69659637415828     
   445.28589770811533     
   453.35529356358342     
   445.61243884630278     
   439.92789669137881     
   431.72905371121129     
   423.61411575780863     
   421.29041189297942     
   414.70343862843390     
   411.50595283874827     
   403.88766295481224     
   399.11865560605276     
   399.08342051230318     
   395.57536630812388     
   389.89304173445316     
   386.74472963266055     
   384.54356525776899     
   383.60795502347509     
   383.57966544293447     
   380.33190959112261     
   378.18071894133959     
   375.94371092018730     
   374.30222986901941     
   373.18491819842859     
   372.52094593454768     
   372.15323949423788     
   370.89455875010918     
   370.11788209214899     
   370.32103247430734     
   369.53111414792005     
   369.48344142810976     
   368.19774668594158     
   366.90074380282448     
   367.65770152050254     
   372.20640323619091     
   376.20491033418972     
   377.67352221661736     
   376.28804517229912     
   371.79337343749484     
   369.81090355608688     
   371.59604147941116     
   382.77671407004550     
   394.27502545597292     
   394.52479721276057     
   411.56172223265526     
   424.61312049882469     
   433.67021860238884     
   443.26754852108388     
   455.04013274138163     
   447.13005534628695     
   458.24744174544395     
   432.83082630059829     
   426.31993182712768     
   448.51557698107581     
   438.30732136445806     
   423.53872124124376     
   418.09883865957210     
   413.75882224178332     
   408.37479235509630     
   404.33397932605868     
   401.30498627576242     
   399.13923752292089     
   395.26630081283020     
   393.86879807538298     
   393.75788163281089     
   392.47237936455861     
   392.64462253793914     
   392.51449285854960     
   391.09077938521023     
   387.55686440106018     
   389.27279613768667     
   390.52566709915538     
   390.44884330089633     
   389.54464583502090     
   386.62059045469692     
   386.20428946369213     
   385.71987902045470     
   384.98118896166852     
   385.86445410370646     
   386.95179450483852     
   384.91709809320213     
   382.08437376614989     
   381.74147016913554     
   380.16172616931840     
   383.38575395757834     
   381.55307455254996     
   379.59836144519136     
   379.30229254322211     
   382.30635196387163     
   391.19824704898878     
   394.29553834208411     
   395.39726319904378     
   396.72027880107566     
   394.95610660804107     
   396.21743673656732     
   399.31537764036614     
   404.28204762037029     
   398.36053756665268     
   391.94331787666920     
   391.71532207841602     
   390.77716284353744     
   389.63848916695076     
   391.26990086258797     
   391.06908011482057     
   396.30636187399870     
   386.87814393290887     
   383.09073977687666     
   378.75642070918997     
   377.32011109714614     
   374.74662150142620     
   376.24757626383820     
   373.77602981729297     
   371.04085279461884     
   368.34139447874361     
   367.37650223131038     
   366.09521978301058     
   365.54801284626200     
   364.55169509507124     
   363.01290562418171     
   362.13042753182458     
   360.82272302805012     
   359.76859887179188     
   359.32363720017327     
   359.16920912133361     
   359.25745512487242     
   359.12111480317736     
   358.96877387636226     
   358.84742279980259     
   358.96782779403787     
   359.05059987785819     
   358.55138563358457     
   358.39017929808654     
   358.33016408710222     
   360.18645136056597     
   362.64922095830207     
   364.35533582197525     
   364.46002797070304     
   371.02173076425464     
   380.83121639622618     
   390.04947686976033     
   392.53391800298186     
   395.38099326567072     
   403.50414262802906     
   416.93999867373827     
   433.51017039058996     
   429.99228255220112     
   421.50918397902080     
   427.84297414861362     
   425.85828867480836     
   417.48265776072179     
   419.14178922130890     
   425.28561661183193     
   418.44657440822658     
   410.45776110626792     
   402.71188347099695     
   395.18410889661385     
   392.08609439702838     
   389.09118992985839     
   387.03433057829227     
   385.53914725993224     
   384.23155193304575     
   382.77280210134631     
   381.53208324426015     
   380.62419517856455     
   379.93911502673512     
   380.87685104647710     
   381.33903211173555     
   379.63338480466075     
   378.06170706752914     
   377.14166755705924     
   376.36971011309299     
   375.56739757863107     
   375.35799379197670     
   374.96843609959950     
   373.99912007708667     
   373.65373703075250     
   373.21950647212407     
   373.06808961820360     
   372.64268853177333     
   372.41699174610318     
   373.05350981649093     
   375.12772363978229     
   373.15625345887986     
   373.53100732477429     
   375.41495498956579     
   381.21032721098311     
   390.62759237638181     
   398.59912104240004     
   411.17445617637935     
   423.99577084110354     
   436.32336013448605     
   444.05523733919148     
   449.58568393248595     
   455.03230626249848     
   457.70041817896032     
   458.54783867670443     
   457.71253922718989     
   451.55240370749482     
   444.84377617594038     
   433.54449063126128     
   423.61359204820604     
   417.38808606036940     
   411.65695603204040     
   405.48038251247851     
   403.07377080708198     
   402.39425796256472     
   397.93401649617078     
   394.93748051359194     
   392.70133135553579     
   390.73343383322850     
   389.16583740175923     
   387.57261749956257     
   386.18481528845803     
   384.83314530265397     
   383.40194597964989     
   381.81000224891625     
   380.60952909672437     
   379.69239586992933     
   378.65745962239833     
   377.68884280929751     
   376.44183995189638     
   375.37655724064234     
   374.64032702601702     
   373.54910509717462     
   372.47562304618066     
   372.19794366490487     
   371.80263877632859     
   371.06536995819550     
   370.03277530269037     
   369.59613258137324     
   368.99897506542374     
   368.82322063262114     
   371.62681351556529     
   378.98240180205585     
   388.89020602862752     
   400.48974188071787     
   411.74939939711317     
   423.99339387098092     
   436.23405522119106     
   448.81428088050086     
   457.28221946704031     
   461.56782541196708     
   465.39562671231602     
   465.82193856674468     
   464.76916331034391     
   460.37773106625849     
   453.79349058181481     
   440.20506816287724     
   428.10773473069122     
   419.26869476078099     
   419.46483888327208     
   417.83827119457840     
   415.30558096225917     
   412.11175312222827     
   409.50799903526462     
   404.89723742716819     
   401.51646262915892     
   397.20695713285608     
   394.03234906777271     
   391.83982955865150     
   389.86137869180959     
   388.15017511741655     
   386.67612131198393     
   385.14774755285288     
   383.89915023857577     
   382.64411728374318     
   381.77889423833221     
   380.94189149723718     
   380.31605402159710     
   379.30784448536940     
   378.18336024413753     
   376.99052634871549     
   376.22619201940950     
   375.34567254986047     
   374.42443875563049     
   373.49218219583577     
   372.62349501353845     
   371.81041737152503     
   371.22537100947380     
   370.96687531399397     
   373.47779668266151     
   381.08573920425721     
   392.08889695211997     
   404.13774394432022     
   415.92785395469775     
   428.42959434266231     
   440.20225313609336     
   451.50758505754499     
   459.55564458962050     
   456.72255018331168     
   458.04900716368968     
   462.33762639156333     
   461.73125082261737     
   457.65290247494301     
   451.62682930480662     
   444.68676224622953     
   435.89441400513857     
   425.92757062175195     
   415.28955954998497     
   410.12618683364667     
   407.75323718633564     
   403.10735351117364     
   399.52315959408560     
   396.67336641573559     
   394.13707060855950     
   391.90610116350098     
   390.15783636878541     
   388.26798517092465     
   386.55203979982804     
   384.87567733920611     
   383.53732833332720     
   382.14922864659650     
   380.84514335628234     
   379.93742399303414     
   378.56464472653852     
   378.08421187417542     
   377.37204650380534     
   376.30029504830742     
   375.51949283247802     
   374.06549172286071     
   372.47063696575009     
   372.50326891066561     
   372.57481311026311     
   372.37062677765334     
   370.95028157616241     
   370.60026873112906     
   369.76641944581917     
   369.20762545660693     
   372.36157369297047     
   379.61824189013294     
   391.38863455028650     
   403.67337672747658     
   415.35918913269893     
   425.99927880452520     
   437.94686044627912     
   448.68111837772562     
   456.70433947227309     
   458.70073526739316     
   462.66661192599975     
   468.31174698745542     
   464.22934016611180     
   457.28250479030959     
   453.41222429421720     
   442.42837128775471     
   426.47073754277608     
   423.07029377145642     
   420.85302865122947     
   417.41465479833261     
   412.87425402138444     
   411.36838677104254     
   411.06638098364152     
   407.41481093638458     
   400.74154644095148     
   396.45710640087333     
   393.38406510137469     
   390.51648058810713     
   388.17181120343969     
   386.15975913985903     
   384.37333479163402     
   383.27312132579766     
   381.92641650424247     
   380.31072516982135     
   379.39348886997681     
   378.38865214307475     
   378.11493449269869     
   377.75842367831979     
   377.16580288129421     
   376.36254764909881     
   375.62219444001312     
   374.14091159269367     
   373.36161269899532     
   372.93130475883845     
   372.38553407267483     
   372.72053758787354     
   374.02985420066176     
   375.03192347342519     
   377.63847407555426     
   381.10430773985536     
   393.50494498337150     
   401.88367627545608     
   395.17789662095214     
   397.89545115216663     
   423.09227280321488     
   436.74404853986562     
   440.81019271602611     
   453.81311076489885     
   458.64052364550611     
   460.98576913594053     
   458.69331194796030     
   456.10761792832159     
   450.28058772518727     
   443.18120266406754     
   435.73362422393240     
   424.74233561992850     
   415.47565511258875     
   408.29050027488438     
   402.69256583023679     
   398.68681578605430     
   396.05989092294976     
   394.27558997965906     
   391.55000719204526     
   389.26678108571730     
   387.32892293445872     
   385.73581184815527     
   384.61126095882543     
   383.65451724105844     
   382.12075004514196     
   380.75199572814887     
   379.55021224339691     
   378.57811188929236     
   377.66449205768453     
   376.73605722096153     
   376.03396720626523     
   375.45931119503388     
   374.70891445851487     
   374.52386183420612     
   374.78270314563639     
   374.87517665565895     
   374.30021258004319     
   374.23309035654478     
   373.61994924826655     
   372.72504349150472     
   371.88637870329325     
   371.29626957686384     
   373.43287593797555     
   380.78791693955742     
   391.16180178848612     
   402.64190388572149     
   414.01104817554301     
   425.09108840906936     
   435.63472145234687     
   444.12097045714046     
   450.90258309611613     
   456.45102735874127     
   459.90608104911252     
   464.01450465164106     
   462.81085096287774     
   461.06669829729373     
   454.46485237637819     
   449.99121383101050     
   439.15848381876776     
   428.82108520793207     
   417.81494033841057     
   409.38451641438417     
   404.48460425568601     
   401.23780719534727     
   398.64058717156331     
   396.71763282076876     
   394.98668825848586     
   393.40438971452625     
   392.02176230472384     
   390.58225381076255     
   389.73500712655039     
   389.34016765044373     
   389.07108471252508     
   388.44942422207879     
   386.46787801902423     
   385.20408001080625     
   384.25169023076592     
   383.36933099791639     
   382.26880963713626     
   381.52739681006580     
   381.00143992026068     
   381.05239890891568     
   380.73707829008663     
   380.85856212511391     
   382.54581246732391     
   383.07573389909732     
   381.86036818601872     
   381.75793738993559     
   383.26367237405157     
   384.87336705402475     
   387.13933707948866     
   389.85342729565292     
   394.50876691052275     
   399.96339979558877     
   402.41938336381020     
   403.77483417382274     
   408.45816248346989     
   417.89676847365592     
   418.72696362760126     
   424.82554934818575     
   442.98334680615756     
   431.58176646107449     
   424.73172429794306     
   420.85352439460826     
   416.35724865416165     
   413.06947080508320     
   409.61087636091668     
   409.67785415332713     
   407.09350390865097     
   403.99580362545436     
   402.47504639045985     
   401.82089248349178     
   400.43218599007213     
   399.44318180356441     
   396.59098567382824     
   394.64308919596118     
   394.48950991141368     
   393.72403149193030     
   391.92150436345128     
   390.01235685168484     
   390.82747394056969     
   394.16785645220136     
   395.30864362343488     
   396.26406337612428     
   397.71687258168953     
   397.21767577455438     
   396.47932305069844     
   397.90900132563985     
   398.64438414746553     
   395.45034653009952     
   392.04696118896118     
   393.26196401383038     
   393.72985758740748     
   391.76850968801944     
   391.87775817119433     
   392.50779927866404     
   390.01610162139167     
   385.50631823211177     
   383.29725058186250     
   386.78144427924622     
   396.30169104195562     
   408.59990227372850     
   420.88627562144939     
   431.97672408983931     
   444.38960103204499     
   453.89181589833976     
   460.82124518383506     
   460.52791239627697     
   455.32004066797572     
   443.64721181961255     
   434.33158204664727     
   426.96467997723431     
   429.06355736410711     
   425.62512329814729     
   417.65975950631702     
   413.19136101241253     
   409.90177896385791     
   406.54030412734403     
   403.60561882635233     
   401.45942865631730     
   397.99096689559514     
   394.88890329981911     
   392.63386782252138     
   388.27466283424741     
   386.92994687931377     
   389.33419508367331     
   385.71227899538525     
   383.56809722702531     
   382.21904088251773     
   381.14823654174376     
   385.17336475183208     
   387.43619615978463     
   388.64701049590718     
   388.15370536710253     
   388.30217026067919     
   387.29795193827221     
   382.95260537108857     
   383.16766680397785     
   384.33875110808970     
   384.81633026082528     
   382.14376168867238     
   383.90250798388359     
   383.32226838062803     
   381.29013336264018     
   378.20629838689041     
   377.61969312071670     
   380.26474355820193     
   388.70007936935906     
   388.26552980680975     
   386.18264881090209     
   385.23941869098496     
   388.64525955545275     
   385.76528094563304     
   384.31094698885613     
   384.79358287708658     
   388.30521873093249     
   387.12617805145629     
   383.29944841025434     
   386.73087705060470     
   393.35262674166853     
   387.14917655223007     
   387.29210763253377     
   391.10820069706233     
   386.37614124554466     
   383.68812007673176     
   382.66943920010192     
   381.66458232276631     
   377.39550867842019     
   374.22881747759703     
   374.45024385232028     
   375.31957330100454     
   375.91895687994713     
   379.35334023411582     
   382.46981044971415     
   382.38408797463927     
   382.42302037088933     
   383.25570293230669     
   381.33863819201730     
   381.68242916098171     
   381.83050108221158     
   383.04232067882543     
   383.51479092678579     
   381.30517363240972     
   382.05651718560063     
   380.66492904479509     
   380.15811315855916     
   379.93656429749336     
   379.63557488603277     
   378.95644553077733     
   377.90352840214939     
   378.04918224187713     
   377.32723971570800     
   374.64043115430280     
   373.27049769567185     
   374.45763567083424     
   376.77550651167991     
   383.56124432406239     
   397.27532954395224     
   404.57673662620226     
   416.23018930937332     
   401.24758639702054     
   423.09713661914770     
   425.05149613572331     
   418.25301433717448     
   414.35217423430299     
   430.29458013577744     
   433.38662048549543     
   431.79971525235806     
   428.76736005171841     
   427.96525112355482     
   420.18930653842932     
   409.10640897576656     
   398.17178278721661     
   391.98693622344894     
   391.10507688745275     
   387.60933928519421     
   384.92482387500132     
   383.95000000014812     
   382.66726501886518     
   384.48348084067379     
   384.59989076692273     
   383.69546625675940     
   382.23256878494209     
   379.41596385079305     
   380.56105610569557     
   380.38849687033974     
   378.38467853882162     
   378.01185023399319     
   378.31674292530062     
   378.21014991445270     
   377.40489457259628     
   379.90464031011146     
   379.88594639944921     
   379.74364198528559     
   378.72625894149496     
   380.80102668147578     
   378.47915606328201     
   381.12772376556347     
   379.32579369832160     
   377.24033662998801     
   375.66438846286246     
   375.45926036307270     
   376.20176973506682     
   378.80580841212219     
   380.17676253295821     
   384.51211966361359     
   390.11988918076509     
   398.15462896103469     
   402.07092843134080     
   396.70423702171564     
   398.11769057549378     
   393.76857556949238     
   406.32435507097881     
   400.84437711604534     
   393.74388142289138     
   389.89439031713130     
   384.03359104178315     
   384.96901204243085     
   387.20168885026590     
   384.19067762700899     
   380.57491374572123     
   380.48997381672729     
   378.48051145443713     
   374.21822660987618     
   375.84931752283131     
   378.47368797014855     
   375.94255205864505     
   378.37692596693580     
   378.88186114496352     
   378.30408829617159     
   376.60843972929371     
   377.73493723717110     
   375.81862057027081     
   372.96463781527677     
   373.81542872749253     
   376.53330461166524     
   374.16485107000079     
   374.32516063172579     
   369.24540462088424     
   368.46489580338164     
   371.15764374952852     
   372.71026727950226     
   370.66414805787178     
   371.27332632537252     
   373.07818938946002     
   372.10716180462225     
   371.17526071794902     
   370.77469905241230     
   372.27608899361769     
   369.47501731753505     
   368.72500269493696     
   372.04846342518601     
   379.10843745552910     
   383.97561803405165     
   390.08174276562949     
   396.97476862340801     
   411.16508851536923     
   418.68723140168072     
   425.69557151760188     
   421.29458847789277     
   423.72472491076570     
   415.80700301152973     
   419.05044758666958     
   421.60828163913618     
   423.78107637468401     
   425.78594411967970     
   415.77969643495436     
   402.42070268438596     
   391.51485666081641     
   387.15366474796423     
   385.71144012018578     
   383.61810032337735     
   380.82440237802388     
   379.74465110982635     
   379.73756699267636     
   373.81994070077462     
   371.91871676279266     
   374.32534516887188     
   373.23239061487146     
   372.51796290154027     
   370.38053115677940     
   371.41160704548560     
   369.18944654514854     
   368.02216507284282     
   366.53026253684067     
   370.35307368793269     
   371.41812786574849     
   369.73112930466357     
   370.58740259184538     
   371.32899430620461     
   368.85513027306570     
   367.32653649384315     
   364.44649585326192     
   362.92661067769018     
   364.72884730730459     
   365.02626912069280     
   365.82352526933863     
   365.87344122616378     
   364.64999079868841     
   370.01160654461489     
   378.63619817395875     
   393.13783883442954     
   389.70695082882861     
   402.60836791901801     
   401.19689248828581     
   393.62790673830449     
   403.89359067800717     
   419.23344383049658     
   415.46323146868167     
   402.42782697072414     
   391.31392966769039     
   387.72888249866253     
   385.74207849563192     
   385.17605958708702     
   384.08539041514484     
   382.24709791867940     
   380.16791567371826     
   378.23492183649017     
   376.85803182783502     
   374.75507493433673     
   370.38222628375092     
   372.36711058752303     
   373.17970341390401     
   371.86297876537560     
   369.79249642460519     
   367.32125200893466     
   366.12721535031028     
   366.50895988322787     
   367.04454896921163     
   367.30500485369333     
   366.84516012433812     
   366.49911346064471     
   366.27711296132264     
   366.59043954591652     
   366.86462436182717     
   366.80079567065775     
   364.56153263876229     
   358.51941609768687     
   357.63993650260835     
   360.07579183925071     
   358.80714359039069     
   357.52704998554253     
   359.39742583950721     
   359.22693677837748     
   358.38305362887968     
   356.16625168638694     
   357.70437635711210     
   360.26828452758582     
   362.91000315405597     
   365.49818910779891     
   365.73708059313947     
   365.51757652716265     
   365.85503637305106     
   368.72714835269431     
   373.39636688181338     
   374.27461431172077     
   374.97956718612187     
   373.03803149791463     
   373.56453117381028     
   377.32965543234980     
   382.13157209336816     
   376.71779148815438     
   373.20040291294077     
   371.44833408761860     
   370.11339433721497     
   369.07498446584123     
   368.49333400377657     
   368.14789711374522     
   367.87948917450132     
   367.66894327568571     
   367.66407852536025     
   367.37716635119529     
   367.29641944507750     
   367.53246899330617     
   368.24223035862167     
   368.62522073987020     
   368.57022178257944     
   368.57046740279469     
   368.61665892613115     
   368.50677256467498     
   368.52873518531874     
   368.65555598257936     
   368.60060799097300     
   369.65764311087776     
   369.75890392029254     
   369.04996184358214     
   369.33485203863432     
   369.86479631196568     
   370.21450013984634     
   370.67321355734413     
   370.50412059903755     
   370.43441424712773     
   368.62169910687300     
   367.12557943317717     
   368.81539943817307     
   371.36138505304291     
   372.85862823634437     
   372.19444264607955     
   380.38724127856017     
   394.70273299648358     
   389.31689135479138     
   388.44931918887676     
   386.25794551578633     
   378.32267226070712     
   375.73453783736795     
   373.44992600239692     
   372.32997036659481     
   370.27781118942767     
   368.07560570967888     
   368.50890293112394     
   369.09021082231482     
   369.06082412446966     
   369.38552151016944     
   369.24722648125891     
   368.41947519170537     
   368.89404251588815     
   367.88317088913897     
   368.45127721876742     
   368.11725464516201     
   367.14596145880671     
   368.07594922655943     
   367.46471662695285     
   366.78791108945740     
   368.82238017285420     
   367.30053549983006     
   368.61460571494501     
   368.40473577711538     
   369.62410132920411     
   370.93118028260841     
   370.78971320406094     
   369.12434123299374     
   369.10668363390573     
   369.54291893681858     
   371.17119286052883     
   369.69848895414168     
   369.80381614393553     
   371.77051084632541     
   370.23901082676002     
   370.89280682028118     
   369.70789259420479     
   368.85578980733652     
   366.65379592671502     
   369.72937071248413     
   373.40834178751749     
   376.35716581528050     
   382.05749005469710     
   382.39737690720403     
   384.72118400172496     
   390.17381181871082     
   401.39027719701681     
   410.17489359738045     
   412.75632656720427     
   397.11172997779994     
   408.89009292516499     
   399.81940893480760     
   397.44131180650294     
   390.54089375047289     
   388.34270730104464     
   387.84692655226598     
   386.23254701306166     
   383.46526525025143     
   381.25279945440587     
   380.06790562889847     
   379.72119720503565     
   378.86182435309235     
   376.84569446366675     
   372.99369487596186     
   372.99231933590136     
   373.73900092168878     
   374.18446276117004     
   374.16692414939820     
   373.43319054358000     
   371.70466743975635     
   368.05816049851830     
   368.89285895103399     
   368.82710992216977     
   368.09033575276345     
   369.25766698342005     
   368.52785083385305     
   368.40242347345730     
   367.02304291821054     
   367.43403339165104     
   367.91955323135710     
   368.32624314969593     
   368.32623614336575     
   368.35583546993007     
   368.93173219120683     
   369.05081728538897     
   369.01597843314499     
   368.73617773642530     
   369.04111495398462     
   371.07772584173551     
   372.94430375746407     
   373.51048678558635     
   375.04224997063574     
   377.47207561784455     
   379.43094914494156     
   382.53139790838520     
   387.03822546446503     
   388.27123147688468     
   390.59744163996356     
   412.86326391497499     
   419.07271381844197     
   421.22994523687566     
   410.41802238272487     
   399.04033229690191     
   388.63439629755078     
   384.13962040973502     
   379.22276983990628     
   374.84510846400758     
   375.32369271927246     
   377.65153076242734     
   375.37950415771047     
   373.89370385538592     
   372.65281847609492     
   374.18329764331799     
   375.90360733325065     
   376.34781283483539     
   375.31186967447184     
   374.99011051358821     
   374.03084717844280     
   374.21648162801773     
   372.95227170320544     
   372.60437814708564     
   371.58079783389417     
   371.29973381453578     
   370.55399288836827     
   371.15852108602337     
   367.39229961517492     
   367.68231212394357     
   366.76731933363664     
   368.17480585386494     
   368.09428831042976     
   368.26829510215612     
   367.52120664286355     
   366.06795161676052     
   365.05664899187241     
   364.94229016836664     
   366.17082821190468     
   367.15368186882228     
   367.21560810672815     
   368.91487508855658     
   372.16593264900922     
   373.79747563521499     
   377.85536304142084     
   384.87034394713896     
   381.05637131092487     
   386.49873504259932     
   384.38362995811536     
   382.96836512955281     
   379.91851678858899     
   382.61608201751784     
   374.92302745942067     
   371.19384917020233     
   367.69700390953170     
   365.99725178975746     
   364.70628766499533     
   363.14222473852493     
   361.61941773388986     
   361.37107581833629     
   362.15613217298733     
   362.38757778980226     
   362.77604055322860     
   362.94997770488010     
   363.53384318428181     
   364.08672081213990     
   364.66265510560527     
   365.14538484681549     
   365.19600654600174     
   366.02480712271216     
   366.84914996462072     
   369.43304752394897     
   370.28469811019619     
   370.72134244898649     
   371.11394115465311     
   370.90233316506954     
   370.75917262937924     
   371.33380007771012     
   371.74521414758840     
   371.54659778105992     
   371.76254829881071     
   372.02126299723477     
   372.12141142584329     
   372.24267902694561     
   372.67967659469633     
   372.55051270537666     
   372.80722096532270     
   373.77824717536708     
   374.50706247414479     
   375.44682952223030     
   377.61392079436041     
   380.94298743642850     
   380.63100655807045     
   379.47082687457822     
   379.28783986098307     
   376.47211783951161     
   376.48223148552262     
   378.75965489629118     
   377.29839259110827     
   376.34549261016264     
   378.27759426434841     
   377.89368786816004     
   377.71957499228949     
   375.13177031494473     
   373.20213179653024     
   369.21115537196783     
   367.49748527511139     
   369.59046786179823     
   370.22832023767745     
   369.49792832287676     
   366.05919839849122     
   367.69361540413206     
   366.85665242706870     
   366.14065895159354     
   367.62761650914979     
   367.93049230452323     
   368.72624892840156     
   369.21902980088447     
   369.65996904462401     
   369.45901396915758     
   369.90574923788887     
   369.80232707231772     
   369.81885026869236     
   367.38499324047848     
   366.87868477376946     
   368.80902116151429     
   367.62811367014581     
   362.42786483497082     
   362.99015476231460     
   360.86203000209923     
   363.45438540972219     
   363.44147079399073     
   365.25023285832032     
   363.71998739515141     
   363.91639251511066     
   364.03775014994824     
   369.82690762133615     
   374.07430146104940     
   387.74287386280616     
   387.23298437376894     
   396.19140832504849     
   402.71127828948249     
   411.72212810489759     
   413.65651999415769     
   421.77113498983095     
   423.77803230026990     
   425.56814770835189     
   421.99376038131538     
   417.40380444579972     
   412.23270439890410     
   405.78482100697596     
   398.20104559943394     
   390.00178227971031     
   381.98129086812469     
   377.64048895030953     
   374.51997049186508     
   371.67760699410763     
   369.27530297822040     
   367.27727402522805     
   365.60940309603933     
   364.18383155696449     
   362.14259861347290     
   359.89653238088948     
   358.32684185393856     
   357.00656281692966     
   355.55177725575749     
   354.33665863352809     
   353.41063024909153     
   352.84179789783491     
   352.08925558446674     
   351.29376828821637     
   350.85887838275255     
   350.66618874819193     
   350.36776300767400     
   350.54657780255354     
   350.65499754335593     
   349.95647638353370     
   349.90710354572752     
   348.90318760631857     
   348.33185299973638     
   350.52875807973555     
   352.66950205265869     
   355.38010641515507     
   354.30868473914552     
   363.18876551885046     
   377.96506914148296     
   392.86343703930049     
   405.96492847284952     
   414.32943138472962     
   422.58007684445948     
   430.58752682774553     
   433.94737135847879     
   425.54639248958847     
   422.32738162559849     
   426.70875339235522     
   429.41454837549679     
   427.19993467048221     
   416.73864181496873     
   413.66622184602465     
   403.66329874768957     
   398.24903650087037     
   394.33893178518616     
   392.95991617690538     
   392.38339947630112     
   390.12245127874490     
   388.16448542366487     
   387.87205973475608     
   386.43309329715026     
   384.49380580984865     
   383.82375948896777     
   382.24670076176631     
   380.97887240075607     
   381.41435391546997     
   380.78520403837962     
   379.92038778586652     
   379.34452705690586     
   376.92405668374585     
   375.49447869160997     
   373.99616635950252     
   371.78514684938773     
   367.79997097845927     
   368.05652927462717     
   367.65629718213222     
   369.67917357869828     
   370.73876238718782     
   370.36420555058265     
   369.95656290975319     
   368.88918596449804     
   367.96174997575395     
   367.53868773189197     
   366.62965810364437     
   367.97783287719278     
   367.85094066014335     
   366.33340379595245     
   364.85093823712668     
   364.67042295692994     
   368.45946711513562     
   373.03047212755956     
   376.20158168323104     
   378.66885958095202     
   378.26796542347313     
   379.93524881701649     
   383.93568633837248     
   377.73145737831175     
   374.69487752656175     
   373.54720278887817     
   371.63130699246705     
   369.79028190246379     
   367.44638927466781     
   367.21790559735689     
   368.21932231825303     
   367.50605750077375     
   367.37736578947340     
   367.25441179306625     
   366.70261495498721     
   366.41355201213867     
   366.88624626641246     
   367.10108570208598     
   367.31594524178013     
   367.60126378945603     
   366.80941705652577     
   367.85786595751290     
   368.85640631354136     
   368.50076111841116     
   368.43699671138205     
   368.63725348538622     
   368.62309277796027     
   368.73163996417901     
   368.62616222965505     
   368.45097428522826     
   368.25960653609076     
   368.41305084327144     
   369.15864930677009     
   368.99051546881367     
   368.90244914825774     
   368.86552994463023     
   368.45227022452474     
   368.17651383749450     
   368.10551413399565     
   368.40433904759402     
   369.31515863955894     
   370.10687271872740     
   370.10893273132524     
   372.38847132154154     
   375.65098049710645     
   375.24416013360434     
   374.90430456855319     
   378.81043220370117     
   380.36256609782032     
   380.97867632489255     
   381.05469732008419     
   376.87872806683788     
   374.93332706345575     
   374.69084739738503     
   373.95220852941429     
   371.97594604130614     
   370.12711922901258     
   369.38130477112725     
   369.00813076311704     
   368.53786122572154     
   368.60560571528373     
   368.33434192923289     
   368.24762032837771     
   368.16660160614452     
   367.74579304440920     
   367.45970251528018     
   367.50108344390378     
   367.23801963377605     
   366.75370851152627     
   366.57189778608267     
   366.35693635992766     
   367.62641311619308     
   367.86687481144293     
   367.35556120097777     
   368.25779523276117     
   368.32303665405954     
   368.03534975716303     
   367.93215895261784     
   367.41490019432234     
   366.73293611517340     
   366.51130893096388     
   366.36143367850013     
   366.37849776469653     
   366.14256115088159     
   365.27687944505641     
   365.22490021864030     
   365.89346090558553     
   367.87714593142658     
   370.76433248997637     
   370.82850330861879     
   370.72762916218539     
   371.85553028030324     
   372.42240140579861     
   374.82622781132289     
   376.07641682595772     
   376.41745766194072     
   375.90434734208031     
   375.18012601741810     
   374.57689813748391     
   375.75263214572101     
   373.72891501635274     
   372.37496974553596     
   371.48165627170073     
   371.15037239637695     
   369.95113717599156     
   368.70655750208743     
   366.90838513153608     
   367.52196462711066     
   368.41271024330428     
   368.38598444048876     
   368.03582538286815     
   368.72068344194605     
   368.81462160526524     
   367.39644663984274     
   366.49801975600309     
   366.66972265604392     
   366.84346127058672     
   366.42683330548795     
   366.52146949636381     
   366.69943286936268     
   366.72029325613869     
   366.11384192393496     
   365.58981252920262     
   365.20657130634305     
   364.79261774097671     
   363.93064853969946     
   361.66057629986511     
   362.90891713026548     
   362.97506834892829     
   363.12389415672544     
   363.01586463445585     
   362.57330473628417     
   362.60727246098406     
   363.25165985457284     
   363.40191647558697     
   363.44433751561542     
   365.07850542439621     
   365.36311707002335     
   367.63392906585455     
   368.68760505348382     
   368.06461903349555     
   369.60005941552714     
   371.98943629426770     
   374.40824161690455     
   373.24852124843750     
   372.38964981033990     
   371.89850936116136     
   372.57535108637006     
   374.01291857233349     
   372.84598372177828     
   369.93757530123020     
   368.53365695351539     
   367.76715386511455     
   367.13439796614978     
   366.32520184043540     
   365.28068990829320     
   366.13397297007288     
   366.73213240734810     
   367.33742119364462     
   368.91076981971958     
   369.37720752182452     
   369.71123061257435     
   370.16821293159899     
   369.88536283037678     
   368.53657338754954     
   367.98730540173295     
   367.59854578507162     
   369.20410018157520     
   369.03198130883288     
   369.41935562432212     
   369.70024782586142     
   369.66674614448527     
   369.76562674285645     
   369.88787689060268     
   369.86396205016376     
   369.38188588152366     
   368.45638464002207     
   367.56118711005189     
   368.09649789323174     
   368.33735321256574     
   367.36379474583731     
   367.35160981027786     
   368.29490920740398     
   369.47116975184593     
   370.05944832829613     
   379.47128015884607     
   393.75550980016919     
   402.74388748137380     
   405.90775998119847     
   406.06562628623902     
   421.70339480003128     
   428.48027545831820     
   430.58573218313103     
   431.33499366499024     
   430.48231384576263     
   430.01506175692106     
   425.08481250546743     
   419.24353411887910     
   412.35018941618972     
   404.23942967895562     
   395.06515002910044     
   385.46612886359054     
   380.56951469652284     
   376.80787822602696     
   373.32340297766177     
   370.82655856430188     
   368.61406767057167     
   366.86263259830724     
   364.94821475760199     
   363.33865395021780     
   361.81256708950758     
   360.49272552029561     
   359.38287268779652     
   358.18966465397182     
   356.86993780962632     
   355.70998709128844     
   354.66201002176410     
   353.63125123997747     
   352.66028838738441     
   351.67762230404361     
   350.68984031067760     
   349.89142200362210     
   349.11761664467360     
   348.38855955677218     
   347.80050110474917     
   347.14597351141788     
   346.35164143947839     
   345.71017334271505     
   345.03444770459538     
   344.70589900058883     
   347.14020906395092     
   354.71991837337299     
   364.72015452597509     
   377.56722164684351     
   386.28732922552854     
   398.69433821634163     
   407.07422763993270     
   414.07580353719533     
   419.04971475941255     
   421.78074140227062     
   431.33880455626320     
   427.39040323077143     
   420.17584894812757     
   412.98909992141279     
   410.34728664728942     
   406.38555804755623     
   404.06439195997859     
   399.80158631948910     
   395.48249067430402     
   392.34790862105615     
   389.49776995431438     
   385.17937161987237     
   382.81476208671609     
   379.88137536328981     
   379.19258335976991     
   378.20041505710850     
   375.78238042722967     
   374.33036960730664     
   373.13163974096057     
   371.94210264698398     
   369.03574910425118     
   367.94170531899834     
   370.09697083834590     
   370.77897667221612     
   372.68439684524105     
   373.01514777476291     
   372.22093077042661     
   369.50422578432284     
   367.39436638145958     
   365.19617943896878     
   364.52370623286083     
   365.30451172014023     
   364.58195008292205     
   361.05011791277957     
   359.77610129767442     
   358.26254945067166     
   356.69122517992230     
   355.33873980328588     
   356.14208662291946     
   363.27725883295926     
   373.52928924953443     
   386.09327179467192     
   399.62505759301160     
   411.61427245746870     
   423.52657730855617     
   433.31305677642706     
   440.57419126169361     
   446.22321508926404     
   449.30958716972958     
   451.13986637311802     
   449.77427652864031     
   436.22068870387596     
   429.96609058741632     
   422.94453389249691     
   419.04583637553520     
   411.62796256544306     
   405.20981021878561     
   398.23902737096853     
   391.06740354646183     
   386.12710414009973     
   382.33498004941157     
   379.99364965688335     
   377.25937725459642     
   375.28757673259111     
   375.07217301546348     
   375.20281361000752     
   372.03447068096682     
   371.44347436960857     
   375.27804315802518     
   372.79639474814854     
   367.52196929983035     
   365.19998903947584     
   363.92980554514617     
   362.90539277253106     
   362.27759980183100     
   366.70470963114070     
   369.19612308191796     
   368.58472545987689     
   368.65443700211972     
   368.13029636935607     
   368.33940700694984     
   368.26706754728190     
   368.03843822018013     
   368.03582838608628     
   367.43931526387348     
   368.11265660399539     
   370.40266061589369     
   379.40816621139493     
   381.82551397368718     
   384.22955094906962     
   398.49294773003157     
   415.89637950754923     
   415.65421327751943     
   406.36792699042451     
   406.38376179179642     
   403.33182696023431     
   405.50027414910767     
   407.85875163198955     
   409.77414324788526     
   407.69814309695147     
   408.80805990354054     
   406.41606769608410     
   400.27588897502790     
   396.02644433468726     
   393.08828538940219     
   391.28571664141782     
   390.47671160609207     
   389.17876133471623     
   388.17034099803942     
   386.71995714762130     
   385.63898941555186     
   381.12661232425717     
   375.75248205016226     
   374.03817242122068     
   372.21982411863405     
   372.51040631176090     
   372.32476578844324     
   369.28178202768231     
   369.62850182427132     
   371.53777004761940     
   371.49684615352118     
   370.08153420207918     
   371.50223897880102     
   372.56486865064386     
   372.31361435253166     
   370.87714923617449     
   367.66792047642923     
   367.57622768942343     
   364.53556142056578     
   363.78733278741072     
   362.58573548986567     
   365.64667075496374     
   362.38099294427229     
   358.55456341383342     
   357.45858962356982     
   362.55246542249057     
   372.19854829316716     
   377.05337272242099     
   383.30073677856348     
   394.12743300152658     
   404.46917784992610     
   426.44586447795183     
   435.52984189388297     
   441.49101468553670     
   445.48839695929308     
   444.09252191832536     
   443.45246177413543     
   432.70706116953829     
   429.22160285792933     
   428.28706796515854     
   414.05198568982684     
   403.99988901061118     
   400.47013982767021     
   395.61758018147674     
   392.02914005683130     
   387.87696071576897     
   385.63839605754896     
   387.13991185774518     
   381.26991600772567     
   381.13073472561837     
   381.75039731275865     
   376.26792649025185     
   372.86223201907268     
   371.41927904390752     
   369.54938486538941     
   369.76806887561304     
   369.86640620660233     
   369.86821715854308     
   373.08513934217763     
   374.72534330471257     
   375.24470852283059     
   375.00445357254165     
   375.02308820261868     
   375.88839808134543     
   376.51042282505972     
   376.41846981956195     
   375.58181330689553     
   376.43738790267093     
   376.40744728044228     
   376.09823666077472     
   375.95114488864863     
   375.16826922083908     
   375.40743739707835     
   376.94844267151933     
   380.76903649610841     
   383.15354482532410     
   384.93062154092399     
   389.17050923220108     
   389.24353153922118     
   400.84239714095531     
   430.63396318899362     
   428.33618321293426     
   416.86612469046628     
   402.97578598866994     
   397.28849794958973     
   396.45206100383388     
   396.85478687177306     
   396.30975422175538     
   395.27350356023840     
   392.73512204556471     
   389.06954582084347     
   385.31163492637137     
   386.20780027216597     
   385.51614593699554     
   385.75049939547819     
   385.59844029782658     
   385.90071118480449     
   385.86949154831723     
   385.26914160126267     
   385.72673289997687     
   385.75101015808718     
   384.59262762572757     
   381.74796246011766     
   381.25767940839853     
   380.91710951948562     
   381.19650655404450     
   380.98853180759659     
   380.77700155751745     
   380.85871992308080     
   381.59384232994603     
   382.28116510867051     
   382.53552518924789     
   383.18362399234559     
   382.78098533137859     
   382.81867954164022     
   383.36768735122541     
   383.24784354604549     
   383.19645152644375     
   383.38721200050355     
   383.63572507921378     
   383.49772242131803     
   383.62568351186997     
   384.45206563158422     
   386.24178303743327     
   386.99730486831737     
   389.62902702756986     
   393.91031650565026     
   400.84287620276842     
   404.85438029934829     
   397.97259982943979     
   403.20799287824059     
   397.24285746932532     
   396.84404237080901     
   396.84313398244888     
   394.44780307790387     
   392.57698181837429     
   390.11204678619663     
   388.80086206529427     
   387.21892376673173     
   385.66906083390552     
   384.76086207856491     
   383.94373834095330     
   382.84265974148803     
   382.52040151936751     
   382.53060682458221     
   382.51152662788479     
   382.14678767413272     
   382.17888245699413     
   382.43273895298267     
   382.15759648279567     
   381.65588006016316     
   381.91037346799482     
   382.06096579969915     
   381.86246810620497     
   381.46551335166981     
   380.69699687365500     
   378.89134978105938     
   378.62483951092867     
   379.36376374376641     
   379.25479407900212     
   379.62783996917187     
   379.16309308899429     
   378.76696361842409     
   379.28355058414286     
   379.68525448654600     
   379.53784068427603     
   379.11511511803980     
   378.27222641402614     
   378.18966701221700     
   378.92643568922375     
   381.08666257680932     
   380.17011576102840     
   380.76363651962561     
   380.68614045648508     
   383.08560305641402     
   383.09068754130271     
   383.24799015601610     
   382.97520797303099     
   384.54145154679327     
   381.93177910410532     
   379.72946180878046     
   379.59605127812517     
   379.00839981389601     
   378.96044854259162     
   378.29716635981134     
   377.78549188564551     
   377.20877996030526     
   376.22390484473493     
   376.16625647148834     
   376.22022806572829     
   376.06642814229940     
   375.81062784310103     
   375.70299788989519     
   375.87520386565103     
   375.45007704524357     
   374.67053029874228     
   374.49073934637806     
   374.07920783993939     
   373.90679198268185     
   373.75320275550285     
   374.00125974174324     
   374.20969675038361     
   374.13631307072393     
   374.23659038445766     
   374.03004829452561     
   373.58902449723831     
   373.58329175060305     
   372.64194272919570     
   372.41595528877497     
   372.70275972327772     
   372.90835519032822     
   373.03029342660102     
   372.82932583870593     
   369.92656282980874     
   369.68885676139234     
   369.15528575453715     
   369.76724569433827     
   370.84415655263217     
   372.22950670506970     
   375.99387011506843     
   377.47289193364259     
   377.42280952921391     
   379.03972275914583     
   380.59104143885389     
   379.68178342889337     
   381.63685550769890     
   384.44062691913439     
   383.87412908608042     
   386.63373062415826     
   383.93077482416419     
   382.23325010206003     
   382.78223847689162     
   382.35712582263960     
   379.08156746921861     
   376.60633248541876     
   374.98599858539592     
   375.35661854025977     
   375.50787249013712     
   375.90965999588474     
   375.46161175106835     
   375.19336885258826     
   375.11618943351544     
   374.23694729997516     
   373.27001269567819     
   373.04341431087602     
   372.79806505870914     
   372.76451313731229     
   371.65879647080004     
   371.12776209459332     
   370.94809515134585     
   371.17175282694870     
   371.38847796682120     
   371.27899388570387     
   371.11277938738925     
   370.57380028681115     
   370.41528686667488     
   367.16012327766293     
   366.32689026326153     
   366.86093527994132     
   365.82615273940957     
   364.07825553766992     
   367.89203297758525     
   369.28630850136477     
   368.95928013703758     
   369.47986863841606     
   371.40702455075677     
   372.87456256198999     
   380.62347411594658     
   392.35711511690317     
   402.61935012792804     
   409.34231480160457     
   414.67583457290237     
   424.10705792500539     
   429.12087710964840     
   426.14110204904546     
   406.42583250479248     
   398.44280681770522     
   395.77638421971824     
   392.67915031326737     
   391.29013840477273     
   390.25678206062003     
   386.56459102438208     
   384.99819277839055     
   383.26139962820832     
   382.77331424330987     
   381.71302132527097     
   380.48259400646583     
   379.28798435341218     
   378.38373591509526     
   377.88069602667218     
   377.21209172008264     
   377.00469296607719     
   376.49617303161153     
   375.73087493588235     
   374.45490379405709     
   368.45528655587572     
   368.89760672854368     
   371.50502708759655     
   369.83540630875990     
   370.34046284526971     
   368.92576115180987     
   369.64134019998278     
   370.84569636036338     
   371.54048700124611     
   371.99480612343405     
   371.89331518782967     
   371.54373501649030     
   371.27842871859986     
   370.79489577009775     
   370.10126104574221     
   370.54745062554292     
   370.62997764946010     
   370.62897896915939     
   372.17919419818446     
   373.37379687768833     
   375.27320229889324     
   378.92223694698208     
   383.17881312862227     
   385.28799032379442     
   393.82609270459665     
   394.27045515905525     
   398.40415244816199     
   395.50676521311499     
   391.72941901641468     
   394.71635031619752     
   393.47883317800017     
   390.63200384217703     
   387.92887749973232     
   383.52787633519631     
   380.76172148772469     
   377.67137449111453     
   376.07703533439934     
   374.60597264811508     
   374.27082853568749     
   372.07668276566915     
   371.21700730057347     
   369.92735911674123     
   370.60901092335786     
   368.05752625701632     
   368.52789330897048     
   369.73153234201686     
   369.63277831717681     
   369.92089071226900     
   369.97862063512082     
   369.95465890358042     
   369.60361215899292     
   369.44889923579359     
   369.19619134580546     
   369.29529628378839     
   369.24859992513916     
   368.83531539987138     
   368.77198541173971     
   368.37902175766607     
   368.10914988432808     
   367.70189317342465     
   367.22698555622850     
   366.92735996665044     
   366.36691263214260     
   365.71769098260228     
   363.67374972609906     
   363.17879399327046     
   363.47831372022790     
   365.29204339989951     
   366.26774647505499     
   366.78883268463221     
   370.21237338742174     
   375.31397596114329     
   376.29853098758042     
   375.59340429530090     
   384.12341869540370     
   386.44394614740605     
   385.91401444304671     
   382.79412846195783     
   380.82493853516422     
   379.44699390719398     
   376.47251741994211     
   374.38410777439594     
   372.70220225757464     
   370.96097525674742     
   369.34237195439459     
   369.10880445201354     
   368.50510341898348     
   368.16072176547800     
   368.25298285551185     
   368.04437277669047     
   367.95141550287542     
   367.51757420729922     
   367.66464280126286     
   367.82630828146603     
   367.47102470168818     
   367.36591576683441     
   367.43171574092878     
   367.59574917928086     
   366.78819894419019     
   364.65139950427027     
   364.47483222241897     
   362.48501436404786     
   363.03335675868175     
   364.42469175874044     
   363.55794412290726     
   362.52800458501656     
   361.70339015451884     
   361.20596350436762     
   362.73356438358252     
   362.96843449279038     
   363.66350006303611     
   361.90248581702360     
   360.50530641336280     
   361.16410406647844     
   363.72334332811567     
   372.06476179435219     
   379.58947620969417     
   392.71375268365802     
   398.86286718790433     
   396.98996279901644     
   398.08157538277658     
   404.55856631803005     
   407.56552311691036     
   412.58543864065751     
   415.74152794994166     
   415.54328338581990     
   413.15137296798855     
   417.10337307382667     
   414.62931515842604     
   406.14151668114994     
   402.12356436179454     
   391.35145542550282     
   385.34393636181210     
   379.52797272445491     
   375.49810121458188     
   373.00383079898108     
   371.45028510134136     
   368.42152899191558     
   366.53727222281105     
   364.88365457773165     
   363.61431226917614     
   362.71970302219012     
   360.15211886272641     
   356.99411653567728     
   355.48571787841064     
   354.11835991104959     
   352.34904128568542     
   350.80287811898665     
   349.74066821033819     
   348.64639045963514     
   347.72861328990234     
   346.98697179716919     
   346.45907403353465     
   345.84264465284031     
   344.82865294900915     
   343.48548734650296     
   342.13812110879252     
   340.91420147554999     
   339.76499471249349     
   339.22166441138381     
   338.31612239971810     
   341.49550325211180     
   350.27617324030444     
   361.78844489069371     
   374.82994394346753     
   388.68677226193620     
   402.91839236050674     
   415.76041815754161     
   427.14481262868020     
   436.24230893168300     
   439.55639211518252     
   438.12888323777776     
   441.17900880618527     
   437.91348316136015     
   434.73232325651065     
   430.14630472834097     
   422.73202481663679     
   416.98428622499938     
   409.06520151729177     
   400.24886106103304     
   392.89278347544484     
   389.01171990420033     
   387.25100454197673     
   386.55087767735665     
   382.73758686263778     
   379.70924053330305     
   378.66945289547868     
   380.20097807547620     
   378.13384026045043     
   380.99454056037382     
   377.67125293092454     
   375.82048495831202     
   372.23144504310301     
   370.56496390038967     
   370.96853929598370     
   367.77993891094741     
   365.68040290607621     
   364.37067237687017     
   363.13682259834894     
   361.05511318622348     
   360.08385244614499     
   358.40512824140950     
   356.94836877913707     
   355.75136523987470     
   354.80644785826536     
   354.20210964978617     
   353.85700830051229     
   353.33067985298248     
   352.75642562979147     
   354.31601414067239     
   360.27708064836543     
   368.73183261548212     
   380.64777508634984     
   390.53935965071815     
   400.22991510487964     
   407.90511476771741     
   416.00483350162619     
   422.79261921842925     
   426.27538288369112     
   429.34783087413575     
   424.79349666385610     
   417.05874107169888     
   423.70173081710396     
   420.50223741786789     
   409.20304550311999     
   405.11819444822498     
   392.82703838029710     
   388.87014030718200     
   381.10978917248957     
   374.95470509738323     
   372.05525904282973     
   369.43539428959036     
   367.50584217683252     
   366.09579675115259     
   363.42410116122142     
   361.20320768015910     
   358.56693116720476     
   356.60166405276067     
   355.11137854810715     
   353.46106174139368     
   351.84808680984992     
   350.40884984706747     
   349.17290376096298     
   348.12220589129453     
   346.68665797652039     
   345.78664225107934     
   344.61613636078295     
   343.74398440704033     
   342.90605590302738     
   342.21150568024916     
   341.41557933747362     
   340.64235705259921     
   339.76456998177946     
   339.04493780483870     
   338.05936638547917     
   336.99173544571858     
   336.11768679960591     
   339.26586432735132     
   348.06495259124739     
   359.26863334044953     
   372.79036871775719     
   385.81919109764931     
   399.54286235339509     
   410.88720676928290     
   420.39843451463895     
   430.59833347610089     
   436.91180531959452     
   440.66996471230385     
   441.60912638573973     
   442.40824473236933     
   441.89804403720171     
   436.48754864163470     
   429.13429613659076     
   421.65208430878084     
   412.73786971301416     
   402.45160280283778     
   392.61924882665397     
   384.20337222957380     
   379.33396934806194     
   375.52460146048998     
   372.46844893222340     
   369.81496327245731     
   367.53976124633346     
   365.14606943048130     
   363.61798198781310     
   362.58172455263383     
   361.36913095522704     
   360.16328239803681     
   359.15008470486390     
   358.13298037344964     
   356.90163442421039     
   355.64506660583760     
   354.85435082968212     
   354.27954815789798     
   353.77515676691775     
   354.35596788756163     
   354.51485908338748     
   354.41091215550841     
   354.91489099053729     
   354.21228083584856     
   353.18845898148993     
   353.83422291510203     
   353.77190689757578     
   352.07567527397589     
   350.58415341314884     
   352.36150632086361     
   361.16430394017101     
   370.91702026441749     
   383.89932559002182     
   398.09766095634137     
   409.32573405764288     
   417.72682144970258     
   429.40972837475636     
   439.38780469293170     
   448.18133855303216     
   453.55826249724703     
   454.82090415616898     
   451.79023380550160     
   447.95864695541462     
   446.80269857180525     
   433.03019617706804     
   417.60568253959497     
   412.09686239970927     
   406.70155328589260     
   401.07911246402654     
   396.93889354953609     
   394.22193814943671     
   390.87930831285507     
   390.32178554872502     
   389.69630455446861     
   388.12837991810380     
   386.06007150342970     
   385.03269707100941     
   384.29623857382944     
   383.91311627447180     
   384.07838394034644     
   384.16831182587157     
   383.95575680289676     
   383.14350300699806     
   382.84520788323346     
   382.28883723342938     
   381.95489098687648     
   381.01619456733738     
   380.01981280483722     
   380.39453102828719     
   380.92283916190661     
   380.88831163583785     
   381.25866201064810     
   381.32193157107838     
   381.01166734987959     
   379.72370036716455     
   379.43169676937481     
   378.74031116647893     
   379.66805903339161     
   381.28990987627651     
   387.27394235066242     
   393.31042888913811     
   407.27979163390631     
   418.09093094289017     
   417.34525471717751     
   417.67339979278194     
   424.97411658778373     
   429.57768079557155     
   438.20973730079066     
   423.37804313286506     
   428.44677039552232     
   436.52263321919827     
   426.29907656639136     
   420.37465265033302     
   413.30764980040766     
   408.09501662501225     
   404.06135706565647     
   401.91746991306803     
   399.39964449610500     
   397.45881969173917     
   395.86340974638239     
   393.97594885751255     
   391.82822298276352     
   390.29537615546712     
   389.49354973967132     
   387.79725189176355     
   386.35661333143793     
   382.34489221618315     
   380.53785890372637     
   379.68073108600368     
   377.05740362551762     
   377.12102630248205     
   377.82633554962462     
   373.34216166084298     
   370.95384805022508     
   369.54663558200997     
   368.42862040986347     
   367.22447608179061     
   367.34983207343720     
   365.36528633049545     
   364.46172141056195     
   363.42274904104738     
   362.14717294007971     
   361.35083671353993     
   360.63048555492560     
   360.28332430982658     
   365.74116024904572     
   372.89165511155488     
   380.92624689313988     
   394.68774956931742     
   399.95831546129892     
   399.76436074148017     
   405.74076410922862     
   414.54287556091049     
   418.95402574079367     
   432.84578183928556     
   442.75741578347930     
   446.91477295641090     
   447.00132790128464     
   444.27193495908830     
   437.88075566282924     
   432.99086737628090     
   425.58080904450156     
   418.33600454327416     
   409.61274994490958     
   400.50941354637041     
   393.70426855557031     
   389.58976720053926     
   387.82271124076783     
   387.25843627025972     
   384.43102948483528     
   382.03199873663027     
   379.06910771030346     
   377.23794283108907     
   374.95882566579581     
   372.77214247667837     
   370.89195882662955     
   370.31890863697544     
   370.15233501977252     
   369.52257437126644     
   368.32853849960162     
   366.29972341960723     
   365.90871720274384     
   364.52894744564537     
   363.74513631615918     
   364.95070735132106     
   363.30296153220570     
   361.82922684824518     
   361.24577799143276     
   361.87814270866539     
   360.33960413300036     
   359.68307990383215     
   359.11809501772819     
   359.19749222452816     
   362.01801277644120     
   370.44958132730756     
   380.86333178933353     
   394.81613275025671     
   407.08352272612041     
   401.44003421004680     
   415.61295640174171     
   437.50520900418059     
   439.57828484086548     
   461.90896261639676     
   437.05705466049477     
   421.54268255963962     
   442.85987436032309     
   449.95176843079753     
   448.23080851967819     
   427.21959933363922     
   417.31371492455713     
   413.49129120808874     
   408.23372194274259     
   404.36910149332056     
   398.00993266427042     
   392.82158468272496     
   394.53841409709042     
   395.13422566669925     
   390.99648293728370     
   392.35357178126537     
   387.31914917845819     
   383.00931393896502     
   380.24636229152685     
   379.35829054908839     
   377.97264497982985     
   377.04765275412592     
   376.00843952019335     
   373.86473135178528     
   372.73658766454821     
   371.52521612712474     
   370.24678956002248     
   368.90373752663169     
   368.56482990923274     
   368.83261761986142     
   368.65884047978562     
   368.35825996223940     
   368.07013151047568     
   367.59666033692628     
   366.75379323494087     
   365.62538690705418     
   364.33345363489121     
   363.23770398270892     
   366.29230117373424     
   376.50051977693806     
   387.81576217062906     
   400.20903704984715     
   414.25813676184998     
   414.74484862300426     
   432.28922524821553     
   444.28689334855989     
   453.62004792845090     
   459.26964734314964     
   462.02491592457119     
   462.28849668402029     
   460.64002431362258     
   444.36970608854432     
   430.92052625783759     
   431.20162211004623     
   426.71699274214177     
   413.93618456590980     
   410.26149712092496     
   403.45031213237479     
   398.24218567497377     
   394.72556669845363     
   392.66584330547084     
   391.42029564987729     
   390.03873394997009     
   388.44817872302633     
   387.87650518898192     
   386.78620814270340     
   385.93408413999492     
   387.62522834447748     
   390.69531778768453     
   391.41561172589013     
   390.51057996380939     
   387.29512670788387     
   383.71642566046955     
   383.03273060466336     
   383.31270643424637     
   384.76307069274293     
   379.82802812310376     
   377.81651460768296     
   380.10839804247854     
   379.57025191491351     
   377.75288126551686     
   375.02286579725262     
   374.05482944900677     
   371.21792901814331     
   368.41102388204371     
   365.29758951376363     
   368.15918069918962     
   376.27978322032538     
   386.72352742967286     
   398.95758577778287     
   412.68993050325412     
   427.39840897592774     
   438.32940514914435     
   446.43016113166505     
   453.48791997439832     
   457.48111876886492     
   461.62877907382148     
   461.17270472449712     
   461.22754124900240     
   459.57407327714549     
   456.94024452112313     
   451.97505991623149     
   444.59828782952826     
   434.35844336467028     
   418.71287999551294     
   409.84810316996231     
   401.39856876458578     
   396.24899023873400     
   392.40221688831912     
   389.04941542502456     
   385.99435202293739     
   383.42744107385732     
   380.77735768745691     
   378.55178283914671     
   376.41548947601871     
   374.62774713017450     
   373.11823879804916     
   371.21629582808271     
   369.25966906283003     
   367.69896848100029     
   366.40418585521343     
   365.25657784790246     
   364.20528602073466     
   363.17703680792943     
   362.34929076878717     
   360.78519260164859     
   358.98893391759094     
   358.01665611275598     
   358.27754653549567     
   357.54877646013745     
   356.76110746690921     
   355.92504097935040     
   355.52762234715408     
   355.31156978689137     
   359.96885983737991     
   368.24652223628260     
   379.79991033226463     
   393.92039107824075     
   407.97779301458314     
   421.84224868773561     
   436.48295325279759     
   447.10378792802652     
   453.26289106516975     
   457.86338053025855     
   460.38892112528038     
   459.51428300451084     
   458.25588683758178     
   455.43558534661912     
   449.61079655835272     
   442.29524216667681     
   433.99701441741036     
   425.49701616541853     
   417.14946417276894     
   409.11609439234394     
   403.13446449268082     
   402.88643610738495     
   403.12066494076106     
   401.62907860366403     
   396.82079214770340     
   394.16363998727769     
   389.55976580874159     
   385.56400894172822     
   381.81256653190559     
   379.35517152278607     
   377.59472602965496     
   376.19268193865406     
   375.06862806030523     
   375.96017622753692     
   380.78024633431835     
   379.54282202786771     
   379.27374124517002     
   377.28255728764037     
   376.06243361768674     
   374.52221176374758     
   375.64258491941121     
   376.06450646014918     
   373.65781633668803     
   371.36850405313021     
   367.61997249373923     
   365.64661291057405     
   364.22846867266179     
   363.24584696791953     
   366.59848973115510     
   374.59225789056944     
   381.97352425088133     
   385.51237675229180     
   403.41359981202623     
   419.59156858905396     
   438.12246932693790     
   448.20247398252229     
   448.89475892157998     
   458.78212118735263     
   467.72225287514328     
   464.54014154694516     
   460.31805600546215     
   444.24045330073619     
   449.71062708420834     
   456.97105562229137     
   441.75588285587116     
   436.27531950972855     
   428.66935973231222     
   415.06933008093392     
   405.52320967530983     
   401.20053681822856     
   401.82599767614232     
   395.85298705794565     
   391.58786549729496     
   388.88628446669219     
   386.33474882176768     
   386.46557776622427     
   386.68877144881458     
   389.90332470618802     
   385.67656575876293     
   381.52303000193382     
   378.86519540039654     
   377.19575490715948     
   375.89481724362190     
   374.87573757491117     
   373.56860320284909     
   372.42714226524691     
   372.30046821300209     
   372.95722884797351     
   370.37768543107217     
   368.91733816667357     
   367.89905871066168     
   366.97184920641570     
   366.05278199430910     
   365.44865564903478     
   365.15729001306420     
   364.64692335743348     
   368.50430471301433     
   377.40310050204869     
   389.24466243166540     
   402.90240669504510     
   416.24685066400860     
   429.53594511375854     
   442.08506470552214     
   453.62564221714928     
   436.48813795582464     
   441.94645665884525     
   447.60114295309972     
   462.60819737648313     
   470.60980085140505     
   457.67865544892470     
   444.96808303342090     
   437.43274840258931     
   435.61973016134368     
   430.98391570106901     
   424.15348711454322     
   418.09496270681296     
   414.46913995832239     
   411.83224687141950     
   409.52062138768224     
   402.82650608209849     
   396.39199025573794     
   393.84725183833109     
   391.89036799234009     
   388.82999709257791     
   386.59685677349682     
   384.56714980181056     
   382.63979128376309     
   381.17773990730308     
   379.13355645646999     
   377.62175944286258     
   376.64850438941841     
   375.66307732598904     
   374.77857246538014     
   373.95608285208482     
   373.23199126548695     
   372.33901159793015     
   371.24689075503221     
   370.64097118251630     
   370.09133813566251     
   369.15390675704504     
   368.22711206543852     
   367.41869619313513     
   366.76564154754340     
   367.03118377454035     
   376.81913635440532     
   383.95748331457719     
   387.71112704699465     
   402.26327245639010     
   416.61005702946738     
   411.82468065987604     
   430.42976596368544     
   447.16895375120987     
   454.19373294785254     
   461.43023215319619     
   453.80310911036122     
   465.88596843420362     
   467.46971482130579     
   465.28568785320249     
   460.72861637959545     
   454.81816193234948     
   447.72841903936455     
   435.75252324849879     
   426.35043195189320     
   415.56216278571816     
   407.22550547090054     
   402.55734741590817     
   399.43566828923377     
   396.76934495001672     
   394.61931322651265     
   392.70503396290081     
   390.74910789773350     
   389.56108797257212     
   388.35907336454801     
   387.24782269751631     
   385.96852525644465     
   385.03455195940160     
   384.21388398980071     
   383.41023361225513     
   382.36594178941380     
   381.47285811117615     
   380.78927204049927     
   380.22954818469026     
   380.06863074188414     
   380.31727002849902     
   380.88673211271583     
   381.92424039001520     
   383.46452135409669     
   383.70828349263741     
   383.89115482907266     
   383.65786603683074     
   383.79613367222856     
   384.68093592881047     
   386.78204661927771     
   391.73355229667834     
   396.56197248742586     
   414.78464077525609     
   421.37853299089710     
   428.69318023827554     
   437.15639755875662     
   435.07130282600849     
   427.94909696594004     
   421.95287874462997     
   419.61987597248412     
   416.86409029884783     
   418.39654171549648     
   431.24243659260856     
   421.22952179504813     
   414.42942836233777     
   415.06513483412527     
   411.72284519758296     
   408.39087963284959     
   402.06220437763460     
   394.48774297624112     
   391.38587145314830     
   385.06516718897444     
   383.50948964664877     
   385.24365147672756     
   384.46022856056499     
   380.42638968739533     
   376.31686624174824     
   374.25322339891909     
   373.77942667007949     
   374.88312734557678     
   373.02077726649810     
   371.74710129168807     
   374.44449165242480     
   369.72466358628401     
   365.06034643391223     
   363.22467434112701     
   362.98519986915886     
   362.60844731852558     
   361.17699385280605     
   360.87135060697352     
   359.17011059232465     
   358.86589397035516     
   361.10006697471186     
   361.02095453838263     
   362.60786949760796     
   361.56052115301452     
   362.64626082366084     
   361.03988637355866     
   362.72641018160306     
   378.27095472109602     
   378.74600050783391     
   377.78905155201943     
   397.13826827099012     
   407.87898646921701     
   403.89043550067089     
   400.87003025200909     
   393.31467781515732     
   389.27678984440405     
   392.74213204442702     
   389.63392826902646     
   389.46020087235877     
   388.77123261256702     
   388.95487681605346     
   395.95892034895832     
   386.91330395767329     
   380.78689471976020     
   378.55490785482192     
   376.71937855978513     
   375.28509196954718     
   372.43005625003258     
   372.08081422209824     
   369.12148684627130     
   368.69188601364829     
   368.79855551899175     
   368.64477870010660     
   368.69334442789852     
   368.45886650917430     
   368.21440652748726     
   367.75680550082978     
   367.59777539649826     
   367.29395923697660     
   364.78072284480254     
   364.64829030075157     
   365.22280508919084     
   366.18685543122098     
   365.21974902974665     
   363.53870578154675     
   362.97143549197136     
   362.94211939697783     
   362.76779559073736     
   362.99872379163929     
   363.07810271677516     
   363.02597715284816     
   362.37476990491768     
   362.46609500753601     
   361.23114136479285     
   361.17555774286546     
   362.07383533163170     
   362.47669414416129     
   363.25289235817110     
   362.18989519632260     
   363.60885730501741     
   363.63136374272432     
   363.48542117186577     
   363.68783614163368     
   365.15771881604206     
   364.53329995366357     
   374.12365707694647     
   368.80844618405962     
   363.48899242228526     
   362.48773120213866     
   365.76994252512645     
   366.29850092880031     
   365.99902419649766     
   364.38324374287964     
   361.46239671533664     
   358.72640670025089     
   358.85169088386158     
   357.64256331207866     
   355.62831767829147     
   354.62814620204847     
   354.65670893141305     
   355.81759705768678     
   356.40349554542325     
   355.97207471763011     
   356.16414432821966     
   357.70434532654457     
   358.77606284487325     
   357.32486642765423     
   358.84770447335831     
   359.47862529433684     
   357.70264484327828     
   355.88671662753313     
   356.74865921588429     
   355.49625295235154     
   357.20558887902138     
   353.82774606863529     
   354.68244722402676     
   354.12881150250826     
   354.71183563897171     
   357.16244354782742     
   357.06818949397393     
   359.09168956336407     
   359.97363272986996     
   361.75912981501955     
   366.57130730740698     
   370.16871037904531     
   369.03792716123615     
   383.54358564588387     
   406.08618360505460     
   414.48097407054325     
   423.89818172736284     
   413.88455163541101     
   405.66493470916777     
   408.44206446192158     
   400.64524017875726     
   404.09148010344273     
   396.02856558970421     
   387.58813960556199     
   383.67755425377976     
   381.16758991611181     
   377.35938733314310     
   373.75641043781883     
   371.85811267710943     
   370.39188847841632     
   369.33329578514963     
   368.86073999144503     
   367.90688551902730     
   367.43516089558085     
   366.44135715214605     
   365.82737107352307     
   364.09681144512808     
   363.08736008366481     
   362.87006708479254     
   363.30360881839562     
   362.71868030978260     
   362.12974907568929     
   362.08647353183665     
   361.81460047362816     
   361.59303902769835     
   361.47101417829879     
   361.40166585414926     
   361.11316590493612     
   360.70726555145899     
   358.28422148924739     
   359.88125322723550     
   357.80583267293434     
   356.32748674490563     
   356.80437297080226     
   358.32533762933411     
   359.05789338827452     
   359.82576653935934     
   362.57086096877316     
   364.82395839759505     
   367.67957938408347     
   373.71231258892493     
   389.78745025108213     
   402.96597283984448     
   404.10894071227381     
   402.59522984355283     
   414.77669246915508     
   419.44810043339191     
   428.09567659152879     
   419.72384247167537     
   417.26080053647462     
   415.62555673152809     
   411.92210063243670     
   402.73351515648545     
   403.70980542852618     
   392.21857100423244     
   383.17519151563732     
   374.93580767789308     
   370.35105413824044     
   368.09018494079157     
   367.48362835261509     
   365.34291651210100     
   363.04512497912259     
   359.43147105826142     
   357.14753779168547     
   355.53322383193102     
   354.29077970096159     
   353.28527255814078     
   352.06107434151596     
   350.81831883676631     
   349.71122221173556     
   349.07078144720703     
   348.35834738913940     
   347.19646670201843     
   345.85549568583053     
   344.99437660579957     
   343.91170764302694     
   342.99474617695171     
   342.63447750214647     
   342.26821264314651     
   342.33754592461395     
   341.40295960033950     
   342.23051158790423     
   341.08088396891731     
   341.09628801715689     
   348.17301204951178     
   353.11983181679977     
   369.66501284630573     
   375.73906924050226     
   392.33300028310856     
   410.61485637459589     
   422.76428424056905     
   434.48797909002838     
   443.07162751571747     
   451.01788369010291     
   450.39369850271225     
   453.86058277030031     
   449.23392435471288     
   449.00724484007878     
   447.26660412970182     
   435.26194799456857     
   420.46722709711833     
   421.42477672101290     
   405.25384438739417     
   397.62237580311643     
   390.96009603501028     
   386.59931128813179     
   382.59251981611732     
   379.61667755988316     
   377.73355121359202     
   376.16085479125968     
   374.69229824982995     
   372.54186762783684     
   371.07718977085932     
   368.54974209199639     
   366.60597709436473     
   365.46267760899360     
   364.67546943173488     
   364.20821521471640     
   363.40267143310484     
   362.44286953448875     
   362.50617687047338     
   365.72559269037345     
   370.28278650211678     
   371.24544002885506     
   371.11696358448893     
   369.39615394632085     
   372.21491048390260     
   373.61758164557170     
   373.36349550410904     
   370.03812847223105     
   365.95054249467557     
   365.82870531451050     
   369.04706687023815     
   377.01128632816773     
   390.19176580689293     
   390.63949476323199     
   414.77847430944610     
   412.48792205476229     
   428.13062384035800     
   444.42714623452440     
   454.87900901695616     
   468.38299970633284     
   473.16852014696968     
   476.11246360787965     
   460.89743608413465     
   461.59758514675639     
   460.08980703920764     
   452.28671952693986     
   448.77335513341319     
   433.06459441047349     
   420.91599908594230     
   417.70115060001456     
   410.91322593969068     
   402.46428108008359     
   397.93747599500568     
   394.85511119205688     
   392.66031022048031     
   390.90005801030475     
   388.85647111263899     
   387.14856349112318     
   385.47304528493049     
   383.72073708138151     
   382.16023354892911     
   380.86534774654245     
   379.48778368775697     
   378.47937445520546     
   378.05235807719413     
   377.33770748758423     
   377.10085957171685     
   376.47306729506272     
   375.93908029307926     
   374.54678100259105     
   373.71871476529651     
   373.32290798737341     
   372.31967591621651     
   371.48919337206291     
   371.37350380649281     
   371.22956095568975     
   369.28902075070522     
   370.06723712431216     
   377.03365880012052     
   388.13894299029653     
   399.65526036353572     
   409.09343574848447     
   426.82495449416285     
   441.93785906709581     
   455.07637488186015     
   463.20591581498786     
   470.68949492851328     
   478.24842430231121     
   483.68032251600039     
   489.51745880274791     
   491.20176919043655     
   485.95643256995379     
   480.14783965950147     
   476.08682521671471     
   466.88467883207824     
   457.00736958812121     
   444.55103636584880     
   431.99877986544305     
   420.89024446805854     
   414.62701740135424     
   410.34855577682356     
   406.18261430214312     
   402.71808030142500     
   399.70132685405571     
   396.14878009398313     
   392.95813294678152     
   390.64904418412908     
   388.84853210276930     
   387.46267441619807     
   386.14911416741273     
   384.88866419698644     
   383.52373423049931     
   382.05141866366461     
   381.12099796165364     
   381.19627785966071     
   380.87325790794500     
   380.00827428429153     
   380.30530963072874     
   380.39159084682416     
   379.32237011760401     
   377.86810008488902     
   376.83904608042428     
   377.95386113766932     
   383.28339246773851     
   385.23473729846091     
   385.88288539936030     
   387.71062022274634     
   391.03402682680803     
   402.76955844067766     
   410.98222005026338     
   413.93577603877935     
   413.03009002454974     
   414.20303069940439     
   424.78752107423225     
   435.18874558654403     
   427.15727008931935     
   430.20036189535870     
   452.92190737843879     
   438.15910694269684     
   433.15525867133130     
   432.02003326315435     
   437.93917765164485     
   439.11045117239303     
   433.05448243047812     
   424.25719234766490     
   417.59644648898330     
   409.66906392862614     
   404.38360038721441     
   398.27963071422357     
   393.86136813948673     
   391.55430637867300     
   389.16981704221490     
   385.73888412852727     
   382.62222414830745     
   381.06234970934185     
   380.72202223142699     
   379.23865774362366     
   379.51224354630068     
   377.92772213396302     
   377.28769711795530     
   376.84273624439049     
   374.21419385891011     
   373.07534734229120     
   372.92413850586263     
   372.78604024473515     
   372.79493997037162     
   373.66868420920304     
   373.79041856610974     
   374.17142165274021     
   373.75697701108930     
   373.37239076868246     
   372.45658738749762     
   372.96327688837482     
   372.63536515290724     
   373.98809433826227     
   377.13304302531407     
   381.07916440936589     
   382.64354301274034     
   387.39181623855546     
   393.64891754407000     
   396.48694589712045     
   397.29929185832555     
   409.83733336427656     
   407.88837040711616     
   411.07348021088814     
   414.88280524964136     
   416.82511027716595     
   423.98338948544676     
   433.43392672686394     
   435.54676126315854     
   423.28878242284782     
   424.57999837781273     
   415.02973604519332     
   408.69048712139931     
   403.03432857456932     
   400.24982069120313     
   393.77812610304113     
   390.54577558943271     
   390.08898681129148     
   391.29575422175054     
   389.57881331050379     
   385.80223441421282     
   383.14481529322239     
   380.71976419670108     
   380.87105712165362     
   384.13387022906835     
   387.20054771143805     
   388.14384750466888     
   388.73801107816860     
   386.49276116086941     
   383.43694468312071     
   383.04713351384407     
   379.80786454876994     
   379.17494444871124     
   379.72181868098642     
   380.17978480704380     
   379.67833118956867     
   378.82480248796207     
   378.37699008771614     
   377.56239924932754     
   378.68235913495272     
   378.89864506337204     
   381.85781028245293     
   384.77807373115792     
   390.41098758628152     
   399.19960384617752     
   417.33855900773591     
   413.64403626170031     
   407.08467195082125     
   400.36198490764463     
   395.96712336850771     
   396.35986472915101     
   400.74517752892638     
   393.95654559688717     
   396.09836490558251     
   415.14760079398434     
   425.51142455208117     
   412.15711335414505     
   401.65629085676312     
   398.61658674348166     
   402.49559279357226     
   394.40483021189385     
   392.23250888603184     
   392.32302873585991     
   391.68434607885513     
   389.82620037528972     
   389.93499068710611     
   389.73158066439515     
   389.52670666430231     
   389.39166553104656     
   389.01253915703182     
   388.63169919684378     
   387.53937287134562     
   388.35210505199734     
   388.53202966483241     
   388.17831362545462     
   387.85757199039483     
   387.68906707642458     
   387.06304209964901     
   386.38848629735412     
   385.87857799229397     
   384.93408538747434     
   384.37067737974064     
   384.30809982340367     
   384.18729563292413     
   383.85209465707055     
   383.60281715573745     
   383.84502368182319     
   383.72322157464652     
   383.77481954641132     
   383.82458262066592     
   384.03024060055100     
   383.66610942825980     
   385.58607816993299     
   389.16443935895677     
   392.85802006042400     
   399.01547456708471     
   401.82075269845200     
   399.50038696898730     
   398.00756189580153     
   396.30947883432020     
   397.26272743121598     
   394.19122950343251     
   394.11662034402013     
   394.30172415556956     
   391.98181985472121     
   391.23120761595277     
   392.04804850931373     
   390.87899104052678     
   388.07828549295931     
   385.81488800639926     
   384.80367613832800     
   383.42610067720960     
   383.20247401007748     
   383.05348078755048     
   383.08333094020276     
   382.47325073963771     
   382.19902633933685     
   381.92759623537773     
   380.98796756921894     
   380.06597945512709     
   380.12586305474332     
   379.11891758962452     
   379.30328828951230     
   379.79202640383363     
   379.42084400599032     
   378.90303211128514     
   378.50520432286072     
   378.58758857974379     
   378.68031244066572     
   376.05012262090395     
   377.35803477962361     
   377.41711609120188     
   377.36347399138839     
   375.88703168736527     
   375.84374370883069     
   374.30168276379447     
   374.68579133319651     
   375.19384870363399     
   379.30348533402298     
   384.83600316092878     
   395.86159515162092     
   405.89861516907138     
   420.56778352869247     
   431.35750339765929     
   416.62626343701731     
   442.94084594175609     
   445.89060004349352     
   457.41020914830887     
   447.12632883454074     
   442.74897646516615     
   440.06677077660197     
   429.41781692004599     
   423.67762305357923     
   422.84592204655922     
   416.03511617235762     
   408.18961704434867     
   402.33725266474585     
   398.06381916216958     
   394.59951831893591     
   392.95199150085284     
   391.41554677674486     
   391.29967199126969     
   389.51041676427451     
   388.18324730706689     
   386.16493864722878     
   385.80931195029689     
   385.95235662411756     
   386.12858454549666     
   382.48608717877966     
   377.17474662907807     
   375.52306630900830     
   374.79211404273974     
   379.61381092458220     
   378.35499809790406     
   375.41132045755251     
   373.32438962524549     
   370.55912381262294     
   369.92359773934032     
   371.82797951665987     
   373.02052062039604     
   371.73454168929027     
   367.05735070494791     
   364.16765320896087     
   365.84006721720675     
   370.25658265609258     
   373.95828418196368     
   377.61762372571275     
   376.95031660679786     
   389.54216762744801     
   403.21952332863754     
   399.53322942248985     
   408.44925950665578     
   424.45821236187993     
   446.47220174360763     
   455.03669777974125     
   459.84772751942603     
   463.06768726453407     
   463.07780711083518     
   460.36602960209052     
   457.88962854339604     
   450.60768512947766     
   442.20926414506118     
   429.24731273754219     
   423.68070722339752     
   412.54567724299432     
   400.75437760589205     
   393.43210920290210     
   389.26563552613538     
   385.99797165045095     
   382.85582312064952     
   379.55120619526684     
   376.51761465344799     
   373.97650292118641     
   371.58437120204422     
   369.40185370396370     
   367.77272734194929     
   365.92732310058642     
   364.12038225749109     
   362.80002539024775     
   361.68167537778680     
   359.70963048133541     
   358.44488099336013     
   357.67087126192729     
   357.22210507495851     
   356.36716715736424     
   355.50195934971032     
   355.14640262516644     
   355.00750755228455     
   356.51641361736824     
   356.02447893039789     
   354.21475963687402     
   354.14174891428934     
   354.84673037636145     
   361.89800198674760     
   371.53251130770400     
   384.40079940297693     
   395.28735463066192     
   408.25131978842302     
   432.07764666077099     
   443.84819084607199     
   454.14930658536838     
   463.61575002635368     
   471.52708020038415     
   476.07467775706988     
   475.33638865000694     
   470.71819512753956     
   467.91155478800107     
   465.73349338279041     
   458.26159024638861     
   449.58778059633585     
   439.63372615321339     
   424.85857268965452     
   413.72677833768535     
   405.45799519868552     
   405.30884287056216     
   403.72887759537537     
   398.56460309096633     
   395.05018817730024     
   395.72641591043867     
   397.33830649254560     
   396.61281349946518     
   395.30828224111468     
   393.72771939343971     
   392.22214091887804     
   388.28559582320253     
   382.19407934714479     
   379.17964415802101     
   377.66286598803839     
   376.78318824885218     
   379.87830676094046     
   376.82518547925577     
   373.75932519655083     
   372.28382015086640     
   375.08925562172982     
   375.55047359090509     
   374.33487730238755     
   372.69439143623629     
   370.76319686956049     
   371.70850157387565     
   368.42369663389866     
   368.73646763587982     
   377.28616668567815     
   382.85948650481015     
   386.03909276713011     
   391.02275917537486     
   401.77720423832062     
   408.83006234778304     
   413.56221773523333     
   449.59531431073680     
   436.72234681049463     
   419.87207733642651     
   420.57756543820369     
   426.08631658691411     
   454.47772182100721     
   433.01083152642184     
   421.48620242154391     
   414.07898902118080     
   410.79518935768164     
   410.77429334799592     
   408.45703989462811     
   404.79492796996777     
   401.59595038661593     
   398.42571809755952     
   395.98808744104946     
   394.35743311235348     
   391.79299304984056     
   389.76119093593871     
   384.31557086516534     
   384.21366082525736     
   386.36174373002382     
   385.30484172738335     
   383.07216314435135     
   378.88479144291148     
   380.29426754366688     
   379.33261168114331     
   379.23021152054224     
   378.71898418439844     
   381.00247615886508     
   380.01490923865214     
   379.37238651930869     
   377.90700806928845     
   376.08932278826484     
   376.33558251011414     
   376.38202453983882     
   377.27717277113811     
   377.31564028637433     
   376.74817381813818     
   376.80438533043548     
   377.31572458308068     
   379.07996511432600     
   383.22063539109490     
   384.94755847280015     
   385.29939709811305     
   393.12917209021595     
   392.42454337872408     
   395.21003677700480     
   404.47366951935317     
   404.75851446758850     
   401.06640776711146     
   413.33447051927061     
   407.11215271887875     
   407.23342916746742     
   409.52514741129130     
   405.34435832922873     
   399.56997452419648     
   398.85425377193332     
   396.96676172416721     
   392.25930037248878     
   389.00467025041070     
   386.13455216750600     
   383.89183182275673     
   381.45851950143975     
   379.21664648689386     
   377.99712941161005     
   379.39331025923093     
   376.68960126710903     
   374.78388482577060     
   376.05653582914152     
   374.55369947524082     
   374.88737507892392     
   376.10529041021260     
   375.12823809162131     
   373.40053369214831     
   371.69131575176874     
   370.30812297052131     
   371.58828403681497     
   373.64735107755041     
   373.40949499870720     
   369.51264042501032     
   371.77372038626487     
   371.76998659654396     
   372.76497202640763     
   370.87474533143387     
   371.36250791721358     
   371.97591092075072     
   372.96279907798822     
   369.72979660026152     
   371.39622051200769     
   380.96547198174437     
   387.45103079394084     
   390.71889065590551     
   397.14746795482773     
   393.04009972819796     
   412.94945756815537     
   420.17511288873413     
   418.22961325526501     
   404.74818660100078     
   420.11174084496207     
   416.98168884072953     
   422.14125521512165     
   426.18788859135896     
   420.69511202611051     
   425.15416485699041     
   413.35395985789182     
   407.60227434059880     
   398.01674082808802     
   391.80867899921293     
   384.67357615246004     
   382.99434992777685     
   381.65023711193510     
   379.56518733019749     
   376.79094811541546     
   376.06620900059448     
   375.48154023808183     
   376.87515665303874     
   376.97854180111369     
   377.47265530266509     
   377.22536943553303     
   376.92070847149921     
   376.44113617396653     
   374.01259903006513     
   369.95247635555518     
   367.21113884315110     
   369.10342820452900     
   371.31629389063897     
   370.11604660364634     
   366.44802015726117     
   365.52754472655943     
   364.21656943458220     
   363.48979976978978     
   368.14665612898432     
   369.82980298223288     
   369.17678847338033     
   368.59187047631747     
   368.43947609270020     
   370.74771077491596     
   371.69484565476813     
   374.99757986295231     
   373.62041510089443     
   371.77391613492057     
   375.03852184374051     
   374.52624625845118     
   374.40158040321580     
   383.41464722248071     
   394.85056874825352     
   392.51432641871492     
   386.93283720117302     
   383.82933568114555     
   384.51504637235996     
   385.71424013383688     
   385.42617654742531     
   380.60775664384187     
   379.84524041592573     
   379.72207619347699     
   378.99784822406355     
   375.87231809092805     
   372.76051663114498     
   374.70338624960630     
   375.11415340634244     
   375.12623023233789     
   375.12779692498628     
   374.56650652341182     
   374.11806674093913     
   373.89352472526531     
   371.72282317545296     
   368.22735690477128     
   365.29130340141626     
   365.67582300681221     
   368.85072557506658     
   368.71929374005617     
   365.46705145518285     
   366.98636456024212     
   364.44794165979272     
   360.61763564781666     
   359.11481710342940     
   359.35368887998743     
   361.93158179927747     
   361.02645339250699     
   360.82218290469922     
   357.40404060521365     
   355.56221987147245     
   351.72995733033508     
   352.95619420373072     
   359.65526743689861     
   370.15782634696529     
   383.61024224892100     
   399.41109202646697     
   413.66494985436236     
   429.66214791713310     
   439.12140990947330     
   448.78165976133624     
   458.97266565053525     
   461.58853910821875     
   466.78276392620097     
   471.50464309341760     
   473.42983437206055     
   472.21433597062395     
   466.31131026430711     
   460.77413724393546     
   452.74769446612004     
   441.51511101125044     
   431.41067856662499     
   419.82037190393112     
   407.65854160378188     
   398.87028132132582     
   394.25528862877508     
   390.49863401397954     
   386.65202212393456     
   382.90285934262113     
   379.56878420295135     
   376.95325047217653     
   375.34642576840650     
   374.06809399186045     
   371.89695813071717     
   370.50548191189154     
   369.64452841970035     
   368.37936480917693     
   367.46150045455749     
   366.84247486401392     
   365.89758472902110     
   364.72044130057606     
   363.51179066669658     
   362.55579321146746     
   361.88206098598266     
   361.11246998070555     
   360.94801459250630     
   360.18161267265390     
   359.21988533214608     
   358.31170478805490     
   357.73321260026813     
   360.80913488265412     
   370.77038664363317     
   385.15116839698004     
   398.74719610516479     
   409.47034536356858     
   421.42069759227149     
   426.30202003146957     
   442.75604394445770     
   455.09134369603765     
   463.98912664092870     
   467.00004097167886     
   471.38435368246002     
   475.18870100522423     
   477.75578948503909     
   477.54348618097760     
   473.80812845822720     
   466.85755473033981     
   458.33388159256697     
   448.83226476271136     
   437.19050320122426     
   425.67456282214795     
   414.07201470576604     
   405.38094300173663     
   400.39545883875314     
   396.71059552872919     
   393.18734428457230     
   389.39498199226222     
   385.62044928312770     
   382.86301602706897     
   380.77821942646074     
   379.08980134144537     
   378.26801997632191     
   377.10556281214036     
   375.54943246614050     
   375.24002507918311     
   374.07691999404597     
   372.78844207385976     
   372.92912488727393     
   371.69992882547837     
   369.11248222314396     
   367.43261333946867     
   366.50840843684716     
   364.99470284293085     
   364.34444253534770     
   364.13556425438742     
   363.07057766316115     
   361.68336219022325     
   360.48420002590700     
   364.27313390050284     
   374.54735915232823     
   387.74558414902839     
   401.99073622170852     
   414.95755811792446     
   428.41291497879433     
   442.30518144729825     
   456.97871139444618     
   465.97768544989111     
   473.40044708617341     
   476.21560131136482     
   480.53704247355404     
   486.11889092412406     
   488.20755588021217     
   485.38113749453868     
   477.31477349501506     
   468.10686203107991     
   458.60775312563715     
   449.95048320355085     
   435.72348561867784     
   427.96765010555038     
   418.84258264943441     
   410.00234359988656     
   404.68954670914991     
   399.89523566011991     
   396.58031035097656     
   394.44929912250643     
   392.98093834272282     
   391.81116592549563     
   391.31906082625198     
   391.37644991923827     
   390.79555003363703     
   390.53459876330140     
   389.99616794024968     
   389.60017834726398     
   389.68238211631586     
   390.14440998519370     
   389.95120397155171     
   388.81962456195293     
   388.52263344535214     
   388.84022208973010     
   388.53483793995031     
   388.16248256906363     
   387.51033922319493     
   387.59030334937535     
   388.41931713984496     
   388.80062673268009     
   389.16005317457615     
   389.50648831526996     
   391.76833963060307     
   394.62893380509445     
   399.58606126061807     
   401.67443388274535     
   404.20474573741205     
   407.68281614689482     
   411.63082473652861     
   414.90279212717019     
   416.67985127699387     
   417.84131244799505     
   418.24065504695312     
   419.88215086689314     
   422.62244960897328     
   427.67973488523012     
   433.49200387644521     
   441.20552938265257     
   432.81422757805592     
   420.93913307385606     
   414.98796231662362     
   411.49524908320109     
   404.56594263323990     
   397.99348030356282     
   394.08236490506795     
   390.99302007573345     
   388.92351286378977     
   387.87761074046682     
   385.59195462516402     
   383.10962420489938     
   383.75978712686339     
   383.81395925819129     
   382.10026489685407     
   380.78313633899830     
   379.43464957900494     
   377.66610310637878     
   375.65152642003522     
   373.36745977676514     
   371.61065978607894     
   369.87349165917044     
   367.89176766057875     
   366.73166491649283     
   364.71778362383287     
   363.30184727602955     
   363.52835242265746     
   363.41976029022089     
   361.61964756687576     
   360.20202162039340     
   359.06060594226079     
   362.00919264851467     
   369.84998836203670     
   381.83443866295096     
   396.19924163287203     
   409.63082509474748     
   424.30666964223281     
   438.90556181122861     
   447.15816140211655     
   453.20804126956853     
   459.42311794565495     
   465.12286242874836     
   468.16807698958809     
   455.18200517499520     
   452.29960112179845     
   452.39257248497034     
   455.23905221974354     
   451.90782899544149     
   444.35421019670019     
   435.99954749006525     
   426.42445483121691     
   416.92697987977016     
   406.48204859304047     
   399.11165180316044     
   395.42431853351690     
   392.82204655061588     
   392.07945780322109     
   387.40533511048875     
   383.34100912628855     
   380.76799459170991     
   378.74499785374366     
   380.45354893289294     
   384.67471936274529     
   386.78794387050067     
   387.69503738581710     
   387.84713220608978     
   384.75999320015745     
   380.92379892470751     
   377.64627461615834     
   377.02921121720794     
   381.01922748521571     
   383.43845044415730     
   382.43169721208773     
   377.91167984473157     
   376.77980500698641     
   378.65408326683024     
   379.37730315307772     
   382.89997745332323     
   382.88032612012933     
   382.54313665301271     
   382.66790277167667     
   384.51944867283265     
   387.23474628402852     
   390.64948714416755     
   410.03461867698394     
   420.13820535934957     
   430.71013648488065     
   435.83364851729721     
   442.09405481495776     
   447.34022666426546     
   449.67374594532242     
   450.24158435253287     
   449.13525657616844     
   447.54528279572486     
   442.33510791991375     
   437.93468857206136     
   431.56492123991069     
   423.26763806176314     
   417.26986039055845     
   405.25318924544922     
   393.67150329805054     
   387.81455296240915     
   387.40899259879205     
   388.39653998244682     
   384.06222540487170     
   383.58149079230532     
   383.59417068795307     
   385.48043322804011     
   384.85002079557773     
   383.01087763009269     
   382.44145314655731     
   382.25703204452969     
   379.13458062715239     
   375.02036895191043     
   375.95250521650013     
   375.06502254302387     
   372.71487422528384     
   370.41125586896300     
   367.84346595412927     
   366.05189986035430     
   365.19466371782278     
   362.76195860705536     
   361.39075046087470     
   359.96730975917376     
   358.54767145447420     
   357.25966942183499     
   355.97952940692255     
   358.88152850226049     
   368.10084649957093     
   381.73184333574881     
   397.02045343106005     
   411.97170802705079     
   425.77566588681560     
   439.01372876259097     
   450.92654219749352     
   457.70938543674129     
   463.58895010069045     
   469.49111426686414     
   475.27830891243207     
   476.57533175117453     
   475.98779692776628     
   472.87601802021669     
   468.27712072829831     
   462.16658966320188     
   454.18083290165316     
   442.85791963658880     
   432.43897847894829     
   421.95713868264255     
   410.82944023373585     
   400.80048822853843     
   395.58122046270455     
   391.93675942874233     
   388.42724440167763     
   383.69208515260243     
   379.94517141765743     
   377.21063108633462     
   375.09903687324760     
   373.70255173335858     
   372.12614263441543     
   370.42318999763899     
   368.83466678597546     
   367.30161154444539     
   366.45458343254558     
   365.83386017328394     
   365.21462842870113     
   364.34708884648830     
   363.44894232464094     
   362.43380163953810     
   361.23151371598806     
   360.29558243361373     
   359.60302191996112     
   359.02033165712390     
   358.36738493190825     
   357.82791963890384     
   357.86033772670010     
   362.54870045888521     
   372.30286527788570     
   384.73670126427987     
   400.60017972796754     
   416.73325442170511     
   435.12683898568002     
   450.33737839742719     
   464.60327238426510     
   474.84742034803412     
   484.90484526635169     
   494.17749612666830     
   500.44775298323407     
   504.35785401399960     
   504.85245531359959     
   503.57545285588867     
   501.32181190435841     
   494.83469277383648     
   483.76256011085508     
   472.11821526964792     
   459.63911756224928     
   446.48967587619740     
   432.94379999437450     
   422.31182446704878     
   416.70563748642923     
   411.50925384953888     
   406.22320310284255     
   402.05747164616213     
   399.54777885017131     
   397.11087579593391     
   394.86255022658031     
   392.35501687924346     
   390.33810561146197     
   388.70529392225166     
   386.86714635597588     
   386.98295034482567     
   385.44645184945125     
   383.89430737170403     
   384.61297761938386     
   385.40772529434986     
   385.40685598633837     
   385.06837426707966     
   385.30553952274443     
   385.02852873081059     
   384.67689597757260     
   383.44652614004758     
   383.36866859334845     
   384.19304734148022     
   385.99373976950676     
   389.99450241337792     
   398.00156292455779     
   408.83928849190437     
   420.96019642403354     
   433.00327783969232     
   446.52161485405861     
   459.66909025829165     
   467.88096478978440     
   468.37401971843531     
   474.87996404601915     
   477.45461918555247     
   473.35115193112028     
   478.27156872836849     
   477.76451609167520     
   474.73637106768314     
   472.36777551951826     
   471.00581117963685     
   463.00625271953714     
   455.11702468088822     
   447.07582475568694     
   434.74761700448119     
   422.67401278313451     
   412.48532296335628     
   407.88484243292237     
   404.65427271470435     
   402.13732617661287     
   399.51593032963046     
   397.14271663805357     
   395.15062324686079     
   393.59839358471987     
   391.77332966721917     
   391.35603044012515     
   391.87572588205740     
   391.24084497301686     
   390.31344902686220     
   390.02492846077803     
   390.01173196744617     
   390.17752196568370     
   390.26923543939199     
   390.80757916373710     
   390.55848183634561     
   388.29963653180630     
   387.22335700678195     
   384.30729221212454     
   385.85989592657120     
   385.92052204506729     
   385.47804187202235     
   388.02388527984817     
   391.15473770300764     
   397.58257072051055     
   403.72121141313619     
   409.71452237046856     
   431.30640729600844     
   447.30344952823060     
   458.43843469099863     
   463.46455177900589     
   441.22850405033910     
   433.98853823956932     
   435.07914022037721     
   450.81083530928157     
   464.29617423449332     
   470.82814309291240     
   474.42375982654045     
   469.87940152012584     
   459.88828571112418     
   447.45312510010075     
   434.69572909219283     
   428.65979642221578     
   422.28682951504595     
   415.70110698909934     
   410.47767896150117     
   407.24514542286619     
   407.39299986857816     
   405.68648869522667     
   406.06880429685856     
   404.89727523385216     
   403.63415637402602     
   401.95420650034106     
   402.69364046191959     
   402.19673645571783     
   398.23685877343564     
   394.70806025394609     
   393.92182160128442     
   395.59317565985816     
   394.58744148029427     
   389.10474734118134     
   387.75185641761658     
   386.20699472410331     
   385.35365680188465     
   384.98980290875022     
   385.69989974242867     
   385.08410030664783     
   384.24403787395204     
   383.78849547033070     
   383.80265318675941     
   383.77482014423754     
   382.69416927842246     
   386.74494849789892     
   399.45558208298030     
   414.88927493994890     
   431.42298132899714     
   443.11722503202770     
   452.42612982708170     
   462.49812936773753     
   464.75855251057453     
   444.96713483403568     
   437.15467499028261     
   443.38829061445261     
   439.57045287411052     
   440.25664285365878     
   434.54723281832611     
   423.45636521011767     
   419.98908251175169     
   420.51145817585024     
   422.04067162271724     
   417.41679591921860     
   411.26613805270489     
   405.78340230207795     
   404.06000739025171     
   400.43043511124597     
   396.66407589765413     
   393.28748158301397     
   390.00879953358560     
   386.54383313702715     
   385.30981988741974     
   384.51327163102070     
   385.03301894258317     
   383.23847596397195     
   380.09614230169274     
   377.37929848932487     
   375.86632218179352     
   374.17210003397776     
   372.40464692846416     
   370.70133894102588     
   369.13402121774988     
   367.52787390445542     
   366.33285878685069     
   365.10342970493002     
   364.25693997767343     
   363.44342337072038     
   362.76088738747359     
   362.36643765561695     
   361.81198892155703     
   361.89033120216976     
   367.18592356482435     
   377.82338023772132     
   391.42905765976496     
   407.81822078769682     
   423.44128897117326     
   439.11262789856482     
   453.42137981121073     
   465.05533605573123     
   474.73370795802606     
   479.32125406215874     
   483.65521563423738     
   486.79788838786465     
   487.86404858166753     
   486.90616432290085     
   482.08619014810989     
   475.71229851099207     
   469.42030520660188     
   458.08770875792783     
   446.89823913163485     
   432.64355193781478     
   424.96110070715383     
   416.78772939692379     
   408.26554158887410     
   407.55428816852321     
   406.02588191340391     
   400.27926212675715     
   396.54154764544518     
   393.08859595963747     
   390.04824031791424     
   387.78410309182919     
   385.85936116071338     
   383.60578613153444     
   380.73834306592073     
   378.83841109921229     
   377.96419431772023     
   377.04333791211599     
   375.69890795839473     
   374.10170258957942     
   372.70693963048751     
   371.33834695849902     
   370.22134176410890     
   369.35822793496243     
   368.14108591133754     
   367.67480156788014     
   366.83493602702833     
   366.65433725999151     
   366.89541154582571     
   367.76474660606789     
   374.31737693107220     
   385.33422642780170     
   396.76149600116332     
   410.27312164102534     
   423.67179281156581     
   436.68899358681620     
   452.20142873916461     
   462.24927101289552     
   461.50776885090141     
   466.44654098740057     
   465.51694310478911     
   477.46434266499443     
   478.80892163187008     
   475.92346470094571     
   475.40324868705039     
   471.08689171165673     
   463.49227756764941     
   456.82157434369731     
   444.35531221355706     
   435.84353864519466     
   434.61140334381628     
   426.03517344643876     
   418.68010283493231     
   414.61561280219445     
   411.19014305478612     
   409.12902814159122     
   410.39283737923466     
   410.28756263816518     
   409.05519780217890     
   408.57175912581323     
   408.92716930352077     
   407.91434758781298     
   407.49732886953313     
   407.98301147287918     
   406.60935657852843     
   405.75454815425553     
   405.01176075762623     
   403.77811412574363     
   403.95582639061911     
   403.44669834689370     
   402.97739633995991     
   402.41753101915856     
   402.11640240024110     
   400.67350348367040     
   399.73183345983369     
   400.20063986870059     
   400.03876926690384     
   400.78123644465745     
   403.55976096283899     
   405.43385549508662     
   409.50509090642441     
   411.46635554636146     
   413.60131370825098     
   416.47586256536681     
   420.76676446392128     
   426.03292439768654     
   426.82941124162801     
   426.09528184992070     
   425.30606104253479     
   425.83190190876809     
   428.17468592482288     
   426.51997600415848     
   423.06194618703137     
   420.98307612450492     
   419.81213424153219     
   418.02205196076318     
   415.84466879095368     
   413.80364258037321     
   413.49955270107085     
   412.49033598307216     
   406.90188822294289     
   403.21910405622373     
   399.92748931693308     
   397.29414166962692     
   394.88459361662962     
   393.00333453500872     
   391.59075804031323     
   389.36318811214829     
   389.50525425758690     
   389.63498032447734     
   388.85107341529505     
   386.91891978688051     
   386.13005418228283     
   387.82953174043729     
   386.81931913298439     
   388.85119550681202     
   390.62174222735683     
   391.02164763685499     
   390.70286101550425     
   389.94021967470508     
   390.29927409004711     
   391.03942453130486     
   392.08055290210689     
   391.57504473160230     
   390.61852549012099     
   388.49802846469709     
   390.38752587797279     
   393.43504009556733     
   393.92311501726238     
   391.15825243738459     
   388.86016178426286     
   385.84814870672443     
   384.78782918194821     
   384.51955966134426     
   383.12799544747963     
   382.24909546698177     
   380.31447276338537     
   378.53302378888975     
   379.25024548984788     
   380.99929348447108     
   383.83209082929807     
   389.62813850246971     
   396.63022745010130     
   397.94799203877596     
   406.44702016570977     
   403.65075677307004     
   396.36890081309070     
   390.01214424778584     
   385.58873915554233     
   381.61391530930905     
   377.42319004073209     
   374.78700347629842     
   373.02886344899377     
   372.07422609667617     
   372.55120031703450     
   371.71830323649760     
   370.44183113897463     
   369.72752391732058     
   368.92112241294535     
   369.25200118119517     
   368.63488207164698     
   367.74412180263249     
   366.80241278485397     
   365.62828584539795     
   364.48199340890403     
   363.65391635760028     
   362.87865831221808     
   361.10162115159244     
   358.83855680383124     
   358.78930786554611     
   357.97149030792497     
   355.64395475481786     
   354.91313878889662     
   355.62223191903951     
   361.76917539780084     
   371.88414981745206     
   384.96524398753314     
   401.32749207808632     
   418.39670770717970     
   433.18972389623855     
   446.72373647372581     
   459.85201495849952     
   467.66762696316891     
   480.46062885822471     
   489.91151717903011     
   464.22380155453425     
   466.48766080867330     
   452.85784857957174     
   452.79137727671565     
   447.88274306403798     
   449.74176969354721     
   450.87890888375955     
   439.16743289708620     
   433.49536931919482     
   425.05343049153265     
   415.37505310836531     
   405.62651067075586     
   403.34992391468222     
   401.01885291031891     
   395.85385120444573     
   392.33820846647706     
   388.47327169720830     
   385.36610266166423     
   383.77058567083725     
   382.84623940941901     
   379.95908886462865     
   377.82164198145824     
   377.86254628918482     
   376.69563093710804     
   374.99346779105161     
   374.11738114373605     
   373.07349418166842     
   373.93887356580353     
   372.78693494594131     
   372.06050578024667     
   370.80412414596066     
   369.48609387049765     
   368.25237225762123     
   366.82926913710264     
   365.73149988958676     
   365.58674925089127     
   366.42141832149264     
   369.36583556925245     
   375.01105786313610     
   381.95245845034651     
   400.43822685463908     
   415.58793911441626     
   437.87200438816046     
   437.89371231969005     
   443.53432682987403     
   442.25789385252028     
   438.77252810836359     
   432.67466637999570     
   435.20793791234024     
   446.44755446517541     
   450.49303474758415     
   441.52784642797218     
   447.74276191032402     
   441.44061960126493     
   454.64721229666981     
   437.57387558162333     
   423.07604912803765     
   417.28248422518561     
   411.34292455937691     
   402.71174135685823     
   397.19430361492010     
   395.32854927398057     
   391.99098338808324     
   389.05886152136418     
   385.78663738390514     
   383.03633742492639     
   381.27761142559609     
   379.56083230207594     
   377.74110154320545     
   375.26925538204392     
   373.41211170343217     
   371.69358598675262     
   370.26703619697690     
   369.28403645381263     
   368.45171075736960     
   369.63079810137123     
   368.52905110702443     
   367.82288219691162     
   374.36948011998157     
   378.31645477387525     
   377.02869671525320     
   374.92535279890825     
   375.70019768296243     
   375.75550229983742     
   375.21447960335377     
   379.64339343219734     
   389.84092702242094     
   399.12297267161358     
   410.66141715440557     
   416.58075741501432     
   418.83144812842829     
   414.65675136965496     
   429.75609917236767     
   454.28961058082524     
   469.17397229513284     
   473.38044885699378     
   471.30158367667701     
   467.27885456559795     
   477.23018612027550     
   465.52464300600974     
   452.60682031649571     
   453.56127419516116     
   449.64304422582461     
   443.65939605805426     
   434.55693759801909     
   426.03405684327947     
   416.82244246607524     
   410.33003237155094     
   407.07909708503075     
   400.70433423302569     
   398.72232420733525     
   399.96791068384169     
   399.52341622525302     
   398.50450682688484     
   395.36130187811625     
   393.33809043243349     
   390.19846869072188     
   388.20689673079767     
   386.85274028166594     
   385.99849798504903     
   385.46295491781422     
   385.10840561553510     
   385.97272069231371     
   384.47528794131262     
   383.50663936541821     
   383.26068820029423     
   382.63660751176178     
   382.40332213479792     
   382.58229791315739     
   381.93146556595912     
   382.89643674540395     
   382.51528510954108     
   382.66260288920313     
   387.21290273239214     
   390.48275776428909     
   395.01068381940320     
   410.04794845798654     
   415.46810626618395     
   434.72609039943757     
   446.57565388446420     
   456.36040629614905     
   466.54413025402914     
   475.43427138945111     
   479.39731182303882     
   480.98508481467218     
   485.58307472030822     
   484.48717613940022     
   485.46249552998142     
   484.27191059225169     
   475.59480282979763     
   467.50688637888067     
   459.43702172360844     
   448.31375690778088     
   437.38031255793487     
   427.16510211426612     
   417.51752746095758     
   412.27504748706832     
   408.56459399966894     
   405.65961161121891     
   402.42922531158968     
   399.23308924990010     
   398.25106330550557     
   396.39301737880527     
   393.09116232533586     
   391.33588248172259     
   389.97758443463965     
   387.32712224469805     
   385.55992139343152     
   384.65682061145725     
   384.13921825467429     
   383.63281897366596     
   383.14563197511637     
   381.97578674487079     
   380.95749829995810     
   380.29736062958426     
   380.37924057369804     
   379.41158736139948     
   378.38499481764848     
   377.98422241049178     
   378.42409804621678     
   380.02193834180423     
   386.80049034439702     
   397.79605497210832     
   413.13443730418368     
   430.03271667291682     
   444.73692290127246     
   459.57512274263456     
   473.55591698705291     
   484.34016976187598     
   497.46325814424029     
   504.98540948222296     
   506.39316905155704     
   504.74283033865049     
   515.35279664696418     
   518.94132691222649     
   514.60952619902412     
   510.05078631581699     
   500.74817187777489     
   490.05939034187747     
   480.00965506932573     
   464.31139685006178     
   452.92201023039297     
   440.36052916492298     
   429.43383851106569     
   423.46891157764907     
   419.60399535295466     
   418.06254229920518     
   415.16246639051332     
   411.17565799410772     
   408.99694071764054     
   407.16280127190510     
   404.23220502764593     
   401.46719900582167     
   399.09570312314497     
   396.95531292011583     
   395.68946034696086     
   395.19015626623235     
   394.66780308122082     
   393.81528509771823     
   391.88776295015373     
   390.01389736203112     
   388.47768478786980     
   387.07435287827604     
   387.20846836191737     
   387.03836345249891     
   385.98271050596577     
   384.76256525212420     
   384.29075459088506     
   382.09202173190386     
   388.76230777640632     
   403.12572663440307     
   419.88163460618762     
   436.80052072795883     
   451.74822194595703     
   468.94914440428965     
   485.28226696675893     
   494.80865315800872     
   507.03196436109135     
   514.79907235351698     
   522.64311493429398     
   530.10166730057983     
   529.57184493059401     
   527.11334640988298     
   520.64004200210388     
   510.16241919801797     
   501.78727876718540     
   492.79435679088255     
   483.53258474312679     
   471.75200991713325     
   459.51897706967287     
   441.09344355647028     
   429.25115158401036     
   422.43658196761811     
   417.19436909101813     
   413.48674696210310     
   410.88651055606437     
   408.20759921246554     
   406.98048612361498     
   409.04449157626044     
   409.11340508603303     
   407.03360769677590     
   408.33006624245934     
   409.99543942992506     
   407.44282582215334     
   407.45568747581854     
   406.01203854344510     
   406.62333176291929     
   406.98491100421177     
   405.92614330325358     
   404.44311270107403     
   402.88767905884663     
   401.76139128757188     
   400.97388284742044     
   400.34792115095223     
   399.38459518695612     
   398.80925113553423     
   397.98508947924432     
   397.25891963613736     
   397.06590235517797     
   397.90999699509752     
   399.05604627872816     
   398.19704448336017     
   398.69209482126274     
   398.95804405478310     
   398.11780228324619     
   398.87763496836311     
   398.42954743836719     
   399.44208988460628     
   397.73864790149759     
   397.29155480694078     
   399.35320331618027     
   396.89680025824714     
   395.69249695852625     
   398.18775434848192     
   392.36151302963924     
   390.95867943304302     
   388.69287245428615     
   386.47317787463487     
   384.88940525935919     
   383.49970789270475     
   382.39469130050685     
   381.66339399023354     
   381.27036412447188     
   380.88310159696698     
   380.05196596213079     
   379.53769574625721     
   378.84670207232358     
   378.18957406906992     
   377.62753744389562     
   376.52838272203110     
   375.31806541809908     
   375.31736347548048     
   374.84408736467526     
   375.22614557926909     
   374.48769135036861     
   373.09879373200732     
   372.57028115380996     
   372.83633768324461     
   372.28569607885703     
   371.97075521685861     
   372.68022666890261     
   372.60286026016098     
   371.53975355876690     
   370.34829582968121     
   369.76972151280188     
   375.81098821525978     
   375.14224988742649     
   379.91188787250525     
   392.40398825856170     
   400.45428738311909     
   417.26293225279113     
   425.99748031128803     
   434.95359843725936     
   448.71373819895695     
   455.52766505839605     
   458.34109579662845     
   460.70901240112573     
   460.22185782836755     
   457.50830993037317     
   457.01002880958646     
   453.85893219180423     
   445.08015366181917     
   437.77116836721189     
   429.54243240704471     
   418.71294204634876     
   409.26173902993128     
   399.19186763254419     
   389.76588397392874     
   385.90871922703298     
   385.06011361164161     
   385.33652841511952     
   383.71903917777888     
   382.02218709224377     
   380.17174800365763     
   377.67007214346881     
   377.37153795441736     
   377.10983916493018     
   376.42572199904777     
   376.41330823545314     
   373.39905927813226     
   373.45972433358054     
   371.51427914347295     
   370.20824491601553     
   369.07105722525569     
   368.24432080079742     
   367.51121603273680     
   367.12889340893435     
   366.72322616934832     
   365.49301518437994     
   364.61920221564429     
   364.13234429993582     
   363.78138269185268     
   365.86069224935130     
   373.34803642460332     
   383.98256280778952     
   396.23246839103587     
   408.53680757265136     
   420.14420251395137     
   432.83525340584589     
   444.67244169497940     
   454.54926169504694     
   463.54209326112397     
   471.54533187826365     
   475.83960527204619     
   477.76742836386740     
   483.89023678405408     
   483.28626075750958     
   480.19557183913008     
   474.46359118220062     
   464.85215613461293     
   458.93312573138297     
   448.64501626784687     
   436.62461609547609     
   424.62939479087140     
   412.74237242397840     
   402.83125719131351     
   397.62688884725821     
   393.64787897499338     
   390.60635946000679     
   388.65486306992881     
   385.67226637088299     
   383.75676576557112     
   382.45483110506586     
   381.76967518702804     
   380.50824894496918     
   379.48598172337643     
   379.38090704766927     
   378.88151374376889     
   381.22733958968053     
   376.63768480628318     
   374.22604527846732     
   375.56506664738913     
   378.30479773309821     
   373.20020221489119     
   369.70841560840358     
   369.39291592970545     
   371.57695751350184     
   374.07792159451321     
   372.69150863939404     
   367.42301733546043     
   367.95562112088930     
   370.55821552444496     
   370.32557744792535     
   377.94066671288687     
   392.69446892901016     
   405.45842784048449     
   418.35028605022683     
   422.68781165760134     
   424.71017688434017     
   427.32848817409683     
   432.68191515732690     
   425.63909485850229     
   422.78134056613595     
   431.28551004079429     
   446.56869397651894     
   440.30765444918484     
   431.70143207329335     
   411.77329354611976     
   404.19413640947897     
   397.76343678832757     
   394.90165217680976     
   391.50675969984013     
   389.08736107250564     
   384.73428788861060     
   382.19939999889306     
   379.35211475389951     
   380.41286021945888     
   377.51137105974311     
   379.25222965011039     
   377.37317490414080     
   375.91929752306328     
   374.03076149070523     
   370.78831802349254     
   369.26659426596478     
   368.66728474227011     
   368.22363013601961     
   369.24071187291867     
   370.51041297835474     
   368.94693889662659     
   367.97119697291907     
   366.45861859676859     
   365.08613731402897     
   364.93511103133250     
   364.47981295263503     
   363.66239777291725     
   363.38896155873755     
   363.59481422313434     
   363.37331141646467     
   364.25870878211816     
   371.18580317668886     
   382.38730925103829     
   388.31625874329200     
   389.71372941194602     
   391.39239530894491     
   408.32633589497556     
   428.14682151156182     
   440.10318176965552     
   446.06524731106964     
   452.65229962905869     
   459.11328543536683     
   450.64813035709835     
   460.31393312592127     
   460.49938014994262     
   446.56064990341116     
   432.98131398788280     
   414.49088002587587     
   416.27243697168979     
   424.36216110264490     
   418.52421989972834     
   412.75268821206902     
   403.82689536688696     
   395.84205393438640     
   395.94029238266558     
   390.40051989065068     
   388.87924437950170     
   390.86749410284528     
   391.33401635578628     
   390.59478054170256     
   387.65694649286166     
   389.02392963731484     
   385.92384704398506     
   384.54630134190052     
   384.94376942815057     
   382.32135389126609     
   381.20425260776653     
   379.18144136818273     
   378.03523701815647     
   377.74413270710687     
   379.30690899454311     
   380.83092916519627     
   377.10295676472919     
   377.63839213862371     
   380.05905797273186     
   380.75006459122790     
   376.82279930266486     
   377.63465865052916     
   381.81175654389716     
   385.99781917775584     
   401.71936110456397     
   407.41432423270635     
   405.59922373878612     
   423.87601563172205     
   441.87889078362196     
   455.24892391724802     
   464.84429376305638     
   478.81839018775065     
   488.64694403667937     
   496.92675793506896     
   503.83814764940780     
   507.01876094119677     
   507.44895971656456     
   501.66810530803536     
   496.91847739765473     
   488.61980101719917     
   480.42869009131533     
   470.20228400129275     
   458.70209324657174     
   445.01281194441083     
   431.06864998466381     
   418.66370502116564     
   412.55423640047354     
   407.85122900030404     
   404.24834113020540     
   399.80854382228216     
   395.54354328552091     
   392.98013680330251     
   390.70113725835620     
   387.92967964522558     
   385.63064885756438     
   384.19187848078343     
   383.36899714917416     
   382.60528459777532     
   381.27569910694911     
   380.16581405770182     
   379.43406762612659     
   379.09288749502366     
   378.44477258170974     
   378.77629577112469     
   381.03200205033011     
   382.47898336347447     
   382.29323576209464     
   382.78330284710233     
   382.68926632037466     
   382.42921173188097     
   384.06099630983380     
   387.17700107755508     
   392.54551109566381     
   401.71788522755753     
   405.98452266303741     
   410.32546020243598     
   405.60847045528010     
   429.47821689931237     
   431.18263819281071     
   450.76865330768732     
   459.67217309962427     
   453.93210861491417     
   468.84048841753264     
   477.44257072419902     
   479.08544817329795     
   484.77125806605102     
   479.43714233057398     
   467.16633499589148     
   452.37193151425004     
   444.14812865713816     
   440.01382466335428     
   429.11881327252314     
   421.75366336598461     
   413.14305569614294     
   407.88922117425881     
   403.59317226028594     
   400.64928997134649     
   400.12885294753386     
   401.27150572901479     
   400.18263420321648     
   399.19013252209930     
   394.58180257895799     
   391.27517242294073     
   388.90882656201427     
   387.48937671487079     
   387.22110065827530     
   385.54087671411378     
   383.86953185625572     
   382.12516210107617     
   380.23312180748934     
   378.76493134272999     
   377.76352804344413     
   376.59673862429463     
   375.70804971104008     
   374.79812892022602     
   373.61047344226586     
   372.59065269802687     
   371.90301466310302     
   374.27726676904166     
   381.37190728351084     
   392.09315793733612     
   407.03922542044211     
   421.96808079336643     
   438.11165743080312     
   452.33809427925894     
   463.75495891923924     
   475.66974687769795     
   483.56208249100359     
   490.55504492658690     
   495.26394073724850     
   497.92617191851474     
   505.24425190065807     
   506.18995055477217     
   505.45462348617241     
   501.26603812561490     
   493.76833205315819     
   486.15951976191820     
   475.40991247193421     
   462.48279638591873     
   448.50228915833429     
   436.49739207914200     
   426.75572252712340     
   421.16345392341884     
   416.32102872317864     
   413.21898509449767     
   410.21360960963767     
   406.87543444844852     
   403.97696836709514     
   401.12757268267376     
   398.78729343582552     
   396.67622527975044     
   394.52583177729082     
   392.47380137554768     
   390.66697112049900     
   389.05396450163585     
   387.54597280981028     
   386.23734590091584     
   385.00963015781173     
   383.74276906687004     
   382.53232656527416     
   381.36320391398709     
   380.29573056858976     
   379.46002868299098     
   378.69112071200385     
   378.36499377112511     
   380.05600979164410     
   381.21854479255654     
   386.80047315408621     
   394.81128042604286     
   401.44931433616779     
   421.81441290807288     
   440.30778495054591     
   455.93618062621664     
   468.69347001757717     
   475.78251132841467     
   485.96831259183188     
   495.44407724537979     
   504.46182296947802     
   504.53605018118134     
   505.21890872157616     
   504.09484935769649     
   498.83220255842656     
   478.29137121846458     
   465.73704162504043     
   448.47824246936995     
   443.79282160465914     
   436.90223663642576     
   431.94003875913324     
   427.35585796449527     
   423.15546496571466     
   418.47634470313517     
   413.33797871768570     
   411.43737457421588     
   411.63466205092249     
   407.10943302197450     
   401.93485258302934     
   399.35518474470916     
   396.46079693180917     
   394.22329557425439     
   392.23486484517076     
   390.41952465505705     
   388.85417067908321     
   387.51462479914363     
   386.42127850194532     
   387.14505408912424     
   388.45115649259333     
   387.58564469140771     
   386.38703743481017     
   386.10971985069006     
   385.73796775488455     
   386.73134868603449     
   386.96008411966932     
   382.92915942826056     
   385.54655998795448     
   389.03019355793327     
   392.14386947667049     
   396.72992479321243     
   401.26005562612767     
   408.16287774772280     
   425.70798561856139     
   449.81631095974984     
   455.21497121495366     
   451.84841319820833     
   452.42268201828693     
   455.07223003646317     
   453.13316848104466     
   448.18653925012632     
   441.76935255570720     
   439.49421335217892     
   436.22221773783275     
   435.12959469742634     
   431.20635506448878     
   428.86127153136709     
   422.81749834537874     
   417.62014812539945     
   412.37452415461246     
   409.07879185045306     
   406.43062922443306     
   404.53939465507671     
   402.22889943611398     
   400.23501061552014     
   398.71062277290019     
   394.58240270582576     
   393.76383520572011     
   393.94666505119062     
   393.59921982153537     
   393.72926643806892     
   392.87524112067911     
   393.21732025081019     
   393.48285396690255     
   393.08014498127625     
   393.52709361014877     
   392.18738796108818     
   390.52676677788702     
   390.66677686311544     
   390.64661164023494     
   390.53497538459982     
   391.67149856553715     
   391.70682674102784     
   391.41271405582609     
   391.24667922341024     
   390.49488454452188     
   389.57081424618974     
   389.82048439448323     
   389.97355609181062     
   392.97313709424947     
   395.31658349383713     
   396.04284139194669     
   400.30785614879528     
   407.05422353690193     
   406.83132792507325     
   411.10958978346395     
   432.01388293935673     
   445.99025483305866     
   440.92369527327941     
   430.99296905906573     
   452.47972892052337     
   451.04124023949430     
   447.21464847868708     
   441.70945495346660     
   435.28390837302874     
   428.33361161104995     
   429.86870638904065     
   426.46904015961616     
   420.65984264891722     
   415.56081513958907     
   413.31804460124386     
   406.87934964542512     
   401.02049504173368     
   397.88691044114199     
   396.33647903299044     
   393.90461188183099     
   392.56716866205403     
   393.15502165649178     
   392.19635902114408     
   388.89939928405755     
   390.61355953070563     
   390.11661044370845     
   389.87410144102410     
   390.09733629375330     
   389.43520214192233     
   386.99174491166406     
   387.99663912063488     
   389.05164039445310     
   390.35506549063814     
   391.18411801004748     
   392.33539188622245     
   392.68905560975418     
   392.64324209527814     
   391.16215259127290     
   392.24469083787386     
   394.14390105335150     
   399.98322217157727     
   405.04688914783276     
   415.14058544055547     
   416.27418807571678     
   427.14807588066674     
   467.67240941312315     
   458.76171250309000     
   451.25627880037234     
   443.82087683693561     
   446.40808140358183     
   450.38905861260417     
   449.65921623243702     
   465.87075670025865     
   474.61587490774201     
   472.52705689537345     
   466.66379904552815     
   459.50794839798516     
   447.83350255899461     
   432.23866446045497     
   422.41235802580610     
   415.53201681425332     
   406.94180585059883     
   399.86260328377864     
   395.86042956321506     
   393.14982683207211     
   390.63471810909232     
   387.86864436397855     
   385.80183998525479     
   384.35353229504472     
   382.64732746019973     
   381.19218864912062     
   379.78705029300909     
   378.86711866411815     
   378.53391823205089     
   377.59604801498108     
   376.54091953326667     
   375.16043705192573     
   374.44173202134613     
   374.37879652097575     
   373.90775458376032     
   373.09148381869164     
   372.79674757812819     
   371.29943188900046     
   369.56267277990059     
   366.58370315007448     
   366.66808236261511     
   369.09991010653181     
   377.78982902044908     
   390.16643660091603     
   397.39338324645848     
   419.11378230852671     
   438.72406188567714     
   457.39219322273095     
   471.13328372523188     
   479.41308902213274     
   490.42731771716518     
   498.38386238710541     
   504.77155766959976     
   493.53404382362123     
   504.04091867113209     
   508.81491093232796     
   505.08894197644008     
   501.41987843779532     
   493.85138674161101     
   483.39511403200481     
   474.99858505342519     
   463.89383274696002     
   450.79608598430991     
   438.36538978693039     
   426.91971414571901     
   420.67049654275519     
   416.63527512520034     
   412.20781737702907     
   407.64685366831435     
   404.15342937199330     
   400.99019487026487     
   398.23693985112357     
   395.69276876594381     
   393.04080500681459     
   389.85795931460751     
   387.49192013459952     
   385.70316449750584     
   384.46551884696646     
   384.43646338088467     
   381.50871178260041     
   379.51851554520977     
   378.36488510736837     
   377.00371573260185     
   374.78318245292809     
   374.10839861539017     
   374.26910954293606     
   373.13014156929773     
   375.05176052773356     
   377.81242792930783     
   382.66948712143909     
   388.16534812197671     
   401.13903717857113     
   424.52662047085187     
   429.77237560953716     
   433.88334262792188     
   453.21985329831142     
   458.01032844327631     
   477.90516947839996     
   489.14744993205926     
   493.09862423248211     
   469.39135083872242     
   462.65048183281567     
   462.48763226592911     
   448.43103947256969     
   441.96423081263106     
   430.48444486044650     
   432.96890138041317     
   445.45741852639031     
   449.25697485711970     
   434.27254000226446     
   426.67915939513324     
   420.74364286861112     
   415.31201582744995     
   413.61618582271842     
   410.09386722423602     
   407.23657390779545     
   405.12582040504219     
   404.28939644532642     
   404.16243102845590     
   402.57359973023097     
   400.29693596113327     
   399.11483614472115     
   397.32454820979046     
   396.68206839078169     
   396.68724048760077     
   396.13055016104374     
   394.90321877395087     
   393.42854851322238     
   390.80608025167322     
   388.25333977569670     
   386.93284608129619     
   386.15583187870561     
   387.21027635326408     
   385.25641489477192     
   383.87950778546224     
   383.63219228783299     
   385.26462267105268     
   387.92353609663650     
   392.13149382299156     
   394.99967882547998     
   409.69858302774196     
   408.77257252215793     
   416.99857079750581     
   436.55910553055702     
   434.10868083952323     
   436.83788356792343     
   438.35096388003745     
   430.33271256078598     
   454.93263610219378     
   482.33003771362587     
   471.48503072878776     
   456.81038621443105     
   446.18462453788914     
   438.07633035446202     
   437.79055109450786     
   432.76916755537167     
   426.82982027605658     
   423.39508577959037     
   418.30708148185641     
   414.44449678816744     
   409.30257069218800     
   405.26736280848814     
   401.90282824352249     
   398.04067464069720     
   396.18972961618550     
   395.17562447569384     
   391.96526437625391     
   390.33627324529527     
   388.99426122980788     
   390.51002518556885     
   387.39305449401786     
   387.10510844934470     
   385.07961442402302     
   384.31645911124451     
   386.52601861316708     
   387.63410371650355     
   388.70521997664281     
   390.28142495400522     
   391.01929134405191     
   391.58674589191020     
   391.49404882854594     
   391.68566839625026     
   391.83305616737357     
   391.49068238704069     
   391.89087206880185     
   393.08592613781497     
   394.80695720116944     
   397.16424879811206     
   399.68591831041408     
   396.31740310087724     
   398.60743208378767     
   435.24812581114196     
   441.91516413061055     
   433.20293594869418     
   418.53542872025491     
   413.19362424823794     
   416.11370652401473     
   418.17234875892336     
   423.16370777360225     
   437.64312065505999     
   440.74897209422960     
   438.75381152876423     
   440.64347155094748     
   451.14693123518845     
   447.04073109949269     
   436.91441203679972     
   422.82030624993519     
   411.70793400696169     
   405.58315811154159     
   400.71557854993580     
   397.67721385212161     
   395.49015743657878     
   393.39517424322736     
   392.77738309966878     
   395.30667069378143     
   391.49282802462670     
   387.26045646798525     
   384.45833116394891     
   382.34916616285290     
   380.99342211056967     
   379.51731444936348     
   377.63054723598566     
   376.57867626893278     
   375.14215577880350     
   373.62095523092034     
   371.94197299410882     
   371.11362609270878     
   370.57750411073914     
   369.62618132624470     
   368.84087641892927     
   368.07487830058642     
   367.60804401348662     
   367.28723810474071     
   371.34564404228070     
   381.80834130334017     
   395.74210541509558     
   413.39407825880903     
   428.55404941877077     
   442.41547443672499     
   457.92347565044662     
   467.32459378203663     
   479.40061303103380     
   494.63449301434048     
   500.33524798865284     
   505.53947770538514     
   504.96242765948034     
   502.38941210093867     
   496.62563127553494     
   488.27767373291732     
   477.70522923034673     
   463.98406918372632     
   453.14710561820573     
   440.56599019385328     
   435.26322283464629     
   434.02897802293683     
   427.04274109049339     
   423.07618135026672     
   416.32063803268522     
   412.20107917278847     
   410.41355111184845     
   405.36511902316425     
   401.53772112361059     
   405.83980490344305     
   401.89442738888380     
   395.63471810683137     
   391.98057415442929     
   388.97277835710634     
   386.75503686009358     
   385.46790134172619     
   384.22357691908621     
   383.25208294549981     
   382.47144736143025     
   381.68072053816746     
   380.96952191720402     
   380.55883817080456     
   380.12206560623736     
   380.77393401802698     
   382.92138497744833     
   383.85530847367323     
   387.50934479562420     
   389.69742305276134     
   390.09693707160488     
   396.36489672850297     
   407.18102473307636     
   426.30012940192921     
   434.46794457121740     
   443.00122420676303     
   460.19883973208044     
   467.53619351772750     
   469.15037350882710     
   479.53872019735866     
   470.48988237005528     
   462.68627907039684     
   467.08038058959022     
   460.57581275849270     
   458.23544235896026     
   463.76959850162058     
   467.88958440597827     
   452.98259720972538     
   436.30383278135207     
   427.57788899337135     
   423.60235582422388     
   417.36261415740807     
   411.63134255240715     
   406.68562612081496     
   401.56545674971898     
   399.30638525219297     
   396.75361679474571     
   395.46826859705516     
   392.30769071510332     
   389.86704842204801     
   391.01975652953246     
   389.35329945168723     
   385.89258149372165     
   384.44432866234416     
   388.13028100859412     
   389.13300942071845     
   388.34055194478327     
   388.36144952603331     
   386.28723372840375     
   386.86869522935103     
   385.69834642945153     
   384.91380316232534     
   384.03188473071316     
   383.40531741948098     
   384.03649941072928     
   384.77351946154778     
   384.05151460738898     
   383.82350337575713     
   384.78281161367642     
   385.96767961147833     
   389.04173849321370     
   393.72405825472219     
   403.38975990481259     
   418.52751968284639     
   437.94633164375102     
   458.85944186244086     
   476.02790708433264     
   457.92321329135916     
   448.77978266095840     
   464.90756048426096     
   464.79510065904429     
   457.97285285041664     
   438.26453345494542     
   436.67174037227039     
   437.99217530966973     
   431.72859215200475     
   429.13144352452872     
   426.37710590559527     
   419.93384580333719     
   416.47131077596890     
   413.19251397405742     
   409.05664481431216     
   405.17393732472715     
   403.28244196230946     
   400.63275583867966     
   398.16099729296917     
   399.65085000301559     
   399.58867139889014     
   401.56575742832968     
   401.63627263226726     
   400.53994987929951     
   401.50202697374937     
   402.55129398705844     
   401.77011830128407     
   403.12904864542708     
   404.58648436293743     
   403.05857559411521     
   405.00552380640306     
   407.30872091838387     
   406.24133144408302     
   405.07536381620764     
   404.19832319198161     
   403.09864074349338     
   404.44490566275925     
   406.34380084306184     
   407.32630568693128     
   407.49578894534005     
   410.10595626940705     
   412.70125609139137     
   420.28431090914268     
   428.67575865421958     
   437.83410316965768     
   442.26657960864941     
   449.13644009485961     
   460.73106680024307     
   464.54889226081451     
   457.67704679853927     
   453.47747888539317     
   468.67113840871832     
   463.25601982916629     
   474.93705271163805     
   460.78308267319323     
   453.75452870289513     
   447.50210950893745     
   445.63113446798263     
   441.56247689863602     
   437.98742154576018     
   435.07950671256413     
   433.89030897900130     
   430.31385932210327     
   423.55849707846636     
   418.64368119427900     
   416.34140268441467     
   413.36599852913042     
   410.69401677637717     
   408.88087080392415     
   407.09970079330446     
   404.88245755252535     
   402.18165207487465     
   400.56013935937159     
   400.84355695755659     
   400.20854208632488     
   402.37981336695032     
   400.12814300907542     
   399.84450677595197     
   401.97907503892282     
   397.50243856560724     
   398.12248075073171     
   400.15304858528202     
   397.40134255680147     
   393.92651158075483     
   390.67140619637991     
   389.13684092615210     
   391.21355961832774     
   397.87557877416617     
   407.17280777543937     
   424.68076023024099     
   421.90252474516080     
   442.49786527105812     
   450.81891401403027     
   471.33912704027790     
   474.12219724359551     
   459.45275675776122     
   452.90421453781164     
   451.55589770761190     
   472.40364685367109     
   488.67648418167863     
   500.46920406344231     
   507.75222300651382     
   490.97313723052878     
   470.04971047738405     
   465.32311476908035     
   458.63465067814781     
   446.84761529586683     
   438.31193755516858     
   431.54049504907607     
   426.85983943303262     
   421.16123666855179     
   416.93106340588344     
   414.09847526502284     
   412.17561506919509     
   410.50710736644584     
   408.86223932026320     
   408.26110215660663     
   406.75129156262994     
   405.40148015510522     
   404.37537302246284     
   402.32296378899588     
   401.11003365124714     
   400.42079142737020     
   399.59784423573717     
   399.24291656336476     
   398.82460361486937     
   397.86251808730754     
   396.97573464467956     
   396.18784562687387     
   395.47973400682139     
   394.73717045518669     
   393.65116453601479     
   392.76358693729071     
   391.83144651316331     
   392.15299149710251     
   395.05534778290883     
   397.39198897692580     
   401.03487221392675     
   405.31477608967833     
   414.38600362759536     
   413.70120652547030     
   414.30577489021186     
   408.40246740467001     
   411.30828939442966     
   424.87845134115230     
   439.10744994952449     
   465.53154798494620     
   433.85918146628256     
   422.00388902459275     
   429.77088355137465     
   424.90590130663759     
   420.04348587997777     
   413.15926639457871     
   407.65059026066803     
   403.53472804824685     
   401.18078083471249     
   399.46649012301270     
   397.29246032308140     
   395.47990119745543     
   395.61608460039537     
   393.39213067210915     
   392.25678337488210     
   391.67776365564259     
   391.06833563420275     
   390.70141364672565     
   390.34519382769474     
   389.62323653498726     
   389.74362496219226     
   389.64491858269815     
   388.73929949420375     
   388.32179033887371     
   388.34800708834285     
   388.01195970479239     
   387.92315377997346     
   387.73453161924709     
   387.35848237592540     
   386.79828280883743     
   386.40599275835211     
   385.95003957934671     
   385.32811261178671     
   384.86928990000945     
   384.73416906615256     
   384.44505749523466     
   384.86816715031347     
   385.66521725295723     
   387.51702498379404     
   388.31863279786364     
   390.51705185421463     
   394.47545603792992     
   394.92575385776371     
   407.86791052922359     
   403.44996531186513     
   401.67414199179922     
   404.73680203516136     
   401.91960525931876     
   401.06879095603767     
   399.09601431647781     
   396.27939672754559     
   394.61131387304044     
   394.33791366117276     
   393.84727460688327     
   393.05944854112772     
   395.62789423214440     
   392.43319955611634     
   391.68995215918522     
   390.74778133334297     
   387.77921469073550     
   387.04667711902948     
   387.23912148296233     
   386.86700519631967     
   385.52127058825897     
   384.74794497331402     
   385.67698431121369     
   385.87720127351059     
   385.88841127378646     
   385.77533514915837     
   385.85584383287016     
   386.05297194811413     
   385.52281224342732     
   384.92938108036452     
   384.70123852546288     
   384.82552392850016     
   384.21667821999625     
   382.73884775103477     
   381.62086804907693     
   380.86453328094177     
   380.59649171506192     
   379.65424318363711     
   379.63881560340405     
   381.49351624280882     
   381.77363275763850     
   381.30418806379492     
   380.68519017846108     
   379.96020633057987     
   381.58141478491143     
   384.72404962025450     
   387.72742409197252     
   388.08516179691941     
   386.43229556729597     
   386.48389126258701     
   389.18312460010247     
   390.44236586598021     
   388.06687108800952     
   387.59809887335751     
   388.86969231842738     
   390.59938687152885     
   389.26277745864701     
   390.21368575694032     
   388.86225184648140     
   388.45027596870466     
   389.11978743781395     
   388.33438615025585     
   387.43131108022777     
   386.79121974528698     
   385.05807004433166     
   384.22678961465084     
   383.77919569986221     
   383.58189030885302     
   383.19656884621872     
   383.30005645044071     
   383.37142373170082     
   383.31805289886097     
   382.86874599421469     
   379.97002068831500     
   377.47309357687328     
   377.36723245123426     
   375.42738144209761     
   374.53362493256753     
   373.46808952720221     
   373.69644860882664     
   374.66643656137376     
   372.64056201553962     
   371.39458294939993     
   371.95523569842652     
   374.10691531788450     
   374.26626641790409     
   373.91745340060118     
   374.63598589874869     
   374.87459114386263     
   378.18779581645731     
   389.34148563146539     
   398.42876356773729     
   408.37394291813604     
   416.14715282118425     
   413.16560034181782     
   418.05213925205464     
   419.95827000130731     
   445.37973357579710     
   465.65743221858821     
   473.22671890092880     
   478.79716682649934     
   481.21911209397780     
   484.19085115505652     
   482.96870140301428     
   480.21846555527924     
   466.82325241366692     
   439.83157361444989     
   428.20572103711561     
   430.54510863678564     
   423.87241663494990     
   420.41195008805067     
   414.84085750621261     
   406.72316135144251     
   401.15960161291082     
   395.24541943862567     
   392.95202001095873     
   390.74549343492674     
   387.42937138839739     
   386.40255860906865     
   387.22283289735287     
   385.75318739198133     
   381.64303344153672     
   379.18750316229716     
   378.42832651989158     
   376.78085959332662     
   375.39512453095813     
   374.34151827592802     
   373.33643152761698     
   373.20684243693364     
   373.51580628189987     
   375.42298999934752     
   377.01536165603216     
   374.43048121469491     
   373.82908532171973     
   373.98149338710698     
   373.01321116191002     
   375.94571915405277     
   382.53407700089650     
   388.88734049158785     
   402.81560511437630     
   416.85111186197742     
   430.52049921038048     
   444.70341557202960     
   455.20834321059641     
   465.87159676079364     
   475.47562365625737     
   482.24096810691054     
   488.08649193777950     
   493.40346972255907     
   497.97362500828348     
   499.73307815655045     
   499.77183398430685     
   499.12607555640506     
   492.92746408726276     
   486.34435427973227     
   478.69387272993674     
   467.97259726888024     
   457.15141518455772     
   444.45349953564363     
   432.64623516372171     
   422.04446578699947     
   413.61832567519502     
   408.93531484213321     
   405.69084479210181     
   402.77607758733819     
   400.86686814114194     
   398.97969437196593     
   397.26261689122776     
   395.40933481113757     
   394.18114960713314     
   392.03700444622075     
   390.70277979955091     
   390.83889659132024     
   388.98624541898846     
   386.01396775868102     
   384.34280738659220     
   382.61229168020100     
   381.98496353797071     
   381.36372516189687     
   379.84602861169486     
   378.88782575018570     
   377.74436086827416     
   377.07681717429568     
   376.34438609447227     
   378.69699811240343     
   387.84707375577347     
   401.01104505757854     
   414.26382939537393     
   428.67048893284561     
   443.91240028581865     
   458.97062759844852     
   472.48720999442065     
   485.53525798240003     
   497.26614494112175     
   507.33391315118877     
   512.63573223052867     
   518.12861216105068     
   518.02929601731489     
   519.66802978862290     
   523.07470019597724     
   519.63328333038930     
   512.94282104240904     
   504.46447369249637     
   492.03219033358931     
   482.87243707242868     
   471.34576567045809     
   457.49073488387108     
   442.96320749709184     
   431.67953788179483     
   423.45752412712432     
   419.34188149144575     
   416.20939821031436     
   413.00559851716901     
   409.91118847839135     
   406.89165202815650     
   404.30225250507544     
   401.81390776619571     
   399.90476431334690     
   398.20476418507440     
   395.91255676529335     
   394.70372002474517     
   393.13349118493028     
   391.96826914361691     
   390.50227115287089     
   388.29953527033501     
   386.19937016669309     
   384.62933353999455     
   383.98174059562552     
   382.93461345363272     
   381.65101698138454     
   380.97931147908469     
   380.53208511239217     
   383.49424628502481     
   392.33563872697260     
   404.06444500837932     
   419.30291514026277     
   436.53083680724251     
   453.46772716954450     
   469.10039299203754     
   482.31479192448404     
   495.01586949824355     
   508.61674880100833     
   516.73466152579306     
   524.25386987061779     
   529.68552296601331     
   528.14309828588750     
   525.04921240442263     
   526.02948577698942     
   523.72029318896955     
   517.75628326224182     
   511.25280590707450     
   502.53699074871196     
   490.00704039529535     
   477.22212343088137     
   464.03595317648364     
   450.93317231818685     
   437.59027758903898     
   428.48015344542176     
   423.10714560365119     
   419.50762558201274     
   416.30399620085240     
   413.11453967839736     
   410.26434577129447     
   407.66890855087826     
   404.50556078391253     
   401.66762769810555     
   399.41048730862030     
   397.45442761714565     
   395.61174970975480     
   393.68015782293816     
   392.25060164325640     
   390.80060776977791     
   389.75476051683302     
   388.03450041794537     
   386.20976144709527     
   384.71507997761665     
   383.62376895360887     
   382.33036243144721     
   381.34366075967534     
   380.21663836444333     
   382.90845149568526     
   390.90740903642711     
   403.05840735900767     
   418.84777438798176     
   434.08502314830497     
   450.72795005562818     
   465.61269592431233     
   481.16699942691810     
   493.89830363710939     
   502.02356606152358     
   507.25658983294886     
   514.46664329875534     
   522.63587486491872     
   530.29714814739373     
   532.14766481125741     
   531.70920203042465     
   529.09075001852455     
   524.74947194469826     
   516.82611535949900     
   507.19532822834987     
   494.09802430964129     
   482.63803619447549     
   470.12133835621103     
   456.97073176042119     
   445.08942690580534     
   434.45141810827312     
   428.09979988028800     
   423.57770683493271     
   417.64227877122363     
   412.76332206787748     
   409.39886531956080     
   406.39041843531209     
   403.61422840131905     
   401.99858585058331     
   400.25831122577165     
   398.53985110207714     
   397.23524432141846     
   396.14228929341408     
   394.74621793945170     
   393.02858865759396     
   391.01513033048190     
   390.01866007422063     
   388.86702380926613     
   387.94813314553909     
   386.33156426431771     
   384.82719956348109     
   383.95096869282594     
   382.63585685714634     
   385.44127029527351     
   393.71776888038283     
   405.47123007530837     
   420.80848034033556     
   439.23454484693463     
   459.96778678533872     
   476.27292441631886     
   489.03964798095711     
   502.16912575717532     
   513.81814908480749     
   523.30504902092162     
   531.62461956542120     
   534.87055854863695     
   539.64801337098675     
   538.81115477390233     
   538.68564911788792     
   531.76466342709159     
   523.97760266339947     
   518.57701850943772     
   514.13833061171761     
   501.97659484551201     
   488.68891614615563     
   474.60218431050095     
   461.15296128691608     
   448.47932411499664     
   438.10737810377742     
   432.02826974925648     
   428.32787256542406     
   426.29174925445977     
   422.86047962261290     
   420.47966796851529     
   419.07293471489521     
   417.87308887591888     
   417.63131999469954     
   416.77764579841835     
   419.97900708930723     
   421.09667129591321     
   419.07083579790299     
   418.66460768311072     
   419.09712360398510     
   417.67189166967688     
   417.59027314043129     
   416.86336007810695     
   414.49633043187492     
   412.34928472096135     
   411.23722443764399     
   408.86734232371447     
   408.03456014800742     
   408.62078242604457     
   411.68221984205047     
   418.24739486259665     
   426.10979131561231     
   440.31619333450573     
   452.14077502049520     
   457.86934825897356     
   472.22647959887473     
   483.68073022094694     
   493.62134219638892     
   504.53826991151607     
   517.43676136002352     
   530.19447090616029     
   534.35242570469950     
   534.71473240064040     
   534.44782801405847     
   533.86763271492464     
   513.98159772057795     
   502.20092578432502     
   494.88701078194049     
   472.90459804516206     
   461.39307882112399     
   448.73608507525540     
   439.81612386171861     
   434.75834778170901     
   434.40180807219264     
   429.48514616304556     
   427.35846867831259     
   422.53736180903644     
   420.74148289722575     
   418.41389724198655     
   415.81116222095221     
   413.11321587553851     
   411.59361928602459     
   409.82559402357055     
   407.06681636535035     
   405.03041277880948     
   403.63279282462804     
   401.89209851083268     
   400.64982060260883     
   399.46011067511000     
   398.34457995036456     
   397.33427036842198     
   396.42009435840129     
   395.54092036591157     
   393.76038119978250     
   392.85993048275276     
   390.66421233570287     
   391.11473916767591     
   392.24837825019648     
   394.85185216719492     
   396.77254634130657     
   396.96319077504648     
   400.93219042317645     
   403.81384658565207     
   403.92866668981554     
   413.02788227841660     
   411.80628499798843     
   430.29340260665259     
   438.03270342719964     
   449.45690183664715     
   462.26431930057163     
   477.30614985958624     
   474.04065877706915     
   475.00345157111059     
   468.89457387536169     
   461.23913382662300     
   449.53044923582502     
   437.91668971908138     
   435.26728050572763     
   427.84935023621915     
   419.61112657666712     
   412.64235669896902     
   407.35864308883890     
   403.53912704963813     
   402.80900495520984     
   399.21394859350067     
   396.64000538435408     
   395.78837107605978     
   394.82558206361972     
   391.83749564246091     
   389.34696309306395     
   386.39225154565810     
   385.73087279310948     
   383.88629910761966     
   381.18088274527025     
   379.64537438737392     
   378.35459320549069     
   377.12356429927530     
   375.93137158432972     
   375.24384131527313     
   374.11942790848673     
   374.31772824820524     
   373.58814418778638     
   373.22490302189408     
   372.64905503647759     
   375.23299475668574     
   385.58687161317044     
   399.04505988331334     
   414.38957524777362     
   428.85894722080491     
   443.87242110401871     
   454.32538190151422     
   468.83385253823752     
   484.71534382534639     
   498.89602122755070     
   510.53350348808647     
   518.27995111425128     
   521.16426841754856     
   523.07087946163199     
   520.43359898698486     
   519.57201435575075     
   520.26090580062885     
   517.92732076993002     
   509.74399470548957     
   500.13229562983986     
   489.25044340668506     
   476.91269125103742     
   463.07014279439591     
   449.48060163769543     
   436.65619890395129     
   425.84449670290428     
   419.46970890110026     
   415.16617706878674     
   411.25257425556464     
   407.05153805589930     
   402.57220039562390     
   399.15564957210455     
   396.61385285037636     
   394.22725592060596     
   391.88072792156720     
   390.14851158678806     
   388.86273307568132     
   386.53852055112117     
   385.03801727159873     
   383.00547470943798     
   381.83318177208429     
   379.98417312881088     
   378.67787408087446     
   377.39833537917679     
   376.78561734806738     
   375.80875372306014     
   375.01896137261662     
   374.56238752105054     
   377.79818546305057     
   384.73708885856882     
   400.30079972136042     
   418.37947340207864     
   436.66450982796636     
   455.16648909958627     
   472.36528044667909     
   488.61270222329972     
   501.35635073371350     
   508.88313743619625     
   518.12967787692889     
   525.33871186914200     
   528.90879860756684     
   533.17868368493134     
   536.63331163199302     
   537.40511674491347     
   534.88207589152830     
   529.56199726017132     
   520.09129800708115     
   511.33777637899180     
   499.34533117707537     
   485.33010573172686     
   471.67023633863562     
   457.50785187458143     
   444.84778814832333     
   442.82804859638156     
   439.81243359642610     
   436.50656489892140     
   431.89584326223081     
   426.35132952223796     
   425.16479789750628     
   423.67882121522689     
   420.67979419464439     
   415.54258547132588     
   413.06825514770856     
   407.66110739305174     
   402.88251403597644     
   399.87764536172165     
   397.26373744548408     
   394.84446689967683     
   392.72129660912867     
   390.83216404675818     
   389.03154940950367     
   387.14552207853694     
   385.55263202896606     
   384.07811685642969     
   382.99997058535087     
   382.50861542413298     
   387.73749816672921     
   398.08878537485054     
   412.98256014710864     
   426.33536494939739     
   444.61382697876695     
   464.26440185822128     
   474.44449171901437     
   488.88211179584425     
   503.27551944903354     
   516.28814640175005     
   518.37736270066887     
   532.23177861920885     
   538.06526493331148     
   542.99702561479228     
   543.36412430859252     
   542.93630847940074     
   542.35638500332982     
   537.16537383255786     
   527.13206037621092     
   517.75523667815253     
   505.61361149973237     
   480.78310682213447     
   474.16519990124658     
   463.93462637430508     
   450.97871860641851     
   439.54856239391626     
   432.68978854131535     
   428.24982721231947     
   424.32640345352974     
   420.31044307827779     
   416.61921856018944     
   413.06170149425748     
   409.32485668298244     
   406.32076493944612     
   404.97302244793849     
   403.11087170666963     
   401.52011052948018     
   399.81935323214179     
   397.67123534297508     
   395.67754498194779     
   393.47303953136708     
   391.90465580970692     
   390.65499602534345     
   389.48859188671338     
   387.96517579635372     
   386.77264281330190     
   385.83323167677241     
   385.67174183332713     
   391.00282316991564     
   400.84490181329272     
   420.52010468398527     
   440.46502064044017     
   446.13664032531221     
   469.07978299196174     
   470.87442267621066     
   479.61778661801912     
   481.12557287116880     
   489.36119442348780     
   512.91876635311360     
   513.02213537167745     
   513.28865407685282     
   515.54980652268273     
   504.19466862857058     
   494.14189169484314     
   490.89499995198008     
   482.85282678474243     
   485.15765868975927     
   479.13779388659361     
   467.09067785800414     
   459.16473781139990     
   463.14199415602934     
   452.00036413106227     
   439.64083982581826     
   434.75918895366692     
   433.43384676599084     
   431.83708140288064     
   429.75945181993177     
   428.63425154745460     
   425.79288727900661     
   423.96967018524163     
   421.52090687897709     
   418.49973635151059     
   414.48916335297503     
   412.41404067127417     
   413.74211639082620     
   412.96944045392053     
   409.68284698120704     
   405.62645999941884     
   403.27192998645404     
   401.38672618774086     
   399.94825775183392     
   400.29498261415864     
   398.52754794131329     
   394.87610430443397     
   392.16032375262256     
   390.63142664316257     
   393.57802126834190     
   402.30346547399506     
   415.21249027586725     
   430.63090022995601     
   446.03664161453366     
   460.05600794026537     
   474.90693668880454     
   489.55352713799573     
   502.20164369675001     
   511.94606908143686     
   523.59557873527535     
   531.11032633805553     
   538.38690432507929     
   541.86815554035263     
   545.23839238117239     
   542.02900499279008     
   536.78313546293657     
   529.83070860764110     
   524.55713356447825     
   515.27647856121644     
   507.08559169476388     
   493.52063039043139     
   477.10187509484825     
   460.35137176489013     
   452.76089503919735     
   443.71648719415089     
   437.42925954589947     
   435.49400851751966     
   432.14440051662086     
   429.24690344586588     
   426.75787426206807     
   426.72319243777594     
   424.60063179116435     
   421.80752785332209     
   419.22770594199739     
   417.28694132891684     
   417.03857431092160     
   417.66728496063268     
   414.91980938949223     
   416.60255693473999     
   416.68177205536585     
   413.67426215461086     
   413.10854652788237     
   413.75695559500019     
   413.56085662001357     
   412.82207308075010     
   411.44883913268552     
   409.31836494312427     
   408.30870098349004     
   408.84191110229506     
   408.72461213389983     
   409.41064267327022     
   410.10250221906762     
   411.67524070857002     
   413.97894974670368     
   420.70880170125940     
   423.46822707745406     
   428.47653979601330     
   424.32875948001191     
   421.07167715396417     
   418.60634072289986     
   416.32201309163224     
   417.67689598099605     
   415.19362505331878     
   412.20007381343146     
   411.26316327296780     
   411.22990292042743     
   410.03427238887627     
   407.79253601818556     
   406.68234119354929     
   405.25211577946288     
   403.51423128926746     
   402.40313786461246     
   401.42707042316334     
   400.37334468301520     
   399.65717746194241     
   398.71757131585508     
   398.23945104348820     
   397.42341031023074     
   397.10275837052541     
   396.73331213667763     
   396.39075579895297     
   394.87991705523382     
   394.79210975879158     
   394.24141837984229     
   394.03880837668947     
   392.37929813150305     
   387.06649450136308     
   388.51576358027364     
   390.85884184311357     
   390.82343534332091     
   386.13249847977937     
   382.59429902461716     
   381.04762201029354     
   382.77378942542447     
   386.06477312219050     
   389.11020881308684     
   391.54013479914317     
   399.09242724305761     
   402.54112781273045     
   407.14269191452991     
   418.59909207651896     
   430.79881904749931     
   423.84027447302987     
   429.12280108564568     
   442.01993819840851     
   450.58775617100946     
   439.94088124714460     
   453.06585857178533     
   462.59322590568286     
   447.37920912334744     
   430.39554219137034     
   421.48676570105101     
   416.46626674558576     
   414.71726486308114     
   413.82383729331758     
   409.43622336627004     
   407.57560804216195     
   405.16261534307353     
   401.74050161139411     
   399.82883721136875     
   399.94131592572916     
   397.13771781039787     
   394.66785868840185     
   394.40880860844197     
   394.06571947850836     
   393.47181769145209     
   392.81409752987264     
   391.16661361619572     
   388.84330248754799     
   389.52566982222095     
   389.45667197875377     
   388.36306550296570     
   387.72492502338588     
   386.74744244762832     
   384.47238800330337     
   384.46520400172784     
   384.41148636216286     
   384.93821782185148     
   384.88086813579690     
   385.45319176777156     
   384.13178689088909     
   382.02989187084484     
   379.94789204618036     
   384.77304326321064     
   389.25517699825696     
   397.31598006961059     
   406.36346207940500     
   423.43619714266350     
   434.44501669121854     
   442.47623781578204     
   445.23961173063856     
   462.98201521647144     
   476.69435112060825     
   481.32151983634947     
   494.15370116994893     
   497.36982026663361     
   493.25506033108780     
   497.27299688714800     
   495.38929177928253     
   495.41399462533428     
   490.49244630082956     
   480.75416478731023     
   460.09042785700137     
   457.85960019571536     
   452.10272895191679     
   443.79304956236541     
   433.05984246679725     
   421.94378862867995     
   412.53449812988998     
   406.37343588466319     
   402.68839195271340     
   399.82333968499529     
   397.22516293402686     
   394.55215403801219     
   392.71012044218639     
   391.29672907898157     
   389.72301917472862     
   388.43275926919421     
   387.28555379475489     
   386.13848089484810     
   383.66005904609602     
   380.89803361409730     
   379.50292486129160     
   378.11660943374130     
   377.19697420178443     
   376.14396688876201     
   374.94494945758493     
   373.81812356530389     
   372.58437571771731     
   372.03130524741340     
   371.67091507236694     
   377.58949223872708     
   388.37868189554689     
   403.32455716450374     
   419.84322135120925     
   433.32078746075194     
   447.16575686364229     
   461.62193536749163     
   474.94991501132421     
   489.53485381516214     
   500.23438725315219     
   505.00221847479622     
   510.70926533264355     
   514.45417368862979     
   520.58333112086927     
   524.70089556663288     
   522.84198228927585     
   519.61359953401450     
   512.45763993735955     
   504.95501042657963     
   494.51124021069597     
   486.27946494428517     
   476.69437884716967     
   461.76710474664151     
   445.80035289227339     
   435.05553527768177     
   425.11309723705068     
   418.38081368916329     
   413.47353522279667     
   409.33247088332331     
   405.95684225984218     
   403.32441227566534     
   400.02816689320747     
   396.80480820815325     
   394.02675119986191     
   391.65895962190831     
   389.07772729988937     
   386.68606145938503     
   384.87069305620776     
   383.19849126657016     
   381.74330469562744     
   380.92641857519391     
   380.81292486046237     
   381.31756062384483     
   381.40835738756357     
   380.52801377967972     
   380.03458199752856     
   379.24901060011229     
   377.91997766765752     
   381.36545715300531     
   398.52706098361915     
   405.04468305642627     
   421.42291339867108     
   432.18866121240984     
   454.08273305162800     
   464.24381999396917     
   457.26155110018146     
   473.67658048591909     
   478.76085944887154     
   481.34412277360491     
   515.41240974471373     
   518.77397942729306     
   530.60781186098563     
   526.07693082823141     
   531.19106720038462     
   526.91825252657600     
   518.01296272545653     
   513.98618482208155     
   506.97813204695024     
   495.99124600112856     
   482.78087321199735     
   469.81465902197954     
   456.62346191634015     
   443.42743010618045     
   432.08963519851471     
   425.05403804283219     
   420.58056055443046     
   417.07182588204188     
   414.52346881657792     
   411.51953951029304     
   407.56789035531000     
   404.59802416995410     
   402.02244683546462     
   400.54410522342721     
   397.81251057074371     
   395.46469409336629     
   393.09363548931606     
   390.67576470744615     
   388.51151772732811     
   386.56789352767794     
   384.92351683670688     
   383.58724912296930     
   382.41659666097996     
   381.58976745604792     
   380.58971973314391     
   380.09939972891237     
   380.10168323120786     
   385.96096229083383     
   396.68626878354200     
   410.28514323529441     
   427.37575934342743     
   446.72251069640697     
   461.91527519002108     
   477.89317440937316     
   491.31044687899464     
   504.02006298230265     
   514.06872514605470     
   520.42914116763404     
   527.06384074305276     
   535.20740194577036     
   537.05564839488329     
   538.13909364357232     
   535.99993557013568     
   531.05597854306393     
   526.56550430601362     
   521.34938597891403     
   512.36520291111242     
   502.92200797824569     
   490.18682945499074     
   475.59199404253707     
   462.38098863383618     
   449.22646032337263     
   438.02550985372511     
   430.73537196268893     
   426.36738206945108     
   422.50462682231677     
   419.16455585775378     
   415.57447024478108     
   411.44548113393137     
   407.97692373257155     
   405.49446489043942     
   403.18079575138285     
   401.02983233666237     
   399.14492494872752     
   397.04604434990682     
   395.46719827118142     
   394.48917982795030     
   393.58570325525346     
   392.39311651667805     
   391.26112992607136     
   390.14756179037374     
   388.27675449895361     
   386.01070414931758     
   385.52777053808728     
   386.01385582313083     
   391.73101246862075     
   403.07530451516175     
   419.28620250536568     
   435.76281499276064     
   448.59710622221940     
   462.99619221337110     
   479.25431734250407     
   492.95651904176998     
   505.72882304841858     
   516.39820586096914     
   526.56634834332237     
   531.83904445290796     
   537.18577992355608     
   544.16720983336654     
   547.06836487290741     
   546.33905305760356     
   543.55797304973657     
   535.83425383795895     
   526.18007194953873     
   516.28263390016502     
   502.80097984832690     
   491.03013339664517     
   478.77457245555212     
   464.31265183067137     
   451.57345412851777     
   441.10084931083560     
   433.18547722784808     
   428.73471753424042     
   424.91850887030608     
   421.62486801154773     
   418.22637235956614     
   414.91936972083715     
   411.49871605805299     
   408.36451535169874     
   405.16988892613932     
   402.18567299540007     
   400.29955892432639     
   398.90407995208108     
   396.70383754965644     
   395.44734535149325     
   394.07553608464326     
   392.43980792252358     
   390.86235822384094     
   389.95582831942653     
   388.58545864433842     
   387.44217030023100     
   387.27917517993450     
   388.89084685582930     
   395.48565104045025     
   406.50851199633735     
   420.94114154140084     
   437.79400579055357     
   458.58629378788544     
   478.18394521972215     
   493.94556671741157     
   508.55240401137593     
   521.03148950236948     
   531.18367382193674     
   536.57148448076714     
   542.06920040865111     
   547.68237767598850     
   525.16399595608186     
   519.78252312799168     
   530.97858238833396     
   524.81081267541038     
   537.39950567519645     
   535.47754253712526     
   525.67557917186889     
   514.62460275989110     
   502.76155911655474     
   486.85888896916538     
   473.88176006989488     
   462.86835232464671     
   452.47047667545786     
   445.77122601832616     
   440.41830674707057     
   435.88466019718697     
   432.08802188000573     
   428.47108392862503     
   425.82415987752586     
   424.50320323715277     
   424.58872472520102     
   424.98351048194206     
   426.98667303070118     
   427.58319986907952     
   426.04046850741315     
   424.13567205663458     
   418.90076241854638     
   418.24237646520390     
   418.70492123673887     
   419.16461521277540     
   418.50382665778420     
   417.20122242666002     
   415.44537161577574     
   414.08579210150538     
   416.15798237405437     
   416.78581817055203     
   419.08350240382629     
   419.82664273165040     
   420.67186215063543     
   424.79990441922251     
   448.24756700887764     
   472.73308312885518     
   495.77499076056228     
   510.72547171410417     
   531.38695125583558     
   542.48972657785816     
   545.39129214699835     
   543.62958990331390     
   515.06506271794365     
   508.68680230122936     
   525.28535041150610     
   529.46343616290369     
   522.69001721533311     
   517.92578358295202     
   508.75745485682904     
   498.10681669004452     
   488.62761427450170     
   478.06604808567732     
   463.39343051250955     
   451.86230288926919     
   441.11456863840817     
   437.56366850105854     
   433.46939059257767     
   427.85199230558152     
   425.28424492594820     
   424.77032540990945     
   421.89663332646825     
   419.42640102331421     
   417.83964494223505     
   416.52718075623920     
   413.75182142052068     
   410.71795222877290     
   408.34299432833444     
   405.92775007232297     
   404.18088023492965     
   402.96181430260663     
   401.45887900404375     
   399.99441865920414     
   398.32600461085383     
   396.78066246432360     
   395.21857741920041     
   394.41909737309823     
   395.50600513239817     
   402.57266347235048     
   413.25819412757357     
   429.92959454093159     
   445.03600363421572     
   457.45357240642727     
   462.62878106502279     
   486.33758712468716     
   508.51630702475416     
   519.12283649491474     
   523.49788647842729     
   529.48796556175591     
   540.00145076665785     
   547.01505981378773     
   541.77047430194477     
   538.47001508647020     
   545.03642077249845     
   541.77045569656946     
   539.06341879980312     
   532.84204527609756     
   523.62366265370918     
   512.53089473271473     
   497.61806992415404     
   484.73389574798773     
   471.74199765519495     
   460.28194466463884     
   449.81010747133928     
   441.81841026020271     
   436.90943824556689     
   432.60418080664158     
   429.36033951191735     
   425.81501502634700     
   422.29706496166409     
   418.62503915768525     
   416.86716073187779     
   414.80835674871838     
   412.26954392998960     
   409.07649411594969     
   406.49325781404593     
   404.71124084009762     
   403.20304170357394     
   399.95420017733051     
   398.60057630136453     
   398.09910510824824     
   396.97823638079296     
   395.02272284468938     
   393.21978589756299     
   392.90995213044431     
   394.46999529506400     
   400.78260808333994     
   405.01295874243931     
   422.27457737088315     
   440.93751803769948     
   461.10160319497066     
   476.34748762186535     
   495.45583334518273     
   504.82669355868825     
   512.51928049036815     
   516.57834630930904     
   522.47717629664851     
   530.08746001890188     
   538.14526345487116     
   539.96975003375007     
   535.99709141932374     
   531.41449142611111     
   528.39017076209268     
   523.94919746553728     
   524.49804186797905     
   517.12671581970085     
   510.25617976833689     
   498.37457433092635     
   485.87664046205765     
   471.24766105781993     
   464.88526338411145     
   453.30196259459171     
   444.49178390054345     
   440.33471905520793     
   436.18905118237581     
   431.60620017038053     
   427.73758845898254     
   424.49324820145574     
   421.67185905090537     
   419.10109365957680     
   416.69305853399828     
   413.76708066845674     
   411.68036317048131     
   409.66042602550527     
   407.92426728234813     
   406.23725346635069     
   406.14340789313485     
   404.28005744050927     
   403.91362411688095     
   405.25769173881804     
   406.05723383698717     
   406.74916071798646     
   407.28082125837767     
   408.66517101188151     
   412.77918905651507     
   420.72428664009271     
   438.49922372905775     
   455.39453148715393     
   467.01115346562744     
   476.44841064175455     
   488.33123176497014     
   497.82937122319521     
   511.63591238054289     
   510.63273650241115     
   523.36124030768087     
   515.19586367127295     
   510.88983954509536     
   509.02114491704020     
   506.64252890576222     
   508.96667880292716     
   517.07395880668003     
   510.23014174750688     
   498.05353568118505     
   499.29030113680000     
   484.68568868644837     
   485.42729656777362     
   472.54108831872446     
   460.31434566737067     
   447.07171073289300     
   440.05905088271572     
   434.80322586264055     
   431.75038821823983     
   427.37043757529983     
   423.78690899329149     
   420.58151788750956     
   418.22137335842490     
   415.90489025675743     
   413.83283570602669     
   411.09986901805934     
   408.69227582524798     
   406.80238615038922     
   405.36295928002221     
   403.33433615731883     
   401.79792819432333     
   401.43230502396750     
   399.98095899601401     
   398.40445673021179     
   397.10837102003728     
   396.17214524503441     
   395.27454108791488     
   394.35717513992807     
   396.30062277458165     
   403.97325228579746     
   416.14670265635544     
   422.26746686966328     
   429.63707822713934     
   449.02538631006740     
   461.73823165960846     
   487.16004083631123     
   465.72857648205854     
   472.13029108720610     
   489.58306983816846     
   522.08407850459935     
   520.00169615868629     
   500.15759637680770     
   484.98969239406324     
   475.31844217533552     
   494.79894319157546     
   518.00902039207949     
   494.68060505996726     
   493.66187729596197     
   493.90797401858640     
   497.81046885671833     
   474.98342242356034     
   457.51065450681108     
   445.11296070652514     
   435.71023466769378     
   430.84831457264477     
   427.08608469587887     
   426.90857456207669     
   425.32812929290679     
   422.47658538328898     
   413.43915246337349     
   409.11380554180840     
   406.56408908141827     
   404.60883849754458     
   402.96717309984922     
   401.76251145271675     
   400.76252675724754     
   399.64914653769176     
   400.00103167741827     
   399.04053568399138     
   402.22989461754383     
   404.11559584512310     
   403.07629991790287     
   398.51803961178655     
   395.10036496723285     
   393.84675031450843     
   393.12462881411727     
   394.36757059048728     
   401.69054371036401     
   411.63141172030470     
   423.77059893547278     
   434.88735558081441     
   446.80232154524401     
   454.27900715719409     
   468.43974972305011     
   486.48104665418481     
   496.67346056621955     
   505.17671006493180     
   516.06198945890799     
   521.80794431909067     
   530.77627154078641     
   531.44304398510280     
   531.84879298480007     
   530.65457800476133     
   528.42272940779856     
   524.49174716153095     
   516.70531506417399     
   509.57623970112127     
   499.34611488463867     
   486.94422336086825     
   472.27686180026967     
   461.16695570420779     
   449.28098928736705     
   438.20148515031480     
   429.96386984212967     
   425.98272027987196     
   422.91518840636485     
   419.09917026987273     
   415.84294424888071     
   413.23799454337654     
   410.00053432603181     
   406.88070024238067     
   404.88030745450487     
   403.35036163836298     
   400.45193742539703     
   398.09438091130414     
   396.50334737160381     
   395.07810214718444     
   393.89767729584338     
   392.68509838731245     
   391.80966198648139     
   390.65972218797680     
   389.22276925345335     
   388.60764827257589     
   388.70741547882386     
   390.98271437980537     
   397.00526759397144     
   408.35345268758419     
   423.93725027301628     
   443.48058688667464     
   463.01865181542320     
   480.42608172766779     
   493.54840133445362     
   503.98328392201489     
   514.17794025526587     
   523.65165240498516     
   525.67733352344533     
   537.43707936152748     
   540.30514917841083     
   539.74660706238831     
   541.66407038029058     
   539.94310570782682     
   535.35077911142321     
   531.50644598060535     
   521.02060185856476     
   513.93772865645747     
   508.87278966520586     
   498.24508190758928     
   484.85323046555322     
   473.99636290307558     
   459.74741350650140     
   448.29214621263571     
   441.22073393057860     
   437.55687010810675     
   433.16432077810788     
   429.22636784394717     
   425.36859839419424     
   422.94723416839338     
   420.96538285776927     
   418.98749084040935     
   417.11571330993314     
   415.83540431859404     
   414.51153172935477     
   413.00011188196748     
   410.68097869108664     
   409.49058860008358     
   408.44086763908211     
   407.64618389002328     
   407.30452750307677     
   406.37533084317761     
   405.30743192881602     
   403.63029889553604     
   402.89837824963178     
   405.45769960264039     
   412.24239125801455     
   423.08202728717373     
   437.96114686715276     
   456.21179573803147     
   474.58352696655970     
   492.57623969562604     
   506.58250875504336     
   514.76337148922755     
   524.82702157130745     
   535.78975256805188     
   539.57660510310234     
   549.60344796993616     
   558.93643152209984     
   559.43955186178891     
   556.07520071905333     
   555.95054971442062     
   544.46463383676155     
   527.27977041345127     
   509.00490976090401     
   499.34670112966330     
   486.22807797542441     
   481.36656989864741     
   466.30850066582946     
   454.80657967389578     
   448.44389619612684     
   442.38915074645433     
   438.94562085083868     
   437.30507646986263     
   434.04852033207851     
   430.61804015699283     
   428.92206018953931     
   426.41657462236049     
   421.61994619786515     
   417.01158001267936     
   419.27058827692753     
   418.23125835358229     
   415.18310431052487     
   414.28416201881743     
   412.73421831806132     
   407.66855409249860     
   410.13341729436581     
   406.86476010240949     
   402.89669738449521     
   399.82460850152796     
   398.50491121707819     
   400.24327511754558     
   401.41020244728492     
   403.09650509808853     
   404.54491780630650     
   410.93852332444550     
   411.96730940424743     
   421.43013290713577     
   439.82607122931512     
   442.12577881262945     
   462.23099061439518     
   462.61601533776764     
   469.16419720246853     
   481.59753922860062     
   502.41523194494818     
   501.55453055020405     
   512.05919813202820     
   490.86160308479185     
   496.03740840310331     
   513.05283192047239     
   517.36177867729225     
   512.33904119559293     
   505.36439955304229     
   498.03109991002964     
   489.05958417880532     
   480.54697157646399     
   467.82173848053202     
   454.82969144134609     
   443.15426489601435     
   433.44950979194550     
   426.22221104447868     
   422.31883003090371     
   419.08047867667256     
   416.09038943684135     
   413.95357976110660     
   412.33615629754053     
   410.46456351498483     
   408.51836515930950     
   405.89469262549579     
   403.51780613963274     
   401.20056473215436     
   399.05569850285849     
   398.25609997109223     
   398.17778920817040     
   398.77879869884561     
   397.98868931251479     
   396.67878462406998     
   395.58459902068188     
   394.52534628520272     
   394.20122162196878     
   393.82947235586226     
   397.38748310030763     
   405.34184721070994     
   415.58719734757727     
   428.64558224347383     
   441.52516288597280     
   456.68921797503026     
   471.17069077241899     
   486.21090193478307     
   499.63634217071262     
   513.61108470932140     
   522.38539907463667     
   529.70857646000491     
   536.38010405282000     
   538.64367218417499     
   542.31880441588066     
   547.74269947106268     
   545.16356678036789     
   541.29547956799456     
   531.91083715306092     
   525.34345625070387     
   517.15771243695906     
   507.02515874145229     
   492.98745971775310     
   481.95218612685585     
   469.34238259214339     
   458.58583042736990     
   447.55818010538974     
   439.01944159716425     
   433.56667749669094     
   429.78330279487568     
   426.33910265014316     
   423.23635973837435     
   420.40321078280687     
   418.02037350688562     
   415.10269872228196     
   411.72070992985931     
   409.19990572583828     
   407.59108385222430     
   405.87939584001714     
   404.08742999008285     
   401.87661104089091     
   399.91292209381152     
   397.54018884502648     
   396.24622391441187     
   394.57756800023282     
   393.21030018099651     
   391.74485456291802     
   390.48618785105737     
   393.67347722428087     
   402.42013062786594     
   414.37599298808544     
   430.68837928075141     
   449.73568653824299     
   470.16293495028754     
   488.33920450105404     
   504.91977990339171     
   518.56540723765670     
   533.50773833716391     
   543.41907136253178     
   552.36088867818034     
   558.35403224492495     
   562.70240407185270     
   566.94122021762041     
   566.62188665026667     
   555.99472293241729     
   550.09706751812382     
   549.25731196476090     
   533.11395413176115     
   531.41011703304878     
   524.42804290121603     
   499.81479226488432     
   482.68551160082382     
   470.37709581816227     
   461.68200002240343     
   454.52129668737808     
   449.41881344374565     
   446.09650168524144     
   444.02788584126671     
   441.01273908240711     
   435.92196455689765     
   432.22371930802933     
   429.06716110418176     
   426.24631306737564     
   424.16701418308145     
   421.08331157423061     
   418.47202862456123     
   415.56599612737290     
   412.90414742850345     
   411.37882637836492     
   411.52552496834397     
   410.77514550735663     
   408.65992480980555     
   406.81992033685049     
   405.04902452980423     
   403.69361459770539     
   403.20707857740445     
   404.25737073746484     
   409.94833213228310     
   428.53746829962586     
   435.53958130410018     
   445.94317733929142     
   469.68160803610419     
   480.97602103405745     
   499.16754362577967     
   517.71329242584591     
   533.63458686507659     
   544.90294164286877     
   557.14901227274288     
   566.00806567457107     
   574.11695201481302     
   577.18603904680083     
   580.82359986121344     
   584.96117183504805     
   574.23501243856435     
   565.56735743479851     
   554.95994649111697     
   542.56767431822504     
   532.56639997400498     
   518.68748967403906     
   504.80288575933008     
   491.22093173127678     
   478.58475251770989     
   468.60449260731303     
   460.03372330117753     
   455.48241699842174     
   453.59328727114530     
   453.74669571933566     
   452.87556562245362     
   451.50336259762304     
   450.13921084370179     
   448.36207036999957     
   444.02617820175772     
   439.82013514848336     
   438.60054285195429     
   440.45713837201646     
   441.75117618734981     
   440.62147659203674     
   437.11132831856560     
   435.62751074019411     
   437.78819992241358     
   438.68811869437587     
   439.18918257636597     
   437.83151180120143     
   435.99687552755717     
   438.14504794749848     
   447.67374367540350     
   458.91898145793385     
   470.64462591494026     
   483.90190377264520     
   499.66149439918581     
   513.78965382723823     
   527.31386787283691     
   541.39417483097020     
   554.81333339404102     
   566.46132361419029     
   582.02266398376526     
   597.52887731517410     
   612.85231856783798     
   619.52349349065526     
   616.02339958062521     
   622.60245909862715     
   620.88401256477709     
   614.24686570312372     
   610.83533135363587     
   603.58856622008818     
   583.47652719305756     
   570.15597408701205     
   557.43930645144212     
   542.28454557131784     
   527.91053758904809     
   511.41159162930688     
   496.90289912818423     
   489.63390383746713     
   483.91292731182637     
   478.08771177888411     
   472.84256602617972     
   467.67925812259972     
   463.92308934283528     
   460.20031016500764     
   456.28012214201397     
   453.76681812840189     
   450.95011433806064     
   448.06360182280832     
   445.64695067294707     
   442.61977226980918     
   440.41133432140049     
   437.96924485701419     
   435.60486870640756     
   433.27448315446310     
   431.26575749817658     
   429.40577488942495     
   427.24205976135852     
   428.40278863739860     
   432.02355223970113     
   438.72165042154535     
   458.82653440179683     
   479.09981210682059     
   492.73625772184124     
   505.93270512776093     
   521.04732125212445     
   538.09624841702544     
   547.04204582256762     
   559.52067134106289     
   570.76890001153174     
   579.93720347271415     
   583.59290174346393     
   585.82829009080137     
   586.85343486978468     
   589.11853846544000     
   587.21002184507847     
   583.12853125810909     
   573.64742472969454     
   561.27149611813434     
   544.80254174128925     
   529.74260393749057     
   517.74626521722155     
   505.38820560615505     
   492.26758664217004     
   480.22782745551058     
   469.36760561039438     
   463.12229528855312     
   457.92105802575873     
   453.81946763958081     
   448.87029961914919     
   445.53904702949717     
   442.04871667393081     
   438.18770071022135     
   435.27643845751595     
   433.20508899684540     
   431.34996757542137     
   429.27593403407622     
   427.25601731825634     
   425.47718901713478     
   424.01003235345877     
   423.35070005850520     
   422.12101764484436     
   420.96181858173622     
   419.59118469561446     
   418.75452999588180     
   418.49488111410761     
   421.67127171254498     
   429.65758793565010     
   441.27661467365590     
   456.41797262621736     
   473.99308346168493     
   492.01658538176270     
   507.20851665171153     
   515.75914757887199     
   528.43157912065692     
   538.53975069168996     
   549.18804163497816     
   560.23330811353901     
   570.19803062618507     
   580.09224863644272     
   583.70643346197733     
   587.50033184489826     
   590.74723703397456     
   590.35049694666941     
   585.91805862117974     
   577.54147523777772     
   570.28803898577860     
   556.99848432173405     
   543.98621961405706     
   529.32818397903122     
   515.43931362570993     
   502.77652634057085     
   490.97178937830830     
   482.32013946271763     
   476.95279738785530     
   471.93716828555824     
   467.39823893166232     
   463.68391596577970     
   460.63956220963001     
   457.73183055635127     
   454.34250314317569     
   451.61879020518728     
   448.96606513334041     
   446.38583274645788     
   444.22384165707092     
   442.82425921661240     
   441.73990872016100     
   440.72403134937730     
   438.85859782685236     
   436.61640195210401     
   434.60481656979573     
   433.03882563493676     
   431.67033609034081     
   431.02168224621681     
   433.63685893710385     
   440.82526801981976     
   451.89761985239221     
   466.40751082490129     
   483.14339366166274     
   504.00805819250320     
   524.82422310188622     
   546.09820455487522     
   562.70830868305120     
   574.84553823014153     
   586.88496899984511     
   594.50068436546076     
   594.26183467582246     
   595.59901722551399     
   602.22310983154932     
   608.31564277073130     
   607.31528945688797     
   600.79377568913640     
   596.02283685271618     
   591.07081177362033     
   582.04659945960339     
   570.17185337364697     
   559.10231206000731     
   544.99653660341130     
   529.81174615753753     
   515.63953299254695     
   504.62376216997006     
   494.14325383251463     
   489.01812554046467     
   484.45522589226442     
   480.92586095491987     
   478.11633929172729     
   475.16584039900192     
   472.37945313116205     
   469.18827611592792     
   467.17285856891368     
   464.99034152203643     
   463.03804898925870     
   462.22975813705978     
   459.19331037510449     
   456.44370034351761     
   453.37484886898642     
   451.91546479474465     
   451.11165357531382     
   449.05747132242465     
   446.79554433306174     
   445.66792653944259     
   445.96145093615189     
   447.47576156601878     
   453.50450211839069     
   465.24153288789989     
   479.76442380797624     
   496.74324091449267     
   517.40767321131580     
   537.38473990793796     
   555.31856862028576     
   571.62054300866942     
   581.71039031437203     
   591.82193367629168     
   605.32464471735705     
   616.08555293384438     
   623.46440752645105     
   627.56777187546811     
   628.24824628965530     
   626.71784527576574     
   624.78144179649871     
   616.19931503424436     
   608.45883583390423     
   599.16796483386645     
   584.61779595190467     
   570.37542813710513     
   554.39554518116438     
   538.51710224427529     
   522.93202095008837     
   507.63348317155362     
   496.81499505848802     
   490.81942331675407     
   485.97332614116033     
   481.73055568943329     
   477.68796813465542     
   473.58519027597089     
   470.00012684305545     
   466.88205697056253     
   464.28818187618458     
   462.04240607446752     
   460.07853427285266     
   457.97947604010710     
   456.06354813935752     
   455.11629022951871     
   453.59924751191778     
   451.82489323711098     
   449.70330540911868     
   447.79627614451812     
   446.22558951630913     
   444.80314464076844     
   443.85200749865209     
   446.50194021022844     
   453.60142082722246     
   465.19693549927604     
   480.69010321190189     
   498.35700631660296     
   517.60805767049203     
   536.16739019040062     
   553.71594952085547     
   570.78180565136120     
   583.72228874749067     
   595.38057341946990     
   601.56603849092494     
   609.25392674624300     
   615.53618628023719     
   619.23340084452650     
   619.90181426514073     
   617.57980568166693     
   611.43515500495675     
   605.50776983035371     
   592.49266992830803     
   586.45118401409945     
   572.22115246592796     
   560.42570443254840     
   547.77453734048447     
   532.80188969556980     
   519.07249623942664     
   508.02486396683594     
   497.60343989171491     
   490.07275300217913     
   485.33233133895294     
   481.39312453897992     
   477.69418028938316     
   473.92503489471517     
   471.83064077608896     
   468.92879335141447     
   465.69977539356216     
   462.90721344989407     
   460.20695291416058     
   457.74006404164578     
   454.97425902183159     
   453.24382400090565     
   452.46922500531218     
   451.46841999895099     
   449.91745985976422     
   447.92572337282746     
   445.92075244554974     
   444.23072288829854     
   443.36215379232755     
   446.05780896197928     
   454.08449556881652     
   466.27620503955421     
   482.56705287934699     
   500.61921289914773     
   519.48394598718880     
   537.49285987835424     
   550.88053754838540     
   562.03867358702894     
   575.90573238482341     
   588.37128717999849     
   601.53640759719667     
   607.74332835741518     
   609.44718358464786     
   613.53272400954484     
   616.16787009800976     
   617.36883026159251     
   610.49987206214007     
   601.36298935881473     
   589.27871318422820     
   578.47113951907704     
   566.65360658913414     
   552.54334647170162     
   537.78404879369248     
   523.40570798036549     
   511.89083116781291     
   501.27727546401968     
   491.86404752928422     
   486.08397681333378     
   481.42063777264747     
   477.82666580543963     
   474.29974156092567     
   471.37980020344497     
   468.33871608768749     
   464.85446114871559     
   460.96805088071415     
   458.13590410073448     
   456.27353694824859     
   454.53194721177533     
   453.35215167785145     
   451.57155424067429     
   450.47137170864124     
   448.56839123228019     
   446.79810017936603     
   444.79484865251760     
   442.89900220441774     
   440.76398461052099     
   439.69346500174845     
   442.28899885124008     
   449.57747532418858     
   460.87885504811027     
   476.49308524425737     
   491.43973130172259     
   509.65060204042015     
   526.99135080035308     
   540.63466416854169     
   552.88163742337770     
   562.49110597272704     
   573.23373895326404     
   585.57273552181709     
   593.31392532450229     
   597.25372201726736     
   601.24603126708382     
   602.33807780806274     
   600.09935221230671     
   593.93965221115025     
   589.40716689760268     
   586.62581332907644     
   579.54104686534367     
   567.56183150709001     
   551.65097109211388     
   536.59129312147456     
   521.48571383482795     
   508.96268450675296     
   496.62101409298941     
   487.90867206619123     
   482.73692571667436     
   478.43654995132829     
   474.61177794113610     
   471.08033626906166     
   467.37553141052314     
   464.18476163352500     
   461.91407324350342     
   459.70354955098747     
   457.32044742594019     
   454.73912379715836     
   452.91314125955910     
   450.76336514548143     
   448.91992269047552     
   447.64901908181656     
   446.46779764004833     
   444.95827186939516     
   442.48664242277596     
   440.40731890416725     
   438.72106589079453     
   437.82238649206556     
   440.70036736210341     
   453.58506018276648     
   471.08318099134277     
   472.27923187206159     
   481.05981377647430     
   500.45328407046276     
   515.42904627903647     
   530.88712348450679     
   548.97234900629178     
   576.31628200625141     
   585.36612538516351     
   598.72642144222118     
   613.83070330902865     
   622.37754039633376     
   636.35629562413214     
   636.43181486706476     
   612.20029233062417     
   594.97465683702478     
   582.12029770058302     
   573.72824155761384     
   575.43321965468749     
   565.67004929414657     
   528.55192498867882     
   512.34434779564276     
   507.52696796624656     
   504.79548415124907     
   497.39998769739134     
   489.34661195303039     
   484.02626370867881     
   479.18682970630664     
   471.28485786449096     
   465.18715665783947     
   462.49044612262327     
   460.72627606656596     
   460.22316162650299     
   459.60762285006138     
   457.19074096296930     
   456.74289950311385     
   452.26026557763748     
   449.91821069190797     
   447.83208163767841     
   446.54968412768642     
   445.02211594272575     
   442.71471633122172     
   440.26018618147390     
   438.24442111037996     
   435.76896263306355     
   433.61361686971475     
   435.34583952650968     
   443.42604749258339     
   455.57873368419445     
   467.73119461983947     
   480.83876974528852     
   494.35112429769907     
   503.07908746762064     
   513.93743632785834     
   528.25422933024470     
   537.95597061899423     
   545.79533353317663     
   552.77468910580797     
   562.24547427414154     
   566.12847093362859     
   567.20053006198111     
   567.73880961617056     
   567.24322957290053     
   562.34161074633539     
   557.50868444382229     
   548.58179741821164     
   541.40929528154879     
   521.18543653346148     
   505.17308816618640     
   499.79194740714865     
   492.13984030299486     
   481.60183216211618     
   472.89691586770658     
   462.72229677181059     
   459.82686346874561     
   460.21837686560667     
   457.91885559078048     
   457.54166937559154     
   456.13600833596161     
   449.11748781831017     
   445.04282130867659     
   442.43268960308251     
   439.82124313126167     
   437.35165341305276     
   434.92799037222869     
   432.75322964690918     
   430.07227707479848     
   427.77666689508555     
   425.97268095021650     
   425.32346653167218     
   426.90112699490425     
   425.78828174093718     
   424.35846880135972     
   426.43992787498593     
   428.31886612309972     
   432.54531308988396     
   438.22974642970308     
   436.02698493753576     
   436.56121928069166     
   444.88548648679438     
   453.77244827577096     
   472.19379671084101     
   461.03557470667693     
   459.60879479263588     
   484.32317777738336     
   499.99884692416998     
   509.87287556985598     
   517.40693449915182     
   510.00947861836357     
   510.82966242739946     
   507.11009711886072     
   507.84169333649322     
   512.13088067090735     
   504.18637680325395     
   501.49360863145040     
   489.16441679120499     
   484.64187594619108     
   475.38106335087866     
   463.59144552494723     
   451.64047723118341     
   441.34614526434262     
   434.05386721331450     
   431.83926407996177     
   430.80106148521543     
   429.13998737146659     
   427.56621814447038     
   426.63807946155589     
   424.58250648741756     
   421.11225351500798     
   421.11908929901409     
   420.30338022540326     
   419.09612826232086     
   417.72256609800326     
   416.08278122045419     
   413.80497314056726     
   414.62137181411862     
   414.70382703797884     
   414.54603491320751     
   412.24020150552792     
   407.80550921386288     
   405.79519818895500     
   405.36814343352813     
   409.86123412742813     
   416.38340001101403     
   424.88606113667868     
   434.95804466798916     
   445.61337518008037     
   456.84826756104809     
   472.28674507319903     
   485.47155312865783     
   498.24241557680608     
   510.83429039599696     
   522.88250859309801     
   530.38928105096431     
   537.46138199866652     
   543.08873959275240     
   547.34901445144487     
   547.30022867314904     
   544.27046124160188     
   540.44774359166934     
   531.93216133626413     
   530.66882970985614     
   526.24989614980336     
   514.05065284093212     
   502.30676503650682     
   490.77440309430625     
   478.93741742197813     
   465.93226778571727     
   455.30257526945587     
   445.74852335921270     
   440.18376549974869     
   435.87215200816900     
   432.89467130508808     
   430.96470216223764     
   428.86334744194528     
   427.65985617003787     
   424.26024019157683     
   421.82341253164361     
   419.21562710099755     
   417.11357510957629     
   415.52278089771812     
   413.85822590941854     
   412.11653284464631     
   410.69850261242044     
   409.63429623221106     
   408.80908164896238     
   407.98796447400036     
   406.99264587074902     
   405.70989838942791     
   405.52605926167178     
   409.93240952724034     
   418.31261306048503     
   429.02962021724301     
   441.68655226301252     
   454.60242091809681     
   467.91500645518965     
   483.33925318904443     
   496.42848281351695     
   510.53981591034932     
   520.71664679686239     
   532.31916781416567     
   544.57402180462611     
   552.95305755015170     
   560.78421408318820     
   560.85895457733636     
   557.75322363600344     
   556.23971916227651     
   555.72542180821847     
   550.35479750082027     
   546.14518643059705     
   534.47738341884849     
   521.67124566371581     
   511.65463302234286     
   497.68381469944211     
   483.58309698004217     
   472.15841275707265     
   460.03096130732166     
   450.24899120946640     
   444.59152678395071     
   440.50056799588310     
   437.66193117199327     
   434.79455058491834     
   431.80309491124154     
   429.43960321705686     
   427.14336713757552     
   425.49484180284395     
   424.23136763948173     
   423.03029116927792     
   421.24321963869482     
   419.84991229085335     
   418.16668051427854     
   416.76144478769487     
   415.38695629120718     
   414.48075591767667     
   413.37545866853475     
   412.33050389399540     
   411.63689061479363     
   411.54357016444470     
   416.03963196482164     
   425.17837860173387     
   437.24749863194268     
   451.93523756638513     
   466.24075220012207     
   482.14281571455933     
   497.40853833401076     
   510.18184641876735     
   521.54753143121877     
   532.20508209672585     
   542.95321711077122     
   545.35072222971564     
   547.11439029583107     
   552.55802999853017     
   556.08716879806536     
   561.07275690112021     
   563.33121805792814     
   560.87409535060237     
   555.96059324042392     
   547.27747240969381     
   535.44297986877189     
   526.36249223213440     
   517.06564059648440     
   505.71029099665242     
   491.54989043929913     
   477.15763281463813     
   466.46363581698478     
   456.75918009253286     
   451.02596386801781     
   446.08311301187939     
   442.38829600835982     
   439.27844015812752     
   437.07018844773700     
   435.51170530910559     
   433.04930782404057     
   429.91790353021895     
   427.47890916375377     
   424.96404019375512     
   422.75974498532344     
   420.95607182107676     
   420.07316414331160     
   419.08870391848450     
   417.41516345581374     
   415.75133294947761     
   415.00025752212798     
   414.53177585682261     
   413.51975727760453     
   413.15541101707657     
   419.37050572202759     
   436.20265112188559     
   442.87100286760511     
   445.98652077257947     
   453.56280378344769     
   461.36615642730533     
   470.95194755117825     
   469.46978376082967     
   480.63198893965540     
   494.65078398005824     
   507.44600086683255     
   498.70459380365963     
   537.31033958720047     
   558.64359632591754     
   563.36661109421573     
   535.14156550878670     
   500.42721349759989     
   487.69398166124603     
   493.00490406111885     
   518.22179962603309     
   488.54033282677381     
   476.72953023528498     
   477.92924213470860     
   468.22378913429168     
   463.03934896811217     
   459.31483590534424     
   453.13093863066388     
   446.79719513935896     
   440.17070859081753     
   437.34188114293516     
   434.48209685554758     
   433.32823811487077     
   428.61498048488176     
   424.72984664546652     
   423.33181718070796     
   421.99663097313561     
   420.19302728338982     
   419.64413085371490     
   419.63662034772193     
   418.87487948427150     
   416.26090616490677     
   418.03553741502219     
   419.76859504480393     
   419.19815503580179     
   418.98939813899909     
   418.24450347868810     
   418.84686384226512     
   419.55635627450300     
   423.56347419344797     
   433.50462136740629     
   436.85212307825424     
   435.48423326852514     
   433.79391272902114     
   446.89817487752896     
   471.06597701440467     
   492.28814337492412     
   476.62016421375216     
   456.46387183353994     
   456.91125197083704     
   475.32365098022075     
   494.55508727171008     
   518.70305551463832     
   525.63845930538491     
   535.97654824481549     
   535.26732696966542     
   538.15202102037006     
   534.78615367909572     
   524.65350111293537     
   505.14767291546701     
   500.83864738433516     
   478.17833033706466     
   475.28827773730069     
   470.79604331579628     
   460.47744347242963     
   450.87051418533565     
   442.27489543597119     
   434.08719938713153     
   429.24854473740641     
   425.15126239510670     
   427.98713617158802     
   426.13095056027572     
   423.52423780959015     
   423.69989540002092     
   418.79549020794730     
   416.60874638807240     
   416.22295439599162     
   415.94806990061022     
   413.41873829470103     
   413.03995372892956     
   409.55680897682095     
   408.53265247494880     
   407.02299220076424     
   407.02963427733846     
   405.93579436814304     
   404.55132819259762     
   403.26229236103467     
   406.58249873353952     
   412.49437341851802     
   422.37691566393778     
   430.47425500300636     
   445.49539748732889     
   456.30621761291002     
   476.01501477810478     
   489.94518697807450     
   503.33061765721891     
   517.26866452074648     
   524.49134168574233     
   500.18170018909996     
   532.19412431149715     
   539.67409768693472     
   517.25729873880289     
   506.56950931041740     
   485.73111205746090     
   472.27143492611526     
   499.38035868380848     
   519.09039553261107     
   496.01505968845788     
   495.33176043408071     
   488.17956135332332     
   475.81118707746640     
   464.84136118877871     
   453.44599606372060     
   442.79603733843561     
   434.17445643312101     
   429.46127046603362     
   425.64153865721369     
   423.01698020743459     
   420.26361007943643     
   416.25971093507741     
   412.21923750770821     
   409.03644636573966     
   406.73125363501674     
   405.40354561809653     
   403.79411939362785     
   401.44827175303254     
   399.39148207789702     
   398.20942727280197     
   397.04079985975829     
   395.71314072786498     
   394.66340198282103     
   393.87871843265015     
   393.17457371788294     
   392.31878164711816     
   392.00334813479299     
   397.09002433290328     
   406.88719967983781     
   421.14023839697586     
   437.71221521239335     
   452.52417977405230     
   468.43900031227173     
   485.04804850765760     
   497.20727932325462     
   504.82426457272481     
   513.22801944193952     
   521.63824278812649     
   531.17413144710588     
   537.54299813140256     
   544.38909818274112     
   550.41244416227437     
   549.46362827291398     
   546.62059889518707     
   548.76555773952975     
   548.77424996330603     
   551.21268364353455     
   504.36808530735510     
   478.64168439682629     
   474.63377466140929     
   472.79370346222390     
   469.01945386117939     
   463.44662411766194     
   456.78931595602472     
   449.41616773460896     
   444.12307386530057     
   436.62281555491353     
   432.01212303785832     
   427.13866826767793     
   423.74183892539060     
   420.66306853901949     
   418.26225170641067     
   415.16938805451201     
   412.79861495637783     
   410.20726149242017     
   407.72667492046037     
   405.29306494991005     
   403.73863179868363     
   401.46975699477889     
   400.07017396677554     
   398.79857513497910     
   397.71878380557814     
   396.71224766577751     
   395.66028526249352     
   395.11402412311804     
   398.82998058568518     
   408.00989352977604     
   421.23785473154157     
   437.81050736765025     
   456.06194197562752     
   476.41284816525240     
   490.77255780825828     
   503.69503141931665     
   515.32180317348832     
   526.93235062473707     
   536.80064203233678     
   541.88130360090724     
   544.40811570808819     
   544.71004930467916     
   547.88933536086108     
   529.76033972649611     
   515.16882872169458     
   504.20743248003703     
   501.58721330988959     
   505.88566565946985     
   499.18873066902489     
   489.56977535844442     
   479.77442018318612     
   470.38176772795578     
   466.19082858040383     
   456.41303647838862     
   446.83611812145648     
   439.98233560946073     
   435.38497333936351     
   431.87343488957771     
   429.51748469356687     
   429.29515613267978     
   425.73995791286217     
   420.66957977604119     
   417.95532075767460     
   418.02637145767483     
   414.82510807114227     
   411.83144903890945     
   410.83760596325112     
   412.37417661832086     
   413.55138127918065     
   414.54937100761725     
   414.24254485642797     
   413.91597485434818     
   414.18522130809737     
   414.70090585854655     
   414.72873965281127     
   416.22529844078696     
   415.49812619274007     
   415.80453732641104     
   416.62990120291079     
   419.64666458759632     
   421.52943440530373     
   425.21181198856686     
   427.34085644595029     
   428.71216630770556     
   429.02610144371295     
   431.47582810559959     
   446.56908903435374     
   483.35300919214035     
   507.23810970459499     
   528.68071056351630     
   546.02194674420184     
   550.52238753963650     
   546.04772097580269     
   541.27393782035540     
   539.53998006987729     
   538.55299270808814     
   514.50788310608255     
   515.00777457961181     
   506.25725661663415     
   493.14291128558597     
   480.21420993164173     
   468.07267400522954     
   457.09581434237305     
   448.53953264324173     
   442.86106976483120     
   438.38370702948390     
   435.48923381015373     
   433.12143795754736     
   430.23263333663863     
   427.17220339164464     
   424.92830491120941     
   424.25963518398112     
   423.07809658831582     
   421.31618734936120     
   420.67086140063708     
   420.89623294462240     
   419.95541064885094     
   418.40260787720456     
   415.91416765608864     
   415.79710198670421     
   415.80849788067326     
   416.07271783805487     
   415.96245413065708     
   413.25239289164790     
   413.42653672449921     
   422.69616344538974     
   437.39975817885863     
   449.27462239717784     
   465.02370795100791     
   480.03603058804202     
   493.30755236732102     
   507.50545841758418     
   521.96186619658840     
   531.59192717006704     
   548.93378719412340     
   555.22313000738563     
   562.32485110768187     
   568.91682768292617     
   576.14797324611573     
   579.80180280832030     
   572.94538571801411     
   533.10675742122237     
   515.99268430602683     
   506.91577457140716     
   512.71567170005551     
   504.49701392948930     
   502.31204527321381     
   493.22141963637665     
   479.08403756663290     
   467.71787285300815     
   459.33827587630833     
   452.80971905094901     
   448.94396038934178     
   445.49379428222892     
   441.27101447179007     
   437.05935521479546     
   434.42601787164625     
   431.64218016281609     
   428.29187803310668     
   425.08317687885597     
   422.81813844494684     
   418.84813849116216     
   415.93006627308552     
   414.86796319897752     
   416.56559069026190     
   418.01582253893838     
   416.44029067086240     
   415.12803616559586     
   415.88597301225821     
   414.82829519960745     
   411.69068450099098     
   410.92069596645405     
   415.58567195095281     
   419.66395439131998     
   433.43729607328396     
   448.37528009371175     
   462.37317792537578     
   479.92267921618748     
   453.99708644406599     
   445.66610600764704     
   446.28886150781057     
   461.82249901661891     
   478.21883591585924     
   475.09724469322452     
   497.77341017749160     
   516.46284970710974     
   513.55075664774279     
   502.84908432659870     
   538.89468961619912     
   536.20840298153212     
   538.17469184576066     
   533.56317225687781     
   528.32187008874394     
   517.42214163116887     
   503.82298741115511     
   492.47957153538164     
   480.39639340159829     
   468.14651154724373     
   456.78545201424691     
   448.14637231817170     
   443.11830871293313     
   438.67262111285334     
   434.76133299936436     
   430.54567998507480     
   427.56544814570384     
   424.78818737286633     
   422.23348191517607     
   419.56997931739926     
   416.22334601658508     
   414.13962258929973     
   412.39738972234454     
   410.36233866359242     
   408.05431506169873     
   406.15881897067146     
   404.47460272733065     
   402.97608102853889     
   401.71895440982337     
   400.74113482385764     
   399.81848804358026     
   400.18953379738338     
   404.66431867426161     
   414.31511887087174     
   427.57181739573292     
   442.79158170535572     
   458.31853477686093     
   474.83675583467192     
   492.34312762006260     
   505.81028524360073     
   516.98290976098122     
   515.11217174205410     
   533.03209046420704     
   542.70815948458051     
   550.50898933083909     
   547.56180436484692     
   556.38198478436357     
   550.09970895526624     
   538.43952465167695     
   519.20233680083038     
   504.72645349243328     
   488.16405087509480     
   490.27724637374411     
   477.13316899813930     
   469.36658249470639     
   464.37301956426325     
   463.96455813343960     
   463.94917241865858     
   452.50232172418276     
   444.47885865640450     
   440.94405598294588     
   438.23648458085603     
   434.69816256686943     
   431.49223859822536     
   427.66284025201088     
   424.70829169731121     
   422.40185425160865     
   419.75273472466750     
   417.36418390079081     
   415.39008702164716     
   413.39606435809810     
   411.51946302919839     
   409.24849694779226     
   407.90067736855951     
   406.17801415453647     
   404.54225460669312     
   403.08474078278448     
   402.59393896266351     
   401.63330594643026     
   401.56817755313864     
   406.56024546554738     
   416.21342010734548     
   429.49462756210630     
   446.22943807133981     
   463.25844092832858     
   479.09628346391037     
   494.03881781282854     
   508.61429628487718     
   521.99577331206319     
   533.39952692746044     
   545.81461963729555     
   552.78101411852276     
   559.06996565807844     
   564.91879212585650     
   570.45642945265615     
   571.82764799207450     
   571.79458983364850     
   568.40324075926765     
   559.57928681024157     
   550.34722376409775     
   543.21846420927420     
   530.56383752137890     
   519.51851133128196     
   509.20417723004329     
   495.94224434895818     
   483.25874450461561     
   471.38461744634037     
   461.15700496398864     
   455.07881918811950     
   450.46093323719708     
   446.87050495654864     
   443.15743082159912     
   438.94241623277225     
   434.43939756891206     
   431.04694478446538     
   429.14903142048985     
   427.03304083122151     
   424.62412007903112     
   422.03154786445060     
   419.58037915926917     
   417.45105422064665     
   416.06498551433492     
   414.38143666946416     
   412.20522497659249     
   410.20235499977127     
   408.43929465608556     
   406.77355329825582     
   406.78328340895280     
   413.11611980779429     
   424.16961272857867     
   438.39306222886489     
   454.29827786205743     
   471.14335924959028     
   490.44565168008552     
   503.41540817401653     
   516.05447856257933     
   530.21854529406573     
   547.36964702478713     
   562.90597700220064     
   565.54182525194528     
   567.04159926631507     
   573.02247115680439     
   574.19405413732329     
   571.74734226812552     
   563.67027200262748     
   557.05508567110235     
   563.14308696191938     
   558.55387267400545     
   546.10155030790338     
   534.81441169005859     
   523.67237671694625     
   511.41755725713915     
   498.04261511662452     
   483.73434047951514     
   464.08570160988808     
   455.31155104819499     
   448.99462141428529     
   446.51164713874925     
   446.79129778043028     
   444.86925094054362     
   444.18181602340621     
   446.90546690289943     
   447.63105074915796     
   447.16161099058161     
   447.84105478992399     
   446.07846691429694     
   442.00149557127412     
   440.18422502781294     
   442.22630921155098     
   444.30196850220005     
   445.45935579897218     
   448.76813754224116     
   445.74008309272693     
   440.43389942933572     
   437.66292372528505     
   437.28794050649992     
   441.82261701868583     
   452.89617257963863     
   463.55182201865318     
   473.46766166780429     
   489.41056890952490     
   498.29068209069777     
   504.76273066486488     
   513.81338221892861     
   507.26173750530023     
   505.27688415925621     
   528.53673342293780     
   542.52552402823437     
   550.19904714058441     
   554.71693696981788     
   559.09613467929285     
   561.11300960344749     
   562.43793579476392     
   562.61715676803703     
   569.53625032105788     
   555.19383459024857     
   541.30130059370811     
   537.61912503773146     
   519.55069052510044     
   502.14095847566529     
   491.97135813818397     
   480.83688420270477     
   466.02726618560774     
   459.57469016925427     
   459.19313999438845     
   455.34384161365989     
   450.22315215970451     
   446.36088552253955     
   444.89141229561329     
   443.54813467712739     
   441.53701774970494     
   442.27622322643532     
   440.19479539564122     
   435.89956447810692     
   433.52618092472181     
   436.34187069534380     
   438.45340675450365     
   432.15455805951973     
   427.34060868043082     
   424.65711286727725     
   422.77436527892871     
   420.85116969974490     
   419.19995135292766     
   418.67377241330530     
   422.88867896437779     
   433.32510059934259     
   447.82981341090715     
   462.89376373133712     
   479.32213746650928     
   494.94262745260937     
   508.95918450491058     
   520.23921045001987     
   528.78181423574358     
   538.51270893137416     
   547.78313037352905     
   552.52510213310950     
   565.62350855112061     
   563.88867330560004     
   562.31447686327522     
   559.19042879274195     
   556.81968224212824     
   557.30805301852092     
   552.28921185580589     
   541.59123047679714     
   533.38831653307295     
   524.82203830847402     
   513.77404455322471     
   497.94336885324014     
   486.79577436688459     
   474.91713204105355     
   464.40089309402356     
   455.83706212067807     
   451.65798497487464     
   447.40350404587656     
   444.06409360001140     
   440.80668556515252     
   438.54385367891848     
   437.19251518015329     
   435.51784542140399     
   433.52369097229280     
   431.16462856580284     
   428.92775031062030     
   426.77172564367277     
   424.18787412274276     
   421.88208658562746     
   420.44731689587593     
   418.60942359074568     
   417.16850739945221     
   415.62564906233564     
   414.14535409939242     
   412.75285094252439     
   412.92775895050187     
   416.20389762950157     
   427.59544237125544     
   441.63969384763891     
   460.24111122258574     
   478.10435588312913     
   494.56461907665135     
   510.69457766633764     
   527.14093042461775     
   540.09891465050828     
   548.92172286720506     
   559.87240460677731     
   569.30187368112104     
   570.67412709232644     
   575.20108482239868     
   579.23341189306109     
   582.18860282184312     
   584.19422393131015     
   573.62244425360120     
   565.83898620108982     
   562.63921706195310     
   549.43444778368348     
   539.99425109381139     
   527.37246995805890     
   515.81309473624140     
   504.95986165307050     
   490.64438598541767     
   478.74731334737498     
   470.79838972299888     
   466.14296149882892     
   461.81036341764923     
   457.96349058354599     
   454.09918582296785     
   450.60701382199375     
   447.72480193649506     
   446.37530995397708     
   444.69648840973593     
   443.01649101753685     
   441.51531171652755     
   439.38995853388354     
   437.51237846659797     
   435.62509521627749     
   433.96727978479169     
   434.80099883170880     
   437.63513571463733     
   438.48036849299132     
   437.27253398606138     
   439.33683399599607     
   440.56638252307937     
   441.97288966605385     
   443.91095936723735     
   448.83564102154168     
   469.46014037942081     
   487.10672163184176     
   496.25172923962356     
   516.83500964951872     
   534.25669625647595     
   547.85294048832134     
   564.53688932902196     
   577.33482630497531     
   579.40964174897647     
   580.32664542709108     
   589.67920175589427     
   595.11086002351908     
   592.94156361802504     
   590.56563568927538     
   587.92884639936460     
   580.23119029697591     
   565.71612792238943     
   554.36494617270705     
   543.66131097434300     
   541.46334781167741     
   532.69633042999942     
   510.34126402098047     
   496.11455723546169     
   484.33680548535796     
   475.38939262515754     
   469.91278206457343     
   464.71334046048486     
   461.53042087751362     
   459.86999470770257     
   458.02901631151451     
   454.31551958714959     
   450.25791982421345     
   446.63595365986862     
   443.55749844980164     
   441.43982789195377     
   438.70076081503345     
   436.49767023036031     
   434.56099023724533     
   432.76014702230606     
   430.88118426605888     
   429.20558074421569     
   427.71561053570895     
   427.13090451612811     
   426.44396421953593     
   426.69288614244988     
   432.37528056143714     
   443.27201374565936     
   457.37573784924854     
   470.95741484122760     
   485.02014358345320     
   501.31988364410961     
   517.80517274074953     
   533.46567426637444     
   544.50860791118396     
   554.06773666142578     
   561.37183877569885     
   569.33261155716309     
   579.02832192430901     
   575.49165707291331     
   572.28728539915289     
   575.96946497382771     
   580.80463278537218     
   572.30913285628480     
   569.40360954813104     
   563.38196178557507     
   554.93987213350999     
   543.12230006859193     
   530.51681442914025     
   522.69665392108811     
   512.25341984564227     
   499.48149433708312     
   484.68333134741579     
   471.31963099309354     
   467.50532500486946     
   463.15243047002087     
   459.63352684902111     
   455.92122690038917     
   453.60260755689814     
   452.06732737663947     
   450.35443964540059     
   449.78363810310736     
   449.23924103110193     
   447.99283521785304     
   445.94190607933456     
   443.73677861778629     
   440.48029896539612     
   437.66005673644196     
   435.54432109154260     
   433.67069796911647     
   432.06445272208197     
   430.97694255114203     
   429.21615211719239     
   431.39722359227125     
   437.69772347556841     
   447.39722976360963     
   460.53353366251650     
   475.51043085711734     
   490.82471366887785     
   507.14782107295821     
   524.13049688241870     
   541.05059817781819     
   552.60851828213504     
   559.24209010579364     
   568.86687760808559     
   568.12079754484705     
   569.37601597984724     
   576.20887003218104     
   577.07458558324174     
   576.05491147597775     
   568.80377060154694     
   561.56389575449839     
   563.22819054449292     
   564.85420626168798     
   560.60960258878197     
   555.79651485671377     
   540.01317045443568     
   524.76758341352786     
   508.94430937941945     
   492.15604082357618     
   480.09304208263939     
   471.85089113601265     
   467.74394293155535     
   465.68463411482014     
   462.62241289759243     
   458.75921855818143     
   455.77517769899322     
   453.27851316830430     
   449.66315463019077     
   446.67524214279564     
   444.28727865923452     
   442.01373476808135     
   438.87364716534142     
   435.51775364018511     
   433.16148746276320     
   431.54192817346700     
   429.79847745453498     
   428.45983101026923     
   427.12024198220178     
   424.92732160008154     
   423.40108988736063     
   424.35536536743138     
   429.95017870648252     
   439.76756079891845     
   452.83924318951478     
   469.32569563706124     
   485.85736823616065     
   500.32597179009088     
   512.01676026249606     
   520.80551108304428     
   529.14937152404093     
   540.71463227722143     
   548.23643461588586     
   553.55581253993898     
   553.69751628285951     
   552.84488886412066     
   555.41514191540341     
   554.08581297514684     
   553.02835859490790     
   554.89908420223207     
   552.49274314247964     
   545.40850596823157     
   537.86315687329727     
   529.82391051539059     
   520.02201533863479     
   504.23033169710129     
   493.01686720845805     
   480.75664106893197     
   469.14209053883286     
   460.22195284957701     
   455.30675831994949     
   451.01904944791909     
   448.10225141699590     
   445.01225333663228     
   442.31978096160543     
   440.18271636564782     
   437.85586621600487     
   435.41182257992426     
   433.05764459387439     
   430.89173083844702     
   427.95269392372262     
   425.95352795866455     
   423.77967422491059     
   422.04622520106659     
   420.04929244129613     
   418.24571351403728     
   416.63885698031430     
   415.64678570027269     
   413.83611216525566     
   414.20477832652085     
   419.34140815195252     
   429.68551860246578     
   444.36187445372752     
   462.46522312352124     
   478.10793026219631     
   496.92460865144744     
   510.42607401862307     
   526.08363828407141     
   539.66545234029945     
   545.19894617584191     
   553.37842517279728     
   555.11587150754031     
   560.99305645665311     
   563.49298969171878     
   567.95252052901913     
   567.10406155070791     
   564.93546962650885     
   565.81663571263084     
   567.45188147224030     
   564.70880903370016     
   551.57703933091000     
   540.48889413234667     
   523.86896727894521     
   512.42063403889688     
   498.22143549125497     
   487.29155513160055     
   476.18206177319564     
   466.55004063657185     
   460.63472958199975     
   455.32160193763787     
   451.30121387339318     
   447.92983528561916     
   445.09871643206691     
   442.79140761048899     
   440.86090765318698     
   438.20068620690859     
   435.76466895268186     
   433.01262804438056     
   430.24082322492609     
   428.10953555958025     
   426.91299146525620     
   426.33227377121335     
   424.57530464084465     
   423.57765867033140     
   422.81570227924271     
   421.26085588554713     
   420.17260390932461     
   419.45199402651104     
   424.45126694469019     
   434.27354945277261     
   448.28473427549056     
   465.95419598810327     
   480.08554901521597     
   497.06296735350958     
   512.53399886023703     
   528.48147339487628     
   544.53983545727385     
   557.14306692940170     
   570.70554059955657     
   576.24329087652870     
   582.89321935703867     
   587.01539497564318     
   588.08243381343857     
   590.42220145299109     
   589.83636581369115     
   588.67048483085046     
   580.24287089284417     
   569.10728820151871     
   560.16443960445315     
   550.49775027193527     
   538.26515223903448     
   527.36286727083166     
   514.38498627786623     
   500.44177610439317     
   487.89439256132852     
   479.35032887741238     
   473.37043241219055     
   467.61805472008177     
   463.58277455540656     
   459.36338614197984     
   456.22629160221385     
   453.77528135668462     
   452.38638519510113     
   450.33292981492167     
   448.27854423635989     
   447.52318011442435     
   447.84307323939964     
   446.64236580160116     
   445.27177206024743     
   443.21011411853766     
   441.78739760411526     
   441.44844732119913     
   441.33668956688916     
   440.62890510075550     
   439.79420932108360     
   439.22103724573276     
   444.25951123514682     
   454.55235970152768     
   466.89588233382625     
   483.20176274904105     
   499.28502236074729     
   517.39100651574392     
   533.59464581872248     
   543.18962424869517     
   554.89353212957599     
   564.47525421809848     
   572.50835578636804     
   583.11236882422088     
   592.65323451546294     
   600.39291934834341     
   599.51689781794119     
   602.09043095424227     
   601.72850667247042     
   599.08661616882603     
   595.50774113407010     
   584.26064005302521     
   573.29335618569087     
   562.57044549912075     
   536.17358440985777     
   522.01935704833966     
   513.53708696417402     
   507.10387627388877     
   500.09894699335052     
   491.87878456046792     
   486.70490844535129     
   483.52251141156478     
   481.25724161859011     
   477.33714407667134     
   469.86309171607127     
   464.75146422591422     
   461.95974942549890     
   459.87727892205885     
   457.13481575899237     
   454.61953649369582     
   452.18779952802259     
   450.49358954492578     
   449.10996620366154     
   448.34166439962519     
   447.65810968221098     
   445.75824044089109     
   444.71798261495564     
   443.86186434158128     
   443.35752988288908     
   442.89881947687763     
   447.41965252353225     
   454.97450267856465     
   471.45291374592608     
   486.09645007553979     
   500.58045023546492     
   514.87335908625857     
   525.96990436127930     
   539.79181990733389     
   555.87469394578284     
   567.66083553234228     
   576.05716331688689     
   584.10763414533551     
   589.91536946974566     
   597.03278357669330     
   597.17314810319533     
   595.12630555684188     
   598.20364056113226     
   593.71230340584623     
   579.20099896745285     
   571.57668656745170     
   566.81216473834820     
   554.51756351880533     
   541.17222111917738     
   526.26137735556972     
   513.83119062736637     
   498.08276088190667     
   484.97794313821629     
   477.98184733951734     
   471.66879959002625     
   466.29275703918483     
   462.06266890793808     
   459.70521286491584     
   457.26682554654553     
   454.66293448125504     
   451.99630938294450     
   449.17861731448704     
   446.39183496259523     
   441.97289913798596     
   439.40770626262378     
   437.12684173264722     
   434.17829574126466     
   432.74941245214285     
   431.13086501995116     
   429.55424926231120     
   428.92549023997674     
   428.63192968313967     
   427.25466232619249     
   427.59538287301984     
   434.00604598590377     
   444.92417726931694     
   458.78637643255615     
   474.71281523803322     
   490.68004631099086     
   504.35943531556677     
   517.05273642076213     
   523.45359157733765     
   533.79897419099689     
   541.63354198442721     
   549.81797934409394     
   557.27050139774883     
   562.38167044452109     
   566.20560359531362     
   567.40896950981380     
   566.11014194585312     
   564.74546063699586     
   563.61084357961010     
   557.20698061154064     
   550.18637266739222     
   541.10844237735478     
   532.81157755509400     
   524.05891918178236     
   515.81305576824616     
   502.11826455231233     
   491.72224576646050     
   481.59018078464698     
   472.76212186760051     
   467.57606026448030     
   462.48342729233133     
   458.17625419677017     
   455.26320816291280     
   452.67033290571453     
   450.76047551325456     
   449.24976264804496     
   447.76029906251176     
   446.02716679458712     
   444.29157529424407     
   442.69765984555812     
   440.88936069186730     
   439.38887436208563     
   438.40939306195162     
   437.53895471896959     
   436.56649720533136     
   435.56260407929335     
   434.10826802009524     
   433.27581865031732     
   433.56237263869542     
   438.55612399788913     
   446.72889840636401     
   457.69590535252740     
   471.03914353951888     
   484.20227189793150     
   499.82562710736192     
   514.18651623214635     
   529.18870333427719     
   538.66335514575064     
   551.28264412256635     
   561.20828193165175     
   567.71350317584938     
   569.35085111419869     
   574.68772734240849     
   574.73878335301993     
   571.03470346007987     
   569.23249941798940     
   567.10860288633739     
   560.76154742648600     
   553.19439431485364     
   547.22436948762174     
   539.09864684876322     
   527.27864367705035     
   517.40303435200053     
   505.48555224199310     
   495.38745334930576     
   484.03435374805963     
   474.66843175275704     
   469.31943898103015     
   463.75080196947800     
   459.92714505457809     
   457.04843085135434     
   454.12754247603795     
   452.39609710480102     
   451.22820539207589     
   449.88046064319747     
   447.44626513150922     
   445.31100050627992     
   443.73024149706185     
   441.70092302739999     
   439.95187924712519     
   437.91644320946483     
   435.98710572380861     
   434.50470647892314     
   433.44575436497104     
   431.95170430234555     
   430.79558766122818     
   432.67880424720465     
   440.70094332071324     
   450.48343722719630     
   462.25804906287732     
   476.18671540377147     
   491.18259600628892     
   505.97592600234896     
   516.07102668128243     
   525.85765312045532     
   541.88540379638994     
   556.29813344670049     
   563.27718472770755     
   569.93076499135907     
   572.74208795940763     
   578.82033545260981     
   583.36899268465061     
   582.44583195713051     
   583.77165473740718     
   577.30944233216894     
   573.71283340282855     
   572.36067986438047     
   564.54000586024426     
   551.72046805637319     
   533.44590642523713     
   517.90309816704939     
   507.68833716694121     
   496.32544980132911     
   485.16958905855529     
   476.07934970521143     
   470.48827325854739     
   464.49130110770898     
   461.40522010433887     
   459.23968178499842     
   456.71874548049163     
   454.38203949471313     
   452.20860748799640     
   450.64781645724457     
   448.58447589279149     
   446.33057191530980     
   444.47969684668726     
   443.46075968903222     
   441.27617818633013     
   439.30443005659492     
   438.01697666888975     
   436.96592626751413     
   437.20023563613557     
   437.18526953556955     
   436.71465337765920     
   436.21055359505124     
   439.51315230876514     
   447.43991313268282     
   460.61097840800124     
   475.82729835993661     
   493.33051476164189     
   510.96251242104904     
   522.12368788365143     
   540.39805583794111     
   556.13844585664924     
   567.46795536840398     
   579.06029856968121     
   587.11934605969282     
   595.95344859179545     
   602.43177840983060     
   602.42529396838358     
   607.78485181763313     
   613.04942137992145     
   611.63649158322198     
   606.03637299635830     
   597.83167545168510     
   584.35033393549293     
   562.51586121546268     
   536.68239596723129     
   529.57072011095624     
   525.31015171651188     
   518.29490694805634     
   511.72998538126990     
   505.15939171492977     
   500.60792114871663     
   495.26122421370206     
   492.26908451053578     
   489.23055072508595     
   488.12221868086596     
   485.32945515568144     
   482.95021862644001     
   481.13198035511761     
   476.81833017760050     
   471.87978788303326     
   469.23843798250334     
   466.53197898836220     
   462.95907917193955     
   459.09626156990862     
   454.60589663136085     
   452.71790720129388     
   450.79955278831960     
   449.74702617183016     
   448.51777185775171     
   447.09671449247821     
   450.66904995870743     
   458.91254850687892     
   469.55934161437671     
   479.03414961033070     
   492.76901920241136     
   510.36471780345039     
   524.95299998438475     
   540.39433609687148     
   554.72991496364511     
   564.61666934561845     
   570.93009767422006     
   574.48793494061943     
   577.26220608380811     
   579.60751151980253     
   578.53725465618481     
   577.43541056466199     
   577.27758834443694     
   582.30535855738628     
   578.26849163714735     
   568.31693023956689     
   560.64544613361807     
   556.06953209092501     
   550.05071702856424     
   538.93026218541183     
   528.19207406173609     
   513.64264386792581     
   498.96266219755080     
   482.59496578866447     
   474.73889540566256     
   469.72728118769010     
   465.65351624110616     
   462.76425965076464     
   460.15972196122362     
   458.00166777149701     
   455.88767201995842     
   453.69373238721897     
   451.63153941733066     
   449.55072809674471     
   447.46882542131067     
   444.58800550201710     
   441.24755826884746     
   439.63982225918068     
   438.33340282872842     
   436.26859540482053     
   434.75442292371605     
   433.12933663937150     
   431.51244215958883     
   430.91862125930248     
   435.67019456147113     
   446.17787624239566     
   459.45909570650701     
   474.00963568565987     
   487.93371377498983     
   505.29352174392920     
   517.91361749936993     
   531.64798446826148     
   541.14238067696067     
   550.39945220065613     
   557.57767970950772     
   565.26101455577907     
   566.49995268301757     
   569.86859637763234     
   570.55624383887130     
   569.37728078760188     
   566.99641495383230     
   559.60079770600953     
   553.64512311065380     
   522.65189596423124     
   511.99219683481073     
   500.03652613692003     
   491.13295550469365     
   488.48776057612116     
   487.72406655247596     
   486.83988437487596     
   472.20686040469531     
   460.84304974809663     
   454.10393996766783     
   451.30093723595115     
   449.48016829291583     
   447.52690366074671     
   445.34282388728741     
   443.70643833670306     
   442.11329943991188     
   440.45508570092966     
   438.95223750824766     
   437.27673187710980     
   434.75867780958157     
   431.98768352065645     
   429.98785679331405     
   428.10587305543811     
   427.06097211221561     
   425.75321077776141     
   424.38469112789579     
   422.88186962204617     
   421.22482709157066     
   421.39542904178484     
   425.63697451088603     
   434.52180309343714     
   448.00151339215284     
   466.40531714358451     
   483.93364306068997     
   500.58989346224399     
   512.51020960047481     
   526.05832220474986     
   539.34848456873931     
   545.97998436516764     
   552.26027469038263     
   564.45712120831888     
   571.98406539748021     
   570.22551712134509     
   570.97214191974297     
   575.17252777941837     
   562.14925638839509     
   565.73351226554792     
   566.53779753416643     
   536.69342367687159     
   542.28842765783907     
   527.81094334191278     
   520.60443319985472     
   509.52753945097186     
   495.84261685989031     
   486.85297233090677     
   476.23405133283120     
   468.75609327227522     
   464.04860215495250     
   459.23858341157688     
   457.74701831765606     
   453.52554767533826     
   450.18977165468613     
   447.92788335711623     
   445.58858142111643     
   443.94047345464287     
   442.12084742197385     
   440.31258822370950     
   438.48106551456061     
   436.13852887794252     
   434.44720054629641     
   432.48824646832441     
   430.05607670266448     
   428.50909836226788     
   426.85834742125508     
   425.34046019271068     
   424.35596109349910     
   424.16418453986245     
   428.66617912980314     
   438.19900409807263     
   452.74603743245530     
   468.11752272894728     
   485.08271442263708     
   502.14169255725938     
   514.29710182294912     
   528.57080917626422     
   538.09920555842018     
   548.54942805506369     
   564.62329565305185     
   573.65832894218693     
   580.43171011834920     
   579.43779588978668     
   586.04753808571274     
   585.65882307381594     
   583.62731869820448     
   584.49697274825678     
   581.20201742952793     
   573.69023458448248     
   564.22153644303012     
   556.54091619454493     
   546.02119429377569     
   531.97025275458202     
   517.48994612672789     
   505.54086061516131     
   491.71009534138165     
   480.49235154867790     
   473.21683859957079     
   469.86583810329660     
   469.06879852253513     
   462.67436381025925     
   457.45087038337590     
   455.25514799602018     
   452.95825942055444     
   451.11411030773638     
   449.01771319249701     
   447.02102821037482     
   445.39983610192866     
   443.33701662675844     
   441.16187540063999     
   439.14181937880170     
   437.28557538318148     
   435.74281369614158     
   434.80441520034498     
   433.72515981990159     
   432.57497002175120     
   432.27002103817085     
   437.08246846676775     
   447.08174259300296     
   461.30646200806262     
   476.24203495115205     
   490.37373823189250     
   505.21738327398992     
   518.62002729813855     
   530.16140590871976     
   539.79580647158866     
   552.77025083220599     
   558.11492306379898     
   570.18901588065228     
   573.95546551274060     
   580.81040175492672     
   582.45145339734313     
   586.38691206566841     
   585.68324121070179     
   582.63809908244434     
   579.71458707227646     
   571.09947283782162     
   563.48104293285462     
   552.67256881739036     
   541.50450678451966     
   529.42555002913855     
   517.15261861740294     
   504.13139153129799     
   492.70267767633334     
   482.50318034143112     
   474.67660358284428     
   470.15724030441510     
   467.61118212027799     
   465.02734638418030     
   462.55413109613022     
   460.30933694560628     
   458.02646597829158     
   456.53107837220017     
   454.63842587706262     
   453.67875333241579     
   452.25623522962195     
   450.54280856608295     
   448.56456834134570     
   447.22782681967277     
   446.45823276939211     
   445.47940820896770     
   444.17842943884773     
   443.77235218681784     
   443.75044124754561     
   444.32644907923918     
   448.23460551806812     
   455.87384002368429     
   465.99770482499616     
   477.93387314568861     
   487.47829544756581     
   502.38927269986539     
   514.18443994154768     
   526.06083676145306     
   537.75166078365885     
   549.66363501115927     
   557.78586093825379     
   565.03675099056170     
   573.35845020875627     
   576.38398675035273     
   578.22616490865175     
   578.93587661152048     
   578.26330756875416     
   574.79498390623360     
   571.76508595085795     
   565.21914205019891     
   555.37684969509587     
   543.26702730098566     
   533.65906635147110     
   521.88787648491780     
   510.97444598939666     
   498.71952698459950     
   487.64507621943579     
   478.65784086212017     
   471.85261200854569     
   467.22054942413791     
   464.30317138222460     
   462.26578251180354     
   459.72701843063311     
   457.04067200378188     
   455.18186531816201     
   453.82101343899490     
   452.59343002169271     
   451.41956999361582     
   450.29547613964633     
   449.44563339267586     
   448.22235928804628     
   447.38359837778802     
   446.71772931579079     
   445.93955624814902     
   445.04225763167869     
   444.01015173433797     
   443.10570295374873     
   442.85202214666492     
   446.04478140573462     
   453.24859165635991     
   463.60139876114846     
   475.79554661762336     
   485.63742183520219     
   499.26129055319973     
   514.56617963274834     
   522.64296911952135     
   533.77647148524341     
   546.21638815867925     
   557.42275848934867     
   566.33093225703851     
   566.58442845127615     
   574.96977507734982     
   578.64529000213304     
   584.44813657816610     
   583.32580464235832     
   575.01452207249281     
   570.03971665328118     
   563.11306742056286     
   554.63838492399032     
   549.72962715419226     
   538.66716899775906     
   526.68038354528278     
   514.25940382688884     
   501.75650026696400     
   491.29092926433907     
   481.84099817709625     
   473.85068904059239     
   468.95470508369942     
   466.80618143601862     
   463.98849689240018     
   461.44380346166673     
   459.10622081677184     
   457.22422669211659     
   455.83193493500721     
   454.27141850909027     
   452.82958738055464     
   450.61917766330146     
   448.16468952549701     
   446.27545134271878     
   444.83331116690096     
   443.90508980842674     
   442.65139336330111     
   441.49982137236725     
   440.52758069503619     
   440.16389398177489     
   440.75808459666916     
   444.64726637840795     
   452.77131122857116     
   464.21513526197566     
   476.65928983833481     
   489.21439797263940     
   502.07679363146485     
   514.06062969825371     
   525.03869037306242     
   540.86036651004235     
   552.04813697595273     
   564.18617188663359     
   571.47467262692169     
   572.57271238492785     
   575.38805107483404     
   577.36924029780425     
   579.32685960856406     
   577.72100439610699     
   577.68536887564187     
   575.31968284056018     
   574.14193081244298     
   567.79828991481486     
   556.38238476753429     
   545.15467302069533     
   531.80338562045858     
   518.20278426757159     
   504.42088157697822     
   493.42485552433186     
   482.13342879999561     
   474.32643836400553     
   468.35653381113133     
   465.55952085974059     
   462.27944751261828     
   458.83139087932477     
   456.10119022390177     
   454.50433351139458     
   452.64235355030655     
   450.39461730264281     
   447.94785538098103     
   446.57188019267056     
   444.71238564657040     
   442.31848509828416     
   440.20678326583015     
   439.93830232756625     
   440.74240106387180     
   440.17716881117462     
   440.05733929890238     
   439.54959407365453     
   439.88427873137789     
   444.61844530411469     
   453.28760241347140     
   464.96320417375335     
   478.46750548529093     
   494.04107621255315     
   509.36274500013724     
   521.30511886010186     
   536.49603265489850     
   545.97652414756305     
   551.24061439772652     
   555.04099921317140     
   568.00562149064456     
   575.43241054798534     
   584.85541416197123     
   584.00523995899357     
   592.68189973925780     
   589.97875906239142     
   583.16847068275899     
   581.80570611677069     
   576.72607436315218     
   570.05987019727309     
   558.86134579259124     
   548.69654712089255     
   535.62243628525164     
   521.31094894370938     
   509.76551100939525     
   497.15898603130506     
   488.22472186333073     
   482.42783034153354     
   477.35644093911651     
   473.59362861984761     
   469.48819060676516     
   466.23159337305532     
   463.72371699416294     
   461.26615407686785     
   459.09238003714120     
   456.96546957245602     
   454.89126064428092     
   453.14944843796633     
   451.44134042544619     
   449.63944292493295     
   448.35047024241737     
   447.24026654893788     
   445.75588714961901     
   444.54045756785229     
   442.98316913871912     
   441.45492535389434     
   440.61318003358059     
   445.28642366080777     
   454.62228877366317     
   467.34924158096254     
   480.69540592979445     
   496.29048933147141     
   513.54112294687559     
   528.90785273124266     
   541.02676195397930     
   553.15120596850591     
   562.05126432803218     
   574.18474597547731     
   580.70173017066156     
   585.09800622208309     
   591.21114616380578     
   594.71644473976528     
   598.81362037471615     
   598.53008022909751     
   597.75369975581714     
   592.27972841510700     
   583.02078761941084     
   575.40332768943381     
   566.25616833144989     
   552.06879294872351     
   543.27121441011650     
   531.42408786962471     
   518.67894118624417     
   507.18630796540759     
   497.95731639699977     
   491.47357855771833     
   485.69172177144867     
   482.06524519443627     
   478.61711298900372     
   474.87428601013420     
   470.93063279097635     
   468.98017152926866     
   467.82130325835908     
   466.81782938805759     
