   423.83727495991292     
   431.44437703402167     
   435.25097767052159     
   437.73909321716752     
   438.70515198352916     
   439.11835859660943     
   437.37786399249808     
   434.34346090542545     
   429.59220876779881     
   424.76764570725646     
   417.77840836325760     
   410.78901300497722     
   406.87006269983766     
   404.77794086022016     
   403.35919600510471     
   402.73365363728465     
   401.08689717427677     
   399.27048161464444     
   397.88928815179025     
   396.68455491758624     
   395.59998538878403     
   394.18663180401256     
   393.50411273107744     
   393.60169210766401     
   392.15008241180624     
   391.43245323580538     
   390.42416874218230     
   388.43179451677099     
   386.95842049184557     
   386.18054357278066     
   385.23875050319577     
   385.00323695997844     
   385.26647597334210     
   384.50451450941728     
   383.79938926094150     
   383.59725342287305     
   382.79741937032031     
   382.18680238707748     
   382.27898767799002     
   382.22777048357489     
   384.78501850855895     
   389.81575144905969     
   398.12661955214264     
   407.91019913738489     
   419.34436137162265     
   420.29838374377056     
   423.74906396707945     
   429.47009342442709     
   436.14741504381232     
   434.45890447354776     
   435.72860892878651     
   428.92887658486580     
   427.24113104161728     
   427.08284575445782     
   425.58112698728308     
   426.08014012536313     
   416.88941086762367     
   412.83184398490278     
   407.88019109320106     
   403.58714425431816     
   401.09497943782878     
   401.42574621912172     
   400.81631348285924     
   398.80481908772697     
   396.41329331046614     
   394.59148784894273     
   393.24186010477365     
   392.37605116785159     
   391.62368144916940     
   389.78881386808956     
   388.12067757142921     
   388.16225986051063     
   386.79299419640955     
   386.63996177106395     
   385.57160092946702     
   384.27287221768495     
   382.76287070752539     
   380.55282978261528     
   381.41411962485569     
   380.95516199594971     
   380.34557592408589     
   379.78304294393342     
   379.50969130440802     
   379.22827989167990     
   378.15669147379054     
   376.23580094506360     
   375.95187088886297     
   375.65604480786436     
   375.87003942313464     
   375.85091277353570     
   383.88828332679634     
   387.48988086726598     
   399.04457697788996     
   399.99467177698330     
   396.46426735979452     
   392.77315050361426     
   393.56667334679952     
   394.48415950204054     
   387.96948267732733     
   385.92350107104943     
   387.56913143828109     
   387.85868555911316     
   390.98650016921084     
   391.63726584625067     
   390.13234313799745     
   386.84689281002346     
   384.42373944497331     
   379.93267615205866     
   375.27543957187686     
   372.19364147081961     
   369.32623009443466     
   366.32433831489288     
   366.53329452409810     
   369.91212776268651     
   370.14323758413570     
   370.55820914308970     
   368.48206891358990     
   368.35756259614277     
   366.70721366476602     
   367.17075625122885     
   368.29854650254572     
   368.42965171126230     
   367.86216057090655     
   367.76746880068242     
   367.91951988977286     
   367.62582401970980     
   367.56221551903275     
   367.91754892523619     
   367.92311102258753     
   367.59683592092574     
   367.15467106004292     
   366.82842701191350     
   366.71025331335716     
   365.20804301668295     
   362.53249943561235     
   359.67221454435219     
   359.03204665461055     
   362.12688176180683     
   369.49499731114116     
   378.10528088446574     
   385.27472216899173     
   384.58095586572205     
   392.17511036124068     
   397.06512440450763     
   404.11267268927207     
   406.20281442336534     
   403.64493439433687     
   408.51368986588705     
   412.22277077399292     
   407.93441002020569     
   407.65934403862735     
   400.48647753655160     
   397.35635922658423     
   394.03851001639049     
   389.58962823712164     
   383.48679994562468     
   380.19258238968393     
   378.36526065056137     
   379.87924374283813     
   380.39284864092082     
   380.43400604603244     
   378.99862148121139     
   376.10941128667434     
   374.40924891297232     
   376.07489090395472     
   377.01619816166635     
   376.67455939399093     
   376.21108365326330     
   376.78061965124482     
   376.85683189305109     
   376.87496876536221     
   376.82032698098510     
   376.62310608799561     
   376.39773389336131     
   376.06464749623160     
   374.95862874629444     
   374.68581298563151     
   373.89835741547773     
   373.37306746161767     
   373.32064516605749     
   373.34579037093323     
   373.24543184272062     
   373.16374815942777     
   372.05183801663054     
   371.36710276217639     
   371.98721835182471     
   373.89999443502552     
   378.44451424088345     
   385.42055920191115     
   386.29511186016111     
   394.56080976031120     
   406.33970107740248     
   414.12609268457936     
   418.99682473771333     
   424.42569086257157     
   426.06221453919994     
   426.13702071874843     
   425.78308252856999     
   423.28963711323917     
   419.48587115984634     
   414.15249860333461     
   408.35174259207673     
   405.87050367899076     
   400.47166637517705     
   396.53025847476778     
   391.31251983842537     
   390.66703897688660     
   390.61833877718982     
   387.25986920326801     
   383.60034366880041     
   384.84580732500689     
   382.06511118196778     
   377.75878600751435     
   375.27492572331136     
   373.34006513356383     
   371.21153625902531     
   370.33625735920276     
   368.59177655675614     
   366.36958436541630     
   364.14879564197872     
   363.07464440240778     
   361.43645061317693     
   360.57718417413082     
   359.66064910091080     
   358.15640887686203     
   356.79975175867696     
   356.03725394155913     
   355.68495948919337     
   354.34158716005851     
   352.88017825061212     
   351.69817452796195     
   351.22624820083462     
   352.22692672434709     
   356.09682372975163     
   364.57656290326884     
   375.80855011400115     
   386.84732827281789     
   389.55472954149371     
   398.94844365235087     
   407.18853150147095     
   414.63966187492531     
   419.12950544704131     
   421.77417142728115     
   423.90517476268195     
   425.02558464724439     
   423.53454114597889     
   419.94168986748548     
   416.71415397352507     
   411.28233917096293     
   405.55199629115810     
   399.44349371924613     
   392.67479134084476     
   388.24591813738431     
   385.20049967672884     
   382.65702514868400     
   380.28767891308922     
   377.97814956503510     
   375.94781725349293     
   374.36106718237352     
   372.54920924414722     
   370.61186293077429     
   369.08955972308115     
   367.12579757909157     
   365.30338024713609     
   365.40637164797948     
   365.04973420543678     
   363.30828481965028     
   362.82142030451939     
   361.30072313591143     
   359.65882800368752     
   357.42733142329320     
   355.48897109730882     
   353.97730648045643     
   352.80296972373708     
   351.47803177000674     
   350.80534580537108     
   348.09185897129032     
   346.55522762734995     
   347.16411320273488     
   347.46709422149473     
   347.80013628431061     
   350.02830506614578     
   357.27762173583528     
   368.66311774317205     
   374.30663905746883     
   373.98879417327214     
   377.50171589646339     
   389.08605122801629     
   392.42649128682768     
   397.51318208833311     
   393.51071620942025     
   395.67534505124121     
   403.81495903916903     
   402.76286845288189     
   402.39083937630392     
   398.17989729129636     
   394.42856453059784     
   390.01923170906451     
   384.25041372744846     
   377.80982472685344     
   374.66948332394787     
   373.83967823547238     
   371.00697333170598     
   367.41897500367008     
   366.68122691741468     
   363.35845929720546     
   360.15941137515534     
   357.10260068704991     
   354.37888275273787     
   351.85716478215056     
   349.94187530194841     
   348.86921717511598     
   349.20655560500904     
   349.05467986916841     
   348.61883399994281     
   347.77436207508515     
   347.03741975233510     
   346.00388082110044     
   344.37351410596432     
   343.74638989851570     
   343.20493756776773     
   342.41332221392008     
   343.37243772017246     
   343.79772855638788     
   344.55068559838742     
   344.12408572819487     
   344.17863400576601     
   344.83818935079540     
   343.27111550606020     
   346.62378141423193     
   355.60717248313313     
   366.76401642126223     
   378.29107508656176     
   380.99967732294232     
   390.88097685915534     
   398.88495345236601     
   403.41371886836686     
   407.61838540171897     
   412.38831479841383     
   417.38862661413953     
   417.95098298033338     
   418.51411947416210     
   415.07904947571865     
   410.56943323627621     
   406.29152806817632     
   400.71524498567294     
   393.17230591114838     
   386.24629122163822     
   381.56679819330935     
   378.73481158587782     
   376.20517108399417     
   373.00736651698043     
   370.77615649868306     
   369.91885433130057     
   367.74347848550218     
   366.93143153351144     
   366.17661877730302     
   362.72326877007504     
   359.95130767053939     
   360.90778630540069     
   358.45616801278209     
   354.07486502918488     
   351.25197631073718     
   350.50002103987845     
   348.35946888158924     
   346.29035263789268     
   343.49023334090771     
   343.49411617968650     
   343.56614829446750     
   342.50373642527825     
   338.77773524252524     
   335.66707651567850     
   335.65964408774727     
   335.82892712666109     
   335.75197446228128     
   335.35772320498285     
   335.52029981395197     
   339.10042068304188     
   347.81812306061812     
   357.79131064720985     
   369.98864481356424     
   374.67819671915805     
   385.67705112759796     
   394.55234459279154     
   401.58111642398245     
   408.14084412959363     
   412.31485584979254     
   414.96977506689808     
   416.00115468512405     
   416.23595013683541     
   414.48996442645222     
   412.08182733837475     
   407.92703825817739     
   402.30764537743471     
   394.90953835017797     
   387.56455754254966     
   382.14248561927036     
   378.79488117665079     
   376.81758737287265     
   375.26235246369379     
   372.26514678802062     
   371.08492206005315     
   369.67067569746661     
   367.28620418819014     
   363.56256187449196     
   360.31278341966078     
   358.87782092444075     
   357.22223852995802     
   356.71432988717572     
   354.65782473675762     
   354.12467805113198     
   351.86166376340196     
   351.61655529155723     
   350.31985252155766     
   349.72783242396559     
   346.69147145761485     
   345.36876008695702     
   346.32352632747427     
   344.31259298958201     
   340.84202238732985     
   339.60744994131670     
   338.73597338220708     
   339.69753274834034     
   338.76487260128016     
   338.38624433908171     
   342.36982867788538     
   350.75832174405150     
   362.41852817176687     
   375.01152413526995     
   379.54359458480241     
   390.49076163862372     
   398.70473450446570     
   405.98494750718834     
   412.64325951976178     
   419.67166895460832     
   424.25448881778044     
   426.64222325145732     
   427.08346144974962     
   426.08592843542635     
   421.71592142220413     
   416.54671298963621     
   410.51605875220412     
   403.56246434682322     
   395.50494006117458     
   390.12567835962682     
   386.11036347782351     
   382.43487762468345     
   379.32731103986083     
   377.17132918403240     
   374.86233082102660     
   373.37387541339359     
   371.29472658365540     
   368.48781355139931     
   364.76573920347937     
   363.14274113716533     
   361.50485344151514     
   360.34504378902761     
   358.30158382910821     
   357.30761417454329     
   357.15440274995751     
   356.63320824757187     
   355.52272642315324     
   354.69644104712751     
   353.28932219535068     
   350.95388372162063     
   350.07009925071810     
   348.71210565067656     
   346.52997597208531     
   345.26847841424330     
   344.28232301880894     
   343.21975043355849     
   341.43734498850228     
   342.57357059150604     
   345.81380265840301     
   354.30922168273713     
   366.14088452082927     
   378.42282383942290     
   381.99544893883626     
   392.69770017871861     
   400.64006766970840     
   408.26403139329079     
   414.37477068977159     
   419.16301749916300     
   422.31068051752186     
   423.82436492271836     
   423.97987122558766     
   423.47110516571195     
   420.45789818167890     
   415.40990482144940     
   408.68585942607177     
   401.19457482574416     
   393.42319236935100     
   388.14777778324554     
   384.79652122760393     
   381.13930855415219     
   378.50770468887049     
   375.82129431067688     
   373.70842935521665     
   371.06564967547314     
   369.55181811567735     
   368.87534917899899     
   366.55516539942295     
   362.92105522222784     
   360.10314129483476     
   358.85203809770434     
   357.04279093414328     
   356.66789404880518     
   356.27995647081025     
   353.63445932794275     
   351.54890435680306     
   350.54901884294605     
   349.08695199337348     
   346.64936005403018     
   344.16744181357694     
   343.31095653912627     
   343.91156270065045     
   343.56037539993685     
   342.71146612314448     
   341.03764093912861     
   339.53733999448337     
   339.11452021313511     
   343.38729768703598     
   352.16900273267333     
   363.08747372571077     
   375.04030775239914     
   378.69126934554765     
   390.01183967856127     
   399.02419416942092     
   406.46833616801678     
   413.36081087301915     
   419.34299343862597     
   423.64120872248196     
   427.01514768131273     
   427.31796144924897     
   425.73199104327205     
   422.97672417753131     
   417.81163097293108     
   411.70205407638082     
   404.40720833627552     
   396.37726621144503     
   390.92804580051512     
   387.50936270237554     
   384.29520912305594     
   382.16487556008963     
   379.41612568299615     
   377.17044104724584     
   374.10292646492292     
   370.99380566048887     
   368.87034722928752     
   367.63866444347320     
   365.06109691975030     
   363.75835192253498     
   362.12552413319565     
   358.82329514773153     
   357.60503730573527     
   356.47982542894272     
   355.80603062148271     
   353.58652592505348     
   350.47198955370482     
   348.96073962191264     
   350.56040758986734     
   349.69167861337729     
   347.46721807768290     
   346.22046618571477     
   345.09156249957636     
   343.73804253256804     
   342.16197312497900     
   341.94995036675834     
   343.39559019538888     
   346.94038901421237     
   354.82353436119871     
   367.07850515061858     
   380.89957648443863     
   385.24994148747368     
   395.45739115267963     
   404.55703260945495     
   413.07152534495248     
   420.44871695667723     
   427.36568923094995     
   431.64265684330650     
   432.72940459436643     
   432.06236619630403     
   430.62849172881670     
   427.91711887437481     
   423.87606220885533     
   417.75980492769054     
   410.29485193276258     
   402.40706795500421     
   396.77877145921485     
   393.15867166847926     
   390.74088141048253     
   388.04477982034831     
   385.54315228130349     
   383.19186626566920     
   380.93260301217441     
   378.78583437652640     
   375.02097911851530     
   372.69304384385242     
   370.80424524795137     
   369.32802812780005     
   367.74898680471250     
   365.24319623422002     
   363.61851801521641     
   362.26254324234520     
   361.02975397112778     
   359.24818932820858     
   357.56270903850702     
   355.75199593387043     
   354.55513331627623     
   354.27400840597733     
   353.44901518232382     
   352.58640748011101     
   351.78141965812216     
   351.11758660759386     
   349.95839061113867     
   348.55016654369109     
   349.42118583717149     
   353.64253738297276     
   362.12595952744613     
   375.18533754181260     
   386.59953899979553     
   389.99550102133742     
   401.52727658706283     
   410.60347833634023     
   419.29933974690510     
   426.54492341720129     
   432.86082581528126     
   437.29173014799733     
   439.21651265995615     
   439.70911251420546     
   438.34422223284639     
   435.69321010405167     
   431.92249771386201     
   426.35076256501350     
   417.89926594665758     
   410.72004796989847     
   405.60971680168376     
   402.48150918921385     
   399.32801913728451     
   396.56875807887684     
   394.89004170779998     
   392.85177325423348     
   391.66960524459290     
   388.19579445525562     
   385.13023752311204     
   381.66841745515507     
   379.01348783723910     
   378.07889137456414     
   377.24055047356535     
   375.94125566927738     
   374.21510583902716     
   372.68941183161320     
   370.30143689339400     
   367.50559665966614     
   365.44818162738216     
   364.32361637241780     
   363.42271189642946     
   362.43565714018592     
   360.83287753693111     
   359.20662590357085     
   358.28143925043372     
   357.75750727104941     
   357.02600213138061     
   356.17920452463039     
   357.53631781597181     
   361.99139973501315     
   370.67125986731361     
   381.69684075393070     
   394.79234194563134     
   398.98796561080258     
   409.58118719312034     
   419.25943061720704     
   428.40549312919768     
   436.62412910535744     
   442.91736086381729     
   446.64408566633460     
   450.37873761476374     
   451.21707752055215     
   450.12014377870076     
   447.45871843749711     
   443.58545910667834     
   438.39442507867204     
   431.30078090718069     
   422.06672694835146     
   415.87526653064407     
   412.24021756758196     
   410.13278276330016     
   408.06788980803577     
   405.26848646026571     
   400.76732807555913     
   396.90675550462163     
   394.94415775386415     
   393.56661601710840     
   391.82969039705779     
   388.78816183988829     
   385.39122730130725     
   383.22525435955129     
   381.58290226118191     
   380.67069466054710     
   378.91553185515886     
   377.59502781167754     
   375.60055491813569     
   373.22404247705839     
   370.65994144124636     
   370.05897720635954     
   370.57619137357693     
   368.52633769022509     
   366.81465876791066     
   365.09312201063244     
   362.92929494176258     
   362.06445419063192     
   361.39355813289728     
   362.27094348946775     
   369.05631675512461     
   378.09858220817301     
   382.08526532417801     
   395.75259278093665     
   401.64409826647437     
   411.98446263113277     
   421.91244834014344     
   431.82696172906765     
   439.70938608715250     
   445.73317920901593     
   450.97133961444115     
   453.31227571048305     
   454.43143634460802     
   453.43272978257784     
   450.96240497436156     
   446.37610972330401     
   439.91733386412818     
   432.36936354944152     
   424.18308258820889     
   417.69649902480364     
   413.93589332351297     
   411.14043202192175     
   408.71937387689235     
   405.19697712808750     
   402.96108443094801     
   400.29111167730059     
   396.62572389571801     
   395.00983637371019     
   393.00492734780545     
   390.80956282066899     
   389.74408588686867     
   387.98093413333766     
   383.55894498969388     
   380.91085075851908     
   379.30006433853811     
   379.09230427515945     
   378.06864615375628     
   376.76516634459341     
   374.58168944304117     
   374.93279285812048     
   371.56981609262760     
   370.60590024604329     
   369.03495928469727     
   366.39031506859675     
   366.08329679157339     
   368.40715170025067     
   366.58920004121012     
   365.05225965334125     
   368.66151484597151     
   376.44821191937325     
   385.86758757794200     
   400.79907112026723     
   408.62833279808098     
   421.42749283455657     
   432.14924110405303     
   442.93992932772687     
   452.61907327763254     
   460.91044653699993     
   466.11799024765571     
   468.40903108544126     
   469.30567831178001     
   468.51307426549084     
   465.99849867843812     
   461.71859357654824     
   455.84216937165274     
   448.24792003822785     
   438.84655405798253     
   431.85110888427960     
   428.38805972479508     
   425.88698200670660     
   423.78017012635587     
   421.59940242316111     
   418.08300038185268     
   414.71434002998143     
   411.34489963756778     
   408.59172834979256     
   405.35266961849612     
   402.84693132746236     
   400.65646331533105     
   401.30730120167857     
   398.66462555939495     
   393.40011678790046     
   389.95711828698734     
   391.15982691034321     
   388.44772715088862     
   387.74837475710473     
   389.05126318139145     
   388.93031746776597     
   383.30589616147006     
   381.57902957227668     
   381.83092052805205     
   381.71369425120440     
   378.43495660001571     
   378.52031820665098     
   379.76352769334386     
   380.41523508136083     
   384.43395687493586     
   392.23621068709468     
   402.02924772278311     
   415.87315794111902     
   423.30074151048314     
   436.40864179957521     
   444.95123636886086     
   451.43419365458885     
   457.24946311041077     
   461.61144498935505     
   465.75753948377388     
   467.56803403418297     
   467.69501650611852     
   465.84459394354457     
   463.47826093548588     
   459.17802973326889     
   453.14251479169661     
   445.93415086758165     
   437.30652593083744     
   430.72681881650811     
   426.11918086223920     
   423.87277320129692     
   420.77948410041131     
   417.21197409472865     
   414.13629366147961     
   410.95461974521936     
   408.62858086133673     
   406.04714447743476     
   403.38370816658090     
   400.51372747282051     
   398.25550500918615     
   397.03888169335704     
   394.48261363012085     
   392.10813746981040     
   390.42007643190516     
   388.17092365830041     
   386.67556107578650     
   385.09095682539606     
   384.06855430051201     
   382.16046823807068     
   380.35290034839096     
   380.59605709731414     
   377.68231355435819     
   375.92587290738680     
   375.87555343609915     
   376.43480406225416     
   375.32792885998612     
   374.92342506904555     
   378.59356353599622     
   384.35493985597361     
   393.32243509779016     
   409.05212335828742     
   416.80221250897830     
   428.12100115357146     
   436.47192598948743     
   433.83590144800382     
   440.35027408371803     
   447.02838620991383     
   444.29287206515704     
   441.26944611286268     
   442.06531872531536     
   447.70743421177434     
   449.86754290938990     
   446.99102840521903     
   441.40780780542292     
   434.63745609889651     
   426.02074234131658     
   419.20303204081767     
   415.40367713390827     
   413.00494076179899     
   409.83484536419286     
   406.78869911375938     
   404.03446533790975     
   400.99047641704288     
   398.32042468860311     
   397.30909160056109     
   393.52024438300680     
   389.84804814679029     
   387.33107577320516     
   385.92251944563742     
   383.11710955867602     
   381.14734242907571     
   380.17658928286710     
   378.05694433782702     
   377.15028655543392     
   376.11635815152732     
   374.95096462980348     
   372.37464343007429     
   370.48313096994946     
   371.34318337094516     
   370.87160581437280     
   368.79898554759774     
   365.44655434396168     
   363.39205735264733     
   363.09521696407614     
   364.00476185430472     
   368.80855460463732     
   376.65163430706104     
   389.53598599429876     
   403.51039150491187     
   408.56033335534011     
   418.88225129274628     
   429.84064180901493     
   440.36317119276669     
   448.87856665798870     
   455.90529186552220     
   461.81058845794900     
   463.88020984951555     
   464.86940931434793     
   462.68386019196470     
   458.56866975341200     
   454.60138605211023     
   449.96531890436216     
   444.18007481683037     
   435.91446154710593     
   429.46169917027953     
   425.27938761261436     
   421.37906131963456     
   418.09417384265123     
   413.91063734682399     
   410.77943154224897     
   407.43243776906866     
   406.72255155614249     
   403.51845558952022     
   401.71236178385135     
   396.44219632414757     
   391.87604600925658     
   390.18180039969201     
   387.86661573563265     
   386.68175387753155     
   384.65647563337848     
   384.25411047966963     
   384.75536069965364     
   385.08082979269261     
   384.46953364576387     
   380.08569127453370     
   378.55833672767511     
   379.47207318136981     
   376.08044340838995     
   372.59161175746158     
   371.05562180504359     
   370.08502672773096     
   368.88342576787227     
   369.79933818318221     
   374.36572424815091     
   381.86294243941575     
   392.95371944173274     
   406.18962950227404     
   411.35025012340100     
   423.17205884332321     
   434.04360919627595     
   442.32618223636348     
   449.93453056993650     
   455.00106009563240     
   459.96146818317095     
   462.73009058092293     
   462.60742279293834     
   462.09850815189520     
   459.05096570480163     
   450.55134944972446     
   441.90523099277578     
   437.59582970715644     
   429.81542436020266     
   422.81026479933684     
   418.37721553277777     
   414.69735865661676     
   410.78103587706596     
   407.39966676470135     
   403.79114701733471     
   400.80298785224409     
   397.37218132465591     
   394.18589642772622     
   392.85612197421796     
   391.26379170838516     
   387.17456413401976     
   385.04088967412571     
   382.79581201527265     
   381.16787124059044     
   380.99542075137532     
   378.69449438069739     
   375.71516286826130     
   373.08992418454761     
   371.53708994136923     
   370.44814049090178     
   368.13837938774316     
   365.97830211899384     
   364.77227357838865     
   365.59647684392945     
   366.30883914150633     
   366.31275449640037     
   365.58447506103079     
   365.04516420963455     
   368.50321666801307     
   375.03297128794691     
   386.00037807134123     
   403.55381684422053     
   414.07349093950086     
   414.58871797465832     
   424.23844855673332     
   432.36543265249833     
   439.72410125680153     
   445.63676098589525     
   449.88032593006596     
   453.50521115601805     
   454.44653141804537     
   453.46671196512614     
   450.20457674349950     
   444.48221857313348     
   438.30342781372252     
   430.81170674428802     
   422.85163348297885     
   416.11800232889476     
   411.99149950407093     
   409.39836675222307     
   406.75084070752575     
   403.16181971559166     
   399.38945301915442     
   396.71355254818815     
   394.35367401925856     
   392.51837782010853     
   390.75327262713250     
   387.45450213513300     
   385.83504662217587     
   383.66938989240850     
   380.18389029910867     
   377.70601161948497     
   376.06052615066238     
   374.36103823253524     
   371.81355807185554     
   369.86772300862299     
   370.41189150439692     
   368.79800590627781     
   366.51475304050069     
   365.14403831951086     
   363.33648526077394     
   361.35303019714490     
   359.82888560490898     
   359.29487291437954     
   358.05324054523447     
   357.18250791518011     
   361.35230736148753     
   369.09994677392172     
   381.84432650797226     
   394.14953453836210     
   406.42961189095161     
   409.67165239861157     
   419.23467993532466     
   429.02008328860961     
   437.30144474043220     
   443.61628088270260     
   447.26606853549993     
   449.97521251046032     
   451.19970960155365     
   448.88371674772532     
   444.25541391205024     
   438.87407711222994     
   432.90578055889324     
   426.19788422796410     
   418.51659525687245     
   411.98315466051031     
   407.33223217752015     
   404.30421484080284     
   401.16094441625029     
   398.15043343976049     
   395.47090568439091     
   393.70506006863161     
   391.08938548590874     
   388.04170659118665     
   385.22587845758272     
   382.48027354688020     
   380.60575218124910     
   379.97522266959254     
   377.52256811807769     
   374.79307847237220     
   372.42978344146388     
   372.16041072859019     
   370.91093352820707     
   369.34539173395609     
   369.20142571870434     
   369.04967635772175     
   367.62888296615733     
   366.70529250091460     
   366.42465932156989     
   366.68062217318732     
   367.45552561375706     
   365.79587659190162     
   363.49114167454462     
   364.30173616453578     
   366.20826152277169     
   372.86017242722960     
   384.97105243381708     
   397.28415102131555     
   408.62001658396167     
   410.35497104316772     
   418.32551265948661     
   423.87105180419479     
   428.42019257861682     
   432.73253920022785     
   437.49545834418404     
   438.77044451687101     
   436.71074492374129     
   434.07100202084337     
   429.22011380997640     
   424.02638903356171     
   419.95173661909303     
   414.28493211686748     
   407.47588689867598     
   401.39361911103560     
   397.07837689739557     
   393.37031298492099     
   390.05475546854700     
   387.17709334565927     
   384.39762038159847     
   381.37456024927894     
   378.72792586884833     
   377.57199833101697     
   376.83504797002905     
   374.46253251217473     
   373.41601377430334     
   373.55281183889178     
   374.17381723291510     
   373.61934076662436     
   371.65934781604824     
   370.56925496428397     
   370.67328148146902     
   371.46154126779680     
   370.31404893581066     
   367.15923816208317     
   365.05003407624787     
   363.40920288316488     
   362.20231342979025     
   362.09055782340027     
   360.76487856492844     
   361.14401587244430     
   360.77657546464678     
   361.22000967029027     
   363.53350573757729     
   370.25574974039461     
   379.99485579517699     
   390.29632129982099     
   402.56921171439666     
   405.30628451767757     
   415.34554165398839     
   421.69246844428335     
   428.53111087186466     
   436.01661746048308     
   437.50658333149158     
   439.04203589843780     
   437.69463369487886     
   438.24549345061422     
   435.81385945376280     
   430.47887822094543     
   424.45155131712278     
   415.86373380961078     
   408.93650095523924     
   402.97303031711886     
   399.27976008555675     
   396.53287769683965     
   393.84142706042894     
   391.36479448600670     
   388.08989374616675     
   386.65117582865230     
   383.42129257692915     
   380.97806476268875     
   380.24782324147554     
   377.96565457762841     
   375.01884785646519     
   373.78312681038602     
   372.38724650484158     
   369.71038654615018     
   367.34664171425999     
   365.61222412320308     
   363.47756086638771     
   362.53647034036891     
   361.88413525700605     
   359.88735132133786     
   357.99689966853026     
   357.13088490342858     
   355.19262830578606     
   353.74513710092623     
   352.64251101687421     
   351.52817426059846     
   350.95066174288280     
   351.87280009060851     
   356.16959752164820     
   364.07367338315646     
   377.27010427907663     
   389.14044104530768     
   401.73764304027191     
   403.33777428237784     
   412.96438046687530     
   420.83298100323890     
   427.22532830305192     
   433.32436325657136     
   434.23048939234792     
   438.71691660331209     
   440.59420981566763     
   436.51805317983263     
   435.44077587620069     
   433.59777069773986     
   426.36043467678451     
   418.59900264065845     
   410.79074175647116     
   404.18760602245516     
   399.75769146506110     
   396.86863442651742     
   394.10543645467777     
   391.66654150061896     
   389.62564629838084     
   387.34140190176231     
   385.76984011218946     
   384.42692609315657     
   382.18762463476901     
   376.98041474828892     
   373.87737593856383     
   373.29698904495029     
   371.08521023041362     
   368.77255501658448     
   367.10885685453866     
   365.26866647421770     
   363.64611082460124     
   362.19216404742139     
   360.91952019358462     
   358.91663070922687     
   357.48293270989336     
   356.21629311597223     
   356.07645096710172     
   355.10537551133052     
   355.91023257005833     
   356.49864084252323     
   355.77453455355658     
   354.86279320845750     
   355.90746428528377     
   358.62618299261163     
   369.19049581727830     
   380.51514567735887     
   396.15067358318214     
   402.09763855179114     
   409.91395959229823     
   411.23274918930281     
   411.20195420413813     
   424.76355577789940     
   433.71407786920344     
   429.71685914017820     
   427.91664567822369     
   430.52556151829526     
   430.07480712071947     
   424.17596526678710     
   421.95134794168200     
   416.12724319606622     
   407.62492735548761     
   400.93047647573286     
   396.70952279489251     
   393.65389806698460     
   392.00987049332872     
   390.83217121048273     
   387.54514755038309     
   383.15943687507342     
   380.65596082184169     
   379.77583039786862     
   378.54981645711678     
   374.84110080500454     
   372.75228731261802     
   372.41869262111351     
   370.22873206115946     
   368.63303009151571     
   367.48651884529960     
   364.99202394409650     
   362.37652412843937     
   361.48853623995745     
   360.60382301964762     
   360.13417935577087     
   362.10791719532392     
   362.19991737827576     
   361.12595357579795     
   360.43178722972135     
   360.31410771691509     
   358.81127418732467     
   359.39305571426183     
   359.63157840544727     
   362.28982710901454     
   366.47448217794562     
   370.46098429662317     
   385.83743940276105     
   405.55456994644106     
   406.91365790109973     
   416.63374173379941     
   413.90295315169470     
   416.55126428078756     
   415.18359099517460     
   418.54297867960014     
   416.59939230304491     
   419.30558107735658     
   419.27238345053325     
   415.75472325640010     
   412.95283915422556     
   408.50700892841280     
   403.00961308416862     
   396.70728881114582     
   391.61518653174733     
   387.92428250056088     
   383.98293488837629     
   380.26081938520957     
   377.02309613082804     
   375.07168185867573     
   372.00910394538749     
   371.66155622014168     
   368.87624990442180     
   366.15715802554428     
   364.68068514883129     
   360.54466327370113     
   359.07673915397936     
   359.17544035119244     
   358.28300622075517     
   355.17196070955862     
   353.95817097320827     
   354.99926647004816     
   352.11028091311135     
   352.06224279218833     
   351.01933840054051     
   347.43850656814357     
   346.30150280758215     
   346.69757294774911     
   347.63358266942470     
   344.72755726648171     
   341.41243336585654     
   338.62439863365933     
   339.67551346351775     
   344.21438210925055     
   353.03183490683671     
   367.49619520972306     
   381.22181417162489     
   396.45099457920969     
   401.09195101713522     
   411.72311710251910     
   419.63350135597335     
   425.98883375809976     
   432.93314218018060     
   438.22627521733273     
   441.76237691125999     
   441.69512378836981     
   440.71522726086437     
   437.93231181621053     
   434.22266760273118     
   428.91637515935389     
   421.22394994639717     
   412.62908021180004     
   405.25575696643602     
   400.73620458474534     
   397.05660514760672     
   393.25724555666028     
   389.12442999633492     
   388.19438384107724     
   388.10568748476851     
   383.35839767661810     
   378.83048510510253     
   374.96238216580281     
   374.39474448643114     
   372.92144124569018     
   371.29715126498940     
   367.17034951283000     
   366.11555561546703     
   365.82600769776087     
   363.60380599197333     
   362.47055737994970     
   361.36622058160117     
   357.27469364928862     
   355.14155449818270     
   354.17693910934076     
   353.57811180145836     
   355.08558873698178     
   355.29459752846287     
   352.20053639948333     
   348.43988672976639     
   348.81571604217265     
   353.21290496760327     
   355.54483308399870     
   358.53557062975551     
   369.87630278403259     
   381.73724332243359     
   394.19705908722807     
   401.20779664589810     
   413.21464450002219     
   426.14564748114725     
   433.56742477829312     
   434.54425626205767     
   440.20241915772777     
   440.61081908828800     
   437.88170640309727     
   432.07775037819948     
   430.75719450160989     
   423.05448368299653     
   418.18150824074456     
   415.18731457076990     
   410.29860282650702     
   405.34417791677726     
   400.95508104658984     
   399.02837876942476     
   396.93813330792648     
   394.38310656564386     
   392.11094908784924     
   391.63463578977559     
   393.92649845353691     
   390.82768323129886     
   390.16337103297360     
   389.76492044224705     
   389.77023488750513     
   390.27552222965210     
   390.31098947346612     
   389.74581477421799     
   388.65115963454048     
   386.74670109025675     
   384.00350098275698     
   385.49890131523648     
   386.94339421057072     
   386.97984987089734     
   384.44436144859748     
   383.12860541670312     
   382.53225079670779     
   381.39738005963881     
   378.38993594367440     
   377.33043446387865     
   375.55790909811515     
   375.58559409048024     
   378.10643011237789     
   381.81724674152758     
   386.64703505013603     
   400.22999827944756     
   398.30765421300788     
   398.27261290340959     
   401.60030095154497     
   406.10589587383072     
   404.25036476150120     
   404.58851178197108     
   407.17354103776387     
   408.73419830176533     
   409.06609156315574     
   410.13889316315550     
   408.28471764272695     
   407.54470046907750     
   405.51966697288043     
   402.46185685878311     
   400.54143333821452     
   398.69748344748876     
   397.20857074569295     
   395.68086241054266     
   393.49295885775609     
   393.56793088839947     
   393.49590233813052     
   393.19659148931174     
   392.67729661508190     
   392.17212293877299     
   391.24092332200792     
   390.44807359490716     
   389.85053350201315     
   389.95720347188137     
   389.02832378473579     
   388.94302083253751     
   388.70054163576765     
   388.14163225335932     
   387.25825676189197     
   385.90701549419003     
   383.84792067608299     
   382.32208677164397     
   381.82651077307577     
   381.37664720903905     
   377.42701039387168     
   378.55942243303576     
   378.84795324374312     
   376.71638112496646     
   374.47084212714429     
   374.36387080025992     
   377.63488193265982     
   380.64038925042223     
   394.50650117123109     
   405.75090899186819     
   419.71351103460159     
   416.88086086874398     
   422.82153230738754     
   432.66363070638891     
   433.87598017395402     
   427.27808354542805     
   434.46863473232577     
   435.68065113675044     
   435.98500842023736     
   432.71597734270739     
   431.76007813885610     
   429.30817303632193     
   420.06715093891955     
   416.86231832702873     
   410.31503325963848     
   404.18964873973169     
   400.38710073536674     
   397.58705869207563     
   394.95166735296760     
   392.97262834810471     
   390.81547759176664     
   388.82615165985010     
   387.49673263098566     
   385.40206786340082     
   384.16441586580913     
   382.44640168603695     
   384.20785183755459     
   383.94127216316269     
   379.16226810857307     
   376.39526832495415     
   374.51693161014521     
   372.16134795971300     
   370.91371418841953     
   369.94301671289827     
   368.12085318797796     
   365.91295153470475     
   364.43760463162215     
   362.46918399004710     
   361.72861491234079     
   360.95398412257919     
   359.50724497863143     
   358.18378883166287     
   357.66698717189240     
   358.65278385136719     
   362.96316335039245     
   372.05133714371289     
   383.18492334820178     
   395.24713832727321     
   407.84665795130570     
   409.89128570765376     
   419.79021831270450     
   428.79108156760049     
   435.24805423908998     
   440.58280514064489     
   444.72281918958623     
   446.36507147617795     
   443.77398157458543     
   442.03043581979585     
   438.96406333793357     
   434.36958243626992     
   428.63545031589928     
   422.43381932182888     
   414.43452811453744     
   407.55755349653839     
   402.97949118426976     
   399.91120697544579     
   397.01571331168782     
   394.68973992180241     
   392.25846444624847     
   390.59704585489197     
   387.68898292994379     
   384.83616978704464     
   382.60353541817852     
   380.62492707481124     
   378.33275233248190     
   377.27669773873350     
   375.01690503547985     
   373.27424549383716     
   371.39886718938311     
   368.93858785309271     
   366.41541311478255     
   365.07202334552187     
   362.92182775984537     
   361.17903417951209     
   359.87089405804630     
   358.36282247607960     
   358.00935596771222     
   356.49004979331579     
   355.40530182447685     
   354.65270084299044     
   353.69022035226794     
   354.21088013927624     
   358.05226784978049     
   366.83259620511944     
   379.52939851574860     
   390.31705807292104     
   402.20715413223303     
   403.96333828188085     
   412.14682656185806     
   419.84051642276069     
   428.68583951962580     
   434.96135680564549     
   439.55264560869483     
   441.45631373562367     
   442.48057014798530     
   441.88053668999578     
   439.41135596946395     
   435.02254648151370     
   429.70798110237848     
   422.50190135562826     
   415.11386844860436     
   407.52635494991489     
   402.67330838116055     
   399.54001830661127     
   396.69646188920467     
   394.43179701915398     
   391.27918889942725     
   389.07515456280686     
   386.48858930618565     
   384.13156617586236     
   381.74737868693057     
   379.50813367813078     
   376.27036986830126     
   374.83118374287881     
   372.98776265738599     
   370.64567769906625     
   368.85700535326112     
   365.88219517182642     
   364.92987596372444     
   363.40611072514326     
   362.12997930591848     
   360.83144714824522     
   358.07264996729077     
   356.57864648286096     
   355.53271906483485     
   354.05569934917685     
   353.07744274672223     
   352.22864248411122     
   351.74825255509876     
   352.60626762370765     
   357.82099097908883     
   367.17904152479815     
   380.17056901916430     
   392.08458852649136     
   404.32866428306727     
   406.05369668703509     
   415.58127103967126     
   424.41925122387505     
   432.22907047889151     
   438.40776519076672     
   442.83494547643392     
   445.28245813515900     
   445.15635057805969     
   444.97788753378939     
   443.27895166061546     
   439.17204382404873     
   432.92706256434366     
   425.69835329725674     
   417.94901801446792     
   410.36617070370039     
   405.46213342651589     
   402.17457793467929     
   399.04253271463932     
   396.33861171589712     
   393.71667217838041     
   391.26154258614815     
   387.77274297730071     
   384.69333072607111     
   383.10237376352825     
   379.59485839395660     
   376.89987685818636     
   375.53600997752477     
   373.25532163167429     
   371.41185202020222     
   369.34651841301257     
   367.05712798696618     
   365.71520033049791     
   363.24174320267167     
   359.41026319671357     
   357.55283778456970     
   357.05325034951585     
   356.90073262557178     
   356.12460828071164     
   355.07804890931243     
   353.32833990110066     
   351.65256919361434     
   352.39071418688616     
   352.94991458233420     
   354.39761929541964     
   359.42417250042575     
   372.36801784355549     
   389.03176160003778     
   402.37392778814433     
   404.22016737717780     
   416.72311303607404     
   425.92488575626760     
   423.86677098483483     
   433.24610471276634     
   439.62782632982754     
   443.71286209825308     
   446.60625409924756     
   446.38140429188354     
   443.63631248093554     
   439.40695449524185     
   434.32330195402756     
   429.09042399421202     
   420.91112726838014     
   414.04729368533202     
   409.36322751841954     
   405.73392194567094     
   403.13360651675413     
   401.46912965908632     
   399.59698359763871     
   397.58181679242557     
   393.78125412202195     
   390.46392000626298     
   388.23940520086711     
   385.01294270019338     
   382.65842288149742     
   381.49442486078192     
   379.90768084611750     
   378.88845698623874     
   376.99682209301398     
   374.55745967525417     
   372.84575373436962     
   371.31933692330074     
   369.75622903635826     
   367.48507986323852     
   365.89379105003798     
   365.66832124100108     
   366.48935748542203     
   365.33338963356385     
   363.56363104051661     
   362.27743687396742     
   361.27462313565354     
   362.48366124833711     
   364.60703818792217     
   366.33067191831236     
   370.95644023741494     
   381.80298681841140     
   388.01457724008640     
   392.55105021773710     
   400.78375845814236     
   402.80324888452321     
   397.91395838352804     
   402.02251648429223     
   406.43680479007884     
   422.58422239572866     
   430.17815684133944     
   433.50150214031544     
   434.94522567268228     
   434.49067185078735     
   429.83419695731754     
   423.31523799347008     
   416.99934894614836     
   412.48597655267452     
   410.37334341473934     
   408.05727078857296     
   405.72072234231479     
   403.28858062098340     
   400.66646904150502     
   398.61237589310724     
   397.57876174449132     
   394.60030059038723     
   392.05921985314194     
   389.94947684894214     
   387.08172729315766     
   384.12749483064283     
   380.74069172690866     
   378.13332207044766     
   374.97699412735579     
   371.24740560525100     
   369.50293087421477     
   368.92545129350208     
   367.59933295759350     
   365.58700172796006     
   363.12510815563587     
   360.68795473751396     
   359.92473959571572     
   358.90789829672212     
   358.03118489407905     
   357.28274907013565     
   355.64075702088115     
   357.80274378086187     
   359.53447078354498     
   366.98985315879480     
   381.65108057138190     
   383.18453937832720     
   403.71704776557192     
   396.01079703003211     
   407.67799173612468     
   419.27074915923242     
   425.05693287161262     
   427.67384645177071     
   430.85992662050353     
   428.30650490384284     
   424.71852395028577     
   420.38632558583333     
   420.98331654000776     
   417.86479099302215     
   413.57893700552563     
   410.09595551851959     
   405.62252938511369     
   401.86342629912389     
   399.11977548091988     
   393.28796595259342     
   388.39379719385846     
   385.45983515564609     
   382.93656034512918     
   379.99804404091645     
   376.87371728942770     
   374.91628371696919     
   371.83128706308997     
   369.34288719786684     
   368.01601420272073     
   367.00646170914786     
   366.01635284623273     
   364.24695645053816     
   361.45314754773887     
   361.51412116591706     
   360.78564108659157     
   357.60262240651764     
   355.30686644044312     
   353.36025465131411     
   351.74281200050785     
   351.91454244371300     
   351.58792776207486     
   351.05468497324341     
   350.02166219085433     
   349.39804900700074     
   350.01818266317497     
   350.18147901298443     
   355.05108325876677     
   362.24907361431343     
   373.97636703850225     
   389.23175311010903     
   396.91377883204933     
   400.05629985856416     
   406.80207723569634     
   405.47416242838034     
   409.53852514058798     
   411.17752802706536     
   411.58282900892453     
   417.64169561757791     
   415.51764878312918     
   412.18893078011587     
   409.91779161149151     
   408.88358031262277     
   405.59865909103752     
   401.62045723882278     
   398.30498002735879     
   395.04864614709084     
   393.50376547335412     
   393.08199706215674     
   392.07101919395512     
   390.59998103827309     
   389.28350908123872     
   387.65886204142595     
   386.41030075506944     
   386.41815788764796     
   384.59374226963303     
   382.65753729011055     
   380.76930778416619     
   380.55733233613495     
   378.49445965609169     
   376.41341049932407     
   373.88125526508611     
   372.44607137572143     
   373.62530614360242     
   374.23734204054432     
   372.34310325855955     
   368.03300352189882     
   364.87963298091762     
   362.65938952837695     
   360.43434360986578     
   359.03637012493243     
   358.22859681626755     
   356.52246886643303     
   355.32807046667835     
   355.47644204527495     
   359.44731443843745     
   368.45523143940153     
   380.58957573707113     
   392.20400658591927     
   403.48333307266472     
   405.62507455590537     
   415.10190216427185     
   424.01569196891859     
   430.53101419867187     
   435.21651071413385     
   439.00940123384294     
   443.45015258208821     
   444.06436618249876     
   443.39539106377083     
   442.64160006740963     
   438.35817632200099     
   433.22807287236253     
   425.99010333649915     
   418.18884860507637     
   410.78435261946737     
   406.62251063567913     
   403.24164536527729     
   400.16024898467049     
   396.14565303361104     
   393.01151767964808     
   390.01601488699714     
   386.95069772251145     
   384.93824900857396     
   383.25502320982389     
   381.92933366387450     
   381.17299108825000     
   380.85028819362952     
   378.70469641205528     
   375.52876349894035     
   373.49877143020325     
   372.21680006621375     
   371.60915856116787     
   370.09891929783834     
   367.84358040099897     
   366.15946951059772     
   364.90174031797710     
   363.54434670019492     
   362.12367019995622     
   360.30063765893647     
   360.51301960698731     
   361.92560511445879     
   360.92747808075620     
   360.52871965972446     
   366.38914749828490     
   375.85399414976621     
   388.69108388759707     
   401.55934180641236     
   414.09731472842316     
   416.13751236921740     
   427.56324839750869     
   436.34240601506394     
   442.06156973307793     
   447.01504120997799     
   452.15857957062320     
   454.15544522379241     
   454.87470884708102     
   452.94533624562405     
   448.31506829860791     
   445.94759095389230     
   440.36749964833524     
   432.58924143342614     
   424.41210810309929     
   415.92974071555932     
   410.92387589310931     
   407.58682256969797     
   404.62192049338023     
   402.71170495752983     
   399.93059400886972     
   396.17566093985766     
   393.67203259311304     
   391.54929317447409     
   388.98885502599842     
   386.25798427553019     
   383.61849990244002     
   383.33783279012107     
   380.66388289436259     
   376.31294124944759     
   373.81212951571263     
   372.72554697676145     
   370.72834232137245     
   367.64741147890038     
   365.73866885580873     
   365.46786359814433     
   364.76641070968145     
   364.26214686532683     
   363.78953278917788     
   362.41959747181204     
   360.04788831837976     
   358.20841952959677     
   357.21533593237359     
   358.53482105290726     
   363.01897200540100     
   371.90204517248600     
   385.15409890800549     
   399.34191872255468     
   411.72856522098715     
   414.52293335524990     
   425.86450982896110     
   434.73955285255659     
   443.35715213084478     
   450.75088916209182     
   456.06793715368065     
   458.72465396571147     
   459.71642324510464     
   460.16156624813874     
   458.31977389987435     
   453.75962113791246     
   448.41123767926075     
   441.09519755953022     
   432.59636035276719     
   424.20995955025001     
   418.95178603139135     
   415.62955561280296     
   413.00429214121465     
   410.31995090235893     
   407.05968392250685     
   403.13815037288316     
   399.11277485809887     
   396.46532859710896     
   394.14274193008970     
   391.74479885475290     
   389.13148949882941     
   388.09062048225832     
   385.53330434494467     
   382.77138489835983     
   380.48538962393633     
   378.62653501394698     
   376.52708716555060     
   374.65865739315336     
   374.45336028423111     
   371.80188335681788     
   369.95691040161995     
   369.22089026769015     
   368.33845234944715     
   367.01260561331156     
   365.32674748860370     
   363.96732125053774     
   362.60852376199188     
   363.58699219164197     
   370.62008738505369     
   377.88141717847350     
   395.24006891170177     
   410.74120062006119     
   418.30814708963948     
   412.65020921012149     
   416.61426434530028     
   421.71682024606650     
   422.78900741566918     
   423.58766883727515     
   426.56217267911285     
   430.83502134342842     
   430.65143052869752     
   432.84297425293988     
   431.19705987475515     
   427.24289725648998     
   423.39392009342998     
   419.78784134174623     
   415.99524265206128     
   411.71720993443518     
   408.25666988397194     
   405.23220812952985     
   403.12352427568703     
   401.91056972587330     
   400.61092969449493     
   399.33560184568489     
   397.45649266373738     
   396.94783216829688     
   395.93436475924136     
   393.81722530906444     
   393.26491665956166     
   393.63687328123217     
   392.06833356014505     
   391.31766587847324     
   389.79698120192410     
   386.65294774262196     
   384.51200531368647     
   382.74319976869299     
   380.84560868907494     
   379.07306346454192     
   377.35762381558345     
   375.70467434549744     
   372.93601825429113     
   371.16356913970856     
   370.53144052448135     
   369.32313534633556     
   367.29393216663198     
   368.09564152457489     
   373.63195570897483     
   383.10667360767542     
   395.85688504483693     
   408.50523764069237     
   422.41022756971745     
   425.24816623397498     
   436.76735884085372     
   447.13446497823946     
   456.31848674729866     
   463.54062382244314     
   467.16328602716328     
   469.53814606201638     
   471.45318280846334     
   471.49139220807712     
   469.49156407124173     
   465.11990128603071     
   458.73799577821808     
   451.69439304463856     
   443.76303067356196     
   435.24003084504130     
   428.88974437116957     
   424.39143128896950     
   420.15132992666878     
   416.47554258735141     
   412.46053225169055     
   407.37246414048712     
   403.66991224920770     
   400.63089604978182     
   397.44818249504743     
   394.83556744532154     
   392.45689386492268     
   391.51933230017079     
   389.15567630122507     
   386.66807901779976     
   384.69602038834734     
   382.85326423784846     
   381.32307246177777     
   381.01985869309635     
   379.56144983231724     
   378.00036160140183     
   376.63086302446942     
   375.20550899213021     
   372.69137584788166     
   371.84792267202607     
   371.52271934812097     
   369.93087240635361     
   367.76768547933500     
   369.43819920907339     
   372.72397469930678     
   381.11241937026193     
   396.24865404583102     
   411.17212903375685     
   425.52335384359270     
   429.27650922327746     
   440.47178882386442     
   450.68584068758929     
   457.18850294991864     
   463.99405119688066     
   465.98019077185495     
   469.29750972469162     
   470.58153248155446     
   469.61835224635132     
   468.96352803761459     
   463.17766047919775     
   457.76449696201712     
   450.60617801220405     
   442.63240648831356     
   433.92332409527808     
   428.30276886498808     
   423.75754379744080     
   420.43545118070756     
   418.51966966028345     
   413.18390880010514     
   409.16664948732523     
   407.99156321705186     
   404.85852758166754     
   400.67155209161018     
   398.83347574265611     
   394.56058462564420     
   392.70958257660715     
   389.26333754245098     
   387.60823372247603     
   388.11704153759786     
   385.98473109048894     
   383.37191060372351     
   380.21756509047617     
   376.51023680048723     
   373.76197901330482     
   371.87497837908177     
   371.04721759527359     
   370.00820170570404     
   370.46672734544512     
   370.45467406371137     
   370.24557614841564     
   368.07137983308962     
   368.78356874971649     
   373.21154964284494     
   381.82438996297782     
   395.50924252793277     
   408.77849690913615     
   422.55713547869141     
   427.21959490835502     
   437.17241731803620     
   445.20873176594398     
   452.39337159947820     
   459.17772294314648     
   463.54206921001526     
   465.87721308309818     
   466.25039577244189     
   465.94344382477806     
   461.25053044274671     
   457.68816514903966     
   451.62033630198977     
   445.34145796801920     
   437.38835212162877     
   428.18754143574790     
   421.84710435732381     
   417.47782508931806     
   414.41697255595955     
   411.67031473219521     
   408.95412374238566     
   404.82809056100842     
   402.88517435151533     
   402.48843703741284     
   401.93868250070255     
   397.45444334578264     
   394.57987592478634     
   396.27170875133618     
   395.01740397945315     
   391.23115839445228     
   388.76885434242666     
   387.39783961092513     
   386.12186840106068     
   382.81122464446543     
   381.35949750099149     
   380.14480783703726     
   379.02199112584890     
   376.69544294397218     
   374.22005574252586     
   373.61731024577682     
   372.42201182254536     
   372.02416372745063     
   370.84750290688487     
   369.93351707924035     
   372.80211077776869     
   376.20105388733583     
   393.05691533103106     
   411.06186637723761     
   417.49430454123763     
   424.05167706457820     
   434.94989383778659     
   445.57983275996128     
   453.00176581519622     
   457.62597764058819     
   463.66200168039637     
   468.20303523068259     
   468.74408747819632     
   467.46501815952155     
   465.66016258817791     
   460.06270428626004     
   453.44287207794071     
   445.58964467039948     
   437.83491101131358     
   429.34177198859118     
   423.47860828477423     
   419.40422157500211     
   416.46302502040959     
   413.33101959416564     
   409.97667986230766     
   407.17261254511232     
   403.51017677682609     
   401.01217700441759     
   400.01993178224370     
   398.03237875261942     
   393.89038287699549     
   391.64736473834319     
   388.34715113779424     
   386.55605300745543     
   383.80611621317297     
   380.34228925531801     
   377.58555161540130     
   378.08616397819480     
   377.88174380204384     
   376.09011590283779     
   372.97895444947858     
   369.83923939362927     
   367.45268003986598     
   367.51714481836848     
   368.95696286101736     
   368.66947815981541     
   366.79916936562279     
   367.45811781354996     
   372.56126335702186     
   380.18227153178958     
   392.28760020720694     
   405.78821158856141     
   416.58785277055540     
   416.02221970913627     
   423.62901065213509     
   432.40375199255425     
   442.04987257090704     
   447.14270960643324     
   451.41488653309511     
   451.59012795298526     
   453.59987065357376     
   459.65035988103307     
   454.96483389707345     
   447.40395484069057     
   445.89388629732866     
   440.56096078699244     
   433.75372755103797     
   425.77569859013317     
   418.77095523424470     
   414.53631669524674     
   411.61460907729469     
   408.99969747583765     
   406.28074501912806     
   402.60998738366948     
   399.23378699595992     
   395.75505598454981     
   392.92005239396474     
   390.94345183400628     
   388.68732845088635     
   386.61764492826541     
   383.33164163934185     
   380.09923040520101     
   378.05683197151950     
   376.21139660785593     
   373.93195119058305     
   371.77587693945009     
   370.53374247353156     
   369.05629361726193     
   367.21312392785035     
   365.61308239561794     
   364.41898997959112     
   363.71878716073371     
   363.50144169054050     
   362.72269566757672     
   361.83754915514476     
   363.51707019287113     
   368.20383868605506     
   377.45516606005708     
   390.25186303338131     
   400.10647776560802     
   410.15502992405112     
   410.03231478366268     
   417.93147753201305     
   426.23966585480241     
   434.18785735559459     
   438.84045701051559     
   441.46838145381992     
   443.94768698592685     
   444.03169373943177     
   443.62580128266501     
   440.46029082225630     
   443.08759937848743     
   431.13428844046683     
   422.39810829327172     
   418.49419762548723     
   416.65319733201409     
   412.30786053138280     
   407.96591005651578     
   403.11385241385909     
   399.80550437513307     
   395.47726657512953     
   392.13284710358482     
   389.43453154008313     
   387.04840806209307     
   385.28974966065914     
   383.66418485289262     
   381.55019574501557     
   379.75233899551785     
   377.37207284579131     
   374.71450477882206     
   372.19342054795197     
   369.63007645627488     
   368.43619648495797     
   366.27757129343820     
   365.12078607914378     
   363.48303445463398     
   361.59257214456306     
   360.01018887230987     
   358.07602253257340     
   357.02512104312166     
   356.30581849149377     
   355.60520993698748     
   354.99281239686098     
   357.54988277175676     
   362.73898660295492     
   372.44989529648615     
   384.95296912970372     
   396.52688853334325     
   409.59879765107559     
   411.63287464364214     
   420.52241885049671     
   428.65180306554430     
   435.26910786742718     
   440.76609812695830     
   446.06587293690961     
   449.73641762416605     
   450.81941077243886     
   450.50920848335664     
   447.73009345451425     
   443.28041754902097     
   437.39287882580840     
   430.75604512738062     
   422.54386328012964     
   413.55826119045702     
   407.09287497351755     
   402.93266868481578     
   399.75370632461744     
   397.09378161125608     
   394.38748027311800     
   392.32258744993925     
   389.97566831808814     
   387.24011300944960     
   384.79462657509009     
   383.26509573222791     
   381.23586710544060     
   379.01736761228199     
   375.87347079145093     
   375.06309357365262     
   374.98913510953992     
   373.75120363510052     
   371.70205420154866     
   371.43920021693708     
   368.79922663355285     
   366.58287593167211     
   366.80799938460365     
   366.24367529801344     
   364.70390480128270     
   362.47468779818513     
   361.51041967983457     
   360.30054221348917     
   357.35835312916424     
   359.93905396127218     
   366.56471340733543     
   377.99473972808653     
   393.92334305249881     
   408.40698525733649     
   422.05504231205583     
   424.74230768128359     
   434.51043177212910     
   442.80396092105650     
   448.82046667141850     
   453.79380563650113     
   457.35938343809426     
   459.24055353006457     
   461.59457658954392     
   458.74026588852615     
   456.74302604316603     
   451.42625080977200     
   445.35874454522002     
   436.82437961828367     
   427.87011465778835     
   418.17770528012346     
   412.15274112187529     
   408.27676476156853     
   405.00118905977445     
   402.10425841510090     
   399.23448433390513     
   396.45457476304949     
   393.87850452590385     
   390.56909559089945     
   388.55601362529268     
   386.24736656584014     
   383.72075000738005     
   384.13271064269838     
   381.67110878399745     
   377.31166982309736     
   374.24157825846703     
   371.70026285515257     
   369.33797716776195     
   367.65955823143833     
   366.31896391224620     
   365.19543209745473     
   363.72533907142463     
   362.02128354891857     
   360.81628284410044     
   359.45450190837954     
   359.93681074063556     
   358.28123246963406     
   356.80879785115445     
   358.74744813646646     
   362.90855681884881     
   372.15375737390542     
   386.41895832769268     
   400.30514828643436     
   407.48300110927670     
   416.37779574327720     
   428.09450398300083     
   439.33856363957045     
   447.74710918085526     
   452.59571556237825     
   458.23124993712321     
   460.51680695759148     
   459.50221849259077     
   458.02370994231222     
   454.60806113381227     
   452.48941479989588     
   446.49601531050814     
   439.16429512406160     
   430.23169815815055     
   421.15524459500966     
   414.36100669536927     
   409.50416280472552     
   405.56740814308193     
   402.30988292111834     
   399.15730620992088     
   396.11781268741680     
   393.28777900574119     
   390.87742707873775     
   388.76587309192860     
   387.62272963100554     
   386.63473188399865     
   386.41005375994087     
   385.07262873389357     
   382.43646505853832     
   380.59580770831917     
   378.47459572716934     
   375.76945976755633     
   373.74314619141683     
   372.30092107353954     
   371.33979822869605     
   370.04694263742698     
   369.05020483591517     
   367.06435467626847     
   365.71316196742947     
   364.84053711257241     
   364.22623439279579     
   362.66233690392835     
   365.87159540398130     
   370.28913792214621     
   377.88859093932217     
   393.31760641219745     
   399.97794025882047     
   408.53014399807398     
   419.60514880831664     
   425.00835628916434     
   425.87438721307711     
   435.34211099402864     
   445.93442846671013     
   452.52761925666135     
   453.34671816652718     
   453.95252752103107     
   453.65705877741379     
   452.91784272473870     
   441.95305318280742     
   429.75429820825792     
   425.76478780599047     
   422.31196644483288     
   414.84688088666815     
   410.92993164610942     
   408.75608326865535     
   408.01596844540711     
   406.90588560947185     
   405.22887147312002     
   401.24454652928858     
   399.12118441022943     
   395.42269119974191     
   392.87572909171843     
   391.34434294714544     
   388.25919767526966     
   385.51012328014241     
   383.06851900563129     
   381.93562775318520     
   380.46878935587102     
   379.71585790000285     
   380.69873826435361     
   380.41468017314281     
   378.28287441772471     
   376.22360623782612     
   375.48078971429561     
   375.74758367400250     
   377.01007262216842     
   377.46485095742554     
   376.55814857254256     
   376.00421031740802     
   375.91568515715375     
   376.96740652610606     
   380.39318654646331     
   385.24431824063043     
   404.00774762006552     
   408.31495997613831     
   417.23769119903056     
   435.38971605234792     
   433.26281739019294     
   435.21109393171639     
   450.98990426601927     
   444.70381560549174     
   455.58111515578935     
   457.94459599009491     
   461.88139450625948     
   458.06339722322900     
   451.67663769679928     
   448.00649069802984     
   443.38852272467216     
   439.53670902360943     
   435.16355936532193     
   430.77514287374532     
   427.23423593880710     
   423.05989588426644     
   419.44352733457958     
   416.90839090615924     
   414.79005287750249     
   413.27977292677059     
   412.07405236626886     
   411.31580071104929     
   410.01654511878831     
   408.52926892869874     
   406.82038150554695     
   407.03754321700546     
   404.30356302729706     
   402.05587283236287     
   400.50504314004439     
   399.07711950329707     
   398.79954799033834     
   396.83139410082845     
   394.45232652143915     
   392.16227987671601     
   390.75017299451946     
   391.14040666932220     
   391.26742611520098     
   390.57087171223839     
   389.91367730131907     
   386.55664480477299     
   386.05446635368548     
   386.25418919261887     
   395.74630964250701     
   405.86817614509170     
   421.25084755386240     
   419.46700373497373     
   425.67123277172260     
   440.23452062868250     
   444.94728823171818     
   444.72531533690915     
   458.85811102427670     
   463.86613155697216     
   459.27593113046987     
   453.36310166004466     
   449.10748724361775     
   450.73116345332113     
   453.12061097965216     
   458.28262715667967     
   453.77313652827428     
   447.29932052559235     
   442.11425539282880     
   434.23689854415375     
   426.48424433213711     
   421.73995701768939     
   418.15324181539847     
   415.13700659325434     
   412.94635566552017     
   411.75749340080273     
   411.40585568263708     
   411.93018888020811     
   411.78813380305360     
   411.13827700175028     
   407.61296330920686     
   408.07630817498858     
   403.68405016442546     
   400.99850092704708     
   399.44449454085969     
   397.13676925030586     
   394.74384641817136     
   392.38189403397519     
   388.60801335510615     
   385.98760925380844     
   385.26780272413674     
   385.91475323143288     
   385.23746219601770     
   382.35130209310051     
   380.04665199560918     
   376.88750700913653     
   375.69726320620458     
   379.69719579153849     
   386.68555966701746     
   395.40166049688690     
   410.27887779169129     
   425.08524643531001     
   437.83082064411241     
   453.18233689151577     
   450.86089470387765     
   460.75127958308616     
   468.68926541775869     
   474.27363196149537     
   478.90446733207796     
   482.63178176740121     
   484.13925555870702     
   481.27961116524108     
   476.60000147906635     
   472.23105817840610     
   465.38361822785606     
   458.96547022539903     
   448.54549998345220     
   442.70435580608762     
   437.43780169155951     
   433.70905762683606     
   430.39073551239267     
   426.72522278978300     
   423.52599175030434     
   420.42019662350629     
   417.30664785425489     
   413.80680754370172     
   411.85047602966256     
   408.59707148987485     
   406.24801982989828     
   403.70431457916902     
   401.20359784553716     
   397.75477939392943     
   394.88970411269065     
   393.14450363544938     
   391.46240802025824     
   390.51929493115477     
   388.93988274489021     
   386.20995765471861     
   385.79990874620665     
   385.61806006697594     
   384.52156576424886     
   382.15167685435802     
   379.22209987290978     
   378.36831870654521     
   377.59094869824105     
   380.20402736055297     
   387.16000762806851     
   396.88433805556889     
   410.75775208302923     
   425.17609889544508     
   440.48185949175678     
   454.63628321912097     
   455.61224733803624     
   465.09498139020053     
   473.48484500305295     
   479.75754761203615     
   482.57473209602819     
   486.72812978574831     
   486.83729441550611     
   486.77899785494952     
   484.41455461916047     
   481.34913091321607     
   475.54284636945215     
   468.56006544101638     
   460.42294497289674     
   450.74152828455271     
   442.40630804287440     
   437.15203182702624     
   433.73338728748189     
   431.09431000748913     
   427.90714511172882     
   424.64954784810112     
   420.87271062908729     
   417.28368931293284     
   414.87520160952113     
   412.57962926551727     
   407.91188466984414     
   405.00563222756978     
   401.77124973735812     
   398.78871406990152     
   396.32709732087824     
   393.13579859390012     
   390.95695455492728     
   389.28137543276898     
   387.35629425215603     
   385.65562745239657     
   384.18129715327399     
   382.94430347209578     
   382.14502191407701     
   381.95837009462599     
   380.61744409169552     
   379.55281354224957     
   379.84581299655480     
   382.10242099530211     
   388.09232898380202     
   403.78136937045866     
   407.86784979233971     
   421.29266964365183     
   440.32983886102829     
   455.18063675022483     
   449.92803453111236     
   461.91241216559615     
   471.01118019132855     
   478.13304003418455     
   484.89412384423326     
   489.81598653404177     
   491.95440696456029     
   491.42664686942510     
   488.35427200761120     
   484.15773469775809     
   477.98457293208224     
   470.29633942159137     
   460.64442446416217     
   451.52687115807714     
   443.94604279425278     
   438.19538533665963     
   434.85493963828998     
   431.53413103351568     
   428.45173767807802     
   426.22918953023674     
   424.23885215870934     
   422.70389774949558     
   421.88755947034741     
   420.00706643844887     
   418.38115289821206     
   418.80204470028076     
   417.31950503784020     
   414.67560453877172     
   412.50866402169811     
   408.76079240216313     
   405.61087574843287     
   403.06092801172241     
   401.29224769310997     
   398.42826229874964     
   393.06679619687526     
   388.66511528399735     
   385.39296718455950     
   383.03259070012473     
   381.25594910468504     
   379.93079972623821     
   378.03197416387235     
   378.60547683581018     
   383.66280899735199     
   391.30209511141595     
   403.56970576158091     
   415.70321860976497     
   426.39758201851396     
   439.72403213352112     
   437.91491196728111     
   446.82686139028476     
   453.02348136861366     
   458.17003245113449     
   461.34130873880076     
   463.37079409693462     
   460.76740920267099     
   454.86403581420205     
   451.14471755808984     
   447.44915226147162     
   440.83623469555255     
   434.34501089182379     
   427.69229748981451     
   421.08540228424044     
   415.68249887087200     
   411.99873233991872     
   408.52954123141416     
   405.56396098899984     
   403.09431262723479     
   400.96725514058204     
   399.06844025332157     
   397.05574688440123     
   395.07744312664829     
   393.20227702486568     
   391.78019021937985     
   390.80996584136187     
   389.45486130919869     
   388.83805976638445     
   387.91345169583121     
   386.58642414907001     
   384.57574481957045     
   382.76429880746070     
   381.26552332994646     
   379.70188010233710     
   377.42863989056019     
   375.08225671940596     
   373.10244485809051     
   372.21666264477716     
   371.64255226121173     
   370.80570831422403     
   369.56025629740049     
   371.87601309072983     
   377.35662446660314     
   385.58375324316756     
   398.95355490302757     
   411.45029833421847     
   423.96592357953898     
   439.06215582003369     
   434.57270719083027     
   446.17681186280237     
   452.41098602435960     
   462.56450942321726     
   457.15471164258264     
   456.52957943221128     
   461.59517674566121     
   462.26854502746653     
   453.37868873878637     
   446.88203190845474     
   446.21224590513293     
   435.30143179930127     
   429.84560392139781     
   424.90253075747455     
   421.80644904765705     
   419.40775186560836     
   416.40504539017076     
   413.09298542802105     
   409.07916888086953     
   405.99251477162596     
   404.53623294786553     
   403.07299087227915     
   401.52720428903979     
   398.79355988032796     
   396.25539100145954     
   395.21132323839555     
   393.17240455440822     
   392.23636821096477     
   391.23317585062762     
   392.51937307268577     
   392.25436083072583     
   391.91135081026891     
   390.25300858427408     
   387.71075676781277     
   386.25089865460552     
   385.10600413995292     
   384.14098987417862     
   382.73196936513312     
   379.02085343768260     
   376.85058435779047     
   374.40358196637794     
   372.35965966773256     
   373.16401560271453     
   373.28808456686909     
   376.60708580398853     
   378.88064990113793     
   385.64637038452179     
   392.47391523251832     
   411.36452814670514     
   421.92549954642095     
   430.03946561676418     
   437.25081526764529     
   438.29023425251330     
   439.74797366005436     
   431.18747983094443     
   425.22913280737669     
   419.01930813528139     
   411.87511746265039     
   404.31982647605639     
   399.50762232152033     
   394.83959228112263     
   392.24432304836762     
   387.08653482059822     
   383.52396458786677     
   379.97919911441818     
   379.12621026435835     
   377.61009522054934     
   375.36446798154674     
   373.85194956264809     
   372.19509115492372     
   370.10629507141226     
   366.57108133524468     
   364.22995706995260     
   363.30183364598571     
   361.76640009299217     
   360.44055507291688     
   359.22645323432886     
   358.22802330923253     
   357.27565881962920     
   355.96227765842491     
   354.72697766695785     
   353.86375766805162     
   353.17317750636369     
   352.44926448075569     
   351.46303276344975     
   350.78947575954908     
   350.05710225983552     
   348.77682220458490     
   348.01666499633524     
   351.50189966370323     
   360.06519918042750     
   368.35659003665529     
   380.73563352690024     
   393.47165094872548     
   408.33655802384749     
   411.33617216318430     
   404.84287037767268     
   416.41076953260472     
   427.44629021782475     
   433.36173180870611     
   437.02471194760551     
   440.82850338997872     
   442.07162184382719     
   441.38717672924304     
   436.28338833313336     
   433.99477172367301     
   428.80466619538402     
   422.22086226157904     
   414.82598873169542     
   406.96667666653480     
   400.34753449827008     
   397.00846434550959     
   394.29778986217974     
   391.54647798139808     
   389.04063283660531     
   386.72382108209172     
   384.94648035558782     
   382.83819431625233     
   381.50641671093950     
   379.36085958555242     
   377.46333229878098     
   376.35918007135274     
   375.37576444517123     
   373.46510449334750     
   371.04202218783865     
   371.09125033870583     
   370.21970366014313     
   367.99140991189017     
   365.64486156891275     
   363.05670328828245     
   361.75059219088877     
   360.38036035734359     
   358.70064125183427     
   356.46369922250784     
   355.51155841198459     
   355.33390482134166     
   354.66734343170958     
   357.33936317942585     
   364.24833001056658     
   375.78993914172014     
   391.14546927828911     
   406.34912759042186     
   419.68987415735984     
   434.56908506621022     
   431.54998096877819     
   441.22088130537270     
   448.94017491272552     
   452.67283877514723     
   458.06792868927113     
   459.95941774627198     
   456.34964743111692     
   454.35571015867805     
   456.18099852356187     
   450.92887150390106     
   449.15189030505843     
   438.94496964845740     
   431.84231054300523     
   426.36108515771946     
   419.13295907509467     
   414.47314206608803     
   409.62270375041902     
   405.99656249714599     
   405.05812919881203     
   403.24512042551419     
   398.95236171853207     
   393.86055914931148     
   391.48920254250851     
   387.89593271615797     
   384.76349291078782     
   382.82678728899816     
   381.11361969755200     
   379.58843929124038     
   377.40997599555783     
   375.76340168779359     
   374.46199020301503     
   373.38073596072132     
   372.01103640507881     
   370.66625834876203     
   369.38803749619029     
   367.56969725096769     
   365.92311523024642     
   364.41154239050707     
   363.01067623639483     
   361.79603547834438     
   361.40595535795575     
   364.92305036958692     
   371.05593535837983     
   380.39971304429434     
   393.79081378186862     
   406.24175518020365     
   418.43303849231648     
   432.08212733531974     
   430.46229517893715     
   440.21456315046765     
   445.02401608255519     
   450.50679678676346     
   450.95017170643558     
   453.91739166545108     
   455.97148596076147     
   455.50796247236133     
   452.66052356515434     
   448.71355237305647     
   442.91975055555611     
   436.72070250092747     
   428.72430030485759     
   420.66153440815913     
   414.11162824970506     
   410.11616813468765     
   406.90898913293910     
   403.97235378294545     
   401.15592438403183     
   398.44529828583416     
   395.95711845522601     
   393.97994797960843     
   391.88772693462488     
   388.78045829758986     
   385.42777866879629     
   384.32053278969266     
   383.39801776227688     
   380.98297479077161     
   378.29582339772230     
   377.38321606004905     
   376.45813469194997     
   374.76354592916152     
   372.80501410733046     
   371.06628542236319     
   369.65274534371497     
   368.43914329423859     
   367.28212678732609     
   366.04874214139915     
   364.90621257237967     
   363.82841957557781     
   363.39717292421739     
   366.01379856954202     
   373.21293062908694     
   381.20539011186548     
   393.81114530647864     
   407.71867091484819     
   421.61057983526956     
   436.78961823642715     
   436.66983605026365     
   444.97481051027262     
   451.83228809811294     
   458.12820097192815     
   461.65351190205843     
   462.52595369065466     
   464.32559711445595     
   463.49042858176824     
   459.87990533038072     
   454.94391117781589     
   449.03749869933307     
   443.09251221147844     
   434.13568111449007     
   424.19158802375074     
   416.54654219864028     
   411.90992724784360     
   408.51320184464686     
   405.66266765940179     
   403.18363091463095     
   401.13539240727596     
   398.72625114332163     
   396.34933639805121     
   393.81090220447487     
   391.68115437061766     
   389.94593362000785     
   390.04265745972475     
   387.54976330983976     
   385.28357021826321     
   382.72438506524094     
   380.93249094557240     
   380.59937808104053     
   377.80974913568514     
   375.46339187294524     
   373.25833421279810     
   371.37806793667056     
   369.93576635471760     
   368.40495198980602     
   367.14606119671737     
   367.38941420311278     
   367.51623839899787     
   367.77498012094424     
   369.21585112952351     
   372.62303402212672     
   376.22860292647488     
   399.22511569087175     
   410.77373462419285     
   414.92760184685085     
   418.26079669541542     
   424.94070546848383     
   433.35253559866737     
   443.11992819789788     
   449.34655735169497     
   453.97239630704530     
   455.86767416968274     
   454.34041929366657     
   453.55564676515144     
   450.91675179556762     
   447.19273902302905     
   442.28982797611138     
   432.74778466111246     
   430.07413525874478     
   421.20756307903667     
   414.05597175641577     
   410.98049029507871     
   409.06657866092320     
   406.99956327136425     
   404.25097150854140     
   402.21372850174816     
   399.45582312158530     
   396.98575609083264     
   394.18099003828206     
   390.92853745631345     
   388.79889615407734     
   387.58081814425128     
   385.50529160560183     
   383.64374394579801     
   381.63123102170749     
   379.63671571084666     
   378.14768042596177     
   376.26410974657051     
   374.73047669649299     
   373.16571905430277     
   370.70933926765821     
   368.47457552942166     
   366.08106791508942     
   363.51300108333237     
   361.95443651330396     
   360.83852588469671     
   360.81946979796783     
   364.65481538877589     
   371.15679647771992     
   382.18547978192220     
   396.06803759309418     
   411.55627154814118     
   426.43725842190872     
   446.23626864873546     
   440.13782238217391     
   450.68721857367160     
   458.55151196928637     
   463.67930541364927     
   468.59710276513619     
   470.23223551141706     
   468.14275171200194     
   467.26306099275718     
   460.19668359761300     
   454.04221812797891     
   451.81158011216883     
   442.88076766816823     
   437.24165813855512     
   426.95525559526862     
   419.98318814691601     
   415.94990865479866     
   412.68988586892101     
   409.34074935337685     
   405.97561330645686     
   402.12831340226523     
   398.95348588121692     
   398.75328614699941     
   395.93139475662889     
   391.66467955303852     
   387.54205173191809     
   385.38333735307953     
   382.86363242728845     
   381.00039870841880     
   379.44052188719331     
   376.43768774001023     
   374.37971911088800     
   372.99502804391420     
   371.14601473711377     
   368.80649267995688     
   367.57250437959050     
   365.16542387643102     
   364.04575568972905     
   362.55970517761261     
   361.59041570694211     
   360.73442493056882     
   360.25925447699530     
   363.99695356306819     
   370.40113566812028     
   381.89876267474267     
   396.32954517626189     
   410.62771191666053     
   425.93114135599711     
   443.80957954109300     
   443.34273313835354     
   453.53949607986578     
   462.89235242109703     
   468.96635499566980     
   473.45037787339629     
   476.43842173928107     
   478.21282809481181     
   477.01864870959406     
   475.25415904914740     
   471.13339951711453     
   465.51663832292269     
   457.29917043457544     
   448.00344891071381     
   437.94821046281561     
   430.05993423871809     
   424.76991914373900     
   420.42526845743458     
   416.53922202895103     
   413.45772654696356     
   410.64411682929227     
   408.31991458085975     
   404.45637275951219     
   400.38043296738687     
   397.30471183857077     
   394.72676116754485     
   394.56147285309146     
   391.63341095243595     
   388.78408022512787     
   385.98198454797642     
   382.21292229115744     
   377.58745018118776     
   377.09935238826455     
   377.87476075030361     
   376.25710346965559     
   373.18241221573493     
   371.18650805622218     
   369.96588458388095     
   368.07982756511723     
   366.15312638525978     
   365.45096879244880     
   366.55997568830310     
   371.58758230578218     
   379.89251391549476     
   390.70186859360109     
   406.02636966995129     
   420.62099210764308     
   433.02542055078629     
   440.02033977194395     
   442.82720711647022     
   448.70441430601829     
   464.32327684339134     
   467.36651923689209     
   474.16582814179452     
   482.02461627782219     
   483.60352698377761     
   483.53212241021697     
   482.50153914373340     
   480.72749485265712     
   473.66172782288061     
   464.51125263138101     
   455.98268848637781     
   445.56953846307061     
   437.80429166214998     
   432.81064155115291     
   429.03253736868237     
   425.63028473359691     
   422.72172224862555     
   419.50049170546134     
   416.62940211852776     
   413.86739016712539     
   411.24120760875462     
   409.40837893511923     
   407.97304821950263     
   406.00043916222944     
   401.76777563880893     
   398.62404830663439     
   396.68090473988116     
   394.09840833485396     
   390.81708535471358     
   388.83012498312922     
   388.11849135631434     
   387.08797627589632     
   385.50114616071005     
   383.42014793396879     
   380.71210621576682     
   378.59854417472303     
   377.15876303198314     
   375.76492236037944     
   375.55962282683709     
   380.10200502018233     
   388.88344230919097     
   399.69604101837905     
   414.50525588088573     
   430.85699822111275     
   445.36560344789331     
   460.36545657927854     
   454.00722661431746     
   468.13282972772510     
   478.77713767167199     
   485.42897775693052     
   490.89510033011527     
   491.90871111766694     
   492.49543196182873     
   489.64113569921125     
   486.10957183591483     
   484.22349327836963     
   478.54808229678730     
   471.45883102045104     
   461.88728098279319     
   452.49966571647980     
   445.06376047175820     
   439.98491709424127     
   436.25458982520979     
   433.11660519873874     
   430.61397804174311     
   427.30352194294767     
   424.08539928034264     
   420.58166646534397     
   417.73581536978622     
   413.72985323968663     
   411.17794470545476     
   409.22823442390347     
   408.44624153255006     
   406.81712672226678     
   404.54573907676252     
   402.18466576195391     
   398.92594151629839     
   396.13907668956358     
   394.09228706064363     
   392.65134859199247     
   391.22879962941909     
   388.87536267448439     
   385.95962086824977     
   385.09420650069188     
   384.37890319886480     
   383.23306720779300     
   383.30871574154321     
   387.12402470462160     
   396.17116594343332     
   408.25550104879972     
   423.57270996164499     
   440.35884260359393     
   456.38955972206793     
   472.37243839832240     
   471.79403909110590     
   481.84319654241864     
   489.72229966133381     
   494.43366437820038     
   499.66913528593710     
   502.37729117440841     
   502.26296898310454     
   501.10540219573249     
   498.36457645433399     
   493.31757455617281     
   486.08151863809741     
   478.30987841742848     
   468.42422597612051     
   457.47256125439225     
   449.56093881191254     
   444.17968525829315     
   440.72250885512426     
   437.70490918180388     
   432.98253690750994     
   428.69307834300957     
   425.32268334131601     
   422.17729275323876     
   419.59788119293529     
   417.92954638471599     
   415.06490664400206     
   413.41632426398286     
   409.79976586691191     
   405.81611928967743     
   402.39062768702416     
   399.54161499513924     
   396.82500901110024     
   393.90280521020577     
   391.57768437662827     
   390.60507097986130     
   389.58191443121979     
   388.21678068312980     
   385.47135155986086     
   383.41884426275453     
   381.29536511761563     
   379.20387029867061     
   379.89731289463418     
   383.65434559477973     
   391.52871098683659     
   404.77513764321975     
   419.61391681471616     
   433.04369416274341     
   447.86906524851156     
   464.15826614698989     
   463.78215704830222     
   476.28319310233724     
   485.61747949741823     
   493.08915577626777     
   498.07389133083842     
   500.52612721710165     
   498.72563791087379     
   495.76780701138637     
   493.42113026870510     
   488.75832442190568     
   483.96391228079887     
   475.49084579691748     
   465.94943586161861     
   455.12187040792554     
   447.42074124745272     
   441.88881221330706     
   437.38938697277291     
   434.15905225810462     
   431.85890522094792     
   428.72727860242333     
   424.95000818460898     
   421.57993573996077     
   418.60568235732114     
   415.75889584548406     
   412.59299904824132     
   411.17660493390167     
   406.53573949253604     
   402.66951673414803     
   399.78040153981186     
   396.87788326128504     
   394.63778974449576     
   392.83351781774161     
   390.42145925185150     
   388.50420404942759     
   386.86366631649122     
   385.43444735716116     
   383.42082486194437     
   381.50227479233541     
   378.90409929764706     
   376.77015025171835     
   376.24425733977057     
   381.39116174451459     
   389.66163185372176     
   401.50263698248864     
   416.47923057206521     
   432.57364983372156     
   446.83516703313609     
   462.35002733601851     
   461.44848975835737     
   471.98147091445770     
   481.63126410158458     
   488.18574139679401     
   493.59721303869821     
   497.72559963717077     
   498.95878008523187     
   497.14696130962216     
   494.69412078688470     
   491.15318941015045     
   484.65497353797031     
   474.64025879485661     
   469.04955928846772     
   457.05975506261154     
   449.04514208946983     
   444.07242393424889     
   440.07334488317355     
   436.36543295944557     
   432.35279228120476     
   428.64672647643249     
   426.79443516147495     
   424.67238743198766     
   420.41846119360463     
   415.96367864385570     
   414.22404861255757     
   413.33672645835389     
   410.53501987543478     
   405.81130446884032     
   402.99903207512415     
   401.29977385179683     
   399.33981469494825     
   397.21457864510654     
   395.55800511718900     
   394.11614332014858     
   393.27595454235995     
   391.56118125305665     
   390.26170741312944     
   389.48307820896116     
   388.20881540804271     
   387.00710362505549     
   388.01837144215341     
   393.22650172485243     
   400.76990421888752     
   412.02599396026471     
   428.89796334700691     
   445.64857191371169     
   458.82488796629690     
   472.37555880592259     
   468.04002194939591     
   473.63366881028384     
   477.16747194745881     
   484.08621761080133     
   489.66508653584901     
   490.10912147931629     
   488.41711714547523     
   484.70329614517772     
   475.35330352760576     
   469.03634923856521     
   464.18441115616810     
   455.98097675091572     
   446.75978180805663     
   435.64285236690870     
   426.58980468125549     
   420.05656047265160     
   415.18667898075546     
   409.97336400313782     
   405.74834695554614     
   403.36777106033844     
   401.32977136815771     
   398.83686993604829     
   396.48655648100589     
   393.96399720378838     
   391.78675781833903     
   389.93877825301479     
   384.99595806621818     
   378.77214667021946     
   375.07807887313413     
   373.19362232096853     
   375.98445042357213     
   373.79919916690176     
   371.16137707412696     
   369.62562843528860     
   368.37202488072637     
   367.14887370965130     
   366.52689232029900     
   368.75963083050522     
   369.27940759685248     
   369.20988730172820     
   369.29518392342027     
   371.99490575157154     
   376.64294366482329     
   384.89952653565979     
   396.79917646065877     
   410.53419548619956     
   421.21302273342724     
   435.73788602735419     
   434.57766556863226     
   444.24467804933823     
   450.11832917329173     
   461.20730957481567     
   454.32708217274961     
   461.73111954408921     
   459.48692147834311     
   451.58853396317500     
   450.98104499325427     
   449.44555734718409     
   440.31652066072496     
   431.74400025418316     
   422.15193212945326     
   411.88536663288556     
   405.14364462993683     
   400.91157340287162     
   398.09461062095443     
   395.72947131880039     
   393.24133034885085     
   391.00546496095609     
   389.08837475577161     
   387.01862960975359     
   385.22890178533731     
   383.16727783622696     
   381.22051113053203     
   380.20516602310147     
   377.72505016648654     
   375.54590505241760     
   374.15626263853568     
   371.82194607690508     
   368.41452252764191     
   366.41776593380047     
   365.56716513317684     
   364.09583357351090     
   362.63120279996605     
   361.01141249795938     
   359.67260565364148     
   358.79063100616452     
   358.09472963441556     
   357.06052208432391     
   357.28856653150154     
   361.32694755428065     
   369.81134413278761     
   381.80249382119013     
   396.29121921559539     
   412.58982830339590     
   425.97860730961332     
   442.49143735391056     
   442.05195592966874     
   451.52941127990306     
   459.02756513311135     
   463.51127705802406     
   465.88165263510854     
   469.08174258244327     
   467.50820741828562     
   466.67398612263662     
   462.04193581026720     
   457.35478622222757     
   451.39014106499798     
   442.88805227522988     
   433.08678519055593     
   424.15811164033221     
   417.09571761379931     
   412.02672381408303     
   408.38890759105988     
   405.64238368626621     
   403.28248340596781     
   401.36179720319672     
   399.42899837666141     
   397.78310565756294     
   395.15965403833314     
   393.00234385551056     
   390.98277741585633     
   389.23576871385217     
   388.22235401680484     
   387.34699258527689     
   383.77404892054960     
   380.45704645803272     
   378.08316518969002     
   375.69561920568873     
   373.79313685813861     
   372.08559323820998     
   370.66464324241969     
   369.17676690554009     
   367.92859421880001     
   366.85196263839674     
   365.49028700467568     
   364.28486515190093     
   364.94455085368537     
   370.23707500518265     
   378.40280614105058     
   388.98291064293329     
   402.39258155879253     
   418.52171201489909     
   434.13262298664034     
   451.05655827520906     
   448.61354327840968     
   458.77197192946875     
   463.92412653986514     
   467.55094097893368     
   474.49978946942815     
   475.09508176449566     
   471.20122456159595     
   469.39757247176794     
   465.86813501826668     
   459.61498311406393     
   454.37616394445399     
   447.97254880689508     
   439.08286463822202     
   429.55806972732546     
   423.48014554601480     
   419.27186275417739     
   415.51813204505999     
   413.21735743222757     
   411.33272414146387     
   408.90232900039462     
   405.95318836576809     
   403.65892250138074     
   401.70582009468791     
   400.32789756863747     
   397.88887463549293     
   396.66939583541915     
   394.12642748949520     
   391.87867226229383     
   390.21834253782527     
   388.22009991785444     
   385.56028947499834     
   382.82651556232287     
   380.28745842268870     
   378.23291984010456     
   377.04192035670968     
   375.34366204002691     
   373.68346014531465     
   371.84388813845817     
   370.59770205500172     
   368.45158213997411     
   370.28947549635643     
   376.78847034401792     
   383.95946335729371     
   391.21927509242931     
   399.70985113964457     
   410.46527873018783     
   421.13670280197812     
   432.31842692245675     
   428.29400907235794     
   435.69016271206016     
   442.43966611412742     
   446.11670303466053     
   446.31145336469228     
   448.74787232390452     
   449.75298388777043     
   449.72966145703458     
   449.48437051599467     
   445.26413790123650     
   441.34119910085951     
   437.31877274900688     
   427.80805295141499     
   419.33893848644630     
   412.38926715109113     
   407.85402925130057     
   404.53703042126051     
   401.32701363542583     
   398.28914115243532     
   395.34285850636110     
   391.56921426120527     
   388.09358666739365     
   384.93270543541115     
   382.70665000335254     
   380.67940787414591     
   378.72059802654280     
   376.83565540606099     
   376.18817767473195     
   374.57999200235594     
   372.28524014218999     
   370.80730474074744     
   369.86787884726584     
   368.52473312984011     
   365.97888922035082     
   364.25620886684675     
   362.33980637028492     
   360.34214244688417     
   358.50141400225698     
   356.68811792892308     
   355.55918253936653     
   356.99691597978625     
   362.33065546592974     
   371.83970424552786     
   383.74063859758672     
   398.17622601446129     
   413.90211185818021     
   429.23021107297438     
   445.52263517065336     
   444.71963322421095     
   455.00562539186222     
   462.27000149411225     
   469.60350215595724     
   472.76005160170143     
   476.34429004219220     
   479.09327942100907     
   478.17768144767450     
   472.79184153176851     
   467.55640510019418     
   461.69189144110629     
   454.51168188015475     
   444.60596285993245     
   434.50328720037027     
   426.71966035356246     
   421.13783087758890     
   416.90537239741855     
   413.70731048809444     
   411.08172285641615     
   408.01592896113044     
   405.09729307844532     
   403.15508840113137     
   401.07375179648193     
   398.51785580292335     
   396.47473561441439     
   394.57927973925143     
   391.98769709908998     
   388.84892339580279     
   386.48723676125832     
   384.39222550297649     
   381.80206038449728     
   379.63180449697029     
   377.93368277073944     
   376.11259400054479     
   376.29337020392722     
   372.92583196055932     
   371.60944583866319     
   373.21975589280368     
   371.22324680037542     
   367.60972083399145     
   370.14251546140446     
   380.48192914401852     
   388.93568630598622     
   400.35197925965252     
   417.08195703757161     
   435.54369743416328     
   450.40320169596720     
   468.02449884116550     
   467.90171029068586     
   478.81642324687039     
   489.11273994236717     
   496.63876842414044     
   502.81333147462601     
   505.83652380042167     
   507.23978526027111     
   506.86199996206460     
   504.39442794306393     
   499.10282774888537     
   491.80790279356057     
   483.82058985800967     
   471.77155221055108     
   462.78654504445205     
   454.03218462792711     
   447.04920548821570     
   441.92869798902899     
   437.91694740642413     
   435.10826967397668     
   432.38553531705026     
   428.95009076389050     
   425.41812037553484     
   422.43909377780932     
   420.73909936329846     
   418.99101311876132     
   417.87017459271908     
   412.81036930506423     
   407.77550232364450     
   404.67164213530964     
   401.81710905092251     
   402.04881819381052     
   399.43858205851080     
   396.48357559812513     
   394.49644766373484     
   393.33416744857567     
   393.49785839749177     
   389.86784237079127     
   388.05630541813179     
   386.42841086302121     
   383.95624381408714     
   386.05737518617678     
   392.19385673780118     
   400.90040674168000     
   414.86837387883372     
   434.03175609016250     
   451.04550840850476     
   456.21417752758020     
   468.17043926663945     
   466.32944625887848     
   472.24940973079163     
   486.13096828808199     
   503.70263499021087     
   510.72101312007413     
   498.18383354996809     
   501.56709039722921     
   496.16832047200694     
   491.24842765205108     
   485.00537942794045     
   479.36161687625639     
   476.15658194411412     
   469.91286299109879     
   462.14219721174766     
   456.30357253462086     
   449.05548233442158     
   443.96413539326949     
   440.33021102263041     
   436.51312271291954     
   433.98282087978021     
   430.99836755265164     
   429.84588983831259     
   424.60824586952498     
   420.16038191058345     
   419.27628659931537     
   421.60745822261782     
   418.94731653155691     
   415.73794566331236     
   412.45308632193991     
   408.85248806826422     
   405.61612837619219     
   402.79196106642183     
   399.43616366261494     
   396.58615663654177     
   394.84100239703537     
   393.54777417413806     
   390.83505841300973     
   389.10614654412450     
   387.31291309711327     
   384.90354567475913     
   386.50062414604929     
   394.48373878589382     
   405.55371145496628     
   417.64936795213737     
   430.79734260043119     
   448.43384752350488     
   464.87960813507448     
   482.74056614922642     
   481.25059829372373     
   492.88736092546333     
   500.45330337559636     
   502.42706774389097     
   507.40674802218751     
   509.83683219808512     
   512.46401420515315     
   507.03001248211120     
   501.33420488941283     
   497.24453206071860     
   491.63929924117690     
   484.62815957778128     
   473.71309882439260     
   461.28772774519138     
   455.38291646112179     
   451.77571594579757     
   450.03524803720916     
   448.00953753980957     
   444.78169059212604     
   439.77211184458508     
   435.33318688395946     
   432.08725073598788     
   429.71394460699196     
   426.92703698223158     
   423.80297273788381     
   420.62648143733679     
   416.70378803782853     
   411.79966635764038     
   407.39958254496008     
   401.23813877569341     
   395.31520722616142     
   390.71170473693314     
   387.82858187642273     
   385.21191350285625     
   383.72845311178094     
   381.31339671369005     
   377.20891649347044     
   373.84330317190199     
   370.69150823622715     
   368.81898586882761     
   369.38806771200689     
   373.58539619828724     
   380.24015252272881     
   389.94564620437302     
   402.07349062023110     
   415.79463937143402     
   427.66100379415752     
   439.62052090291451     
   433.26194206284839     
   441.44578229580145     
   447.77931425406825     
   443.32405124607646     
   433.11322535986420     
   445.12891764756586     
   436.57468916893725     
   440.93442559659957     
   439.83839493043456     
   435.96399577783586     
   432.37150560630602     
   425.96099004781303     
   415.10822008879040     
   406.75418466844667     
   400.61292532271875     
   395.03835596830271     
   391.85445003541622     
   388.83790271673325     
   386.39143540666305     
   384.10593785160881     
   381.69167675319511     
   379.42025514541024     
   377.86367757456162     
   376.18827362363169     
   373.60105223463967     
   372.12979556416082     
   370.11893335144902     
   368.18346498508299     
   367.33998959025143     
   366.36442264892133     
   364.74990700968709     
   363.73305381113619     
   363.75840233696869     
   363.11697132654723     
   361.88654980932267     
   360.12736624732059     
   358.46058915328280     
   357.24834147064468     
   356.52726760598443     
   356.06245404628561     
   359.05590553290421     
   365.08340902213109     
   373.95203630071364     
   385.81297268702906     
   400.80913506380080     
   417.83889158556542     
   432.51705557069022     
   449.19619771974396     
   444.13499198957192     
   450.82772320532359     
   459.82452199787537     
   467.10119606706695     
   470.26852483121587     
   471.90912544559694     
   475.26835540345343     
   475.02634228517286     
   472.47125255637707     
   468.45643997429340     
   463.47313940287131     
   457.10353668552978     
   444.49951673590380     
   435.98824121353994     
   428.84646776808916     
   423.81400677882607     
   419.98673392668928     
   416.90176024062731     
   413.89515471884903     
   411.62184144983667     
   409.62071891172974     
   407.01813871877232     
   405.19731374344042     
   402.12439777553766     
   399.41266847846845     
   399.20975856798481     
   397.77211824110060     
   395.46226681580151     
   395.58331648044140     
   393.64678911487761     
   389.78365943998716     
   387.83178433763777     
   388.06705479791873     
   384.99756790023548     
   384.39919514164995     
   383.99844084711026     
   383.26175233092340     
   382.93746718057116     
   381.59027721528969     
   379.42991644227806     
   381.78141214287916     
   387.94726659532000     
   396.00314682072724     
   407.56680823375069     
   422.53089474094253     
   437.50914374379852     
   450.24268301323974     
   464.40010460901624     
   463.47117919961579     
   473.31023265118893     
   481.03987379826106     
   484.24361344195393     
   488.44906394541130     
   491.05083254689191     
   491.62968319299364     
   491.98010818366879     
   485.79211597905879     
   479.64715551346291     
   471.74264321862773     
   466.78121873288683     
   453.91810007932639     
   445.33895881015087     
   438.02267762864847     
   432.19045072841772     
   429.34498321714511     
   426.37733752975015     
   423.22882275653245     
   420.48902706881142     
   418.88145230470730     
   417.72332184494775     
   416.06421803026905     
   414.61392019301923     
   412.94589902740427     
   412.82517904345610     
   410.04866718097423     
   404.81449990531172     
   401.08229105621513     
   398.21051245061028     
   395.98346605470141     
   394.36797430235117     
   392.57519493281092     
   391.08313834513945     
   389.47668131568923     
   387.83242563716226     
   386.34909700616481     
   385.05197313704025     
   383.87443017377234     
   382.95792079082861     
   384.57484475802011     
   389.40181805314484     
   399.97474340745612     
   411.03879672306721     
   422.52697756459855     
   437.47972352215038     
   444.93290813218573     
   462.71096555974287     
   460.74370789829203     
   471.42933820422837     
   479.59174449951303     
   484.07716283336890     
   485.38143279888538     
   483.50848628676908     
   485.58697889547727     
   483.81509716194773     
   481.79423455994475     
   477.62752950165986     
   472.70983776383281     
   466.87979268715367     
   452.02690770047104     
   440.67539669143872     
   434.29651054301348     
   428.51237525695331     
   424.27645522013029     
   421.01330139326802     
   417.75709821331344     
   414.83807525871555     
   412.41724244979071     
   410.60157214810783     
   408.04617967902948     
   405.15276932163221     
   402.32094634811921     
   401.02194372934298     
   398.34740209762026     
   396.04892333901830     
   394.32322543958486     
   392.61446013479315     
   391.07786608889433     
   389.53153948478302     
   387.73658099406714     
   386.18829356954001     
   384.68349141201486     
   382.19942865587791     
   380.32150137448576     
   378.39269559922718     
   376.59536745706754     
   375.64056062386658     
   379.38567873708894     
   389.48790140816294     
   390.58900895119160     
   395.57085966424967     
   411.86208278836898     
   428.30507021028552     
   449.32754544776583     
   467.43366509024105     
   469.44224297699418     
   470.67437277375547     
   471.09458202168088     
   478.68978850471728     
   485.68820909687116     
   491.85088067080051     
   496.65979745169938     
   497.54880080205800     
   495.32329993011865     
   491.53405279866899     
   487.15081433039848     
   479.79123741005418     
   465.69912302942816     
   454.43363974287047     
   448.06656834007998     
   442.04598145902384     
   438.00532173621212     
   434.47201011283317     
   431.08093360023594     
   427.12189928281686     
   423.75815173475354     
   419.98241452487554     
   416.66703938174851     
   414.29665888332727     
   411.42384341169713     
   409.67569051042290     
   407.55006679480948     
   405.40751220341673     
   401.29232353828962     
   399.06193969717589     
   396.85723804771703     
   394.97365003967877     
   392.92699339663358     
   390.68084587673889     
   387.81823012443891     
   386.72861999439937     
   384.98649568350078     
   382.97845289734312     
   381.18538367692480     
   378.44652763030513     
   380.39853503141234     
   386.88240837288538     
   398.27189323417622     
   412.75387272944795     
   429.39841210661984     
   446.26622073738685     
   459.48224143671661     
   476.42906268388958     
   494.09407590002508     
   486.30640048366644     
   496.43017103177152     
   505.00864702805046     
   511.30149530835968     
   514.49133366119884     
   513.30184893873559     
   513.14728109088560     
   510.43268102862868     
   505.97537377905866     
   499.45774525172942     
   492.45119586033491     
   477.34958912008540     
   464.93935063495701     
   457.62656382457027     
   451.46459611471914     
   446.95706880307426     
   442.45823681049131     
   439.66514496823129     
   436.33889191461924     
   432.85604387598619     
   428.68135752140523     
   425.48002770291015     
   421.71451279927140     
   417.45369555911947     
   414.68623397517581     
   410.56736536238486     
   407.75333824843489     
   407.08857443065739     
   402.64858807349884     
   398.04193716956843     
   395.44962157400289     
   393.87288845206166     
   391.96527151199734     
   389.39389233044926     
   388.00323344822846     
   386.82512760558211     
   385.28599215360833     
   384.22870267145566     
   383.36737409300679     
   386.03497733826481     
   392.86191760211119     
   402.06442719260076     
   417.06544762360164     
   433.31761113470770     
   451.90168228769062     
   467.88086648693627     
   486.76521547474704     
   505.13454156470863     
   498.53137698792693     
   505.39268673487220     
   513.59334312135434     
   520.53369395122229     
   522.89040331579872     
   524.39864575442368     
   522.13902665016792     
   518.26217041281586     
   513.77907362296253     
   505.55337709260203     
   495.04669587911434     
   479.88448708069188     
   467.91106818832429     
   460.74916369006070     
   454.28035364818692     
   450.18417343477893     
   446.96757479162932     
   443.48485367700920     
   439.19159194085904     
   435.31705988262303     
   432.16017171446964     
   428.37800323428996     
   424.75290681278062     
   420.06112773184515     
   416.88535685609304     
   414.58478022082767     
   415.60505428833835     
   415.59032260684359     
   407.61666460586457     
   403.39470557204572     
   400.72113372667150     
   396.70971911903638     
   393.86578327270831     
   391.87624507802946     
   389.81477209342131     
   388.69103919118623     
   386.77744214417436     
   384.97165992817702     
   383.60103800414004     
   387.03129326747961     
   394.51063637906924     
   402.34865894960433     
   415.73475166056568     
   433.20671259884807     
   451.71868308492304     
   468.69803537643742     
   487.70413292507692     
   505.86890469229627     
   501.04508530405519     
   509.76204607673822     
   517.03382853307323     
   523.81640469473655     
   523.54362364418648     
   525.07228536870969     
   523.84459942671651     
   518.08871605932461     
   513.63923205079846     
   504.79248765198429     
   497.88983036406518     
   483.03340860450157     
   470.16806166934788     
   463.13695772875656     
   456.77701554029773     
   451.98244340629424     
   448.27820028992602     
   445.03278618820173     
   441.20302079749820     
   437.78250337654316     
   434.75638201855605     
   431.46669469582690     
   429.48663366687794     
   426.24283829111738     
   425.55596800099971     
   418.62696122326201     
   414.25163189393231     
   411.27856734981009     
   409.85065199170793     
   407.80817868007318     
   405.22238279665373     
   403.82155706410794     
   402.20643973375462     
   400.29209808741871     
   398.33388607885837     
   396.89075486795718     
   394.96654988205205     
   391.71609600208239     
   389.40772182085669     
   392.30391982372737     
   400.81020171798571     
   413.53144720872194     
   428.00703521933366     
   443.66609779543148     
   459.79460762972349     
   475.76106466445265     
   494.68070240096210     
   512.60531962972016     
   507.07364253640964     
   517.49154962049556     
   525.63687242556171     
   530.67379244089182     
   531.72943541746986     
   532.06130910562797     
   528.98064396131520     
   525.45057645095346     
   520.38064159801729     
   514.35841651501698     
   504.86331003062270     
   492.15666267283513     
   477.74099278269932     
   470.50548334809440     
   463.81317326024060     
   458.21908082518161     
   453.13983356470919     
   449.18731529457932     
   445.64807467353711     
   442.42046588585220     
   438.04958165787724     
   435.40935167298761     
   433.46554489646735     
   430.31487910916502     
   430.98749138069724     
   426.19643340574805     
   421.36828779998524     
   418.08937966184908     
   414.02960787592087     
   410.60051355125364     
   408.07746470988747     
   405.90679090462004     
   404.01197852465992     
   401.67872581902401     
   398.63304693719812     
   396.58414525662999     
   394.75102135311528     
   393.58194080383913     
   393.01598739003555     
   396.70473817409362     
   405.12693760891801     
   416.08778734471076     
   430.05802523053802     
   446.49773038493106     
   463.16839577697198     
   477.09612837730685     
   495.82980179442524     
   514.14335718848292     
   508.33875684738177     
   518.30084587658212     
   526.99897923912931     
   532.17357677720474     
   531.91309650768130     
   530.39862056533241     
   528.46767523173139     
   525.90599661719841     
   523.25403268191462     
   516.74526545305082     
   507.57992033587425     
   494.30585803966386     
   482.18228390300300     
   473.84201641204510     
   467.41989903466907     
   463.19095352788565     
   459.43362747275290     
   455.64385571739422     
   452.81604178641197     
   449.80344615564400     
   445.97107681793375     
   442.28718204327470     
   441.46757234205830     
   440.19902002911607     
   439.24882606504826     
   437.13223148183914     
   435.16194291381919     
   430.96012458768041     
   423.84613761798505     
   417.88856926006508     
   414.17637712072570     
   411.19045641444029     
   408.93103855885647     
   407.63512258899561     
   405.98500877885573     
   404.68238975433474     
   403.00317134826224     
   401.04287954104103     
   401.22617256879732     
   404.33297671452135     
   413.98624404231776     
   423.42590409104162     
   429.24466385516712     
   438.97465097661916     
   446.02504458256874     
   447.98888252746866     
   460.31864861590549     
   472.35202328193219     
   464.47356521570271     
   475.16915315760758     
   476.95722433318264     
   480.62536290773158     
   495.66788406954726     
   498.66269290273283     
   495.14225591020409     
   495.17251225621362     
   488.59257537763926     
   477.43713747087202     
   473.02119329870862     
   460.69766154825493     
   456.35878987649068     
   449.49972669554592     
   446.25587277677135     
   443.30416174523725     
   441.25128766033282     
   439.65223619406919     
   438.03748815584805     
   435.22943155184811     
   432.31676981807061     
   429.75292342010698     
   428.26091355100732     
   427.55414275805401     
   426.89832973837468     
   425.24093785506369     
   423.38681418401660     
   420.87218373114678     
   418.51609293102086     
   415.56524233608621     
   411.93159685864146     
   407.35122376670751     
   401.74138327082403     
   395.68306041527842     
   390.30817936973722     
   387.93372735366682     
   388.09454255604794     
   388.88713100433171     
   389.63413426825389     
   387.98599713322051     
   383.52700558560713     
   386.35231442679077     
   385.26652940945979     
   395.20310417267444     
   399.16141327486542     
   404.86491227043297     
   408.13788489266693     
   411.53240402809115     
   405.80895121870833     
   412.88735793435274     
   415.72891678667634     
   419.40634468281297     
   421.63843405098089     
   422.35146154852407     
   421.26175733941432     
   413.69437355531812     
   410.82648151363901     
   402.19695547671131     
   400.11967379864228     
   392.87658504770496     
   390.09102977232709     
   384.19527655904523     
   383.29523149053824     
   382.60935135008600     
   383.09277575069325     
   381.40119986069914     
   379.79004284671890     
   378.24800909696756     
   376.81379698888196     
   375.19029840964475     
   373.74934630463815     
   373.10849209919422     
   372.58877495001201     
   370.41523746904420     
   368.86282331080105     
   367.57489133362401     
   366.98739474332598     
   367.17884224106211     
   367.23008958410048     
   365.84099988048905     
   364.58459591562166     
   363.37091319832456     
   362.21913350838088     
   362.30885012866446     
   361.63264434229615     
   362.18567430854779     
   362.36095738247110     
   368.87798426612756     
   370.96851381433163     
   380.28548450365906     
   381.56008307186818     
   395.43173416685335     
   403.86567946393575     
   416.37865672020058     
   424.32644884854386     
   441.48550396163841     
   432.34522660578648     
   438.95996190194950     
   442.00934124318741     
   441.54716175896357     
   442.19373247923585     
   439.12249180236012     
   439.45932104191360     
   434.59932207109671     
   434.12523527352351     
   425.18478142147728     
   422.52843754937521     
   411.25473270886727     
   407.86055753883437     
   397.93169393255420     
   393.66686362283917     
   390.09182499319178     
   388.86513943173759     
   387.46655393533604     
   386.12750457457463     
   384.08180296953014     
   381.86554886324558     
   379.44548808925373     
   377.14070728559011     
   374.64302015563908     
   373.27246503574275     
   370.92698478756449     
   368.78113970906435     
   366.76100313178790     
   365.03680138871692     
   363.68807066607889     
   362.61958511733752     
   361.44673825078883     
   360.48678074649416     
   359.04583454593046     
   357.47141513357474     
   356.03363106947427     
   354.86536101729354     
   354.22417230292791     
   353.35821969781392     
   362.18536759243460     
   366.74123810785682     
   380.11838451453571     
   385.05992280812052     
   403.37703632297502     
   415.75899292724728     
   435.34517029103188     
   447.68482618927004     
   466.90854431923685     
   456.28546473556105     
   464.83788748934438     
   469.92572590444843     
   471.78586204188719     
   473.85044214398692     
   472.90389719645395     
   476.10493378168502     
   470.06388081961757     
   469.49995814065505     
   458.38098874381382     
   455.13726983561253     
   441.64007178736227     
   437.12903202498569     
   424.40837729773682     
   418.18027446138609     
   412.98319884379623     
   409.76865152052676     
   406.61865901633331     
   403.78597581918740     
   400.34104515146549     
   396.81063782550058     
   393.29888657467711     
   390.24169821801257     
   387.55812474734273     
   386.01524629045980     
   383.68739839037323     
   381.68900508301942     
   379.31567540560354     
   377.05058089701970     
   375.26661412469070     
   373.86996110167559     
   371.71324111167280     
   369.50249909893296     
   367.39799107549618     
   365.39360270400323     
   363.52286356366221     
   361.88764909418086     
   361.72461236669295     
   361.64960197478888     
   369.66932389355861     
   372.95056468872281     
   387.62777194464303     
   395.82679213090057     
   416.76684533497053     
   430.78303979732328     
   451.34364551193107     
   464.02522300114254     
   484.99174380622645     
   475.91342876950972     
   486.23969400005853     
   492.55168543561388     
   496.37573835215875     
   500.15785369974066     
   498.50703019057920     
   500.14275697572043     
   492.82957245886200     
   491.18313805138922     
   480.60877005508524     
   477.88074931016524     
   464.71889552527983     
   459.79779871130791     
   447.29378148099624     
   441.81861899269990     
   435.88932127824881     
   431.22612089744570     
   427.77512821715248     
   424.93375232606581     
   421.94652810788205     
   418.99029929867152     
   415.61349826913045     
   412.46012346135461     
   410.18128287997280     
   409.48853787976196     
   406.89277570743491     
   404.36445250795009     
   401.33625438839971     
   398.52764416513713     
   396.02807322247469     
   393.89859816820370     
   390.86087342649017     
   387.81751962808164     
   385.14439301035384     
   382.80376997179428     
   380.76156112111113     
   379.10776193128481     
   378.62834670337099     
   378.10384843149075     
   385.99782507203940     
   388.78741808335229     
   406.12652091187226     
   417.94285110303639     
   439.41796454676791     
   452.17867185918158     
   474.00692471217343     
   487.30931504300935     
   508.13505284505595     
   499.95356237563891     
   511.86527041079319     
   519.50989818228913     
   523.81560851901247     
   526.42035033709510     
   524.77365089695274     
   522.49971653760394     
   522.12397083532665     
   517.08385799566304     
   511.25985875069779     
   502.75826180650250     
   488.02448750299527     
   475.44987741622396     
   467.35184333218660     
   460.86569473416239     
   456.03618008259082     
   452.18417328789349     
   449.36829289818758     
   447.00925019571804     
   443.71627820556097     
   439.51212064261097     
   435.82454640231174     
   433.26740648290189     
   431.69885402795734     
   427.81523592938390     
   423.50012457021836     
   421.41265533272150     
   419.23353523310300     
   417.31026899900911     
   415.70590745616209     
   413.86515743644208     
   409.95486401631285     
   406.81098030348141     
   405.90198149464572     
   404.72960001940305     
   402.72571618168433     
   400.45769537199720     
   398.69873372785798     
   400.08979534105958     
   405.81709202536490     
   414.82177596959889     
   425.22592282014864     
   437.35184712738135     
   452.00845573199342     
   467.77539821654665     
   485.17846742765374     
   502.62939144084703     
   521.93386162698459     
   515.89209231496625     
   520.44001856684520     
   531.07950963645919     
   536.54539896194001     
   535.38745312829485     
   536.53806335860440     
   533.81579634517777     
   531.05293832995221     
   527.82729780523664     
   522.64379424272227     
   511.36760799407944     
   497.38449166276706     
   484.77959759665879     
   478.25310295548866     
   469.73585680600951     
   463.84750856553342     
   459.64790102806870     
   456.14051575621255     
   452.75479835020053     
   450.11350247419631     
   447.77609604763410     
   443.36926138736260     
   438.93376565689096     
   434.98498038451277     
   432.11933011838192     
   429.84091511701786     
   427.74506000107192     
   426.30188807127939     
   425.69749704120420     
   422.56919345694035     
   419.30584147616884     
   416.79388959195381     
   413.81265402115361     
   410.94920302001339     
   408.90640895854688     
   407.34410382216140     
   405.02341439620670     
   403.51360633969148     
   404.08437412486813     
   408.08481382275511     
   417.28470142096131     
   429.89948524361881     
   444.86500920769146     
   459.76298723304558     
   478.77112273935313     
   495.48913214416399     
   515.26430605429300     
   529.72685336126040     
   516.43938760188860     
   520.82056188148624     
   527.59564248211950     
   528.06414114459858     
   527.93118860855600     
   522.95232463551633     
   521.03141716926575     
   518.57885193194477     
   512.88848343911241     
   507.67553993480203     
   506.30135834368906     
   498.13305619401308     
   489.46533401631910     
   480.76909518061029     
   472.44279367003412     
   466.58130758229623     
   461.35271938922318     
   456.90571724205176     
   453.47635955014431     
   450.15237532858811     
   447.10837109983351     
   443.12116845086791     
   439.68316806783804     
   436.70758345352419     
   436.14606123561600     
   435.45173839836804     
   433.58976759794575     
   430.04840231783265     
   427.31476192249664     
   422.89140454723895     
   418.01451509856327     
   414.96669650986831     
   413.38788125750131     
   411.50694750972735     
   410.36518600447545     
   409.79800594535430     
   409.50405318826665     
   408.24989109513905     
   409.00016683083396     
   414.16800953852163     
   420.27867141882518     
   425.43086919489332     
   433.82126486050049     
   447.77691794898766     
   458.62664521855902     
   478.02551821172432     
   484.11149072900258     
   490.75167918466536     
   490.48142470508407     
   495.83643741433394     
   495.07583679019666     
   505.88095725991224     
   505.73996593629681     
   504.19858649354990     
   507.09883008987146     
   504.43431407180555     
   505.57988785239775     
   499.06549677331793     
   485.79035666413210     
   478.42946775078781     
   472.16617631838574     
   465.25980627287345     
   459.13332334554650     
   454.30848957637789     
   450.01981828152020     
   446.15918973694494     
   443.71452734146453     
   440.84768030077953     
   434.82275943345604     
   429.37042196598725     
   425.78607794333783     
   421.80743763247477     
   418.64816599265743     
   415.47525342644656     
   412.48721005059303     
   409.87339318007611     
   406.95528602864692     
   404.81362611827495     
   403.36150088859443     
   402.11127184578078     
   400.15977034830360     
   398.28758610762981     
   395.51250892840056     
   393.04004450468028     
   391.43791415981667     
   390.08547973386226     
   390.90055947592145     
   396.18857072805156     
   404.55925900333563     
   413.22291806678442     
   424.71786662400052     
   437.55601536439167     
   454.46526210384070     
   469.12446847798060     
   484.12075490816653     
   499.17901575316171     
   489.12219492302347     
   498.23498119291617     
   502.26469475745080     
   503.85109183711455     
   507.48561271364605     
   508.66470805195513     
   507.07421894267969     
   501.76969148315959     
   494.91431661868126     
   487.51456263094678     
   479.25050523041972     
   467.21986420122744     
   455.47754055101234     
   447.79610913561351     
   440.91211288492707     
   436.55129192361147     
   432.67657903293895     
   429.41789970892142     
   426.58049455075280     
   424.67826396503114     
   422.89773141961768     
   420.87141859331786     
   419.21387409508787     
   417.34250442725426     
   415.86244505672369     
   413.42974514521717     
   411.44663059607882     
   409.61742852882367     
   406.52428428599552     
   403.34276071501660     
   401.05642805125109     
   399.53087342305201     
   397.51200737445288     
   395.15082518890677     
   392.72103129296681     
   390.83030913697559     
   389.74208564441238     
   388.94988199751128     
   390.38974532256753     
   396.09050907024556     
   405.78769999041543     
   416.21436725280176     
   429.55873736244627     
   444.81545005024702     
   462.10358177001160     
   479.11721879953978     
   495.62907196713468     
   512.85713555323048     
   505.87002070456811     
   514.51092275097017     
   523.74569389589215     
   529.40763369725050     
   530.74987100097019     
   529.81120909581159     
   524.68629145214129     
   521.10453843344749     
   515.92870947742267     
   508.27543102941752     
   501.34105170556262     
   488.17572282222284     
   474.20879097692358     
   465.71189267315759     
   458.34254094550971     
   453.42715042763797     
   450.05772061406702     
   447.48399369207482     
   444.39997098746505     
   440.91130140546630     
   437.08474269905207     
   434.15466013840467     
   431.25438930048341     
   428.08959504024699     
   426.05045499102073     
   425.48830030131677     
   422.56654792127762     
   419.74912829917395     
   416.86340855272971     
   413.77927938892441     
   410.37809000064846     
   407.09004049183847     
   404.30567509005471     
   402.15804808731485     
   399.86378996827523     
   397.78458760835741     
   396.55068870119237     
   395.47965397934900     
   397.73875291241171     
   403.82319591047155     
   410.60033648199527     
   422.22965392528789     
   436.69750193858391     
   451.44798316617596     
   469.84304219711771     
   490.87932983948883     
   509.37184144406626     
   525.67008884367851     
   517.92049093043477     
   526.95988736356367     
   532.37004968074018     
   533.50868843426053     
   537.35799975012753     
   534.40075884628891     
   535.09067420428698     
   529.58222727621842     
   525.05719806777461     
   518.04224911884546     
   509.86572674257582     
   495.86377961709530     
   481.96938502914514     
   474.09245165212621     
   466.14926383495902     
   460.81377342413833     
   456.81249022355354     
   453.25531759683253     
   449.49955230811264     
   445.99255563676138     
   442.79039269111064     
   439.52312951904895     
   436.25601577851302     
   433.93748803886501     
   432.13812613162060     
   430.55251840745717     
   427.37611682619956     
   425.45351857148074     
   424.22167989887896     
   419.20215558951713     
   414.44081044328965     
   411.95707373830811     
   409.86988272984274     
   410.96690038975044     
   411.20573239869293     
   409.31190812915969     
   406.14194673546712     
   404.97878746440830     
   405.19042443568702     
   410.55821012787175     
   419.50085778149349     
   431.07778825423458     
   444.73165107805471     
   458.75859556028411     
   475.13755263221168     
   492.48139449144679     
   512.29759171822468     
   528.73874600800525     
   524.19071826998493     
   531.05052338253404     
   535.45975731570684     
   537.73061894676857     
   538.41900820701301     
   536.94230846456662     
   535.16333350765308     
   531.06828587810514     
   528.10427092759346     
   521.25109828707502     
   513.06845200416001     
   496.87107873009717     
   485.23052785892338     
   477.43050399289302     
   470.64905182779324     
   466.88200289795788     
   463.13056358165954     
   460.90250517616545     
   459.70499197225001     
   456.36387787498734     
   452.48572699651589     
   448.95239935870154     
   444.65489061185878     
   441.60739390339268     
   440.57174194525186     
   437.22960551758939     
   433.73015686039088     
   431.64269756570383     
   429.93693767633755     
   425.22574294948180     
   422.61821188618381     
   420.80936386887197     
   418.46900886638576     
   415.15197773252117     
   413.26305443780620     
   411.24832579875857     
   409.31353424214257     
   406.73198305532009     
   408.83833929699222     
   416.41735062898437     
   428.15310001224617     
   437.89650262151304     
   450.59137218927401     
   459.94249398545844     
   481.26865665222147     
   499.36946833279245     
   517.05454140441145     
   537.29648163262050     
   529.72578186344947     
   538.38724568480870     
   546.49111469634636     
   550.21319490187318     
   550.12957893060798     
   550.01135690027650     
   548.41444344365493     
   545.94071159882162     
   541.89825874059318     
   534.89595185788471     
   525.89060807054909     
   515.48583143164592     
   499.11699111988094     
   490.29535770778676     
   482.75083447061144     
   477.37398567490425     
   473.58039361397732     
   470.29065577938741     
   467.82381296459636     
   465.00592428173331     
   461.02737179739000     
   457.59328312081300     
   455.15974742717049     
   452.65546348423220     
   451.18367454624632     
   446.75826784235471     
   443.27556569300259     
   441.40961934190858     
   439.26389877917632     
   437.34297932052016     
   432.58956058558869     
   428.27693013821732     
   425.57018381982516     
   423.88463838354971     
   421.88911338453954     
   419.82046105899644     
   417.93471697730820     
   416.69463701912366     
   418.56164023899760     
   424.62187808264321     
   434.32240249845228     
   445.70120877350490     
   459.28053078447243     
   474.44053544379938     
   491.86400529809129     
   506.10202052102744     
   524.99055637217236     
   543.62076557187891     
   533.46846244696133     
   540.95592046923548     
   546.48140036629309     
   550.93517296361449     
   553.56312222103145     
   557.08656957163510     
   555.49410956063946     
   551.91460713355093     
   546.44707405876375     
   542.15796459909859     
   533.90824065477125     
   523.09649300633657     
   507.94896419924038     
   498.55813548676161     
   489.83184486545292     
   482.45294654626565     
   476.87897116673264     
   471.79657683636339     
   467.61676821332196     
   463.62792246442183     
   460.48671249475552     
   456.98060573075719     
   453.31864871774138     
   450.35554031353576     
   448.17881193308250     
   445.24465637307054     
   442.98035378981820     
   440.87597165778379     
   439.76882658708962     
   437.36791983339378     
   433.64448042986726     
   430.45275761007116     
   427.14962518244556     
   423.59360756076705     
   419.87687998698357     
   416.62040918257128     
   413.20927702573340     
   410.33845219439320     
   410.55405879631041     
   414.57343819036652     
   420.55729151049871     
   428.39853068852159     
   438.10034592313866     
   445.70958929396460     
   455.89024811359928     
   469.48690734242956     
   478.20994520611680     
   491.87879891078296     
   481.58972877088485     
   490.31678153150756     
   489.13866537353738     
   491.81112394018760     
   491.47408044768946     
   492.01055906761781     
   491.19676137539886     
   487.38827579551565     
   480.60826677983152     
   474.12066639221030     
   466.69044886749572     
   458.47100771736098     
   444.76872504215032     
   439.24117765338582     
   433.01726232376609     
   429.09422407261934     
   425.87522766039626     
   423.27973614277852     
   420.03144218926252     
   416.81804508248399     
   413.72641052305897     
   410.67156263433549     
   407.72539919617776     
   405.51702946895153     
   404.30883767943044     
   402.00514568765510     
   400.55862466085699     
   398.67781836242222     
   397.25151024314795     
   395.86598442936503     
   395.65859888775276     
   396.72657997240310     
   395.10633122526497     
   390.85035888477131     
   387.40487482404546     
   385.19896580637703     
   383.92957609993829     
   383.16268190807887     
   386.07139025986004     
   393.16274894094630     
   402.50299652995142     
   412.09349202057263     
   423.26071607783996     
   434.88229182711871     
   450.64636243812174     
   464.24843358664327     
   474.52718136136269     
   491.85034738262385     
   484.69384647262871     
   486.61136571492932     
   497.23082351312047     
   485.99025092226378     
   492.77940158048636     
   494.88234108871143     
   493.93620042318713     
   491.35639831298556     
   483.98206996504229     
   477.84633434881272     
   471.38332020070311     
   462.88973086321471     
   449.12302228803594     
   444.41169865638682     
   437.47912289325586     
   432.52908520535681     
   428.29754717792662     
   423.52867967120829     
   419.32385815608075     
   414.62272407134532     
   412.05560856365412     
   409.19333556622053     
   406.81380000606515     
   405.18022229455181     
   403.88539013022739     
   401.60291186935945     
   399.24085266887818     
   397.23918626265890     
   395.45811339466673     
   393.62110563774854     
   391.39553363685303     
   389.15773801328925     
   387.25576923433420     
   385.37978722322214     
   383.92665486250212     
   383.12317363759917     
   382.05350533663625     
   381.23949485361646     
   384.41546265940099     
   391.56674677520135     
   400.77120606096526     
   412.43817859424280     
   426.56397891979623     
   441.55093979861493     
   458.11074710959019     
   474.87663070326681     
   492.96283024122033     
   511.29010570359395     
   504.15943368783905     
   513.84452852740992     
   517.73833969352700     
   519.10604046790957     
   518.88077263044545     
   515.89895618942728     
   510.34180228150512     
   508.48905833082881     
   502.77927165892794     
   494.87942756734975     
   487.32596921589652     
   476.05333293800879     
   462.65793958370591     
   456.09280776739070     
   450.15924483525993     
   445.49282427413152     
   441.59321203922093     
   438.22056039923763     
   435.08443806095391     
   432.17850951724807     
   429.81849559021168     
   427.25036809502120     
   424.98132674930031     
   422.92131343037494     
   420.94263499170597     
   418.80469244273201     
   416.29108429728564     
   414.14057386409286     
   412.48887080991892     
   408.84719556790259     
   405.49081625380597     
   403.14021268490751     
   401.24361153765665     
   399.26897752420621     
   396.59185873858496     
   394.74920304074192     
   393.39589189163200     
   392.99598333774782     
   395.92484359844701     
   404.31648149634901     
   416.31714478306219     
   425.68678172465189     
   438.53893046868541     
   452.83657480049538     
   469.51963384652021     
   485.52805389945843     
   507.57247722120900     
   525.49298028753492     
   517.39140477040257     
   524.19722506512960     
   528.45610926091138     
   532.85194087508205     
   531.76221560068109     
   531.84874877204561     
   529.19901004385690     
   525.22665772222285     
   513.91654130680683     
   509.23529586973035     
   500.24406736511156     
   487.77872625398976     
   483.22946798571854     
   474.91737635316343     
   465.40671294533297     
   459.77671773997145     
   456.41691065437783     
   453.55001027267923     
   450.61900383712100     
   447.02277248245440     
   443.74985247138329     
   440.48769757176882     
   437.30052776580447     
   434.45512382908146     
   433.27375777716600     
   430.40986757190103     
   427.22826490308262     
   424.41702254343875     
   421.12556266031464     
   418.20703064137263     
   415.41556985883165     
   413.46463275979227     
   412.26912147180775     
   410.21444379508102     
   406.57777340469653     
   404.08604364502526     
   403.34626103644763     
   401.87156738136923     
   404.47752496400727     
   415.75314459242600     
   426.75396434339427     
   434.14972875897405     
   445.30342372000842     
   455.50930112699677     
   469.89505083594224     
   477.88950112128902     
   487.63703971821087     
   491.88949343269178     
   495.23793885253843     
   522.36322887952133     
   530.48777440784238     
   530.85408109224795     
   535.68713871117188     
   536.64716358293447     
   533.69605029462321     
   530.15647642785905     
   524.96789246771516     
   512.31190118933716     
   507.75737763242165     
   491.12537344801154     
   480.16524185394843     
   473.33223958383928     
   467.97407869522380     
   462.82802939994701     
   458.23344222547036     
   454.82545165165828     
   452.53418899927391     
   448.54438115470225     
   445.80614702473508     
   442.73810594556778     
   438.56663007877091     
   434.98477430595312     
   433.22522380674320     
   431.45319775234623     
   430.12663131262639     
   427.63852584835240     
   424.03218733345631     
   421.92188187501660     
   419.63348627103710     
   416.96169157669050     
   414.36137203816509     
   412.88020181576729     
   410.97612033891971     
   407.36484559201148     
   402.66149521129034     
   399.76330313701999     
   401.12297461712973     
   406.80348376086914     
   415.84927773653214     
   424.36485393023958     
   437.61593923984054     
   453.28792013975942     
   470.71668805018146     
   487.73860849545224     
   505.40068538574644     
   522.38043357582342     
   511.41237206761070     
   517.13260189612424     
   522.81590477593318     
   527.66602710908114     
   520.98226030844489     
   523.53987846411792     
   520.80166711192999     
   516.71509706155427     
   511.53503033520889     
   503.64731364963410     
   495.05901550133694     
   482.25616338207732     
   470.24640915898345     
   462.24577869280370     
   455.14947444501445     
   449.23569836396018     
   444.77570548997937     
   440.97393710128347     
   436.65440021799077     
   432.22123024199726     
   428.57975958381593     
   425.36742198690592     
   422.51832816732519     
   419.29038317485941     
   417.62155686511664     
   415.92855442222975     
   413.13425782470591     
   410.04883764426751     
   407.89484514143442     
   406.35970623512094     
   403.96205979263368     
   401.11511015181503     
   399.08013772402137     
   396.07199896276057     
   393.23193641357420     
   393.00380731092446     
   391.39811662167784     
   390.38621236188249     
   394.89046340613589     
   400.40092536095949     
   409.26777664974742     
   424.08182239021312     
   446.22124995073716     
   457.26756357310995     
   474.14385050215151     
   494.44377616166383     
   516.71652402083612     
   537.32178274454179     
   526.80916442226589     
   526.39456316558778     
   536.92123441182514     
   547.48882950627046     
   546.59287158033828     
   546.66381567333690     
   544.63749481007471     
   547.81303735306142     
   541.42713719921903     
   531.82593355448591     
   524.76012128585273     
   510.84201835398153     
   497.88975392833743     
   489.82274480409097     
   479.65566318918695     
   471.87603376265872     
   466.40338485793541     
   461.87856551047776     
   457.68263796990112     
   452.96102557928759     
   448.85831940585479     
   445.73685869413220     
   442.49021611965202     
   440.97611657245801     
   439.82030458414528     
   435.74295783986918     
   432.62403288076416     
   427.38903929868212     
   421.99124635708591     
   419.33845696070239     
   416.07699417154220     
   412.75637947298048     
   410.54568015033448     
   409.18605998350517     
   407.57564517261136     
   405.15198312586602     
   403.05451919153649     
   402.96072425408352     
   407.55646321652205     
   415.22263012068663     
   426.00641084828851     
   438.28815665047688     
   453.10194704946542     
   470.00630204182721     
   487.44654183787247     
   503.10112580375977     
   524.98737210821434     
   544.56060774449429     
   534.90958749370304     
   541.23186593365972     
   536.41760399814711     
   535.25883534180514     
   535.14350673089189     
   529.15357994076271     
   534.28395413924898     
   532.21704200539523     
   522.23073208211576     
   518.95635593838767     
   511.25475106279004     
   507.48887274879559     
   501.00565125277876     
   491.15366051265238     
   483.61151611905115     
   478.10532793071121     
   473.84152061796624     
   470.07744679451491     
   466.16387904316309     
   462.52430992294040     
   458.88575858932103     
   455.85117320092263     
   452.74932099668086     
   449.72804427598612     
   449.67591147976594     
   449.84198670426719     
   449.08124406615713     
   445.94500080986791     
   444.13072812333183     
   443.20804605326197     
   441.28652019760568     
   437.24268161504943     
   432.67173342495482     
   430.71163676819469     
   428.40436045737556     
   425.19534644796556     
   422.60079818191178     
   420.87874503631934     
   422.13515872576977     
   429.12674764657305     
   436.77347969520457     
   443.28287348402381     
   459.46033324640672     
   476.62152313860804     
   501.07174971836628     
   519.97065833858824     
   537.90312048053374     
   557.55135725835487     
   549.80385875090496     
   560.67886918052318     
   563.51136629955511     
   565.18176130489280     
   568.14179668643760     
   567.68930808344669     
   567.94445541097355     
   564.87493151702949     
   560.67526587380644     
   539.00841372064644     
   538.58979729733221     
   529.42874019011538     
   520.38647190265374     
   508.43824114495567     
   497.15772911875467     
   489.67904595218505     
   484.44285757230199     
   481.07576463736376     
   477.00847891195542     
   472.51908469801003     
   469.08118163746320     
   464.49469336309164     
   461.40333048269616     
   457.15050294049865     
   452.99243471607809     
   449.72825397638940     
   445.00528041368108     
   442.01115992839169     
   439.91491942671087     
   436.52689820338986     
   433.63662195042269     
   430.81754186765482     
   428.56141254512784     
   425.31439769503362     
   422.68801981411224     
   420.69592476364471     
   419.12951797471720     
   418.94628779803367     
   422.46080762278081     
   429.80974467709376     
   441.96602536424064     
   456.86644038880581     
   471.53643393249064     
   486.55177859612724     
   501.70844295550376     
   519.92916498174179     
   539.06859373496343     
   548.32145153406464     
   542.58523039057582     
   540.20144936803763     
   545.91246044669595     
   553.81674759621910     
   543.49069181580739     
   534.43463313937093     
   539.42141173441246     
   551.62273395369334     
   544.89272635629584     
   535.61319160763594     
   526.40966351732493     
   523.65559470821813     
   515.79055684648836     
   503.55529072971962     
   489.99473375193446     
   480.67603707158827     
   474.07161744587285     
   468.93885565327281     
   464.54932502243247     
   460.86633891996388     
   458.69119117708192     
   456.52060707934953     
   453.69552913121919     
   450.73822775555976     
   448.09308017823486     
   445.69933347745075     
   444.15052962227850     
   445.01231618126815     
   443.27931492091807     
   440.85687242257649     
   438.60754712882965     
   436.09824654611617     
   433.11441921229397     
   430.71617619864293     
   424.93526569202976     
   420.54372209520324     
   417.98677906180910     
   416.94695872643825     
   420.35136367060983     
   426.29694643778436     
   432.73979822093804     
   442.97155657279575     
   444.80442357361500     
   447.33548369281789     
   467.86857737935321     
   476.41509030863887     
   491.72729578108624     
   505.72445774480889     
   498.09699995322882     
   488.45953285265534     
   498.68040048945670     
   501.08885200185290     
   498.90666660386364     
   501.15551343849762     
   498.14600771863945     
   497.40188517847230     
   486.80784179920994     
   477.04875615040129     
   479.20095431947840     
   471.35388916485317     
   461.70446238962654     
   452.22881915295443     
   447.82531284866917     
   444.57113646448914     
   442.53821970462104     
   441.74258463182599     
   440.22080608164543     
   439.49138225835901     
   438.25595448140064     
   436.53414809065436     
   431.35065880658328     
   428.28262815867208     
   427.69705918466934     
   425.71639606912788     
   423.59391130297598     
   421.88068217347376     
   419.22703016939698     
   417.00761762248021     
   415.18655473310508     
   413.57402129713881     
   411.50941712029226     
   409.26462455233377     
   407.48292974940745     
   404.92414565994341     
   402.83124234502259     
   403.28169441259081     
   407.82350556926025     
   409.83275338980633     
   413.30139038585918     
   420.99767288742532     
   426.03915194536904     
   434.70878530783665     
   453.70572469542276     
   471.35853067390303     
   487.93476821973496     
   502.76281467712516     
   493.00220012357312     
   499.96607863080129     
   505.16452527317512     
   508.17680549269966     
   509.10644921979627     
   509.69628066881660     
   509.44316496245676     
   506.00026533475847     
   501.11730651319675     
   495.00957704219405     
   484.24656018305109     
   473.64259682372972     
   464.35653542832387     
   456.62317478950399     
   448.21020823874960     
   445.56802393754049     
   443.11347756434157     
   441.21783144810206     
   439.45141394589456     
   436.78103683608850     
   433.79293555431229     
   430.65721469957793     
   427.45570697982305     
   424.12132280774233     
   421.70166214139920     
   419.41740314687286     
   418.59719192619815     
   418.20112779221705     
   417.06046973016726     
   415.25573201276404     
   415.15245635415380     
   415.09574013736898     
   414.39516132677403     
   412.59885740369145     
   410.19255701353603     
   406.46388015906115     
   403.51481316849430     
   403.18955073244501     
   407.72127551382863     
   416.58756887725110     
   426.60127822301939     
   435.96868202039593     
   445.24530452865656     
   458.35071251817982     
   474.18069353904542     
   487.89315046744139     
   503.34544663146579     
   516.49122458655006     
   505.06395366986777     
   511.07231513070661     
   514.94125001391376     
   516.49417675223799     
   515.15459867134769     
   512.29080048995695     
   496.02314790741201     
   497.20171362975168     
   486.30832278336885     
   478.74248832219149     
   473.67861048509684     
   465.75985977605069     
   458.93381687135854     
   455.08991736454203     
   452.98268515825475     
   450.87042896415232     
   448.77799523906691     
   446.78742989275395     
   444.96613129781400     
   442.04183070264202     
   439.85090230428528     
   435.23248281593413     
   430.95236613456166     
   424.75148814774843     
   419.37500471570695     
   417.42597537099539     
   415.15364528612537     
   411.72544383805399     
   408.17759712232646     
   406.63443088518261     
   405.72493524044910     
   403.86354598471792     
   400.84774617085128     
   397.46427406961260     
   394.08102937030549     
   390.49834757826142     
   388.54307089565873     
   385.75877915135521     
   384.09007470241534     
   388.48409290232860     
   394.09996223232230     
   399.82814768382133     
   406.58384589702518     
   417.13227896206462     
   432.12395470087472     
   423.10602395892477     
   436.80420298167525     
   445.36745492327969     
   443.24129268804137     
   447.80620796274980     
   448.39320742935132     
   446.74422674162258     
   443.99387691509418     
   445.81102874320294     
   441.84600183952477     
   439.94653643113639     
   443.43868876390678     
   447.46619731003557     
   440.77445037332063     
   425.94507879471712     
   420.08505517799637     
   419.24976209747803     
   416.57411168933152     
   413.26886773347246     
   412.98904643662019     
   409.89699417366563     
   408.07807592398672     
   407.13796035824760     
   406.49513852082941     
   402.97009033843233     
   400.48247270556038     
   397.65198013398970     
   396.92673947450879     
   395.29809065748168     
   394.77665349289657     
   395.80732804602820     
   394.73738449487763     
   393.65060048534781     
   393.72701746033044     
   392.46490871610342     
   389.39080703133976     
   387.46433022967682     
   386.98671610262733     
   384.17243020089188     
   381.41639397166978     
   380.92120518353579     
   382.10467806224602     
   390.57338823586821     
   396.99945267439165     
   410.34535671340012     
   421.77366341833385     
   435.43140714097518     
   451.53606616505886     
   467.16000091972944     
   483.16894703670374     
   497.46478387313164     
   487.12839534264566     
   494.31518933108555     
   499.25512367313820     
   502.63842663068431     
   504.54027986937388     
   505.61522051187495     
   504.93828898183415     
   501.85166673586974     
   497.40706219017227     
   490.92976631178595     
   483.81061244951206     
   472.05018409575246     
   464.45367614344553     
   456.03209521326187     
   447.82209923237741     
   442.63815057958516     
   439.67432801161414     
   436.68606412754610     
   433.74131920887038     
   430.52790095385546     
   427.38169738537493     
   424.67034685666982     
   422.15109738389663     
   419.31821124681386     
   417.37871161626498     
   414.67920324676703     
   412.13894994555756     
   409.84959939504620     
   407.35342562096065     
   406.40241011821388     
   405.88203886200250     
   404.23022301251962     
   402.09125942213683     
   399.33565345896670     
   396.35657110263196     
   394.27920176306134     
   392.56288084289599     
   393.35121616916774     
   398.03881023057386     
   407.36518913498139     
   419.42343786427500     
   431.99602974026675     
   445.33224886839918     
   460.16226373694616     
   476.89442209046888     
   494.82681278279227     
   511.81166003502193     
   528.91998623120332     
   521.37267835502610     
   530.52047779813984     
   537.23791241185688     
   541.60478969352914     
   543.95179377871568     
   545.13444296312036     
   543.29924711881426     
   539.93232118745914     
   534.58973554982845     
   528.25964444793431     
   520.01422708541315     
   507.83737305228493     
   497.69324883891522     
   486.91425249288261     
   476.90324957320945     
   470.16096137424569     
   465.70844245631645     
   462.28985723439951     
   459.44980628755042     
   457.40884382791967     
   455.80585631430881     
   452.77838912380690     
   449.09705160928615     
   444.46249227013129     
   440.80993064648578     
   437.55512516863081     
   434.87433381656206     
   431.89467746581408     
   428.37004092154388     
   425.52019212569604     
   423.20778903537160     
   420.44225372750805     
   417.77564967611141     
   414.92980932291624     
   411.96181655828616     
   409.49692491304188     
   407.31827833196439     
   408.10908796091729     
   412.65258285105244     
   421.34860694457933     
   432.37481645683300     
   446.72322194993853     
   463.39396114164543     
   480.54344541167524     
   499.24168097988945     
   516.69470022325106     
   535.01249898698620     
   554.17525915404497     
   544.69619609460563     
   553.30432245691759     
   562.04769506414493     
   566.74736710522654     
   568.11842629469947     
   569.09101592415607     
   565.16089219452454     
   560.70106108981633     
   556.72738158728157     
   545.31263621659502     
   535.48144520968140     
   524.92348527432921     
   514.66643385343127     
   503.96227421199222     
   494.02231297192066     
   486.72061664794523     
   480.88931711631227     
   476.38352706304750     
   472.76446165606666     
   469.59635772079378     
   466.89742108072630     
   463.77913549517473     
   460.05371156503594     
   456.41986932893116     
   453.12171604946519     
   452.03090917007665     
   449.56361512119230     
   447.77219715601859     
   442.20417130079352     
   436.95186026079580     
   434.02830584157459     
   431.89689903987653     
   428.58737430942017     
   425.01505183520089     
   423.48265255206701     
   422.04776376105497     
   420.22691899323843     
   421.48077210059216     
   426.36348548791278     
   436.01469239564727     
   448.59126409182130     
   461.41029662545805     
   471.38677205856254     
   487.50471254875072     
   505.46712225812803     
   523.45400727559081     
   541.43251467853952     
   561.48612511029876     
   554.38336107394935     
   562.59270604503206     
   571.05961954399891     
   573.08040802943981     
   573.09376712108451     
   577.18597282834412     
   572.38799282304956     
   571.91224380321671     
   562.04564387562220     
   553.25704620170063     
   543.07422770504138     
   531.03102520222853     
   522.58861932934485     
   510.54961032619485     
   502.02112212601935     
   495.33506970548399     
   490.05029687908063     
   485.43904315722006     
   481.47781140826555     
   477.71684640592434     
   473.38433464327812     
   469.05196986036754     
   465.28450135965647     
   462.30543912555112     
   460.16656235152504     
   457.30008461233786     
   455.92282954564212     
   454.49876742796857     
   451.73315102231669     
   449.58129066346766     
   448.11223421462188     
   445.26034622313148     
   439.98555675224367     
   435.31632785687043     
   432.27188145534240     
   429.53986700678496     
   427.23174517186123     
   428.50097283720436     
   434.67585813013278     
   444.47771755471132     
   455.89508707321943     
   467.75432264984477     
   480.59265464750962     
   496.15104117238116     
   514.42817691632911     
   530.37780793006891     
   550.00921949512235     
   569.69434786238583     
   558.58669843818848     
   566.76674715004481     
   570.61649124602275     
   572.36945710562100     
   570.38785318517819     
   568.83944507316323     
   567.38557528846377     
   563.11848871717507     
   557.55538119341088     
   547.49077070580790     
   538.60162731184687     
   529.32397690533855     
   517.11720594094209     
   508.17476088734526     
   501.33437403089113     
   495.14939445559293     
   490.52503948750501     
   486.82024384953723     
   482.97356310946526     
   478.97101700592179     
   475.42352774686896     
   472.10382575333625     
   468.89766819530462     
   466.24112718456018     
   464.48664344092316     
   462.09100734975800     
   459.87872226359445     
   457.88424827299394     
   454.76849765656766     
   452.47081440645024     
   451.24043861500985     
   448.42571584529668     
   445.31525745909403     
   442.09441749177563     
   440.18447570955601     
   436.77196139377662     
   434.61495520230699     
   438.04107373158865     
   444.30444013628261     
   452.46011873604544     
   464.22069434931046     
   477.47897091706812     
   492.87207503780348     
   508.82484291632147     
   526.77672548971623     
   544.59102916064398     
   561.52251030943910     
   578.77303890947928     
   571.20910921031407     
   580.29782285571537     
   587.15314607157995     
   592.49713122999719     
   593.61065099218274     
   592.48995100179172     
   591.74818964410144     
   583.18095057302435     
   577.31019093129817     
   571.08566755465495     
   563.14796048860353     
   552.87700161560088     
   541.71821859024317     
   530.15596704142206     
   518.92303883481441     
   510.95020362503561     
   505.68840549828286     
   501.49045223211874     
   497.38123979512892     
   493.68741715378877     
   490.20775879209032     
   486.52163580700812     
   482.88086675129443     
   480.12660052864391     
   476.25177978035566     
   472.32418667737267     
   469.97170772716510     
   466.71124294477983     
   464.07560039855304     
   459.65437576839440     
   455.28734239672758     
   450.92518096654698     
   447.40154034322103     
   445.48499843436372     
   444.16327543192915     
   442.21115005128985     
   440.10880346023896     
   441.81041660899263     
   447.26855081725137     
   458.07332884072719     
   470.23561365219075     
   482.68645755676260     
   498.31890086026266     
   514.18250811663336     
   533.19567963108602     
   551.08970317818853     
   570.48523597223300     
   589.27913753041582     
   608.92596723136307     
   595.02760433338267     
   602.51863844661909     
   608.05234842901621     
   608.77378971094595     
   608.19609097137607     
   605.33553078317573     
   600.62309677951953     
   593.10766530261913     
   587.11699739004473     
   577.53605558536742     
   569.53403812101715     
   558.66860984459709     
   546.66535820782985     
   534.03168536392673     
   524.50063476690514     
   518.48222135368633     
   513.71292332158066     
   509.75862606730306     
   505.45231142137987     
   501.57355013747707     
   497.69975563143402     
   493.49698126420742     
   489.33071425022388     
   487.74366051163645     
   484.61125751558495     
   482.32920386946728     
   478.42235622590943     
   473.61588741132340     
   468.96700629751473     
   464.91944703399037     
   461.37399653001370     
   458.16760106477034     
   454.08125532828080     
   452.15572356361963     
   450.50558503870559     
   449.00877995097420     
   450.03441176692695     
   455.41311981128098     
   464.78978333165685     
   476.55754682889096     
   488.19875009480887     
   503.73787970814220     
   521.38806203849958     
   540.36155380886782     
   561.30878747699853     
   579.68122144403208     
   600.51108389315721     
   618.44698523788679     
   604.69206740265327     
   612.08646593466096     
   616.47236889759881     
   619.05744811062709     
   616.19335124993756     
   617.47738570498780     
   609.45010459313437     
   604.08870720433288     
   594.10691108350045     
   583.64023291864964     
   571.32593326182564     
   560.34713371692430     
   549.29701568772828     
   538.27277329476840     
   529.97697358818323     
   525.17306226302026     
   521.26820362479748     
   516.75594664334130     
   513.50754959574215     
   506.98053521633358     
   502.23266375089298     
   497.96989478395977     
   495.51115007259671     
   493.74042305054166     
   488.68274347239526     
   484.70702641258475     
   480.72773855370178     
   479.53218681489847     
   478.63955207104902     
   473.01296858543236     
   466.05987033829592     
   462.33005468493673     
   460.46967730626210     
   461.62462757599496     
   459.70490514991417     
   455.53500432432259     
   455.43358700190862     
   462.31095142862085     
   473.56708331112060     
   486.00406115693443     
   499.29409416174377     
   513.84691122885249     
   530.31307949295172     
   547.83413115814324     
   565.46638912211745     
   582.22586697652685     
   598.30569049765029     
   615.70594139268428     
   599.37329666105995     
   607.42992268158400     
   612.81185744891627     
   591.12732609934267     
   590.04668150904388     
   573.55589470013615     
   569.49492761767942     
   563.08911911950315     
   558.17217118073052     
   551.76692042307752     
   548.91100604304506     
   550.87464282464202     
   544.73225538697761     
   533.05994302849376     
   522.48125639837053     
   512.31117831869119     
   504.27597971416571     
   498.54611398384367     
   493.57199692796451     
   488.62798138868993     
   483.11283215837454     
   478.46365272678423     
   473.47929862766728     
   469.43585657773286     
   465.24023338274509     
   461.78043932338034     
   458.32907257713413     
   454.48541458832761     
   451.42893291682708     
   448.47984567437061     
   445.82139836717096     
   443.60654813535257     
   441.83203298133714     
   439.89494474735534     
   437.60274137856948     
   434.90321423297684     
   436.52695205451801     
   442.10999425748236     
   451.81588602861473     
   464.12979338252927     
   477.01941371607319     
   490.09134898911532     
   506.51604441473899     
   524.83749071384761     
   539.21147360478085     
   554.28839895899819     
   568.51308798973105     
   585.69085611062849     
   571.44367736819709     
   579.62004277156348     
   587.43378608767466     
   585.49412540513913     
   588.08412432118985     
   586.83537802947512     
   579.41758746100300     
   570.60863137399122     
   565.71194491365156     
   556.99471999612342     
   547.94517221889680     
   536.91841917981412     
   523.58688933231304     
   511.03609807430394     
   503.22624045838120     
   497.61195939351666     
   494.33040962231235     
   491.25758155432641     
   487.14049155517824     
   482.87012706244582     
   478.53234728686306     
   474.57307801826784     
   470.97862552672990     
   468.51179699982265     
   466.24743635464938     
   464.34589666009083     
   463.10571310622248     
   461.37951621852011     
   459.42795553851329     
   457.31627605924416     
   456.45842439351696     
   454.80404196451929     
   454.27899676520934     
   453.57871760156371     
   451.73553750782730     
   449.81250859473585     
   450.36498730420863     
   451.90590201050878     
   453.56531636879561     
   459.40716261669178     
   464.74616682197723     
   470.80898315916806     
   474.20376016536966     
   493.29294359471123     
   516.09302256792489     
   537.77811738458615     
   554.47008190703991     
   562.81499806291470     
   547.73239427770204     
   545.49182740285312     
   541.26266618521083     
   534.87555150236483     
   532.26312999687013     
   529.41001583396053     
   529.83240085993145     
   526.63317647078850     
   521.04338075588930     
   517.38364103766060     
   508.70197378263015     
   503.72479780194692     
   499.42037631818408     
   493.87821317679777     
   486.93152598855210     
   483.36612054314367     
   482.46623124447501     
   480.60000275584366     
   477.97746002393706     
   475.92107488380640     
   474.04952072909231     
   472.31273342068738     
   470.80321656069174     
   468.69081288915152     
   464.64158455052194     
   467.16782119810023     
   466.97529958507863     
   463.52257660742458     
   461.97553372606774     
   459.48716237710755     
   458.01619689106053     
   455.50704673949059     
   454.46813718949659     
   451.17917001823656     
   449.99179761661122     
   450.60456527882428     
   450.53099962555467     
   452.32836782782556     
   455.88036730862649     
   454.71331217767352     
   454.20360373974671     
   453.25020155588840     
   450.70310442547782     
   462.16689949515592     
   482.38803066402522     
   497.84358616355996     
   511.34882104555334     
   518.59311578075733     
   512.56281796934877     
   518.96773013333927     
   520.62004838861458     
   516.57293926390196     
   522.84470961998659     
   526.29009410003005     
   522.26349391816973     
   516.56221741765808     
   510.54665003528135     
   503.11512822848636     
   495.35909917088730     
   486.58932537057217     
   478.02382573833643     
   469.60043736902355     
   461.87872721753672     
   457.03064853512018     
   453.32418723306080     
   450.14855549491534     
   447.19877609261130     
   444.52942227284865     
   441.95018215910733     
   439.49232469921094     
   437.31886741693108     
   436.42918729067446     
   435.26709592790456     
   433.46191794173205     
   430.98055332732071     
   428.13861536579401     
   426.02307834587896     
   424.63837148472260     
   423.48087460735798     
   421.68723642401483     
   418.97770733436772     
   416.39189207652328     
   414.52908329620044     
   413.88796473043510     
   417.51642471006932     
   424.96627519927335     
   435.44110062563414     
   447.66808695885101     
   458.89116141406930     
   469.77498640657785     
   483.81472219364014     
   500.74758363749999     
   518.06580563455850     
   535.66245748415690     
   549.52071969696829     
   564.65452352849604     
   548.75853163986949     
   551.87966835642476     
   553.65722994454177     
   554.00752076669528     
   554.05468799928747     
   552.00134059839763     
   547.48996720442699     
   541.33765838469628     
   534.32747387855898     
   526.20207803298240     
   516.67399589516026     
   506.72007034496306     
   497.06097439756712     
   487.57452996469169     
   479.73306757880454     
   475.02288099628038     
   471.29972063120965     
   467.95223737760693     
   465.11213938428966     
   462.65189776574658     
   460.04950590845937     
   455.94020013574658     
   452.31948526342035     
   450.62203307070439     
   448.08159767911081     
   445.50510894936542     
   443.34557197367229     
   441.45019934106085     
   439.98052829849382     
   438.86117353210170     
   437.62436114718582     
   435.36553320044470     
   433.38858070522588     
   431.97178359787756     
   429.29326074663828     
   425.55989879634450     
   427.05479769868646     
   434.14983035508163     
   444.47849357970341     
   456.48709225059412     
   469.12250532628627     
   481.84527710597604     
   497.08243621502578     
   513.83394932975284     
   532.00043963636210     
   548.57731054114993     
   565.71121407664725     
   579.99996331976206     
   563.94488527336557     
   567.79110962630432     
   570.86173852468369     
   571.13481888352680     
   570.94602608145101     
   569.06445356605968     
   564.69827991375382     
   558.96381642633810     
   552.46903711808147     
   544.06758108901568     
   534.00820012066288     
   524.10437837002553     
   514.27236963569965     
   504.51255856765027     
   496.71833342655958     
   490.34302985427126     
   485.70183723076053     
   481.74214731641632     
   477.72356123019637     
   473.61230714928047     
   469.80628128397649     
   466.28921619509401     
   462.82068933926257     
   461.18699713464446     
   459.01962187338739     
   456.26814691198746     
   453.03130784432477     
   449.84922110690184     
   446.80032554165217     
   443.36932059163013     
   440.68840619176257     
   438.56969731601976     
   435.98079289538452     
   432.78672719291063     
   430.04161269286584     
   428.31493640066486     
   430.65999229510049     
   437.51815712158748     
   448.04115398007411     
   460.21342465797943     
   473.52556328003317     
   487.27723051789928     
   501.82925836504057     
   517.39397271642463     
   534.01769313508964     
   552.43447031600988     
   566.98120300043945     
   581.32806854901389     
   566.32683968940012     
   571.95076218260397     
   575.30619142849855     
   574.98656510008118     
   575.90688226513919     
   575.59065932255544     
   571.15678110495617     
   565.20077178548877     
   557.19309044626175     
   548.39439216477331     
   538.61934686395819     
   527.87481382080989     
   517.64980527083503     
   507.30083842868595     
   498.96598929395793     
   493.56211097650873     
   489.58413667755445     
   486.13079655077786     
   482.68004981873918     
   479.05986121597675     
   474.92260702431616     
   469.49837356987206     
   464.88202860330296     
   462.31655985545098     
   459.24360086431949     
   456.63246590267011     
   453.87409139615016     
   450.27337811539792     
   447.80352480514046     
   445.98635322058709     
   444.10848012589997     
   441.55149638784616     
   439.28909936168844     
   437.14181282190538     
   435.33398266492912     
   433.91351414949725     
   437.02170069126981     
   443.28140453257430     
   453.36500275615333     
   464.71597734679017     
   476.93073120702411     
   490.18699516575600     
   505.23768463730585     
   523.06074313689942     
   540.82391955547109     
   557.72193479964687     
   577.65451099437689     
   588.79646885561147     
   575.83806665531336     
   579.55231180097849     
   584.52467197255135     
   583.05208962981089     
   583.31596362640914     
   577.38316450243099     
   578.61571715515288     
   572.01988638783178     
   563.14029304132623     
   552.03851633380305     
   542.84520896788752     
   532.86416837499348     
   522.24231530608836     
   512.07645975837818     
   504.15824586282417     
   499.18564155786061     
   494.94903413832662     
   490.80998684232600     
   486.56623965793972     
   481.80806146888102     
   476.75321941627158     
   472.43757006456542     
   468.82188796042124     
   466.51580368501146     
   463.78224424683367     
   461.59601368420925     
   459.60119121140167     
   457.34889387974044     
   454.37830122829683     
   451.93329550707796     
   448.65911115758666     
   445.06129643593556     
   442.54939959232280     
   440.65694596679361     
   437.95636569716760     
   434.80102284574258     
   436.74825598237413     
   443.79431213257919     
   454.28796261089337     
   466.93078339652851     
   479.00494740294528     
   491.66647976576911     
   506.36203939101728     
   524.81568725003706     
   538.27841112647059     
   556.10447455093470     
   570.96173209663687     
   589.74705732525251     
   575.48143412502213     
   576.52009642088922     
   582.15690847913197     
   583.09165310784022     
   577.82512237902631     
   578.34046229764203     
   578.34875433291393     
   554.66730049292619     
   550.97676609787891     
   545.46539286217876     
   529.37327657717901     
   519.92613750059286     
   511.30002648468644     
   504.86393831348545     
   498.56438101682932     
   494.07861026780614     
   490.05749305752448     
   485.16629690568874     
   481.18684144218156     
   477.46898379568125     
   473.51335645027899     
   470.42371982016624     
   467.16952207130237     
   463.85311026723514     
   460.26035273522450     
   457.43718683474680     
   454.99671773745422     
   453.01131126431505     
   451.40868025656903     
   449.61681412636716     
   448.09998784024549     
   446.76827891480838     
   443.85710332014543     
   440.94867478122575     
   439.99646143613137     
   439.08898502827697     
   441.16230970092141     
   447.76273112127910     
   457.59908469854997     
   470.21298820219153     
   481.60524067686231     
   493.32451747849780     
   506.59710531294417     
   520.06519312744535     
   536.17394142612591     
   552.10922134704276     
   566.94964218074631     
   581.95383032797008     
   568.67267005446547     
   575.74578251139087     
   580.11608616104832     
   578.88991289921194     
   580.76147851733117     
   577.06275735274858     
   574.42722057582068     
   571.52124678775192     
   555.49360719768026     
   535.83558843168555     
   523.78999894168260     
   518.50598974591787     
   510.66381735063430     
   500.92450136292007     
   493.96406293307996     
   488.02650891414299     
   483.25010748348041     
   479.56152185917904     
   476.47298690865307     
   473.33972274652041     
   470.90690135524210     
   467.26688194591571     
   463.66260669829484     
   461.79027876650213     
   458.13367989879276     
   454.05926297109102     
   450.55358769256543     
   447.06238399561602     
   444.75716070564704     
   443.15575942640641     
   442.27543330724671     
   440.76589247510617     
   438.64337074390011     
   436.50284660374223     
   434.02279703324740     
   433.38010246559668     
   437.04091984492072     
   444.47483527709875     
   454.51781411010847     
   464.49520739561706     
   475.75848090827287     
   489.20580407444800     
   502.78798780320642     
   519.42202494148262     
   537.01237481726753     
   555.82942030912568     
   572.32317951322500     
   586.89668953161572     
   572.01786387502818     
   579.16109800585593     
   581.46026351930141     
   584.86655822239618     
   588.31287664018510     
   584.48660912272646     
   580.30437062523208     
   572.31707845058543     
   560.82574147353046     
   546.23610749040188     
   538.14019733716384     
   522.37462876690302     
   515.58332414332642     
   509.58665411461845     
   502.51227838931447     
   496.87946732891123     
   492.04673205255676     
   487.87936432962960     
   484.34635950249975     
   481.03862654440718     
   477.33059766258503     
   473.74293700301746     
   470.20177547506125     
   467.71339348272664     
   464.21765499172113     
   461.52559474646614     
   458.14362576423605     
   454.49495068285546     
   452.12427976243072     
   449.73228881222849     
   447.21272316608110     
   444.66653793646384     
   443.09256625736793     
   439.79490122068506     
   437.51081918690818     
   436.92094292912560     
   440.24529032678845     
   447.89731956991903     
   459.36681052706865     
   471.73478945396653     
   484.38368615112228     
   498.68781519835534     
   514.05611758234556     
   530.63519021415505     
   547.68649158512596     
   566.31758105618826     
   582.06608054568005     
   597.22695549384139     
   580.41173640802106     
   583.29034018479126     
   586.93895195505047     
   589.07816457130366     
   585.56032183273260     
   581.88941625140887     
   579.66014560754854     
   570.40420257035908     
   564.13633965283896     
   554.72474226886027     
   545.79970625448652     
   536.72447767673793     
   525.87324747172795     
   515.51359211163390     
   505.94648492106580     
   500.02007565164104     
   495.03746557359943     
   490.42245127950667     
   486.29879399014948     
   482.48172765779748     
   480.02646599898674     
   477.68935807076036     
   473.54911734940248     
   471.15461282626245     
   467.56913249137182     
   465.25417479873738     
   463.53651625231822     
   460.80132440394783     
   457.20112143338127     
   454.99407100660710     
   455.85376771482896     
   455.49594359021216     
   448.45418778689395     
   441.84637032444107     
   439.45079066309484     
   438.63084611815509     
   439.93728384456296     
   446.32429657470493     
   455.88898497058278     
   467.53730254657597     
   479.35592158003669     
   492.92966684060008     
   508.28203327845563     
   526.22052207676143     
   545.71778525506318     
   564.37716614945145     
   582.92068823584657     
   594.47702146509539     
   583.29495000831469     
   583.53946941887557     
   582.61429582226697     
   588.57781034100185     
   588.25624680710939     
   586.72841209615342     
   578.19730460366668     
   576.57102575953013     
   555.40927653878589     
   557.56193508380795     
   542.35699912417340     
   535.94823044761733     
   526.02666703247451     
   514.10309018483815     
   503.47797428630884     
   497.01443214575272     
   492.11988374162172     
   487.43869811202904     
   483.15977203911086     
   479.43069170216296     
   476.31504643635498     
   472.60296383681714     
   469.62842311395059     
   468.67903316581197     
   467.89233044038099     
   466.12254624254592     
   463.94580050506295     
   461.17787262225994     
   457.84529294322226     
   454.04418364864296     
   450.78264722183968     
   446.54109769424372     
   442.13958684222507     
   438.27768245819328     
   434.56206909033017     
   432.88384098813361     
   436.56722889027100     
   444.50123360933947     
   454.22493226454714     
   465.47964055945545     
   476.92533154962945     
   490.71439972926879     
   507.84227251948369     
   524.56718350712504     
   536.42545380618049     
   554.84645250781023     
   575.32944366743925     
   597.29931933432249     
   580.79498947963066     
   581.33449685510107     
   585.13178534084352     
   586.46999798389754     
   582.43082544402034     
   583.44428270433264     
   576.62672197590177     
   562.61583328181507     
   550.50421273374650     
   551.11970351586797     
   539.66640593158650     
   532.34103992016662     
   520.47512976893290     
   508.61125724663174     
   499.35893559057411     
   493.83488475057783     
   489.14381346803060     
   484.38835527307396     
   479.91727554970691     
   476.36329850020434     
   473.30925922659742     
   470.40634129250003     
   467.32955566611804     
   462.16711945898845     
   457.79300407041728     
   454.48056364829438     
   451.66198712778998     
   449.19110039688428     
   447.19231753677985     
   445.13979315920750     
   441.62922091446893     
   438.16229341132794     
   434.86292459237825     
   432.90694335506834     
   431.49104230348075     
   430.85152943548002     
   433.89011913162835     
   439.98377511192626     
   448.75056265201596     
   458.85829669561679     
   470.58279869782149     
   483.83805282289620     
   500.39333947706581     
   518.17918463961303     
   537.38286390239750     
   553.31061794337450     
   566.62854750681026     
   579.65846426791757     
   561.74361774298438     
   566.28006608393787     
   570.02205000636548     
   568.06999939477919     
   562.87645186067914     
   559.32461573358751     
   555.55578526319005     
   551.74184825963709     
   545.46727135072024     
   538.25079432333814     
   527.09758877466402     
   515.14275559746829     
   503.78842164245020     
   492.15272484646067     
   483.62786007489279     
   477.25168173183738     
   472.01831391227978     
   467.28879913884600     
   463.28603910451199     
   460.07881684986273     
   459.01793557257423     
   457.81367730682047     
   456.03257707511091     
   451.82993678942495     
   449.10027935414064     
   445.95067392039823     
   442.15139058337684     
   440.21911511201330     
   439.05175094194522     
   437.78528833964356     
   437.37697298977696     
   435.62157421806654     
   431.97678770748939     
   427.76041042548837     
   424.84117082702539     
   422.90185537089639     
   422.98948520553421     
   424.83831022156005     
   433.52945727044300     
   443.63344285975609     
   452.51188637848412     
   470.57411924267331     
   491.60463872121193     
   512.29351125963933     
   523.45834906066239     
   548.37866121631976     
   570.33677068744407     
   582.45289451701058     
   557.66083257445143     
   571.36412851212776     
   578.62784601778469     
   581.06495759637198     
   574.96258639585471     
   578.72715249974760     
   583.83613281250189     
   571.04098950259970     
   554.79262110515492     
   540.47288745922776     
   541.61089839646900     
   529.40192895000291     
   513.84745716318844     
   504.55750846003650     
   496.61509054313001     
   490.74027814880196     
   487.12181552752395     
   483.94422282857465     
   480.70817002970875     
   479.71266059929644     
   478.16105824529785     
   474.34895691855746     
   472.61730111212688     
   470.19742079757054     
   468.72454806231974     
   466.23768972523305     
   463.80894668789665     
   461.55602982077522     
   458.74632477760753     
   456.36628969795424     
   454.56972819823386     
   452.92665922096700     
   450.25589384572686     
   446.26464389459431     
   445.38976397833409     
   446.07987907487211     
   449.52430519186436     
   457.08944749730995     
   467.02932851594676     
   477.39511615527687     
   487.40865828894846     
   497.85646146786388     
   510.58366152837897     
   524.90689129500731     
   540.08181536246730     
   555.44316162781354     
   570.39275430132068     
   585.33324777192797     
   570.30168183497233     
   578.90146496665784     
   587.66033523993156     
   588.44837470236564     
   586.08824430883635     
   589.39494675620426     
   582.49837864290487     
   578.53102862670187     
   557.51891162855759     
   519.88904748559059     
   491.22933678512783     
   473.11430958216755     
   469.40312077598600     
   466.71514396549117     
   460.89438179997205     
   458.13357421527689     
   452.78324345728993     
   449.52972747077808     
   449.04208749141782     
   446.49158365174839     
   443.91175044330140     
   442.40830300956861     
   442.33694896339262     
   440.04804278943686     
   438.74102719220946     
   436.33540973889490     
   432.31100872711033     
   430.11843224698265     
   428.96939051379695     
   427.82570733309160     
   426.53178817584103     
   425.58338816807503     
   424.73813480685425     
   423.62995992045876     
   422.15577819584030     
   422.40285183483957     
   426.94238247788178     
   434.27427837156893     
   443.29670390538735     
   455.68463667285943     
   468.55316168267296     
   480.99014072873149     
   495.78281291045425     
   510.98137832736745     
   527.65186011160574     
   547.04033590257507     
   560.78132124272224     
   574.30151668293945     
   559.42836807465778     
   568.81070879759829     
   574.62166841394753     
   575.24610712313404     
   577.28843875944608     
   571.32620434696287     
   565.50740808744285     
   559.97364530867867     
   553.36299771037454     
   545.77275083809275     
   537.49535015646586     
   530.79573124198475     
   521.46532784672411     
   512.66911948054576     
   505.12714920364874     
   500.13260459642009     
   494.97763399065315     
   491.42170997098606     
   488.39014976116209     
   485.12276892757103     
   482.44138446155773     
   479.88466864199296     
   477.18096755139635     
   472.01313587029387     
   469.60573607803690     
   466.74076697036338     
   462.36204042489373     
   458.71679842048457     
   455.70188954674671     
   453.59587489474541     
   452.08342290660687     
   450.40993142638541     
   448.04311481702518     
   445.66206873647940     
   443.21745099497019     
   441.78831558442829     
   445.19242803618647     
   452.27967831026922     
   462.50061364916314     
   474.12249428838868     
   486.19917289064591     
   499.20627901978725     
   514.99506571357313     
   530.84945026636444     
   549.96770581412147     
   572.58000009985733     
   587.71058837931992     
   602.95749296473502     
   590.21460333777657     
   588.88906432573913     
   593.62627218081116     
   600.22803725519748     
   599.04889655568263     
   590.25200766975706     
   582.51223352327679     
   577.58449443685038     
   569.04763893002519     
   560.73911103058606     
   550.60850377573900     
   540.79526101987130     
   530.67744131030111     
   520.66850384412953     
   511.32534099674325     
   504.92449489290044     
   499.55992636584051     
   494.75025240177735     
   490.34046422753448     
   485.80826757644053     
   481.22256507552908     
   476.30256788102389     
   473.99856430610890     
   470.63103822170814     
   467.71512200498574     
   463.04944163560208     
   460.31068023662533     
   459.13039702588918     
   456.95531504733106     
   455.74712908076071     
   452.42671190655125     
   447.97471460674001     
   443.93278986483432     
   441.48613697007528     
   440.41703096428455     
   440.38757114354473     
   444.71325278047584     
   454.22757880178420     
   464.24472254719262     
   475.57730041521643     
   488.36637080731930     
   500.85510883818694     
   516.50101522892351     
   533.68847465016393     
   552.10809841468222     
   570.69251863150544     
   590.93115325079657     
   604.18574715978491     
   590.27698553445452     
   599.69172700250681     
   602.37469157815349     
   602.98764036944215     
   604.44848227868579     
   601.71163643399825     
   593.21493740096514     
   589.51656419002882     
   579.77607677025765     
   571.52641105154510     
   563.52313165884800     
   553.26238222415361     
   540.98109517635226     
   528.56468785750803     
   518.86854332213181     
   512.96369067516810     
   508.62112383112657     
   503.82964458888409     
   500.06346196986050     
   496.42534175164803     
   492.19245923872825     
   489.26879944161635     
   489.16774785364129     
   482.79668447180723     
   479.34222496711192     
   476.65630531424961     
   472.86650194729219     
   470.72712972495941     
   467.00012445738406     
   463.53216975193840     
   459.54329823556475     
   456.50117437676931     
   454.27777608294838     
   450.68600965308349     
   448.01011590725511     
   447.70348757219210     
   451.27944704087184     
   458.43425549902412     
   468.01173966505257     
   480.11351136005527     
   494.37158054394365     
   509.62964859522901     
   525.18824551147452     
   542.10282956383946     
   561.87667109312736     
   581.83445293641284     
   602.33532323137831     
   618.70740836666744     
   604.20177143147089     
   612.07182300349302     
   615.24947940166328     
   612.45620377694138     
   609.12079580975490     
   609.24402064438846     
   604.06347318683811     
   597.18867338829955     
   590.18170014392615     
   578.10182703734631     
   568.28550350937269     
   558.99371964409806     
   548.64209329980383     
   539.13104920355556     
   530.08219590410943     
   524.41416310149384     
   519.22342549634345     
   513.21221149911810     
   508.24958039427179     
   504.13598534729118     
   501.17501389963024     
   498.30004723444773     
   494.70384953077900     
   488.96816807838343     
   484.18250776651479     
   480.67506723940357     
   478.46887253699282     
   474.98060670142559     
   471.66147305485396     
   469.85543787582895     
   467.76147658348697     
   466.85091087353220     
   465.46034906313719     
   462.85241595809407     
   460.56607949749707     
   460.28561847665219     
   463.99938520421478     
   472.28026074670515     
   483.71896114949959     
   498.31129638061748     
   512.41388346350823     
   526.72895279728107     
   542.98676479542303     
   556.26285102832912     
   570.55998618838453     
   589.06413673560417     
   604.84798864091852     
   620.95832294797867     
   606.21644389999994     
   615.43112044446571     
   618.32627302031642     
   616.97644632031586     
   619.03924744616495     
   616.26899368397403     
   610.32713027688578     
   604.02127449418492     
   595.38968585314490     
   586.72635919835659     
   575.96910800697196     
   561.89537413598703     
   550.46641555723068     
   540.26513110444205     
   531.58664190293382     
   525.62225816281011     
   519.98496541532586     
   515.79289923436988     
   510.92008223668529     
   507.89950106549509     
   503.76864001492163     
   499.66447269494785     
   496.72192152129048     
   491.25556900124519     
   488.09518290826213     
   485.92204412926219     
   482.83445923196507     
   478.54714183950745     
   474.19153307770875     
   470.78359720064930     
   468.30084669077257     
   466.66552409809776     
   464.05058579834451     
   463.49128452451737     
   461.95974679795552     
   462.05196482235476     
   466.65921438963414     
   474.82993743234107     
   486.30110712276968     
   499.41972695707028     
   510.57809793233685     
   522.34769849638167     
   537.06228779648393     
   549.89452480697469     
   562.74689766925133     
   577.37919461256206     
   591.75251718209086     
   605.10442098444901     
   590.83638704659506     
   596.87083979716340     
   601.93514483872195     
   606.34828550555551     
   607.28657187176930     
   608.16654540026241     
   605.42060782207420     
   602.60024183661596     
   595.18212456570927     
   587.39635573508951     
   578.80598747899285     
   569.02795631423612     
   558.83374001126094     
   548.75280259471265     
   539.74695228274425     
   533.83482911347585     
   528.62177952670936     
   522.64986044834041     
   518.02483277473721     
   515.24913184038655     
   510.88940442366419     
   507.81128702248338     
   508.79288560573508     
   507.16856411657221     
   502.03255365512479     
   495.91685208469892     
   491.76180188233263     
   487.97673830012633     
   482.56364554397527     
   480.13933315655584     
   481.30168000481052     
   478.51408595105346     
   474.03508020835164     
   470.88640275062824     
   468.75033393631480     
   468.98912148752714     
   472.65566643941338     
   479.87466906191150     
   489.93094073742219     
   503.04105124044145     
   515.06096570186833     
   526.66923631565385     
   540.59649357645083     
   554.76096186412985     
   571.45263707114339     
   589.22320358224101     
   604.78988997792339     
   624.82197608524177     
   611.37601266421450     
   617.12253538300445     
   621.88905390028822     
   618.00085513947715     
   619.65069394862439     
   619.87137734385828     
   613.01282760410413     
   602.64850911918097     
   595.55056852395444     
   584.15871107624332     
   574.53298740898492     
   564.33831558446661     
   552.80630142378311     
   542.02325998738729     
   532.08628727258770     
   525.07833511978686     
   519.46898152684400     
   514.57707575839686     
   509.86712363466603     
   505.84157302576466     
   501.56081152649062     
   497.72550962394774     
   494.66774904144006     
   489.59827788343506     
   485.55945622315687     
   482.67120362940409     
   480.05279485495333     
   476.16391377500287     
   473.18387174068039     
   470.97018416623467     
   468.09587929635330     
   464.84833002301383     
   460.93740396791105     
   458.21959296782188     
   456.55066490101473     
   456.94946725803533     
   462.12733299565116     
   470.93910824549857     
   481.22666006561320     
   492.63420702292251     
   505.59035388118031     
   519.89671774605472     
   536.04468176869443     
   553.14327494309532     
   573.42514763844474     
   593.80122559845199     
   610.95330351330153     
   628.65233262193090     
   611.99611395067870     
   617.48846638626685     
   621.34920601413353     
   625.42281913704346     
   619.83116289413056     
   619.95543571722351     
   612.76066270832371     
   608.18041969478452     
   600.47447493159893     
   588.35939720777048     
   576.61252142594105     
   564.07910540549949     
   552.97206723825570     
   542.00940491541587     
   531.97937693629308     
   525.22947774086515     
   519.46133655632241     
   514.92881295528002     
   510.43487935140678     
   505.58145408555453     
   501.53834211592311     
   497.87115595959528     
   496.41091812053537     
   491.98030932968169     
   487.85146865036762     
   483.44763246575877     
   479.98475946605561     
   477.80011880932574     
   476.09754722709033     
   473.96571512356581     
   474.68603791418269     
   473.25004442356533     
   467.23491125763087     
   463.27665801734372     
   460.37571579841716     
   459.53667119486903     
   462.32880991441004     
   471.77436733718099     
   487.12060381154998     
   498.90414743803717     
   505.43261043691126     
   513.92329107322246     
   525.09839270957514     
   535.09885176305329     
   548.96472389695577     
   562.53353345376399     
   577.87594994430924     
   586.17973413656853     
   571.62472794175540     
   574.19641424338852     
   579.83130057177937     
   578.48587456438383     
   578.16785707068027     
   577.09840448045611     
   571.93275821616635     
   565.56009857852075     
   558.13111844562195     
   549.46736316988950     
   540.91664062226289     
   531.39452811652984     
   521.33042837989706     
   511.95287352650689     
   503.16701641914995     
   497.08626758021501     
   492.64025449488076     
   488.45654767785061     
   484.45528419125839     
   481.25798849544981     
   476.82940538000378     
   473.77424591862354     
   472.54442099174111     
   469.44038708397574     
   466.53577916067252     
   463.23063610319065     
   460.70994717404375     
   458.02620177084492     
   458.21044961624841     
   456.10138125948066     
   452.77371867299178     
   449.39039574259124     
   448.08701528349076     
   446.74373539226144     
   442.81663859775233     
   440.19813631782125     
   444.38617119190104     
   453.16322824019312     
   463.88122550667509     
   475.65701975849464     
   488.59322499233144     
   503.50389307283490     
   520.08838130125230     
   536.64154073849556     
   553.76271914277061     
   574.24782564392763     
   590.91830166386478     
   605.55754776126571     
   590.57729727603385     
   597.71971514360825     
   600.41403734694779     
   600.79455331180043     
   600.57949040860694     
   597.06740967978362     
   594.05821858903107     
   589.31451041901335     
   579.47444094568948     
   573.42035533889486     
   562.04564061707913     
   551.77924355932055     
   540.04478425328011     
   529.90179188336492     
   519.53843898491755     
   512.88634242470368     
   508.46809950297529     
   504.40733424122567     
   500.11474088650237     
   496.23172066598397     
   491.57675344677511     
   488.24053841065898     
   487.49743881100835     
   483.76665680360389     
   481.06473895458089     
   478.03930515325823     
   474.01151016105433     
   470.04012797676069     
   466.88611336059313     
   464.64465467689570     
   460.56012515628674     
   457.13968350116642     
   454.34514469665504     
   451.74964223959324     
   448.62051400910201     
   448.05229947528215     
   452.11272723040327     
   459.46605002120515     
   470.61061590067766     
   484.53361417077895     
   497.59875779527607     
   511.43635593254049     
   528.02776235511237     
   545.86029355262394     
   566.54236151539567     
   587.36634049217537     
   605.23980256002108     
   624.02379698933294     
   610.46890432613759     
   613.68465155168224     
   617.96916605793592     
   619.18218431988225     
   619.02448726631849     
   616.65982352163769     
   612.17749149114559     
   604.45415941752833     
   601.10977711651128     
   591.62496307618653     
   581.71902349742390     
   568.66400384789938     
   552.75171223387542     
   539.79653532344003     
   532.13532760466592     
   525.85552920573900     
   519.85626805327888     
   514.99429762444947     
   511.47010292435317     
   508.63355806804503     
   504.19389070958465     
   499.20489690402155     
   497.85172086761770     
   494.24815637733360     
   491.93149820355586     
   486.08759321260004     
   480.24482181172431     
   476.98738492154843     
   473.34192771027574     
   468.62522338837977     
   465.87880051679787     
   463.37075701762404     
   460.10826079571171     
   457.53752297382982     
   454.75948461417306     
   454.93895037802309     
   460.26129081819187     
   469.97412668481149     
   480.38421357903400     
   493.10584731620429     
   506.95580967096856     
   522.73944305447810     
   538.58124385870440     
   557.22982760117907     
   579.80657844999280     
   601.09748944301293     
   618.95681484499619     
   636.10851737604332     
   623.80738249067929     
   630.36572247877211     
   635.21032703660160     
   634.75382253018586     
   636.36208467552763     
   629.59787805420831     
   629.20235715132651     
   622.58199226011254     
   611.17756303612737     
   600.49337297495504     
   589.09931114305152     
   578.56554126733226     
   567.35237273100529     
   555.98684002966104     
   544.80379126588036     
   536.89952825361172     
   530.77501041310779     
   525.25843882074923     
   520.33962404156432     
   515.42211181144307     
   510.25319669456894     
   505.51957888516210     
   501.95266898942612     
   499.25660030653000     
   496.25588610664795     
   493.89873396230649     
   490.78687969653612     
   488.95193111092470     
   487.96184425782536     
   486.33501617228370     
   483.79153632740702     
   477.29478614934089     
   470.54990394653515     
   466.73995519175207     
   464.00931983357088     
   464.45519899850075     
   469.33514399043696     
   477.25498386749450     
   487.24819965293068     
   499.44252545812344     
   512.11647998988406     
   528.36068442537589     
   544.85987948941067     
   562.04536225137440     
   581.03894229091145     
   601.97592233655428     
   620.32056587291811     
   639.04517082770326     
   624.37234327689907     
   631.65922682571670     
   632.25095977109413     
   635.18842147035753     
   633.53239191433477     
   629.68933355584602     
   616.82501951518645     
   604.40453492858160     
   594.28504414108090     
   578.46175940992566     
   568.66942668624336     
   571.93256021762772     
   563.66374194829916     
   551.82322995399238     
   540.85672851955735     
   532.49249484539143     
   525.60541336662732     
   519.84433839339977     
   514.61337525175679     
   509.89298808133253     
   504.73826695582204     
   499.36490155918102     
   495.35090107347253     
   492.55309045115024     
   488.37494736578299     
   485.43161328171090     
   482.30461907760952     
   479.57245946745405     
   476.01571683319395     
   472.95197860246844     
   468.22361303248255     
   465.35887443775005     
   462.68175568999573     
   460.21478856301718     
   458.47796370914648     
   458.72653624338886     
   463.71054899534539     
   472.12167914730998     
   481.25076368729430     
   492.86027244781496     
   508.49053737805855     
   523.36641717098792     
   536.12335964089368     
   548.14602088444508     
   561.74873702977322     
   581.25358012005483     
   601.18800759160672     
   613.02807421174123     
   596.06696592273931     
   599.86356123297435     
   602.08683401618794     
   601.99893624683455     
   598.35356074784033     
   594.61272602393467     
   591.93013451575564     
   586.87320325191820     
   579.97273061185012     
   571.48240965304626     
   563.50991573292765     
   553.89289178369222     
   544.86565594824947     
   534.31812158519710     
   524.46050025905674     
   518.26574293872477     
   512.87262871891278     
   507.66566117721254     
   502.98191626486073     
   498.98468555212986     
   495.26749954325038     
   491.52686116042889     
   488.11857320962628     
   486.62027110940937     
   483.62365165740943     
   479.90321114820250     
   476.52695351901866     
   473.68993680318357     
   471.76475144168450     
   469.55373665687989     
   467.02765895695921     
   464.75980453565717     
   463.33903668899222     
   462.11043164687925     
   460.84501202057572     
   461.14422794089842     
   464.69116783365979     
   471.74998089352459     
   483.65306206432388     
   495.53769800610024     
   505.38464970661687     
   516.15547628714671     
   531.44624814087751     
   546.11795118065515     
   561.07169322551488     
   577.66725950974990     
   595.14390887513377     
   610.16219073403113     
   590.91006570147329     
   595.71927244264145     
   595.59468239654154     
   597.96050990133222     
   600.92751561525085     
   599.23640972804685     
   595.65619134154053     
   591.15472751486766     
   581.42815666791068     
   573.69580176642125     
   562.16849966963264     
   550.62060100197675     
   536.29422231848991     
   523.79320387225607     
   512.75608519718423     
   505.10817318005871     
   499.41451404872748     
   494.19778467448009     
   490.01626049667948     
   486.48750699419281     
   483.16535082142178     
   480.08213039162126     
   476.99361740212777     
   474.26992981636397     
   471.03531676906772     
   467.72037483380637     
   463.73858896817507     
   459.86167314814628     
   457.33618831745673     
   455.25153901471214     
   453.55552712793860     
   452.24648317091624     
   451.73119384034311     
   450.20306666332351     
   448.29634593408230     
   448.33344965547769     
   452.88261607071007     
   462.75803248803965     
   474.93350873479108     
   484.89371747884138     
   492.74614342488479     
   502.58549113727543     
   515.27888522231024     
   531.64006571163270     
   545.66753815149036     
   561.96666611887315     
   574.27075450607515     
   589.84409225457591     
   571.87940260114601     
   574.40613375552209     
   576.39513977525462     
   577.83114370993985     
   575.99211866935116     
   567.84429994912455     
   563.73378550323298     
   558.19347838868669     
   547.94862776972946     
   539.50768397300328     
   531.56595821619283     
   522.78755443734769     
   513.42854725226471     
   503.55730997812259     
   492.64462237742458     
   485.41523882104428     
   480.55048802357140     
   476.87537108979740     
   473.04730131351437     
   468.71492250559226     
   466.49555122533593     
   465.67042296640051     
   462.99247960553151     
   458.88801735728595     
   453.59297769785036     
   448.57529391541692     
   443.75649516496247     
   439.95371038439055     
   437.69922565860600     
   434.81824530269222     
   431.81450004050600     
   429.76461981732496     
   427.71187954768567     
   426.57305163477452     
   425.82138533046674     
   427.06221702161270     
   426.75223970781383     
   431.74211292964134     
   442.43999343194940     
   447.45369967899308     
   454.25922194793918     
   463.15247939322688     
   472.41159826010414     
   487.95697753420524     
   504.01305515244701     
   520.31701510645894     
   528.71889799853159     
   542.11577566064284     
   526.19354467331652     
   530.97543559082078     
   535.92541223355340     
   535.46030162319937     
   535.17127787736285     
   534.00482025092492     
   529.68047749849711     
   525.07371940985990     
   518.99057740095759     
   514.37527872217970     
   504.31883162045187     
   494.04729955665647     
   485.86071576443771     
   476.15316577204595     
   466.55537770865965     
   459.92407278211613     
   455.45467163299270     
   451.68891205930487     
   448.18157179663581     
   444.75570659137873     
   441.34119684657691     
   438.37062587191303     
   435.71120633274552     
   434.11603433346937     
   431.82935171520063     
   429.99812433885279     
   428.41237328406436     
   426.44596114613711     
   424.29584454959928     
   422.13058528046480     
   418.94070796193250     
   415.22358757721190     
   413.16817402371652     
   412.27514459404523     
   410.57698822883134     
   411.99661438232550     
   418.08529750304604     
   425.99946169242719     
   436.13102401729878     
   448.70474158926606     
   460.43068899819195     
   474.04324750482664     
   489.11896944269051     
   504.85027899991900     
   520.23313075750229     
   538.82529668338600     
   554.29541089803490     
   570.61012610284422     
   557.03464990414113     
   560.08478977921357     
   564.66190193036130     
   557.81234642362540     
   557.24949054111983     
   559.98135734919606     
   556.41496312616914     
   550.18928661447626     
   543.72041367744384     
   534.05802404415851     
   525.58984129081102     
   515.40736670271895     
   504.91296022603763     
   494.52792083921582     
   484.01861537113535     
   476.60531799733411     
   471.79157153027961     
   467.85051645346613     
   464.78341335473431     
   462.12943439963345     
   459.53567073496401     
   456.91011765959774     
   454.17638309105638     
   452.28738438352866     
   450.13119788427298     
   447.13236802217517     
   444.01528173953778     
   442.07985964092899     
   440.93534690327618     
   437.82535490285608     
   434.19787201599235     
   432.09763172599793     
   427.98797456590967     
   424.81524123928301     
   423.02047441736437     
   424.24372805664780     
   430.42525161054238     
   438.42732470770585     
   449.29290257124302     
   461.02961662805330     
   472.95695964091993     
   487.70817208639568     
   503.41797949662418     
   520.62608841362032     
   538.44621485134599     
   556.83468456583637     
   573.05469606595307     
   589.89177781759076     
   577.70865698112038     
   579.34017854279978     
   581.59240397546932     
   588.57489713174175     
   586.55787703035969     
   583.83521403948725     
   580.47660438523053     
   575.78686643861613     
   567.76882199809029     
   558.68968799958986     
   552.20342936182385     
   539.01077562357489     
   528.01945387236697     
   517.65157172301872     
   506.88022821522128     
   499.28499183204161     
   494.24879631827770     
   490.27669577225890     
   485.27773535537364     
   482.07481749152640     
   479.27365951358036     
   474.50348138834693     
   470.81097908733625     
   468.70430847277294     
   463.34082332236744     
   460.41199595476536     
   458.53054804478859     
   454.52742822180556     
   451.35406707452222     
   447.41661413188069     
   444.33229396298572     
   441.45880562232253     
   438.45637045242785     
   436.48795710336947     
   434.43150148399042     
   435.65189626992350     
   440.51264752745112     
   449.92834043729533     
   461.41419904686177     
   473.11509372001802     
   485.59344971094964     
   501.37390512721106     
   519.36067691964365     
   536.71676244939761     
   553.82495012200843     
   574.52935828265504     
   590.54175762871409     
   605.14292037029884     
   592.80268061582240     
   600.85520784823996     
   601.86150696120148     
   603.03148668418225     
   599.31464629442746     
   594.71781586293878     
   592.34456422421181     
   589.59783811894260     
   582.36290578968078     
   572.67799788117054     
   563.87846190403923     
   552.79189915471261     
   542.34557177123872     
   531.17361483508682     
   520.41625619369154     
   512.61145782728556     
   507.15224446459717     
   501.92480537069849     
   497.04028955019578     
   492.82940283016558     
   489.04995522409365     
   485.51342036139766     
   482.12611062647869     
   480.29690650945247     
   477.08779005901351     
   471.58445857231300     
   468.84301937333532     
   467.19161946278018     
   465.08399339396487     
   461.22227145954906     
   457.70228363868330     
   454.89567293219272     
   451.73782577201797     
   449.40251457813707     
   447.72459690166136     
   448.45944148260338     
   453.04187343162289     
   461.88207922896754     
   474.90462802037854     
   485.38925167374992     
   497.28962212663953     
   512.04130886434666     
   528.60135602099524     
   543.69915727890293     
   560.46277217425711     
   579.20020448255821     
   595.10590908538427     
   612.37183411323554     
   599.73553528623165     
   606.71909855406454     
   609.07453803578801     
   610.78612435546052     
   612.19032900211698     
   609.68363946112697     
   607.46051599215241     
   598.58949205953400     
   588.63619201831091     
   577.98884660471185     
   568.54060438614374     
   558.23743847878166     
   547.87193546499134     
   536.76584889409548     
   527.38344852989269     
   519.74949675206608     
   513.83219625423203     
   509.26350103811524     
   504.68655697222704     
   499.93631431602626     
   494.33153835496569     
   490.02328217869865     
   487.43224520720179     
   486.29821190783889     
   483.76116771104552     
   480.12348209779390     
   476.58421611680069     
   473.94979627775217     
   471.25278290817585     
   467.85958702622156     
   465.45037428902225     
   463.86484264300884     
   461.21836397733750     
   458.07054325593998     
   456.20471777784729     
   457.03012658901883     
   461.25569677328946     
   469.90996177203198     
   482.29981714236845     
   492.98756632974300     
   505.81399764981853     
   519.68408500629857     
   535.36360801221440     
   553.97874529878993     
   572.53782365586608     
   589.82639746985444     
   609.47272884360109     
   627.01405626980102     
   612.87057878595090     
   619.86450829678711     
   622.02276502775783     
   626.46011008503717     
   625.36510786470762     
   625.88208467488562     
   620.65422070038949     
   616.79776429065510     
   609.56225635024043     
   600.42765827226378     
   590.45716372464824     
   580.15537802352151     
   570.20581441838794     
   559.03253601470294     
   549.35099511841202     
   541.56363651257516     
   535.86860726936436     
   531.13824299033956     
   525.45748921376514     
   519.35863745066433     
   515.83995205070141     
   513.37996845189832     
   510.58962671689568     
   509.40317907312334     
   505.39475158247717     
   500.01814086723670     
   497.83517057195286     
   495.04129371582752     
   492.16696033542928     
   488.63667802428591     
   485.16325592041790     
   481.14939437922055     
   476.37585637205166     
   472.08137821513571     
   469.11998493855555     
   470.12744155855120     
   474.36457905007501     
   483.11302866472511     
   494.75527975134020     
   507.69372089065700     
   520.64839642599259     
   534.70167051276462     
   550.98003035180011     
   568.16797318116755     
   585.29659103591962     
   604.68364719291867     
   623.53840100498803     
   643.08987102095193     
   629.03183100041554     
   636.55083425912073     
   638.26195167843537     
   637.16671123575941     
   634.64884841185926     
   632.14335643084280     
   627.83475032326874     
   623.18398487171191     
   613.03492714201161     
   604.33176650342591     
   594.21764920193061     
   584.19381531743272     
   573.08631164694873     
   562.36977985153544     
   552.40305258326612     
   544.58863593748811     
   538.61935465772581     
   532.98727815289351     
   527.42704400787068     
   522.48240167110112     
   517.44719315546286     
   512.97613548088020     
   511.23370709196490     
   509.73929974441415     
   507.59147509790193     
   503.38567582672084     
   500.09699109878807     
   496.90298070763686     
   494.18947792623482     
   490.76473938452557     
   487.47125001133327     
   484.66859190237824     
   481.34105176936367     
   479.03900429716850     
   476.01679521806091     
   474.20302866314859     
   478.11961857790169     
   483.28749446199799     
   493.78193018595374     
   505.80934084424604     
   518.77933252282605     
   533.83105142374006     
   550.74675879442964     
   568.47007977746568     
   588.85149367131748     
   602.90791551001007     
   615.55635821709564     
   634.38883744892064     
   617.81895994882132     
   622.73173254158087     
   628.46297956157719     
   622.57542359543606     
   622.87902115131556     
   620.09768644699011     
   612.96627102034711     
   605.34133338953541     
   599.12626973860506     
   590.98318660619066     
   582.43397971581726     
   570.59343659993033     
   558.92684732511168     
   547.57949996141156     
   537.53238059169632     
   529.32474299287298     
   523.31064252088549     
   518.30678438151995     
   512.95715202214467     
   507.70199485553013     
   502.21823464577960     
   497.57796548633485     
   494.27505337119754     
   492.11565111983845     
   488.39713988220564     
   484.51807770072514     
   481.17402156273249     
   477.69592274788738     
   474.64284495967996     
   472.07605558317971     
   471.36008983926843     
   470.00178280711680     
   468.03753131302750     
   464.46300762756886     
   461.19644860033139     
   460.62639511199558     
   464.12340688916441     
   472.04944367043294     
   482.81321722564059     
   494.20006885383219     
   507.10357152121793     
   522.09131704852746     
   537.51755985616762     
   554.18204459267440     
   571.96107357102119     
   594.48559400617546     
   607.93557267028905     
   621.72320036265080     
   632.02072306247953     
   616.15825623263208     
   618.40517795242442     
   622.51368799017985     
   624.33646975184183     
   621.18327738981691     
   615.39269930209559     
   613.40468693159573     
   602.20179330619510     
   591.47066818569363     
   583.69873831310576     
   572.85470491736737     
   561.02511743104060     
   550.13173676969632     
   538.22762010886368     
   529.22547611393327     
   523.57629367624679     
   519.07072270829815     
   515.44480541015537     
   511.80633516996443     
   506.54065916697374     
   500.32307160922289     
   495.10559064590831     
   491.34822742418322     
   487.45220550150412     
   484.43109130240964     
   481.77015592020797     
   478.02935919841053     
   475.72886010194856     
   473.85995904975402     
   471.38002385084286     
   469.44048633982055     
   467.12522874281859     
   462.93493729558685     
   459.79105358143880     
   460.63936200614432     
   466.01037970198109     
   474.18005665298142     
   484.68378084329993     
   495.10474418038939     
   506.75745981906874     
   521.58952312916256     
   538.32577180163628     
   554.58401914277647     
   572.01031627453813     
   592.35970848657064     
   607.39859114170599     
   622.42598354352299     
   635.28928613738958     
   615.96470221443769     
   620.63878155356997     
   624.07224621257683     
   622.02407233711813     
   619.62969410384835     
   619.60746804996268     
   611.43218637618111     
   603.71318365459547     
   596.83618037946894     
   585.52654782313436     
   573.55044681061088     
   562.53213615260972     
   550.57312482875818     
   539.51067608007099     
   531.66987796837566     
   525.83688740622677     
   520.54000275831436     
   515.62392869719986     
   510.99213627937911     
   506.87693677045598     
   503.23658951918407     
   499.69450834775273     
   496.68208661321097     
   492.77739128198857     
   489.84770932843384     
   487.73508536282196     
   485.07531688974461     
   482.17989071840168     
   479.88595105917750     
   477.31760344981564     
   475.21308930598963     
   473.49313313590187     
   470.40590832008456     
   466.52026634527607     
   466.18754794452860     
   470.70951448208245     
   478.41634759515074     
   489.69927543444402     
   501.77330132540789     
   512.97019031694981     
   525.08062861872895     
   536.91155701803382     
   552.58936533868712     
   567.47446091617439     
   583.66608481036508     
   597.91603684910933     
   610.60952776361546     
   619.97390024444758     
   598.98783604289429     
   600.60927114244146     
   601.32321314984677     
   601.26616599702459     
   599.27569403084067     
   595.23072714706768     
   589.60974001113857     
   582.47599451471842     
   574.49788893787468     
   566.17438820312191     
   556.76743319616082     
   546.77614717303413     
   536.88143826039448     
   527.43188102187423     
   519.60207647611048     
   514.04364399235271     
   507.90018232552922     
   502.75611289388678     
   497.83931451903084     
   493.61105725851934     
   489.94347221467069     
   487.03597471620321     
   484.31989787296658     
   479.66783086977745     
   476.71843652447524     
   474.59213566320767     
   471.25110436450916     
   467.50270088467130     
   465.15201941193362     
   461.17534217352335     
   458.85530670582204     
   457.21406593999791     
   454.78901812940239     
   452.88650783455779     
   453.33782994060181     
   459.30124938077938     
   468.83894536201808     
   480.44454801359609     
   493.13062577986670     
   506.40774985275749     
   520.28751952904952     
   536.00781514036828     
   552.68762599218644     
   569.35546774531826     
   588.82222925709880     
   603.73345291706494     
   618.20510345080152     
   629.17331358022795     
   608.76467898090027     
   611.74362010937978     
   611.93977119402189     
   612.04729751929733     
   608.42146955057945     
   604.65458161714503     
   599.70933456249509     
   591.82490263199088     
   584.51787999553312     
   575.15079142801267     
   564.89341553565123     
   553.99036457703551     
   542.93283502607767     
   532.54643328107272     
   524.25213332677788     
   518.31199059121332     
   513.57963114482573     
   508.88666311604845     
   504.38898291029767     
   499.65168926776937     
   495.08836466165127     
   490.89353687334244     
   488.29032337725374     
   484.98166055898668     
   481.70455151473197     
   478.75568151895317     
   474.99451925700578     
   472.23247493849516     
   469.65561203159064     
   466.67133664944208     
   463.88923717692848     
   461.93709629532026     
   458.33537380132060     
   456.77884064136975     
   456.85269947273423     
   462.01966390436286     
   470.97381781538229     
   481.72974846511852     
   493.87551899317498     
   506.62502025689082     
   520.61331386149357     
   535.94274682739615     
   552.78677979851489     
   568.06733280371304     
   587.70720064180625     
   604.55508928911752     
   619.84879072287720     
   634.15005520464968     
   615.72328392937038     
   618.85110999136248     
   621.07677142066780     
   621.27360414737620     
   620.30098377103684     
   616.00567922957714     
   610.14859286175761     
   603.00683243581693     
   594.44971592190086     
   584.98608830381613     
   573.15961702900017     
   562.32966079022844     
   551.45811608716099     
   540.82702606640999     
   532.07345604760383     
   525.94737972576570     
   521.03369408249762     
   515.76020619257440     
   510.50492769848972     
   505.66594146792903     
   501.35169990964334     
   496.76958159322686     
   492.85863136203028     
   488.42414821439661     
   485.06038161752241     
   482.16316779481986     
   479.46630760212832     
   477.73416904482457     
   475.44911274887733     
   472.01474449915094     
   468.37843428099933     
   467.52659511104196     
   464.12170955638561     
   463.26857368468558     
   464.12603317528618     
   470.56834779036632     
   479.18547980443714     
   491.12266883714028     
   504.75698472118501     
   517.18642234269510     
   529.94081699526760     
   543.42806478232535     
   559.57411732534865     
   576.13517597723273     
   593.48573259749583     
   608.98050685560850     
   623.67986889735914     
   636.84505384397562     
   617.38857052837398     
   620.65091528265589     
   621.05620833029593     
   622.69012400557847     
   624.30795575852540     
   621.19643146623412     
   615.27610629260948     
   608.17639686054190     
   599.02311340212850     
   588.84518704887091     
   578.63354527713818     
   568.00392665624099     
   555.90462072413663     
   543.38894400745892     
   533.63946870449365     
   526.38951834273303     
   519.89407378043654     
   514.48342361393509     
   508.96697837502950     
   504.20071235667609     
   499.25927033083582     
   496.83895696809736     
   494.80603688533455     
   490.97715795225213     
   486.33784536131520     
   483.38067086278943     
   482.64881722462297     
   478.97012458280329     
   474.89718030076892     
   471.42197405601962     
   468.21004724967321     
   465.70026074340370     
   462.82531043884745     
   460.22339155883344     
   461.82035917406728     
   468.43823423960146     
   477.55856669755474     
   487.61940121585928     
   499.58994532466818     
   511.44308820142578     
   523.29393220102463     
   537.65659671339995     
   554.14954363294089     
   572.08185586772856     
   590.01888559085705     
   604.90998567331292     
   620.17544388496503     
   631.72535282763465     
   612.95440032910881     
   613.91564227737842     
   615.00460116509180     
   617.37502711830439     
   618.64528567046364     
   615.35036866759981     
   610.97447915368036     
   602.55561030569720     
   593.50081799153259     
   583.19622745228514     
   572.33852455688100     
   560.77664002624124     
   549.73071662301902     
   538.64939495124872     
   529.58649977126549     
   523.13678559323853     
   518.07223333354159     
   512.76163589512464     
   507.34697464553545     
   503.00050789117239     
   499.19661627720171     
   494.73953400850638     
   490.57244525164015     
   487.46606055298582     
   484.82693721017819     
   482.04140387896791     
   479.39939476441486     
   477.05168109715100     
   474.84297473798176     
   471.95631482009412     
   470.14925049793089     
   467.88222352799295     
   465.17227929358785     
   462.58990937236604     
   463.19438192973439     
   469.24326868015521     
   478.33771417717361     
   488.47660986084719     
   500.79824696463015     
   514.56351468681692     
   529.32827948010640     
   545.67492148010717     
   561.11733924844054     
   577.08599671632589     
   594.64726313783126     
   613.17207629258792     
   625.44939412650569     
   641.19845763711839     
   620.05800142937323     
   622.44191338623421     
   625.33548792078739     
   627.86082710514586     
   625.73111953336218     
   622.49691018015483     
   617.52353686501397     
   610.84822993595549     
   602.31271828224453     
   592.14484565198256     
   580.91415172338839     
   568.66342416601333     
   556.12978673152145     
   544.26377848954189     
   534.78548224826091     
   528.43868912158473     
   523.30112095159075     
   519.36736919500299     
   515.42931283187386     
   511.18580472849811     
   506.40898969305806     
   502.34512776489214     
   500.07561972287482     
   496.51533479357676     
   492.66183796738761     
   488.44928088869239     
   484.61921795106912     
   482.75343566556802     
   482.16035066434654     
   481.27458677675014     
   478.51384914177953     
   474.22083247320921     
   471.78205244029851     
   469.80143287557320     
   471.05284043052546     
   476.95666061781196     
   485.25936962868246     
   496.11945484492975     
   508.80316153722038     
   521.43906798226965     
   534.20121249306430     
   548.20430691498973     
   563.99481608954068     
   579.74212491271601     
   595.70016230234819     
   613.52341934945719     
   627.05977957625169     
   640.96383715816251     
   622.13008023652469     
   626.94041062758799     
   628.74623406857074     
   630.04504146541478     
   628.87208197564030     
   625.45908873108453     
   620.13912534860879     
   612.22915503687227     
   602.61851887316004     
   592.99397944451459     
   582.46707558372373     
   570.99306038424481     
   559.03239404292833     
   547.66571310777408     
   538.54523668522097     
   532.38063058389309     
   527.52363852786721     
   523.19379280602561     
   518.48633959827009     
   513.37280299671977     
   508.21311099314966     
   503.22702836784896     
   501.25908559794635     
   497.63682176310937     
   493.45046178992322     
   490.67118106525589     
   487.38306678041465     
   484.89117375340516     
   482.69855351606850     
   479.42805871456648     
   476.98241744717518     
   474.80395366103380     
   470.59581224182784     
   469.36110260466717     
   470.49945617824267     
   477.19302013065953     
   487.14187495360966     
   497.34734442534415     
   509.57124427914476     
   523.74502402755274     
   538.13349044578717     
   553.40834366247850     
   569.54834459741346     
   587.03514565007083     
   606.14184844337751     
   622.99589796287762     
   638.63793630908197     
   651.46961526753842     
   628.94708734636720     
   634.22441624260944     
   638.62843813145128     
   636.89365960289524     
   631.42319670706092     
   627.66722962156189     
   620.65110643756225     
   615.83850715375490     
   606.97870110440408     
   594.42759358128717     
   583.15205634450001     
   573.33714563063540     
   562.23056426712492     
   551.75316702573923     
   542.87990889272669     
   536.40197851175299     
   531.21833709128418     
   526.19867695480548     
   521.21666725883790     
   516.45250173341196     
   511.11542044250109     
   506.74661882075060     
   504.08242130605663     
   499.86252687650517     
   496.41704779942614     
   495.03589233246157     
   493.36846129213438     
   491.58672738140604     
   488.89326101547300     
   486.28516226035970     
   484.60661968488199     
   481.45242656087919     
   477.66856859351628     
   472.90724042060697     
   471.51232550135273     
   474.30185366197469     
   482.70759150535696     
   494.05771838120938     
   505.22031434366465     
   519.28954577497836     
   535.58907715272039     
   551.53667250216552     
   569.06435219562582     
   588.98732655511731     
   608.88946779611308     
   625.38695526216873     
   639.43287801514737     
   652.18086619548751     
   637.57186848640572     
   640.20909308524585     
   640.63004401901605     
   639.20686700012686     
   632.15887281397409     
   632.38293993551213     
   624.17772344399998     
   615.42487097574451     
   605.16955377742136     
   595.24384845678105     
   585.21507408017590     
   573.78041669768209     
   562.99971413490152     
   552.18601130903608     
   543.60032556093472     
   538.03500973903135     
   533.05978446049858     
   527.40684355199141     
   522.72824414056163     
   517.92541970906018     
   513.63650896191439     
   509.47689453137446     
   506.93600649865510     
   503.95629262841760     
   499.96138384817692     
   495.59725612396920     
   491.52963482194070     
   488.48988349814101     
   486.32039815901879     
   483.17233253911581     
   479.68301863970686     
   476.25961593831812     
   472.83378003670128     
   468.89577322893592     
   468.87821982654151     
   473.99002949745898     
   482.34526126815092     
   492.36451042928638     
   504.43577716378127     
   519.39049120301047     
   533.77025867997668     
   545.56351757194875     
   558.72555042485010     
   573.64530006922166     
   589.86017849291989     
   606.88162586421834     
   623.77207377865398     
   638.00085772331431     
   620.62541410195263     
   626.63657165171435     
   626.25174167754892     
   631.29482121703165     
   627.85072408599569     
   626.85645550890297     
   624.94863972575263     
   616.37820317248554     
   603.93466337155360     
   595.90254629896742     
   585.57229303685494     
   573.65784066987101     
   561.92936815099426     
   549.15261697472874     
   536.64450586669636     
   528.43208651658642     
   522.36313540827166     
   516.88174644388073     
   512.37109089989769     
   509.06919915215269     
   506.47576540902571     
   504.77060495160134     
   502.83716448513957     
   499.60008833464678     
   495.40885460761456     
   491.50224904383953     
   487.49500005583332     
   484.01138694541322     
   481.55498320830776     
   478.88406371493045     
   476.69790498715724     
   474.51079966245408     
   471.15560168487968     
   468.96245871995114     
   470.36899404364425     
   476.41792662730819     
   486.97603742143542     
   497.92664077437263     
   510.00293685635052     
   520.20785168758596     
   531.61686574034741     
   543.20201270572932     
   557.83402554131862     
   573.77817768893954     
   591.68690284360241     
   607.13632821117415     
   625.05543266235281     
   633.09634713470575     
   614.60998761909264     
   618.97477443551202     
   619.92332181197128     
   617.06664369466944     
   617.73419733584944     
   616.78045559274722     
   607.54863036333063     
   599.80536171974927     
   596.51792106420874     
   588.18377439448977     
   579.39495599793952     
   566.78621947184752     
   556.05083105370284     
   544.34453600392112     
   535.58154451684595     
   529.17372407425569     
   520.39528712763445     
   512.74907294569039     
   506.68694837318907     
   500.93961726770505     
   497.12140811531509     
   494.22141516167608     
   492.44759052551478     
   489.67297529953953     
   486.70094655993711     
   483.37888850487172     
   480.35019023099795     
   478.25137603894837     
   475.77086347070372     
   472.75513727756078     
   470.19840884722328     
   469.35474685011832     
   468.34035790781621     
   466.99380825383986     
   468.62212427263086     
   474.13574539866994     
   481.70484093132779     
   491.81423095889710     
   506.53150958737353     
   521.16024722931252     
   535.14778060438573     
   549.69001053111924     
   566.99673020796604     
   583.86526202355014     
   603.99173468978370     
   621.58345330471036     
   636.00943814146569     
   649.56833958280833     
   632.16427471750751     
   631.76982613159089     
   631.70604744302045     
   637.55340527604073     
   635.03136063906379     
   629.80755938562800     
   627.91752796758669     
   619.11442964451442     
   610.48521094231921     
   600.41476645998159     
   590.30319818698740     
   577.73310284583022     
   554.60662200842603     
   542.79434656851708     
   537.34368593659121     
   531.65589055707403     
   527.49181104409035     
   526.47904855406489     
   522.27215298689214     
   518.32510903714683     
   515.83424144094545     
   512.89220542651174     
   510.23535913301646     
   508.18971799310634     
   504.01997234361653     
   499.56415601884504     
   496.69672437864187     
   494.71485486680308     
   493.48633352684703     
   489.78147000658447     
   486.34623831985743     
   484.06818830996394     
   482.48011303471264     
   479.85094415195266     
   480.87277441941353     
   486.84763968239014     
   494.90490483032704     
   505.99036119458242     
   519.22488610972175     
   534.86734101881473     
   549.70995713708885     
   566.66178827077215     
   583.60384181828340     
   598.46277884705842     
   615.97331621846820     
   635.92387608644549     
   649.04176854399577     
   666.69513389643726     
   646.58658981983558     
   650.96586128902970     
   651.49061222421562     
   652.43391884247740     
   648.97079315169822     
   644.50868664949837     
   636.89060627303195     
   626.63067187340948     
   618.48642101162932     
   607.03697315865259     
   597.17462013200407     
   586.48460224375356     
   576.31460591912264     
   566.68408926271206     
   558.45847801538980     
   552.56272699660440     
   547.64093753168856     
   542.78809227896511     
   537.94020007497295     
   532.98449561918392     
   529.77744958017161     
   528.07575377361081     
   525.12524569066295     
   519.95045560837139     
   515.43770624843444     
   512.40765908234800     
   508.88630350364087     
   506.01835775678376     
   503.65649460038128     
   503.82261054367416     
   501.09489062631144     
   498.94362279769513     
   497.76479358075221     
   494.94776764252589     
   494.21852301254233     
   498.51973342707942     
   506.79287335508940     
   517.94267433282494     
   529.53925726763146     
   541.83631681437271     
   555.73310731160393     
   570.02317697671970     
   587.02095446091585     
   605.20609444626052     
   625.21737990453539     
   641.31444471801387     
   658.10257378953236     
   667.30774897369156     
   641.53671756374149     
   641.14266608059745     
   639.85304465043021     
   636.04305126457371     
   636.03674840614701     
   630.93072078993316     
   625.78613177803356     
   620.03337123512949     
   614.11719102510324     
   604.46299971867916     
   594.14967896405847     
   583.48670738926614     
   573.06056804267291     
   563.32587496458950     
   554.32288725417595     
   547.56758575433423     
   542.01941695403150     
   537.03519989511346     
   532.72893259125271     
   528.25648874918238     
   523.97309630986797     
   517.51159330464964     
   515.23458274323616     
   512.68488058859305     
   508.88706634050021     
   504.03525146816435     
   500.66610301749006     
   497.86207401289278     
   494.94173822425830     
   492.04191129531756     
   488.53722107837820     
   486.28131794284531     
   484.52233992734591     
   482.43104704137335     
   480.77474305708159     
   486.98232992115015     
   496.37007257390559     
   505.64529385685785     
   518.19164501710191     
   531.15618958461675     
   544.03897134183489     
   555.95152542795358     
   569.79215338035522     
   585.64028584279822     
   604.48184296739680     
   620.68118816298568     
   636.01070591743849     
   646.14577484670042     
   625.62934270417406     
   628.35532623604547     
   626.36178775743269     
   626.83377933737677     
   624.71598517975656     
   621.34040533731161     
   617.86345663576128     
   609.33394214045347     
   603.38353107456498     
   593.93386683016718     
   584.43359369887855     
   574.59747956855165     
   565.41152006624588     
   555.72243509617351     
   546.19170384309007     
   538.00912095208980     
   531.03136025191429     
   525.08109226614999     
   520.49324075647030     
   516.53673540628256     
   513.05066789086743     
   509.38105732514111     
   507.03348025239563     
   503.73751496299997     
   500.65397901379185     
   497.92723670773807     
   494.53687840257356     
   490.77178685335952     
   485.80429939690799     
   482.98390922308607     
   480.29814298837709     
   477.88482153306796     
   476.08123999943905     
   473.72027595440738     
   472.79301646602886     
   475.39967096055051     
   484.51426288628704     
   495.05887700305482     
   507.15241766113297     
   521.56109134101030     
   536.96858350433524     
   550.83656593766739     
   566.46459479726070     
   583.58923969759985     
   601.96406533447532     
   621.36768362698751     
   636.39174472684499     
   652.04199986001720     
   634.99816232651790     
   637.73322880126716     
   640.29942666516058     
   639.30817398470595     
   641.30449345101965     
   637.20627959419983     
   628.14723753188002     
   619.23051872791166     
   610.81824930515245     
   599.89939256148750     
   590.00167892939817     
   577.54528955224384     
   566.73735583933671     
   555.56091280166640     
   547.44286131882484     
   541.41216237005824     
   535.59462981833451     
   530.56564371848083     
   526.31272156557930     
   522.30256845299505     
   517.16026463644380     
   512.93707437228204     
   510.59443524213174     
   506.75733083696707     
   502.35882387554045     
   498.45724891512987     
   494.38610427694658     
   491.18630108116639     
   488.56979023989595     
   486.89495819604036     
   485.55978648698147     
   483.37432730649965     
   479.79062598581362     
   476.66268526359386     
   476.26893250161976     
   482.07236435834290     
   492.49670437105550     
   502.76086421395667     
   516.28730510778564     
   528.94511753782319     
   542.17424437699640     
   557.19214454753421     
   573.90814465401002     
   591.08599210281329     
   610.68636189036988     
   628.36264284236256     
   644.11632843443135     
   657.03632672959952     
   642.12935152261468     
   644.93745354319606     
   644.95635724555916     
   643.05031049821946     
   639.85925353205334     
   639.02847397342680     
   637.28682362347911     
   625.00231846508109     
   617.34485891419331     
   610.69868971755864     
   599.98630296690908     
   589.17256201835005     
   577.33994735229817     
   566.04255313289821     
   556.99761536772417     
   550.89033380544572     
   545.13746325284603     
   539.98340229000257     
   534.37180553676831     
   529.04464059758084     
   524.59278692289740     
   520.09843167006795     
   516.64415881609227     
   514.24126197301450     
   511.60550841716127     
   508.38782004854039     
   505.24346738203388     
   502.65181409800874     
   499.90435016062258     
   496.68554591852489     
   492.94432862891091     
   489.36816251193818     
   486.36868788915876     
   483.84804542431817     
   483.38983964679375     
   488.41884074528707     
   496.32021937948974     
   507.56605413996181     
   522.65403357311709     
   534.09401515653690     
   544.96711389229370     
   558.33252228856963     
   574.13984835052293     
   590.57158722759152     
   610.78933891359088     
   630.23060296241113     
   641.48316779047627     
   655.11969235706374     
   631.96945451483248     
   636.50495910968345     
   637.77382296182145     
   635.21343465392874     
   633.21999767291049     
   628.61574434939143     
   623.93949987984979     
   615.61585598936995     
   607.37457613589197     
   598.42649562241547     
   587.99226797607844     
   578.68412098165891     
   567.51242585385558     
   557.24015729030259     
   547.94400496641879     
   541.65743713389622     
   535.97280290568062     
   530.56253200980791     
   526.20246976384180     
   523.34182712199936     
   520.56941219248154     
   517.11462292719784     
   514.54538081841122     
   511.87058758702807     
   508.07197059545700     
   504.89519537068782     
   501.87191993588868     
   498.04664937022255     
   494.78106860226745     
   492.35918477958995     
   489.29789196694020     
   486.56532176497092     
   484.20379400160601     
   481.88140852422868     
   480.84694352157749     
   483.66591229882039     
   490.59752865346303     
   502.23088136102672     
   516.89164743674041     
   527.45665205145826     
   541.00156812399609     
   557.57181403540767     
   575.95618199629484     
   591.89281403024029     
   608.86743603728178     
   626.18627262485199     
   640.40924577108763     
   656.40851369581139     
   637.68674050709319     
   641.94438999967974     
   643.18950971017671     
   643.04738895987271     
   638.39263102206860     
   631.69622693001247     
   628.07720355030347     
   620.86074599065421     
   611.28200452017870     
   601.17813944460647     
   589.46768870630558     
   578.96394195279549     
   567.85211389627977     
   557.56735121109739     
   549.83131380303485     
   545.55529371806028     
   541.13771040343715     
   535.74921704722829     
   531.14711594952803     
   527.29583647344271     
   523.63832035130463     
   519.92277675659295     
   517.76784693474815     
   515.40423521395678     
   512.36187011921470     
   509.67262730024521     
   507.27125142483840     
   505.35453964110150     
   502.21013091575151     
   499.12020954519079     
   498.09973958889674     
   496.09401740394452     
   493.42736644992010     
   495.93678734358127     
   497.70130324287925     
   503.15125078016592     
   508.02952100795397     
   515.48435118921793     
   525.54964135487421     
   534.98759673487450     
   546.00527253322889     
   559.29993327605075     
   573.85344773657721     
   589.88279974109184     
   605.26506418897020     
   617.28443778619294     
   634.73578708447849     
   645.41391031337071     
   623.27688645154979     
   627.38323872775243     
   627.78124616956575     
   628.32960589824086     
   625.01915265943558     
   624.75611072375773     
   617.24220471629519     
   608.74948215631355     
   599.51906208305320     
   591.93515577642574     
   582.49223942188280     
   574.14472294629240     
   566.04245755968532     
   555.49003345476990     
   548.65912608666451     
   544.54607355399003     
   541.12682693747297     
   537.91189647849728     
   534.71228977094438     
   531.27816002085547     
   527.55421839524297     
   523.60303149862182     
   520.56185580983379     
   517.08507748260001     
   513.43294855935494     
   511.08186241122866     
   508.62922153366469     
   506.44264559812927     
   503.55391375737184     
   500.90530164757246     
   498.45489054323667     
   495.96550154849177     
   493.59919771887627     
   491.38347198730435     
   491.17256558032511     
   495.35743887311332     
   503.55914977488487     
   514.17338807882402     
   525.86005855206929     
   538.02007547089784     
   551.37284974980366     
   566.66538588205015     
   582.31185878956001     
   597.43906773809852     
   614.37313777421821     
   629.51042697634716     
   643.73615249893817     
   655.16779344459621     
   635.83131887510581     
   637.90758952069825     
   640.12899671993114     
   638.18521759235648     
   637.02876544125274     
   632.55747299233951     
   626.42395327908378     
   618.67254163058851     
   610.24885801180312     
   600.51074835900920     
   590.14023657260645     
   580.15339396282775     
   570.99146111174900     
   561.53506131258382     
   554.19634862269095     
   549.81232726848407     
   545.94420498654597     
   541.87079935468296     
   538.38737476867584     
   534.42299818247193     
   530.78656494683969     
   527.24412096818287     
   525.24351821900723     
   522.90358673152241     
   520.17421241962722     
   519.58239623807140     
   514.86494745201230     
   511.11603584024732     
   507.37005570012224     
   505.93761556406128     
   504.33092310438616     
   501.88528929036249     
   499.33439778685283     
   497.13788437189186     
   497.81105197966804     
   503.40862457576338     
   511.60077683283407     
   522.29424272739357     
   532.78595903228074     
   544.47676294643145     
   557.57209370480859     
   573.04532768424531     
   591.35391157819447     
   607.13207525678547     
   625.93682678566665     
   640.69336028538874     
   654.25456086803695     
   666.04399457575073     
   649.35230325577209     
   655.55047546733147     
   652.08108254263993     
   652.66676770563311     
   647.09460026255215     
   641.44107486323162     
   637.15560968573072     
   628.48770292217466     
   617.80947574045865     
   609.72217725076280     
   602.28521358514570     
   592.38132953406887     
   581.83686503143747     
   571.71213067002759     
   564.30322321762651     
   560.08703962392190     
   547.06359736132436     
   540.98723130594692     
   541.64348304695000     
   541.83972040405195     
   539.95896712690922     
   535.89309639170358     
   532.79474721934173     
   530.12419228382009     
   528.09598079564785     
   526.10648688791275     
   522.17803840004308     
   518.77671125689335     
   515.35037728773864     
   512.42488575708910     
   509.87848712803600     
   507.15958382817195     
   505.33314625976334     
   502.82729047352967     
   503.14825532985373     
   507.13125290015358     
   515.25355361817674     
   525.03786245797107     
   536.26445368118721     
   549.83495997127102     
   563.16169335226175     
   576.04351023515039     
   591.90465873398443     
   608.67761297495088     
   627.64877195197460     
   646.03602466217694     
   658.04880172542687     
   668.58083738236360     
   649.46338708969927     
   649.50974235269518     
   655.72497876299349     
   654.49105174584042     
   650.80691148403787     
   644.38392334455898     
   640.49058335199743     
   632.41096323159104     
   623.76681123494120     
   614.59708505926722     
   603.33865861465836     
   595.74961652248021     
   590.00885748792359     
   579.83719192602462     
   573.94251293709806     
   553.12801533830520     
   536.67991511865091     
   530.21099399121442     
   528.08711691266706     
   526.24402873887402     
   523.30435670738120     
   521.09791049700868     
   519.53357822709017     
   517.40081957667257     
   517.00401810267351     
   515.42671761371832     
   513.22501280456902     
   511.12252892429933     
   508.72503977136307     
   506.89012352386169     
   505.84193774383476     
   504.68673657946289     
   503.68269744139383     
   502.42875188290304     
   503.20163174040488     
   508.20242216777814     
   515.28530055357703     
   524.38511056021457     
   534.33225874842719     
   547.72845258692962     
   560.57862662502077     
   575.65881987757427     
   592.25556834633846     
   610.04203009734044     
   629.16966792471430     
   647.21877496186710     
   661.70809350122602     
   671.98644028233116     
   651.46046503199352     
   651.98212910161612     
   653.35788060837911     
   650.25708378921752     
   645.72346180629552     
   641.04384806892335     
   634.98430446133398     
   628.36620473222149     
   620.60855258083654     
   609.76205539153136     
   601.64477100277782     
   592.60967056395498     
   582.62810538397639     
   573.28281065464785     
   564.79077128720769     
   559.37932238415635     
   555.13889345530436     
   551.27458213506452     
   547.59388577980712     
   543.61533257531539     
   539.33261621322629     
   534.99662791377386     
   531.78911261481380     
   527.40064102242309     
   524.44176129459345     
   522.53694541890547     
   519.34906459536523     
   516.03421157614912     
   512.46716763489985     
   509.92428166278859     
   509.06541444343929     
   507.36999802873606     
   505.77581950346575     
   504.09845704380768     
   503.55864541450501     
   508.75988804509689     
   516.88665540224349     
   527.72849831280143     
   540.38475207529666     
   553.43332068205439     
   563.82102439898995     
   576.70256199740857     
   592.19047570056762     
   606.44956678748690     
   624.67506010850116     
   640.63744418823137     
   654.53594405458716     
   668.47567227876402     
   648.98296809196847     
   651.14862407588919     
   647.78530249091750     
   645.06011478123389     
   642.09232249813851     
   638.67961879514269     
   631.27318213812839     
   625.42026789760246     
   617.15491179679054     
   608.59165553044863     
   598.57681074548987     
   588.63844001007135     
   578.69844066538303     
   569.47601771544385     
   561.99455531170429     
   556.98425258515078     
   552.44037664516770     
   548.01919908312834     
   543.81286744898159     
   539.88593111572834     
   535.58065691321644     
   530.89727510560363     
   527.92638726300811     
   523.72218953823165     
   520.87459335832966     
   518.63503186544074     
   516.38475284438027     
   513.11732329734093     
   509.92757645195002     
   506.85755623775066     
   503.36098926875843     
   500.54824791058331     
   499.70860184340978     
   498.88877789649445     
   498.03709226281114     
   499.89382745482959     
   506.59529629717872     
   515.29212796862635     
   522.88408993249800     
   532.90410164591174     
   543.32364750446152     
   556.94632143718127     
   571.34584878916883     
   586.08674883565948     
   604.47182000877638     
   621.28878411656115     
   637.69207645058987     
   649.78984375219136     
   632.00213394616435     
   637.63423383862471     
   641.42326960473520     
   640.61461230639532     
   637.24967473603897     
   632.81583825735800     
   624.49183526267143     
   615.26508365520056     
   607.82230524602141     
   601.06522947886799     
   594.41304421011023     
   581.43680234698547     
   568.84070274309420     
   561.90099318028331     
   554.95742252511843     
   549.83956877032028     
   545.20200910231449     
   541.49769884306556     
   538.28122367163076     
   534.77767810121031     
   530.84271300116473     
   527.57459540185823     
   525.05419039226820     
   521.57752169057107     
   518.07053980447370     
   514.54519411037438     
   512.15157617906880     
   509.96813150399373     
   508.49169854009642     
   505.83463335428183     
   502.19144226759767     
   498.49592768863624     
   495.35102627000776     
   492.65851997244272     
   491.63614577398562     
   496.55974643931449     
   505.47330493225877     
   520.62739588063391     
   525.95294865930828     
   537.26744912989420     
   552.45542344253749     
   557.70098101700296     
   577.29624673725414     
   573.86217879741412     
   601.04540801446228     
   621.66746365231268     
   640.62102790896347     
   658.78736743398326     
   641.10250863716374     
   633.92163107164788     
   619.73755312600792     
   608.92765817211557     
   607.88998352857800     
   624.13518630336523     
   621.45995712080298     
   614.13631638009679     
   606.85141182480470     
   600.62871020539876     
   595.09026687051562     
   579.64039887782235     
   570.98735075817990     
   564.70147243757049     
   558.16815660442069     
   553.83687109005518     
   550.14483817815346     
   545.17353562424478     
   540.18095674795688     
   536.30694465869169     
   532.17708675504173     
   528.00572033607341     
   524.18020068807641     
   520.38008907278333     
   516.83840345266515     
   513.29541602545987     
   510.11110384720905     
   507.24234612977369     
   503.97274246230864     
   501.86037837122257     
   500.69486870585757     
   499.87619124699290     
   499.44813138902379     
   499.29707660778104     
   499.72214610292139     
   501.54266675078520     
   503.05861589200856     
   506.16923696237569     
   516.79806535162118     
   527.07335828456962     
   540.43214663359277     
   545.28723480965482     
   561.95708680306291     
   575.97487278977223     
   593.47617828804061     
   608.50079563342433     
   620.25176740548113     
   634.30815890614929     
   619.29240468904118     
   618.77620129917784     
   593.41111310059478     
   598.04206255552549     
   616.75426893618817     
   612.98009620826235     
   607.25654868845822     
   601.96478877329127     
   594.86113507274615     
   585.89607440338352     
   569.47372486388269     
   563.32784038755005     
   556.49578693830802     
   551.34616698139166     
   546.04318893266452     
   543.78593215162380     
   540.90922681469954     
   535.16440252082509     
   529.36499170079935     
   524.87931240010687     
   519.94853126031137     
   516.37247849219773     
   513.84629833623057     
   510.83389639394557     
   507.18197194126839     
   504.55424767045548     
   501.72121076441800     
   498.89106895300620     
   495.54039401488291     
   492.51793769402792     
   490.88682746680922     
   490.24865639685680     
   489.54257751051972     
   489.08312510100473     
   489.62669053677041     
   489.98976761974359     
   489.69618932030841     
   492.04717734508097     
   492.91880976878645     
   495.86964700516091     
   502.62132750216841     
   510.64200110499598     
   533.13836283308990     
   556.51717848869703     
   562.80417571878957     
   566.39110720196220     
   597.11166518841651     
   610.14198251737912     
   592.48654342928921     
   596.37095662782110     
   596.46858969236496     
   596.50088849087297     
   596.43752115332620     
   594.30669740260021     
   589.04476513352688     
   584.70635609223325     
   578.58451248727033     
   566.90800762324091     
   558.42663817864855     
   551.04497595975351     
   541.18646874810440     
   531.14107756973385     
   524.62176571688985     
   520.62611467161196     
   517.33265667198486     
   515.78321624765329     
   513.19661269191067     
   510.79897666855419     
   508.21059808645583     
   505.24309916670330     
   503.47120871393088     
   502.55094003831249     
   501.79053748148010     
   499.58527498484813     
   497.43238941222091     
   496.84377402679826     
   496.07348679721991     
   495.16446536547346     
   494.18500466468288     
   491.68388812405584     
   489.86735996021969     
   489.48694983379801     
   488.68278469046726     
   486.71759610804736     
   484.96976895943527     
   484.49878197968064     
   490.24077587655876     
   488.66476678175536     
   485.16488036185950     
   483.18386896265105     
   483.36369451186198     
   478.54526999080463     
   510.67795961351305     
   487.17968546975277     
   495.26183267228083     
   501.53250494155333     
   499.91548707254913     
   495.58903251984970     
   506.39861033737554     
   503.44934150114364     
   491.80743162043507     
   488.51953354299980     
   488.55570513743936     
   487.14431244462077     
   485.47545461333738     
   486.23692539276084     
   488.89970209422671     
   493.28031764228518     
   492.43346293679127     
   483.75825402750706     
   476.67317955156091     
   472.94464459521072     
   470.29896343286072     
   468.32779223281074     
   466.78261334691001     
   465.61890826696919     
   464.24358921203748     
   462.45703237385197     
   461.97570402501560     
   461.50479437220974     
   461.17692395846558     
   462.27627866417282     
   461.37556764307413     
   458.54090775840893     
   456.86679994937646     
   456.09166917223189     
   454.95915461509696     
   453.95231756748785     
   453.32940737805239     
   452.99704869729396     
   453.75811044851935     
   456.67963429495376     
   464.60358650544731     
   474.86425383990547     
   485.97847016474964     
   499.56229336180087     
   511.86365576377744     
   524.62037480015431     
   541.44295103060847     
   556.77230302636713     
   573.74221112744692     
   593.18201082317728     
   607.06301048615899     
   615.31768013254793     
   603.24887892527340     
   609.71462384776714     
   604.28287358196997     
   606.14297321095432     
   601.20659733948594     
   600.02676390617955     
   593.52722051159549     
   586.38673862386668     
   577.46237803739393     
   568.44850466151956     
   560.95848822120161     
   551.22589213725053     
   542.74532520382945     
   533.52318804458389     
   526.56624112819122     
   523.11808793356124     
   520.57079145643081     
   517.81685030601795     
   514.69121563834710     
   512.39152396936413     
   511.45197745298532     
   510.43162034366759     
   509.17569146826617     
   507.00556148958719     
   504.40033673791675     
   501.05779366083971     
   496.86488823506312     
   492.26195348860733     
   488.44431168743984     
   485.21376748207990     
   482.56014744221352     
   480.07597397528883     
   477.30461318307312     
   474.94897266109160     
   473.92120256717971     
   477.58489362510738     
   486.60711695393428     
   497.51372249326374     
   506.75395609810113     
   518.51815402541615     
   528.24170036030455     
   542.06423926612342     
   556.33524363443576     
   572.73476944586162     
   592.62539264592886     
   604.61317657475945     
   618.87235494628362     
   629.20805647737052     
   613.62795497445416     
   614.28874058626150     
   614.43907846993739     
   613.59221549967504     
   611.71390984548862     
   607.71240887628267     
   603.73168282793381     
   598.33012806793192     
   591.68151541231680     
   582.91531377040792     
   574.48743982752660     
   565.27231295260412     
   555.14137020344049     
   546.01619578621705     
   538.36702584647901     
   533.89254660367635     
   528.86968408240614     
   524.13492084920256     
   520.03180228782912     
   516.43898256012631     
   511.77413461646137     
   509.85200235515890     
   508.89196192190548     
   505.00666862636120     
   501.06441228161066     
   498.70087723091018     
   497.95249542491325     
   495.56515084064608     
   494.16989338332780     
   491.66743254625283     
   491.36324381436782     
   489.83209387174008     
   487.63902465799129     
   486.68438256797788     
   486.29752487510251     
   487.30253426817700     
   494.70357650108156     
   507.23103941347239     
   517.08251715546578     
   529.01557711889916     
   543.44828779668023     
   556.61203337364395     
   573.21476013528911     
   589.70319698540573     
   610.15619987547439     
   630.06308422400912     
   642.78778129844738     
   655.27857964741088     
   635.41678712795010     
   638.38863782816225     
   635.59919845802722     
   634.05562175634702     
   627.74832161290487     
   622.21253442604609     
   618.25764388132927     
   613.72515443017812     
   606.20038691077548     
   597.92887910056504     
   588.93341641538825     
   579.80844328340254     
   570.76212062375498     
   560.90080590194952     
   552.15401884179494     
   546.39821357600090     
   541.74791708214730     
   535.75051532951795     
   531.52938743927950     
   527.93555281426802     
   524.60890146648705     
   521.33875240387158     
   519.89107230442687     
   517.38062502045102     
   513.36808649380725     
   508.95493657137797     
   507.58162559968258     
   506.53629275617249     
   505.37385673538415     
   503.14638321552246     
   499.75563086271239     
   497.06433544235432     
   495.23680261909590     
   492.28294208233518     
   490.92949743405990     
   494.76080694404743     
   498.06841063059915     
   503.35250762006717     
   504.97975329009563     
   512.11680032512345     
   531.92591283461411     
   542.64546751603677     
   563.10234130485492     
   580.47184417798690     
   608.70719193691366     
   626.42353814115313     
   642.48680649831181     
   656.33100764362814     
   640.86914986079728     
   645.70049997431352     
   646.61626714601982     
   648.91229556806206     
   647.28486274209104     
   640.91898515768241     
   630.53994796315806     
   627.10546908763422     
   619.12590001637091     
   609.81703446953031     
   601.66579129536387     
   590.71029878129514     
   582.53133117011259     
   573.57615237389848     
   566.47503443486573     
   562.19456266827763     
   559.79633815545458     
   558.01214232011341     
   554.35787634139660     
   552.33923782963348     
   550.75910449339585     
   547.36755434440397     
   542.96604161346636     
   538.37524189094427     
   534.39561351595137     
   530.13676723397941     
   525.91667954504919     
   522.99253857972030     
   520.35202702593779     
   518.20811338388194     
   516.19502189936179     
   514.97708043364878     
   513.17941793391151     
   512.22763156324163     
   512.93082231247956     
   514.38256985027340     
   512.95440313232018     
   521.96936761349946     
   540.26319313953150     
   554.58403519089507     
   568.32952789908347     
   581.78539158510705     
   593.53386772656734     
   610.59048327047537     
   629.40937649086879     
   646.42522468078653     
   662.38110480079797     
   674.56889258536751     
   653.91349441614125     
   654.28311710212154     
   651.97504524150679     
   651.62831883815340     
   650.29586407957299     
   648.56940239776122     
   641.45892882440319     
   637.16650379454518     
   628.86853315388180     
   621.08446072441120     
   609.61345532347025     
   600.51118008000856     
   591.71348469263614     
   580.62135308692564     
   571.61856797430335     
   564.20642762970294     
   558.05082536709858     
   554.14925576159976     
   550.48564004051309     
   545.64261205527225     
   541.39862571040760     
   538.20701159154260     
   536.58564263052767     
   533.54734945424389     
   529.66922363321021     
   526.17753130837048     
   522.28542409139561     
   519.13605036845718     
   518.12025475125654     
   515.45705645567591     
   514.40329543948508     
   513.81635571029176     
   509.90384607114527     
   505.94085654361766     
   507.02457132275697     
   514.36152033843098     
   516.31152089452200     
   523.26573246751354     
   535.74801641207523     
   547.40019370468372     
   560.35168281168058     
   574.94028613564626     
   591.88877554359863     
   610.23831431203848     
   627.63602268445970     
   643.53404467264500     
   658.37476451052191     
   673.58461117623403     
   657.26329286911584     
   658.07161009545041     
   657.42613624096282     
   655.38452378284967     
   658.29934153580041     
   650.66784351439514     
   646.14197045655419     
   640.49153331380035     
   618.44282221410424     
   603.67193665144714     
   601.18422502727208     
   588.56155836046480     
   581.26056358605467     
   575.32959755333673     
   569.49989039616730     
   566.71380710280641     
   564.78884762968084     
   561.72796078972169     
   558.15383432671149     
   555.50859873661511     
   547.99404597982107     
   540.14664590847724     
   536.57790570439465     
   532.18579440443318     
   530.01123536384910     
   525.71795085457882     
   521.23973621105188     
   517.63493492112855     
   514.91735890546863     
   514.54072672143616     
   514.37100441625660     
   513.34242114543724     
   511.84694711771823     
   510.32880752046702     
   509.79761986812088     
   512.19009967730733     
   514.83587001142962     
   519.15784276217767     
   532.26041276858302     
   545.90387231219393     
   557.63789744775261     
   565.86988861029943     
   585.60238528940988     
   601.61156474383961     
   613.56912006794789     
   634.02795988836908     
   643.98777586357232     
   651.55075676398883     
   639.11342705345328     
   643.91356504548571     
   649.79263610440967     
   646.40693606799130     
   651.12437230022454     
   652.12217294103129     
   641.40349075660436     
   633.23335764924161     
   618.69338211543197     
   617.86273215926474     
   611.82465013331682     
   591.45589879233899     
   579.49944337776242     
   568.48181863798163     
   563.15209566391070     
   561.32736196563212     
   558.56483989603350     
   554.57194920053530     
   552.22883114045089     
   552.01323853472923     
   544.67968002213593     
   532.24969651972526     
   523.58865869883527     
   518.55436267216874     
   501.35900972958984     
   496.42178877315496     
   495.04853234661385     
   492.47327697355325     
   487.45610847144616     
   490.09065211169082     
   488.47316268733425     
   486.22655402740065     
   485.92943180967870     
   485.22662561669819     
   486.73565305187338     
   488.80930363822489     
   490.86983963087226     
   492.91571786242514     
   502.26000034713212     
   522.41472268136192     
   537.42359319284469     
   528.88156448974337     
   533.97579937859530     
   553.21855024327840     
   563.45724766014962     
   585.25934117452891     
   626.32742426226741     
   652.57215136510524     
   635.49259420668091     
   638.23032023141548     
   642.73540226918192     
   619.01165845889670     
   619.44825205977656     
   635.23166373359868     
   627.15382566215987     
   618.53679465459231     
   608.30199879724159     
   594.92061495252563     
   586.55247826097252     
   573.02992639398110     
   561.04034435345909     
   547.08026922945896     
   539.12049656484601     
   534.18476724727645     
   530.06471819146952     
   521.87572163733330     
   516.95221544763524     
   512.38212773280691     
   508.88585472297268     
   506.41640829408669     
   506.47051749980716     
   507.96457340385325     
   506.69145461014762     
   504.02305241407510     
   503.17673148882113     
   500.96393084884136     
   497.24979564905385     
   493.39808479693301     
   492.27596373971437     
   491.90516255498420     
   491.51861326647918     
   490.45436012648969     
   487.48598538148491     
   489.88099475851720     
   499.38505292796532     
   506.28458541076168     
   511.87861614504936     
   507.51545489425081     
   501.51068452148871     
   490.79335255259610     
   491.34509918050094     
   497.10949112040834     
   534.93480679603033     
   571.39910246712418     
   544.48382472310425     
   537.14231629979611     
   534.94042366911674     
   529.76075685875287     
   526.06450832303881     
   544.34620789226949     
   575.71845483309153     
   579.73679950671806     
   584.90480856956344     
   582.83244901027513     
   565.29384674832204     
   553.67929432897563     
   557.18512159101476     
   544.14060537899081     
   534.25695176885608     
   529.56677545557216     
   526.60573876112846     
   522.43579736957531     
   517.01967881701080     
   510.23342820705676     
   505.59420784001202     
   503.18124927539702     
   501.31963886650607     
   500.04894517904438     
   499.49024338220141     
   496.80179343231731     
   494.09192786661640     
   492.40157708850052     
   491.34692749964938     
   490.47537389811782     
   488.67974538130085     
   487.35560351954734     
   485.49584396121918     
   484.47339692488373     
   484.04581825564918     
   484.30845577731156     
   483.47858026817022     
   484.33012400277551     
   486.74065508405363     
   497.04398280152361     
   516.04755982023880     
   519.86089485327989     
   519.48947202524221     
   505.68269115138429     
   518.57726270783439     
   560.00345971264562     
   578.70154553709642     
   571.69332819913757     
   568.78168511102274     
   597.36715863564723     
   577.89790967849945     
   593.58092483187681     
   574.00472048730103     
   556.66707119222121     
   541.48897148418405     
   514.42330637083353     
   503.30083838083078     
   497.03319762565775     
   492.42825663137887     
   490.72079906509083     
   501.31652810827075     
   501.85210695234809     
   498.73034120623009     
   493.51419348992243     
   487.90209707918933     
   486.05568755722675     
   486.10724129357459     
   484.71663219634127     
   482.84263944325500     
   482.14670483462606     
   479.10490548115422     
   476.17958187288770     
   475.44804384171653     
   473.92492920515724     
   472.07996848680455     
   471.21346368606726     
   469.77915672128262     
   468.52643013957635     
   467.43300808626304     
   466.31735497505730     
   465.62554485399289     
   464.92836100779618     
   464.00965589293133     
   462.96873725422023     
   463.45101811220945     
   469.67419413359210     
   475.64519836751310     
   485.60271870920218     
   492.00407541976870     
   488.75358906923066     
   513.92402545427319     
   534.54758016619098     
   547.68813562500156     
   566.52503629591433     
   576.40785932262531     
   599.32746171905876     
   618.14900331510592     
   632.84671367128033     
   602.35533205133959     
   611.15178878682696     
   616.05805942290237     
   617.50648729011323     
   618.84470768787594     
   614.32776054676788     
   611.27865323130163     
   610.91986018587136     
   592.53380288162077     
   564.65978255606683     
   542.72451663326933     
   539.25712727458676     
   535.90617358637189     
   530.56115197794691     
   523.66552219423704     
   519.17137983727253     
   510.28823284251268     
   503.98775714738122     
   500.66288917772096     
   497.64258977032000     
   494.15597708841773     
   492.05211049665570     
   491.38740572473216     
   490.34133875964500     
   489.54058321547348     
   487.37070740029981     
   485.59451543574954     
   484.30694515807613     
   484.51184970097540     
   483.89944094709244     
   484.65126591003121     
   482.39849466659450     
   479.63456615072505     
   477.26629392508232     
   476.74409201161797     
   481.06957540099734     
   490.69886226532418     
   497.32297555201410     
   506.63201616777900     
   515.87969194043990     
   527.92043145321543     
   539.62407190305407     
   553.23534039636070     
   568.83988098433372     
   587.30198223195725     
   606.76904848165941     
   619.89299330267522     
   634.23399569335174     
   615.66612352999675     
   620.75011304867360     
   624.24953212846788     
   621.87648679196798     
   608.58975971393852     
   608.84126725396652     
   612.18093695622599     
   594.20802782307362     
   578.01167839600510     
   581.52490949427408     
   578.02364150166386     
   568.40390541078136     
   559.05313529683883     
   551.07052116750799     
   540.56557542182395     
   533.29186214550919     
   527.80163057710342     
   523.58898137304084     
   519.99674686960395     
   516.53563857145616     
   513.29379426829371     
   510.36470245006967     
   508.04202512780034     
   504.54526496524676     
   500.16924187934450     
   495.90472457062879     
   492.18992252453222     
   489.60689817079867     
   486.88236035372586     
   484.90355855610414     
   483.36721225541822     
   482.98468669937694     
   482.56869047512254     
   481.29736235678865     
   482.89173145211890     
   488.95310628807601     
   498.36074932131459     
   509.57737645103555     
   515.56755163786909     
   524.38003419949325     
   535.49499613850037     
   548.56709710078428     
   563.47233570560570     
   578.83898166812446     
   599.40433200649363     
   616.01263588788584     
   625.59038367383653     
   639.80608665165630     
   626.89276090241765     
   633.09425271955354     
   627.28609368664559     
   627.25181820843977     
   625.30014702778033     
   619.71356873379716     
   611.69218971345651     
   608.29026974484941     
   596.02521289824904     
   586.91561522184247     
   574.84421856911956     
   564.89864462534740     
   556.07309855637368     
   545.83300741022742     
   537.97388864021138     
   533.15666668857568     
   528.42143443480654     
   523.79793425179673     
   519.94615497468646     
   516.50879520146839     
   513.06403587172645     
   509.84131599500142     
   505.91753428048827     
   501.88950929289638     
   499.08179328500717     
   496.36716410563452     
   492.21884067462418     
   490.50707937772819     
   488.44622299081675     
   485.34315117084964     
   482.61244605733191     
   480.52490324376890     
   478.17955920759186     
   476.02863392476786     
   475.41053082600291     
   478.74003936086029     
   486.19694723296914     
   496.20026087696198     
   507.78109218315058     
   520.44159957581280     
   534.31054112056131     
   550.80210636214440     
   567.59633505666466     
   584.76361431814655     
   605.44372794836499     
   622.78556037263718     
   635.52194331392309     
   649.67231547399570     
   627.71259588421879     
   632.43419274689563     
   632.40178318887251     
   633.31980260585112     
   631.51084592168957     
   626.58763329203146     
   616.31058622167404     
   608.89209589329494     
   598.51808067553907     
   589.44482261895882     
   579.22740443390467     
   569.74232083174070     
   560.54118086029314     
   552.48496678378581     
   543.67725309015725     
   538.77986724692221     
   534.75132278074693     
   531.15752157969996     
   527.86851992742254     
   524.42536053498679     
   522.09709003419744     
   519.62769320435200     
   518.35865761294758     
   516.10656453244621     
   513.34605298379313     
   510.76827043129958     
   508.85507731159817     
   507.82920501372371     
   506.41365236311719     
   504.54765489934817     
   502.88690508284651     
   500.46035316049938     
   497.76208869733080     
   496.96713327825000     
   497.54725027919181     
   496.84286658404136     
   499.49556608908188     
   506.57305597364609     
   520.10615074105999     
   526.10879995445566     
   536.43988740656800     
   553.84294686197518     
   565.24765839067697     
   577.49168475485317     
   598.35208505918501     
   617.51970034226019     
   628.30314580814695     
   640.15768606559277     
   611.47611026623724     
   616.60414214445473     
   614.84146545861472     
   595.06016774179818     
   594.29863088194304     
   585.23214186633516     
   576.22943568285302     
   571.92734371668234     
   567.17188809717788     
   562.73814590370500     
   560.71670059135283     
   552.17589736138268     
   542.76230085775740     
   537.33452529395367     
   533.47137675324450     
   529.99150956955430     
   525.89843691753106     
   522.33952263353513     
   519.24611398440311     
   516.72020547270267     
   513.89682184601872     
   511.43437013394902     
   511.93515197926314     
   509.65085966584644     
   507.88986296310208     
   505.21377044748351     
   502.33134312072582     
   500.46623786831981     
   499.32528119952764     
   499.03399058505147     
   498.18303391277055     
   495.79763317080875     
   493.94427353586860     
   491.75241796201942     
   492.83255727529684     
   496.48543095312425     
   502.42193069891607     
   510.21538867796994     
   510.18943163268926     
   531.96839664482764     
   546.63410770414362     
   555.35650415696307     
   570.32064840414091     
   586.33832095346906     
   605.28937143674716     
   625.14798556751998     
   640.64278904026241     
   642.61235489099920     
   630.88441116960303     
   638.49918235129269     
   640.39576208502183     
   641.62914072624801     
   639.79547286828426     
   636.53204575213658     
   636.16614545000618     
   639.48084581949502     
   609.46834246474646     
   594.49029959840198     
   587.89307530222607     
   568.45529953962193     
   558.45324829509173     
   553.12352760318845     
   548.09786689516693     
   542.81146938946745     
   536.32954116472172     
   532.63092518354290     
   530.08892480421559     
   525.94098750456556     
   524.38550193463743     
   519.99069185819815     
   512.59960497112468     
   510.30810383049806     
   509.65012894643905     
   506.00494877794330     
   501.15054796168062     
   500.83209757260579     
   499.92976742882178     
   496.50029865358664     
   494.17745115476202     
   494.86417343724452     
   495.38642456241683     
   495.43261875474974     
   496.21225920176687     
   500.50224759738865     
   507.80806683788660     
   515.77418999261351     
   524.37275488376326     
   535.71009858013792     
   547.93936582997992     
   559.41982155596008     
   573.52016013881916     
   588.17076845055112     
   607.29572275883822     
   624.21389690783906     
   637.89473299927181     
   646.65307661943689     
   625.07831930850887     
   628.50960001410624     
   634.33526215672066     
   632.86876075655346     
   633.64045479925824     
   632.68035700714745     
   631.68590158736447     
   625.81696100837087     
   617.17649241054573     
   607.32869845347534     
   569.74835924464799     
   537.73483748364401     
   525.71950017913002     
   525.31006002595439     
   520.76949706729431     
   517.42685672283824     
   512.06410117822998     
   499.61238205767029     
   493.65386598423913     
   492.85467976684333     
   494.38498348912958     
   494.25685082034971     
   495.29243886573295     
   495.63102821288726     
   494.91065855322006     
   494.39944330548383     
   492.88823580183958     
   492.53210454115214     
   491.56811414749689     
   490.16335676247553     
   489.23944641643112     
   487.48672254836691     
   487.35475773153541     
   486.71117664266808     
   486.88549821453597     
   488.68559268482915     
   490.40422231410207     
   500.76752204921240     
   507.96033913126729     
   521.01651157033177     
   521.08196306402056     
   552.81905287686880     
   568.38164302877146     
   582.56367585025635     
   602.92431040886868     
   618.65054147062426     
   637.10060433065360     
   652.22965961082411     
   633.37166571080309     
   634.76315778843173     
   638.93998324505196     
   634.66018653490198     
   611.22909336763598     
   619.52117990278521     
   598.53252731681596     
   576.87847791899765     
   560.59697341525066     
   548.43006020486291     
   538.77285809322757     
   533.28282727122382     
   529.39590189232536     
   526.15182195394812     
   524.24769149799545     
   521.87141494739512     
   518.55224284960786     
   514.42235264837745     
   512.87779817429634     
   510.01039626136856     
   508.55135497034530     
   506.47085494366985     
   505.46307596429642     
   504.90971548478655     
   503.54935055388967     
   501.07791627659401     
   498.01368247488273     
   496.89979804480129     
   495.26761475356858     
   494.20907669948303     
   492.67281446685763     
   491.14743772231128     
   489.87730668992288     
   488.11774325906384     
   487.23037249646774     
   491.85187670925711     
   500.81259829548600     
   504.60123378714053     
   514.70819293192790     
   523.74632353405036     
   544.09468876638823     
   558.49725636542973     
   568.39789971588129     
   584.05995515053212     
   602.59101598970665     
   619.05647665947004     
   637.09044397561445     
   621.96034198402390     
   627.35409950474047     
   634.58343449886672     
   634.37841893711129     
   632.08956066915687     
   637.52631513313452     
   631.11858354822050     
   622.67671451950594     
   616.79881622483219     
   595.50703192773187     
   584.82776692704613     
   577.31724122039907     
   569.82370857671140     
   561.16016063422683     
   553.23109921816081     
   547.93943811817985     
   545.04149406963097     
   542.34921337538538     
   539.39423348282571     
   536.01083810714931     
   528.09728571623543     
   522.82105674055310     
   519.59796543818766     
   518.46360564593169     
   516.32441816969276     
   514.24839633174349     
   510.94128316429243     
   504.62673642464864     
   500.62599042213628     
   497.65948103295216     
   494.12762421842217     
   491.35234252516898     
   488.80088335431014     
   487.07160977342534     
   487.48106363301554     
   488.10372805271555     
   490.33052479362186     
   495.31062551850312     
   508.98624485159507     
   509.04225340551454     
   510.21970348811266     
   510.90018394838211     
   525.96287506918236     
   549.42072254022969     
   567.91629125779968     
   591.24183765178486     
   610.01560595328158     
   620.30941730597169     
   609.63131857144879     
   613.90147794239647     
   615.70910363168343     
   617.62262330059855     
   619.36744088459295     
   621.28193828533267     
   617.25558269920703     
   608.58819264341093     
   606.87593337573844     
   598.95189961764208     
   588.51294996965396     
   577.40983575903294     
   567.58089086919006     
   557.61567187836977     
   549.88716733714102     
   543.20933974463287     
   537.51684871968951     
   533.81046032125744     
   528.73751545292043     
   522.55539180498226     
   518.55822029331841     
   516.27561440690988     
   513.02654235165312     
   511.59776886256401     
   509.61336573830880     
   507.16976274298923     
   504.79870405862113     
   501.88573317171193     
   500.34855116673845     
   498.44423207466605     
   496.18709904905091     
   493.81694404722322     
   492.68414945837634     
   491.62040079687239     
   489.98360602317968     
   489.33304666650582     
   492.09415864943429     
   500.49722653965267     
   511.93586349144368     
   508.81405396689382     
   522.02572722233344     
   543.04860851955561     
   556.77359497714997     
   565.18313305768902     
   576.76631577390208     
   597.32169828574968     
   611.68188292342745     
   626.80493498669534     
   612.79369398805738     
   618.18877998556388     
   626.99938816835959     
   628.89399218902781     
   631.65516297537533     
   630.70809314486314     
   626.42113934750114     
   620.16484762290327     
   608.42319017342993     
   603.37285104885302     
   595.79416185410253     
   586.88903117318739     
   575.80157207353363     
   565.95759824921811     
   556.05726248412691     
   548.51742475077879     
   544.12833822323637     
   540.31541078751502     
   536.96516550598471     
   533.41908625289818     
   528.98074106179843     
   525.33281861901503     
   522.33391934122767     
   520.33772475160754     
   516.99939322805449     
   513.68622369263687     
   510.43731973781149     
   506.20899751473036     
   503.44252973116028     
   501.55916822750777     
   499.67987336358965     
   497.35605665901051     
   494.74780600608045     
   492.55354414369015     
   490.92342833426233     
   489.81916348327195     
   492.07277608509253     
   498.56867514404684     
   507.44518399159585     
   518.85426893981548     
   533.58214958367819     
   542.90040346916840     
   547.47929399072825     
   553.31405233612418     
   587.55300881183007     
   607.82939350534036     
   620.69267279009557     
   637.29081100135238     
   625.29624508888071     
   628.72822953106140     
   630.41257001147358     
   628.83561228577514     
   626.63740300903032     
   623.87661144045330     
   617.30845761525291     
   612.77743815295344     
   604.52387141626161     
   597.09538541076131     
   587.64111274123320     
   578.10624103329246     
   567.77683618496826     
   559.47314520604914     
   552.12115658344010     
   546.82943419784385     
   543.37410354334736     
   540.28354616681463     
   537.44558261209795     
   535.97094914814272     
   533.77540523211587     
   530.84005308462508     
   529.77143988716352     
   526.87662748733464     
   522.79943144885897     
   518.57857350747361     
   515.60093924807541     
   512.05803405118081     
   508.83343607569799     
   505.47542575861900     
   502.63436106542775     
   501.95013325288539     
   499.14498356416937     
   496.59848168697920     
   496.09658449321603     
   496.62595908777189     
   499.78432291872667     
   512.35016970199399     
   529.33591969531221     
   541.61882393813926     
   542.39330490168936     
   549.42790682994018     
   562.82556679987283     
   577.12667110311202     
   594.36349339637570     
   615.35385727012772     
   632.72246115455596     
   644.92812038967395     
   629.60615486276993     
   643.08654294155576     
   624.04554461612679     
   620.32448762628189     
   638.58966888957104     
   631.99476130448284     
   634.39325052892877     
   628.51608286863700     
   622.25223582376771     
   611.62499352747898     
   603.38943652925275     
   594.20031848952260     
   586.29408905338016     
   577.11064304145896     
   568.16467543875228     
   561.19829543697222     
   555.20149966824090     
   550.45446065736792     
   547.06154212427737     
   542.74538811703678     
   537.92010442583785     
   534.88840585006119     
   532.89770081782910     
   530.75729206589529     
   528.23182566878302     
   528.06061601420413     
   524.65457107955910     
   518.42334554321064     
   514.34271704017999     
   512.62843745403222     
   511.73093147910646     
   510.16695328127236     
   509.30996946780925     
   508.10402623163407     
   507.87200671125657     
   505.53550925085278     
   505.49633511962639     
   507.12472264673937     
   510.22207894007971     
   512.48712345917647     
   513.56954551148988     
   517.02601534503481     
   527.79492012993592     
   531.97665386056451     
   528.51039374727748     
   527.58010582450356     
   528.44647083424729     
   532.00747692663163     
   533.83345888263466     
   540.53403986581839     
   559.86567303427819     
   592.71343721858307     
   573.07300479519529     
   558.03141605662870     
   575.03741685417197     
   584.77484098738626     
   578.33239657426566     
   578.27100747607562     
   559.47057455740480     
   549.90296768602798     
   543.23224501276070     
   522.29960996632587     
   499.18302258494651     
   487.09758374297246     
   482.58311154871058     
   481.72158003353940     
   482.41821513489532     
   480.87633115867482     
   481.15186532787226     
   481.17282077554421     
   480.85307381752489     
   481.26253270227727     
   481.05656913366903     
   480.32253523817707     
   479.26547310537745     
   477.15580909241470     
   476.79911420213131     
   476.21990917707257     
   475.43104204932985     
   474.63326920160284     
   473.43183099173666     
   471.76927314421334     
   470.56800703911063     
   470.76721366805407     
   473.55219669251386     
   475.13581543772131     
   478.91547683080239     
   488.38000941681730     
   509.57935258767287     
   525.32770001160907     
   537.97780073056106     
   552.04799114462708     
   553.19890453875473     
   582.70269649140141     
   601.35706600129663     
   612.57072870506693     
   603.55503439959057     
   611.56606814824386     
   617.53086240900643     
   623.32071881239017     
   625.16573317071277     
   620.48098725338502     
   609.49152974186893     
   613.98474317951479     
   611.96901225825286     
   594.26548726839917     
   566.45080362976637     
   534.91785580802343     
   513.81205890164756     
   503.79278456756083     
   497.25021531525840     
   492.03656163953684     
   492.13560783384446     
   489.59559643277265     
   488.09390760754923     
   487.39456996696111     
   486.49905719549781     
   485.26221278944627     
   484.20242871580098     
   483.84693581112339     
   483.20139517302488     
   482.61892924407414     
   481.60031081401024     
   479.95172382477529     
   478.40529140999740     
   477.59713977365448     
   477.39190475339825     
   476.60583539634354     
   475.69338052865334     
   475.35175607917972     
   474.79436456863584     
   475.22878826638419     
   479.02428173242976     
   479.03597160454979     
   483.79981745140975     
   492.64783552938832     
   499.33424210951563     
   516.33391725153751     
   533.62578275528779     
   551.51667484231291     
   567.02963621220954     
   589.76802525146002     
   585.37696435258442     
   616.80602443914665     
   597.05918833681517     
   599.72945827721821     
   602.66153878121281     
   613.09314781196520     
   615.30576079760965     
   615.30866409553630     
   598.66804885465069     
   579.20141879321204     
   574.39471321214523     
   576.98370622326343     
   566.37798163950231     
   552.01116028013325     
   541.84444239101595     
   532.70034233012564     
   523.82814584276503     
   517.81459740928130     
   514.16608514028530     
   511.46773493281950     
   506.56374459674481     
   501.37183612675989     
   498.09799481045712     
   496.86750013079495     
   493.61165132769196     
   492.11684041064819     
   490.66017430743909     
   489.77070612351753     
   489.72499923528227     
   489.53066838157014     
   488.91703688599915     
   486.26158319955738     
   482.63876541833332     
   480.30846229947844     
   478.92316618057811     
   477.55536179647811     
   476.73442951212104     
   476.75169965318486     
   476.92677316612946     
   483.39458372210515     
   494.60193929689444     
   504.65443237831374     
   516.64394759052016     
   530.35057967799537     
   536.48202784304010     
   553.16302377459681     
   572.07619765579307     
   593.14510495445177     
   604.53918556496160     
   622.42965997074680     
   609.56518948017856     
   607.93853698206101     
   614.46536593851306     
   621.99591355929942     
   611.70561603173633     
   608.33741935169746     
   592.77480022793645     
   563.65604902523808     
   569.64189825869039     
   565.00036166456562     
   549.79945145300894     
   549.97029318290947     
   541.19838015324763     
   532.04638735744754     
   526.53175415696739     
   523.17865560800112     
   520.80377101250281     
   520.27336367484907     
   518.63203848611613     
   516.62604151830283     
   512.17553676869295     
   508.69879735829630     
   506.80673911809879     
   505.58481197428404     
   503.70422665566605     
   501.39171627383735     
   499.57590387458384     
   497.07868988524166     
   494.98437794430845     
   491.86689314655081     
   488.46691142689059     
   485.66842971662794     
   483.60768332370964     
   480.93462761080775     
   478.51887343424374     
   477.19128454313778     
   480.84067329689435     
   487.19194738397346     
   496.88853975466799     
   508.42483832968361     
   522.76026060786876     
   535.80433444775088     
   549.86253672292526     
   563.87162615883210     
   580.36446662730191     
   594.96149467104931     
   608.19713706395476     
   625.28406367262812     
   616.08552788536008     
   619.96909353952003     
   621.50185112901806     
   622.87513790359242     
   619.98434552289314     
   616.60423750725079     
   613.46729833640109     
   612.02821623762850     
   601.50344853036574     
   593.44141141468151     
   584.36652556704587     
   573.38759284644209     
   562.43842222419505     
   552.41803371979097     
   542.60720052103306     
   536.85491805532627     
   533.49063151212408     
   530.61707152813733     
   527.86222038404435     
   524.52214287982508     
   521.07338938609382     
   518.14350504801735     
   515.52548093947541     
   514.10134921543033     
   512.04368640402879     
   509.58955555776589     
   506.18873293307269     
   502.67030546135464     
   500.19642661020248     
   499.02466854561334     
   496.41463594734893     
   493.50848246466586     
   490.27481623500483     
   487.48941093713830     
   485.85307096779974     
   485.01755272877620     
   486.88443253545563     
   494.64727458940229     
   505.11531829630462     
   515.75825619521845     
   521.00135729170438     
   528.35826787400265     
   546.71288441321803     
   562.31583478295033     
   581.08613188040567     
   602.57057897489074     
   619.44907569430950     
   638.33429832221248     
   622.64033775336441     
   626.51691630128892     
   632.67564453487137     
   633.80561246883883     
   629.16559780831494     
   633.32778204454155     
   625.98284111194471     
   618.15258920366648     
   613.17474804960409     
   604.83894112349469     
   595.65301885629844     
   579.25136529623740     
   570.01627767735408     
   560.13417129012782     
   550.52656425093528     
   545.21940312437277     
   541.51890746285312     
   537.95814649995987     
   534.50736617474786     
   530.87174036121451     
   527.38160077117846     
   524.99029627460686     
   522.41484450437667     
   521.13033926215496     
   517.49097285326809     
   513.84862895914989     
   511.28779849951206     
   508.46948300385213     
   505.81760952040077     
   503.70975707053026     
   501.64035462771898     
   499.43646000246463     
   497.22901231454046     
   494.85866457183778     
   493.09563463421796     
   491.59174483173348     
   494.39835722833647     
   502.66354700964831     
   513.75905247365222     
   524.98526466700764     
   535.98013467292105     
   547.17336287023602     
   560.20945110926084     
   575.83791669567904     
   592.53306222640015     
   613.04290918069523     
   629.50673298815616     
   645.63988635023111     
   633.49848974265205     
   638.68488901606941     
   644.09267815046474     
   644.27218676258997     
   639.69901477158908     
   640.27498268877241     
   636.95203552297562     
   629.23514113305293     
   627.41520923068583     
   617.92069233137738     
   608.17101863683126     
   595.91420985220770     
   582.72734784078614     
   572.59358103408408     
   562.28562776835622     
   555.43854055600491     
   550.72840485229392     
   546.95742893693671     
   544.17431443967587     
   539.97917726074400     
   535.72579662165401     
   532.22532472111220     
   528.63186292089506     
   525.29776347374036     
   522.10174125411868     
   518.60033646485181     
   515.40010879479144     
   512.74128747379098     
   511.08105964063640     
   508.86467280788429     
   506.89002101728306     
   504.75965717857935     
   502.13456023494712     
   499.08986882389240     
   497.39193640403965     
   495.69063541286084     
   498.11535208974311     
   502.65454981028580     
   511.22320703728485     
   523.67008029916644     
   538.55589699441168     
   551.86715343900573     
   566.31186452723728     
   583.16667636069553     
   598.11285097176392     
   619.94695589044932     
   636.23768231197710     
   651.00271513875327     
   638.79387767861181     
   645.20065744446640     
   648.28363124584462     
   651.57664387307420     
   650.33186218293679     
   649.01534824046985     
   644.74374102779416     
   637.27057598726844     
   631.75438136175228     
   623.87977360495495     
   610.90751152855830     
   599.17885468009490     
   588.01386131145330     
   576.86295527748803     
   566.47315676844630     
   559.65836282598696     
   554.69768746857301     
   550.17287931386511     
   545.85404566877753     
   542.23434980755042     
   537.30839772377897     
   533.62848073323789     
   529.63901348867455     
   526.76980482603165     
   523.56994189991508     
   520.88456924279285     
   517.85811321538040     
   514.77505839686671     
   512.57086837694681     
   511.30913785299060     
   510.23894096082955     
   510.98189695453658     
   509.20954292093734     
   506.56515481838153     
   505.42042144213343     
   503.15045611956634     
   502.12847224500592     
   504.58735565349605     
   507.56134589827633     
   508.68205381391516     
   520.05466780061738     
   527.44252197366814     
   531.44884412401666     
   570.73383226938051     
   575.64627401746611     
   575.61409749274253     
   557.22302536953021     
   564.01613927164419     
   566.62568860839235     
   601.14582579463763     
   615.97580205693669     
   625.16801099260283     
   628.92184720073340     
   632.40931607367395     
   630.08660247495959     
   622.29386557587736     
   620.74192471713934     
   608.81951552305964     
   597.71625426948935     
   588.67939960033277     
   576.79169125345823     
   566.02589667352129     
   556.82582243180957     
   550.86691665943306     
   545.11970185382381     
   540.38134724394126     
   536.98984074117345     
   534.30576565013826     
   532.09333533557253     
   531.43225656831544     
   522.28718211519254     
   520.63627915673192     
   517.09112905461348     
   515.59531223656745     
   512.60119156016560     
   511.96230674550532     
   512.66592282734905     
   512.08222927437885     
   507.39948242879575     
   502.46472095187386     
   499.72420324982488     
   497.27549333520074     
   495.64280879637545     
   495.70846300684303     
   498.64089327731131     
   502.58104772834258     
   510.28472986374396     
   521.18826754081363     
   533.33834283261137     
   547.27483199322808     
   561.20843923918721     
   578.19553121838885     
   594.71987735267408     
   615.69482729988272     
   631.84507663257159     
   650.05404591164915     
   637.04325472424966     
   644.17221617351572     
   647.09277712152891     
   649.68201124801658     
   650.54923842492144     
   648.26833567061351     
   645.98125229094785     
   637.68986402700546     
   632.50092469188723     
   622.32851644972322     
   613.19325839734302     
   602.11692218124244     
   592.10609846988814     
   581.77507837688790     
   572.48108265728047     
   567.28074341948582     
   562.50140605547892     
   555.53769804028843     
   549.98579007662806     
   546.76994366892188     
   544.38832210487885     
   541.61901672168847     
   539.06762123198780     
   538.16346135015499     
   535.84920669237397     
   533.46329727703323     
   530.45263555686267     
   525.41143872519501     
   522.62102555391709     
   521.15137100337790     
   519.82577941809450     
   516.07761715889558     
   513.30648779424814     
   511.24129424742233     
   508.46442813314184     
   506.34747959110024     
   507.66788140671628     
   514.26704982218041     
   524.34651987844950     
   538.24948208227261     
   549.58419971902151     
   560.85239621386040     
   573.82882820115447     
   591.71027963128836     
   607.98758066601329     
   625.95470329781892     
   643.08346507429280     
   655.95907246717786     
   641.89237483307113     
   647.64152294425514     
   647.56283076231682     
   651.57584077364697     
   651.85420253305392     
   648.31320339784463     
   644.38244727390168     
   639.80336401134571     
   635.50401923125276     
   628.14001548742078     
   619.07712564763415     
   607.37957400941332     
   598.77869948160617     
   587.34818156161873     
   576.85379227482656     
   570.27720063722722     
   565.38403120930593     
   560.71052288491956     
   556.25482465674531     
   552.50963627688645     
   548.86232082685945     
   544.95774495803698     
   539.97035987044728     
   537.34080910722969     
   536.19815592518023     
   534.71062614328389     
   533.03718193668249     
   529.99778918955099     
   528.19043995852269     
   526.71657199194578     
   524.05869575373026     
   521.27255338519046     
   517.96596573785985     
   515.09423590077972     
   513.11210254059051     
   511.35101398156820     
   513.02123542705613     
   518.86573327689473     
   528.15823825889174     
   538.42088623738596     
   549.21294892756021     
   559.33776833917739     
   572.47135156465151     
   589.82573790136189     
   608.07013722028887     
   625.20266877731945     
   641.57107202844634     
   658.86423688040816     
   644.51809215080891     
   651.68420625618467     
   656.52012422572238     
   659.75075756922638     
   659.03989127878174     
   656.70066835455680     
   652.66618460556481     
   648.91866004055078     
   643.97187551118725     
   633.59371449655191     
   624.14350405776577     
   612.23343730622287     
   601.55742108297591     
   592.78685825008438     
   583.25148086617264     
   577.09420521094228     
   574.44739659552067     
   564.76973474469048     
   556.36741626180310     
   550.51449288180095     
   547.36847481910957     
   544.82273870130075     
   542.17655324894838     
   541.13763905198118     
   537.84723895031811     
   534.99703920212960     
   533.58860859389176     
   531.46080017421275     
   529.74430792187729     
   527.60987491215883     
   524.15884568551644     
   520.01954797767735     
   519.18706742310326     
   518.45898615216436     
   517.19046384674880     
   515.68493324502538     
   517.29185185748645     
   523.08428405306859     
   529.50966306649707     
   541.27846395454810     
   556.12625780894484     
   566.93155675190008     
   579.74113668339760     
   595.30939980368282     
   615.96555029752255     
   630.92316383570790     
   648.44464171933669     
   662.63669688733057     
   650.50124774198491     
   653.97788381723842     
   658.99073650636387     
   661.80856844441473     
   660.34219126788219     
   659.88713835359874     
   656.46460132982827     
   649.66766316695725     
   641.86518217065975     
   635.75415229170585     
   624.87748720436912     
   610.88355424149336     
   597.52434920261044     
   585.66456369722061     
   577.18010940032582     
   571.19215651464458     
   566.58835694775894     
   562.94197583707160     
   559.67256404774730     
   555.99189472152239     
   552.97446690125901     
   548.78136126011452     
   544.57060225022053     
   542.20607444454754     
   539.45883500115235     
   536.90850353356211     
   534.71399228437201     
   531.52677821057762     
   528.88419489156411     
   526.62398148032946     
   524.19264246135378     
   519.73142744480322     
   516.70456745148260     
   515.00618078739819     
   513.40747135560628     
   510.44112513298234     
   512.31810462343924     
   517.09014860349612     
   522.81241368193480     
   529.01039616849823     
   538.46356099099103     
   550.09137359539545     
   562.38097191761892     
   577.68320043866026     
   596.10946656724047     
   616.62815763274079     
   635.81773216910574     
   651.53381248907965     
   639.83162938409691     
   647.17732157572664     
   649.71306592787346     
   653.27358967921089     
   654.28963889121349     
   652.95715333971111     
   651.71296509484614     
   646.19041079938700     
   640.02862651028136     
   630.42180202269435     
   620.39422489466517     
   611.57404989047438     
   599.91808338943679     
   588.43358079006839     
   578.83597016677368     
   572.59191977638716     
   568.35885939987384     
   564.11850716899141     
   559.66313197130887     
   555.82470139492784     
   552.20683891861734     
   547.55024895699978     
   543.06389637624375     
   541.04089026629413     
   538.06628437583788     
   535.70427654601679     
   533.34675260743313     
   530.37450795720531     
   527.77583294386875     
   525.45881624751905     
   524.05930522851042     
   521.21055149432925     
   518.01072928567430     
   514.91436910503842     
   511.56280148539787     
   509.96019297456797     
   512.16415411137541     
   518.16891523739321     
   528.24992825301706     
   541.09313282824951     
   548.79100452877378     
   555.85307326576822     
   571.45055715124704     
   592.27535150428287     
   609.70726961453420     
   627.55592183936164     
   645.51316560720397     
   662.22881771189145     
   624.85877849615269     
   616.55681882945100     
   614.85841466743091     
   609.31165333796503     
   629.15585316658951     
   621.28281890970845     
   621.56953088322143     
   629.76653951293872     
   623.14626810066034     
   624.00787110586168     
   610.27601311035426     
   595.23998106312581     
   581.15621892042407     
   572.98046956435280     
   566.27797580078186     
   562.34160983150014     
   556.61361899266046     
   552.44130696033108     
   549.57136435238544     
   546.67716743247024     
   541.81167928373327     
   538.38971359544462     
   534.89675071091347     
   531.84259397339952     
   529.57305667467256     
   529.16639036500658     
   529.30695753776138     
   530.39373890091019     
   528.09987483012549     
   525.45946096510681     
   523.28652774747741     
   521.30136171539482     
   519.75607707601296     
   519.90816811574348     
   517.96738297072125     
   516.30209485007208     
   514.63999466477730     
   511.80521924780408     
   511.26249852761055     
   520.84496976960963     
   537.20155135556547     
   551.87842663995093     
   569.80295221839174     
   584.92036862923965     
   606.38308847787096     
   625.07757709920236     
   641.89170873799503     
   660.25474673379517     
   646.46956591807520     
   654.27636319683052     
   658.50150198081462     
   662.16302774967403     
   661.21756436515511     
   659.81517338691708     
   656.83631702059290     
   650.66933058806910     
   645.24807763868796     
   635.13718662813824     
   623.83200507599145     
   612.96306898027888     
   602.13464079163055     
   591.65780228689596     
   582.03984911681596     
   572.74913049337079     
   565.96197300073527     
   561.15867758052264     
   556.74327465092131     
   553.01617246107025     
   550.02102041529383     
   545.73590032630568     
   541.28659871432660     
   539.43665747375371     
   537.15962832069749     
   534.58400182091441     
   531.79448440276440     
   528.05250253790871     
   525.96572080079216     
   523.62400166387818     
   520.96168767286736     
   518.05069863593621     
   515.18062975403529     
   511.21053419614231     
   508.95357501197174     
   508.18683936635523     
   508.35664185199238     
   513.56448998497672     
   522.59002488213275     
   533.09806938180157     
   546.15290179105443     
   561.31990783291235     
   574.36116210156104     
   589.51506728541165     
   605.42250048268727     
   623.72008819054372     
   642.74925162822137     
   656.73958846693176     
   645.81189378643933     
   652.32182253571636     
   657.98993164080139     
   661.00740499962228     
   659.09812824730625     
   655.55816123961858     
   651.47317665884873     
   649.85392476494121     
   643.66032420417116     
   634.65169262224697     
   619.68811211466971     
   604.42583384742829     
   596.00117477398510     
   587.86686107365733     
   580.60004303399114     
   576.61240033397974     
   572.94291379812171     
   569.26569713868025     
   565.18866529480761     
   557.52193455693180     
   545.27538383647266     
   536.32634503505403     
   531.32374977620714     
   531.23877049898590     
   530.71868881599823     
   531.74475261400983     
   533.02541419248712     
   532.86482472076568     
   531.26613359147098     
   530.65579020748532     
   530.14603500370254     
   529.10621898843056     
   527.62508986049136     
   524.05628942127521     
   519.15402578279600     
   515.30485905485671     
   515.36773055968138     
   519.65762679716227     
   530.28300274804417     
   533.13410293874279     
   547.78309247512698     
   562.88813843306627     
   576.67080120489754     
   595.01566196076988     
   614.86329701135264     
   631.95331519652768     
   646.89597238779822     
   661.13961087899645     
   650.64340365598866     
   658.16940209821337     
   655.56737694851017     
   653.11700603780014     
   650.35169540173638     
   645.81247415640507     
   642.85453173325425     
   638.77271234497186     
   632.92980072872876     
   623.13665577342658     
   611.28569710364491     
   601.44512473204475     
   590.91936421938397     
   580.52720470809709     
   572.61390664659109     
   567.89238235524056     
   564.28557523724942     
   561.59229181280898     
   559.86041228577608     
   557.18262217335246     
   556.78600368685477     
   537.76436846814863     
   519.20681428345790     
   512.11591444315354     
   505.45516441236907     
   499.85765740405924     
   502.05255064391918     
   504.44184327969270     
   501.25131621147216     
   500.08186099096844     
   499.64774670752951     
   499.61456213093390     
   498.48993851494532     
   496.16659989124145     
   496.91744337562795     
   495.92196639496831     
   495.33231733852688     
   498.27026583927022     
   500.21014814966162     
   504.02926619716499     
   506.70726849430605     
   509.91285664569608     
   514.47538485390635     
   517.94374490156281     
   521.19869702996607     
   538.43857804258175     
   546.73430792325200     
   561.44808056455440     
   554.25148578963740     
   547.09965280634526     
   554.73398721654792     
   568.77826705063489     
   548.39545868702226     
   539.14526694140466     
   539.21071517428618     
   533.10481495741521     
   528.87864480124074     
   526.91798633649205     
   524.83341880277885     
   522.53835253670468     
   520.02946265462924     
   517.90578525017224     
   514.34268629050496     
   511.85015514195243     
   510.01911728681455     
   508.30780338528189     
   506.69081492781459     
   504.61802050178568     
   503.48971998594681     
   501.61998535648007     
   499.63185688682540     
   499.33218461457182     
   498.69587899363307     
   498.40236355818473     
   497.53354087600042     
   496.58800292239994     
   495.57614556116022     
   494.10950281345390     
   493.00725480363639     
   490.33578524749737     
   488.20326118410009     
   486.39671218166768     
   484.36710562143878     
   482.90383906212128     
   483.87046672613718     
   486.02919045597645     
   488.98959417426192     
   494.26434399939751     
   498.19333625633362     
   499.79551965196703     
   501.37433153637221     
   500.69293221974880     
   510.97671701962037     
   555.00975735455563     
   577.74356127327167     
   584.29708615118761     
   574.47289524093969     
   576.55896073499730     
   566.89539411410499     
   562.03207901216763     
   563.01355196342240     
   571.48192159053474     
   581.83122235197641     
   586.53820787717166     
   577.68393294320128     
   566.18430800918850     
   558.15951394622800     
   542.96837874882533     
   537.08273185441351     
   532.56892194870022     
   528.16370868719878     
   525.56754482683948     
   519.51228530345315     
   512.38756684338409     
   506.85111747531073     
   493.70863014746828     
   486.96740493043524     
   486.46031767219972     
   489.59994716585669     
   491.48626445265484     
   491.07342996915054     
   489.30013450695571     
   487.25683572800568     
   484.40107760030895     
   483.49792372530015     
   481.17516962414362     
   477.60164170730070     
   476.46315388786383     
   474.64420413238918     
   471.57731115445438     
   467.93204525307908     
   465.78744133348641     
   466.35241290944248     
   467.69888369731831     
   473.79960856941636     
   482.74183599241269     
   488.80741869862464     
   487.52972266765130     
   489.93888949588126     
   499.58532920436198     
   506.70143299726431     
   520.89411327335449     
   561.11944393640772     
   572.45344598158090     
   561.66646734820461     
   565.93644397723062     
   567.30677267390081     
   581.26926846377171     
   581.58729515530729     
   569.58487208691747     
   581.82029996550853     
   559.15463819769377     
   545.54495594634898     
   550.56389501900048     
   548.01550001984231     
   529.97491707554559     
   520.39022445113119     
   514.81691758986096     
   508.67291112568830     
   504.22980971681773     
   501.65188217065787     
   499.84243981863239     
   498.50881889478154     
   497.12209776805520     
   495.10428310237484     
   493.09865825540538     
   490.46000157896157     
   490.29606417118237     
   489.98670030331459     
   489.60899630753602     
   488.77787475696101     
   487.86093398594818     
   486.78698175442111     
   485.65388523276977     
   483.49970396812364     
   482.70526530398922     
   481.11922408734927     
   479.23059319701372     
   476.81123347175571     
   475.22951601438444     
   476.55867013466963     
   481.16286292942448     
   492.43803940290616     
   498.95303536414497     
   508.42634001104864     
   519.46039993262241     
   534.58072738150622     
   552.94148162218187     
   564.61280232883178     
   587.90547585552224     
   590.79129166220457     
   594.36897389079297     
   590.89815606425952     
   595.38961818156679     
   598.72861312861676     
   596.47949037557714     
   598.96820440459385     
   589.70581228769163     
   589.13651710238094     
   588.70452863878904     
   585.18533202146341     
   580.23494875605161     
   570.07889367936684     
   563.26401764041213     
   552.23682799487426     
   543.54365327980508     
   527.20182911080769     
   522.25171616686691     
   522.48165372635094     
   522.08851024147157     
   520.66280653443539     
   518.04836942528789     
   513.90421357555852     
   511.08793119231717     
   509.35189215132476     
   508.48034828414649     
   505.63411923345183     
   502.20021849216505     
   498.63449203163856     
   496.14843257115967     
   494.97313232804703     
   495.24747925534479     
   495.93092848486441     
   494.29910275813290     
   491.07066086519001     
   487.54769783953702     
   484.78459392115184     
   483.03158940125155     
   483.88447208463776     
   488.88885525586318     
   496.11936696770516     
   506.54073517591081     
   518.22522443100718     
   531.08096375121545     
   544.25239206773688     
   559.89397465509933     
   578.61316896655228     
   595.56516280659946     
   612.66267297788795     
   626.64985230956847     
   612.49984691467478     
   618.19985744975907     
   621.61306467702559     
   621.47400915410310     
   622.04780822722932     
   618.31944147679735     
   614.21420921601896     
   608.95208929666273     
   607.04578518843778     
   598.79385874409013     
   588.77215454664724     
   578.80191367984412     
   568.33582970013686     
   559.19966563500657     
   551.19275560566689     
   546.08079793427009     
   542.68514383203080     
   540.47949817610061     
   537.78446136152581     
   534.22894340367179     
   531.03680560502357     
   529.56206575138719     
   524.87468032571803     
   519.36422463905535     
   516.96045048513338     
   516.74965137592540     
   514.94113444343532     
   509.26275058880731     
   505.20757832895634     
   503.15633636808093     
   501.61042346715107     
   500.91573785314012     
   500.80981614666047     
   499.65453500099420     
   497.56033486029190     
   496.22653292249163     
   496.26436879836916     
   499.70538955799532     
   508.97714754862920     
   521.22271826027634     
   533.23832584681941     
   545.79169531648108     
   558.58181821861206     
   573.72260961317886     
   590.97659012159727     
   607.77570234291716     
   623.91773861413810     
   637.70375722993174     
   621.22335602717385     
   628.59742106539284     
   631.20784941699685     
   631.28280642206505     
   634.95632397775296     
   632.72302697198450     
   627.85338298830266     
   619.69681528310821     
   610.74984162082865     
   600.96191930396026     
   586.87876543293385     
   568.94086953253839     
   561.20821298670000     
   556.33207322405121     
   551.40215180478322     
   546.70098219956901     
   541.42556890800745     
   538.06917821471006     
   534.69862042311490     
   532.52614606541351     
   530.12946265859296     
   527.92463058589840     
   524.83274236665318     
   522.45828345934262     
   519.20760590591738     
   515.87325473306146     
   512.40852585106927     
   508.74149349458497     
   506.49473346820696     
   504.04917628620882     
   502.02084935160417     
   500.73354266462525     
   499.29392905541425     
   498.69382168942070     
   497.14722382123279     
   496.10853813694064     
   495.57366400243592     
   497.04187374712302     
   501.20531853577450     
   515.49212691680430     
   528.90300187248636     
   541.58634561362942     
   545.18213150617282     
   549.54592198833075     
   554.30946477978409     
   555.02782760850971     
   558.71791395278240     
   580.95734688990285     
   568.12329620886351     
   568.12328743662658     
   568.35175324906220     
   573.53618866601994     
   581.31650299755051     
   582.29170395357721     
   589.88293231687419     
   590.16680324808578     
   584.23739829539204     
   577.38260567226644     
   576.80470871526404     
   567.25944058563562     
   546.60111095085506     
   532.21283068328478     
   522.96039174575776     
   519.43013557815323     
   520.38167730777843     
   513.69021439701851     
   497.87062767843054     
   481.51324825274497     
   476.98672667548874     
   475.93084127527538     
   474.83720892867160     
   474.45993492207293     
   470.81022966809115     
   469.67475686975888     
   469.91879600026670     
   469.86762316684508     
   470.31395946793492     
   470.50973951504614     
   470.27823670075998     
   468.70348646962367     
   467.43596432287887     
   466.04226954890271     
   465.30665824962233     
   464.62992013785629     
   464.81198210076701     
   468.76540728865785     
   474.19203631491126     
   489.92636004684675     
   501.89553589636733     
   503.67819818088606     
   520.11241637390276     
   523.28592778619520     
   553.57675478884869     
   567.09986483122714     
   579.85332444225173     
   579.21618912932797     
   545.52352565998433     
   559.10769734338169     
   570.26362268452340     
   571.18229003010276     
   571.08739527905232     
   557.87971800670186     
   532.08896303291749     
   523.67760907662409     
   518.70043200252871     
   514.16347619443411     
   511.31485949001211     
   512.55307919668951     
   509.10494681971574     
   500.25119002492005     
   496.52650220954388     
   494.67065326282113     
   494.85184605415958     
   494.71165539098047     
   492.91821216068604     
   491.13474672147083     
   489.96360759529438     
   488.47908723321285     
   487.87283843878589     
   489.41718383358881     
   488.74501988108352     
   488.82200547271088     
   481.96404079561569     
   469.97360132626346     
   467.36629229139908     
   465.27026430495192     
   464.18229883337483     
   464.48149428705716     
   461.54044514458445     
   460.00385259195684     
   460.34940574976264     
   460.04287974896704     
   458.84756252231699     
   462.49121260676412     
   467.51175901356015     
   485.69898867245126     
   488.02547948656530     
   493.43916374320770     
   518.12556364600562     
   529.92754433092432     
   522.48026524613965     
   546.49167391048343     
   586.10829046929575     
   610.23365962882565     
   586.43100944879586     
   594.49154169609437     
   595.28304474867332     
   594.58684484313710     
   587.56108249166232     
   586.81981817975554     
   579.06160134213758     
   577.40712584460255     
   573.31076407006265     
   565.73295626201980     
   556.27291361091750     
   546.32383788736570     
   534.81225647923793     
   525.43900363676050     
   518.90813108608688     
   514.86930652813317     
   511.81290569833703     
   508.87990110612088     
   506.97592972800402     
   504.17710714162718     
   501.79102460497592     
   500.24033793438014     
   499.01809106803870     
   499.07524437617030     
   497.87434625806446     
   497.75739687765929     
   495.61456929906069     
   492.13698213296607     
   487.49953008757910     
   484.69499381899038     
   483.00204508252295     
   482.38516343423100     
   481.06897645284471     
   480.45773992837701     
   478.86640776406745     
   476.99643358231356     
   477.03532654573610     
   482.07047971508314     
   488.05923982923878     
   489.10228618951589     
   490.39799562657788     
   491.94102572276847     
   504.14634673940361     
   533.94701399881308     
   553.19441207451257     
   560.96170078925354     
   585.65723705150594     
   580.52865554625680     
   588.83279836945587     
   594.29271284597201     
   589.84791701008442     
   598.19852464448650     
   600.70671956477793     
   596.82718685697466     
   593.66088737373877     
   583.56693086667383     
   583.18003092016352     
   572.48257128047396     
   560.20550220023460     
   554.63852960561235     
   544.29819322593926     
   534.95788642315972     
   529.14127660560018     
   525.66989262396214     
   522.99612837593054     
   520.54515182231808     
   518.01471286572928     
   515.62528775622661     
   513.48491065653741     
   508.87471626557891     
   504.81317154733159     
   503.59323111897629     
   501.85531987512996     
   500.03545919061366     
   498.50053720509840     
   495.76202923089528     
   493.78200711755630     
   491.36182087652350     
   488.74674756701995     
   486.83896221110109     
   484.70162851528653     
   482.70034521748914     
   480.98351055501320     
   479.76281451439894     
   480.48873973367165     
   486.13686520262962     
   496.77264077898133     
   507.73564417848587     
   519.24810138450573     
   531.39234084975874     
   544.65827048489257     
   561.84038432976581     
   579.54249699751188     
   595.88093278316546     
   610.60116232310338     
   601.10996843823352     
   605.60835728531163     
   611.94906298302510     
   617.56413851797208     
   618.34296358481515     
   614.20884472888429     
   607.82391357737276     
   603.06812542111618     
   598.76443052650484     
   591.40508295122993     
   582.39116538358201     
   570.91596971940601     
   563.61525312405354     
   554.11273366797650     
   544.28416244992854     
   537.14039192714267     
   532.93632749079757     
   530.30309022417771     
   527.49035340339992     
   524.95162342042101     
   522.28070815118963     
   518.80934948318429     
   514.86279328759201     
   511.36378238294373     
   509.75599059418130     
   505.54692539031305     
   502.22562213154748     
   499.65894137990904     
   496.79619757278829     
   494.18402134320428     
   492.60570255049902     
   491.63081105307066     
   490.85748681923837     
   490.02179497597331     
   488.45964944222641     
   487.04600984766273     
   486.18829730291651     
   486.11768910659424     
   490.50843626614346     
   500.40673823159142     
   509.70115419032845     
   520.73791813663024     
   535.10911537247557     
   551.14911243830409     
   567.41032721527392     
   582.46103389747020     
   598.57395006973945     
   616.82274431370547     
   608.52272670785544     
   609.29074134094060     
   619.09989576121245     
   621.22887969764827     
   623.14545448441311     
   619.81851526543028     
   617.72032642336035     
   611.25624212446894     
   607.75285565297577     
   601.02580972971748     
   592.22218169141763     
   577.94871330156502     
   570.05196812778343     
   560.58604652684608     
   550.31555744163825     
   543.32226279083432     
   538.27448980348072     
   534.15710060383481     
   530.66920322235660     
   527.62848461882288     
   524.41550675918097     
   520.72067264507393     
   518.05311247463101     
   515.54735768786634     
   513.98916997275546     
   510.90673464437037     
   508.58819350494832     
   506.57830558293642     
   502.99181828768855     
   500.11078252431503     
   497.48689934198376     
   495.18966235452132     
   493.50372627163108     
   491.55491652729592     
   488.93882177951190     
   488.26365064428398     
   487.96709541600234     
   488.84844175796439     
   492.36675263208406     
   499.81260630279917     
   510.67382159273581     
   526.78754473114077     
   540.84704306795732     
   545.00613042521445     
   566.03290741665228     
   589.30389479127803     
   596.95800017168131     
   626.39547278782993     
   616.52299055607409     
   625.61163460386638     
   632.33579469987797     
   635.77388712771926     
   633.24879357339967     
   633.24508662904861     
   632.64350255898887     
   624.98419878437608     
   619.24586481576364     
   613.84626772859360     
   607.25626063581649     
   593.08429872787485     
   583.97007700170786     
   572.62320659940428     
   562.91385545261846     
   555.79341009905932     
   550.81808546149409     
   546.79744171366599     
   543.00204221721140     
   539.10431725852118     
   535.77601663256041     
   533.00514777161368     
   529.77618785536049     
   527.25713707163766     
   524.00738724414850     
   523.47800415840231     
   521.04822876655896     
   515.51944904422908     
   509.65773239597365     
   505.97358688953727     
   504.25886300459541     
   502.33065940556429     
   500.29489333352922     
   498.98801762397812     
   497.68410688608793     
   496.07863608928369     
   495.21941217851776     
   494.49708531439086     
   499.12657859341397     
   506.97093608505412     
   517.51957934205609     
   529.02126777336366     
   543.19381993259947     
   556.28929101556980     
   575.10070549739294     
   592.99987762995750     
   608.64569663057841     
   624.72573243741647     
   616.59132982810922     
   626.39407553365595     
   626.42720452524543     
   632.62441075947640     
   631.65753912990294     
   629.92700836526387     
   618.84820521877009     
   616.34346024389902     
   617.12732632561881     
   615.00094854931774     
   607.11200471611608     
   591.44884852420705     
   582.59694095439966     
   573.76314793264839     
   563.80111624268011     
   556.86783682125463     
   552.56428471666493     
   548.24852670784298     
   544.52157839666165     
   541.42105193639713     
   538.21534052036270     
   536.38231343017173     
   532.77842599512030     
   530.12369930554098     
   526.87117423167183     
   522.03645355215906     
   518.89801546897081     
   519.20668431211277     
   519.37023070952011     
   518.18398195697023     
   514.28896157919712     
   510.28633285290499     
   507.83805470467473     
   506.08984083988616     
   503.89812795855255     
   499.28302281188951     
   495.87588458742817     
   495.37294090992162     
   497.57502406194914     
   503.66379586105143     
   512.17385492110475     
   524.89357317733050     
   543.77541947637349     
   557.87231500158543     
   567.65979742830268     
   589.06709525653218     
   604.54729489387671     
   620.29927107446076     
   610.94000673215999     
   617.82155359526837     
   623.29558630887016     
   620.85369072073297     
   622.99943353810590     
   625.10838214526893     
   618.19632633453330     
   616.32525898456004     
   614.24249785998302     
   603.87144737100868     
   592.93914101049302     
   579.69001688242111     
   570.74624192442445     
   560.94529398312727     
   552.39704056887922     
   546.24846530569857     
   541.88794140559355     
   538.50607099878300     
   535.42622272427377     
   532.25496743980932     
   528.55343170721221     
   520.56941576873555     
   514.39229671766338     
   510.43359505307711     
   507.23834992984814     
   503.76335740192309     
   501.03912959018209     
   498.59506834475593     
   495.74150879856825     
   494.43597183568045     
   493.88899723864944     
   492.25056656898806     
   490.29216719155158     
   488.74582428170618     
   487.67368136555683     
   486.26192956916424     
   485.28185438481694     
   485.80533224554699     
   489.88012914250874     
   500.76613220364976     
   512.74507427934930     
   523.35158268879422     
   534.59767163093795     
   544.84441704947108     
   558.64989129851369     
   572.58227642944348     
   586.73162661395781     
   600.01512371553054     
   591.94379544192225     
   603.46527498178227     
   603.12273131386144     
   608.99184758596925     
   613.62383870619806     
   611.93082754226475     
   607.49207691327638     
   604.41546168863454     
   596.50043035267254     
   587.74668226872780     
   580.44037291418840     
   565.30510988859567     
   556.43312891142568     
   544.70690358517800     
   535.75098218368805     
   530.81875685145440     
   527.31256342162669     
   522.66019921897305     
   515.82183197058782     
   510.76498894142230     
   507.95422899571497     
   503.88903879203133     
   502.45480944653139     
   500.73950798096115     
   499.35307213832630     
   496.19181446211553     
   493.48844837382649     
   492.40854457169559     
   492.07587804997161     
   492.11003886340313     
   492.09971329996893     
   492.11592097504212     
   492.02910148732167     
   490.42864776818220     
   488.90448780107272     
   486.57242338832435     
   484.96391668062267     
   484.31396119019996     
   485.24773151756517     
   485.69446283447837     
   498.52153390136596     
   511.25998598323287     
   526.80089937662274     
   541.61213586459792     
   559.23359197227580     
   575.57493168544238     
   593.23503013661934     
   608.98948719486600     
   597.33631684863633     
   605.31770405234761     
   607.02713464119245     
   611.53538662926201     
   612.54944724284496     
   609.39092744159268     
   606.24637060638759     
   598.81153639429351     
   594.01290388243501     
   585.18537126925821     
   574.58212949628125     
   562.23195942750920     
   553.58237694742127     
   545.84240027979649     
   539.19527309718330     
   534.73366475146338     
   531.38252399790338     
   528.93960803297978     
   526.92487040301148     
   524.99465925950005     
   522.90432886061126     
   520.74247788261596     
   517.82499724513229     
   515.37076140672559     
   515.54710153160704     
   514.42340106182974     
   512.99153033506525     
   511.50743222766891     
   508.73446238849561     
   506.42058373586110     
   503.64091922063147     
   501.09478800627022     
   498.92990002134553     
   497.25070660311746     
   495.74436112312463     
   495.67885815126903     
   495.17430260100252     
   494.62368090339089     
   497.84333065395475     
   500.76617396537779     
   503.30009414246160     
   505.49678120815042     
   510.74294110998858     
   531.93168430353626     
   539.58071288483325     
   560.17687286415457     
   582.70474972754141     
   602.53074510976899     
   597.04240946131665     
   615.42502562468155     
   622.66643673875137     
   615.79233590995864     
   614.01668172535381     
   612.11904435818849     
   617.19455723450176     
   612.15608813687334     
   605.27237906953042     
   595.64794931205904     
   588.52556238266720     
   574.24970275764963     
   564.42164803145920     
   556.26554250747154     
   548.44948352644462     
   543.56225021776731     
   540.35408242634571     
   536.03944673016167     
   532.37077851589868     
   529.21472018618260     
   526.10247139928310     
   523.27494368090720     
   521.04312442558091     
   518.68636929180548     
   517.29944520450044     
   515.05881399160478     
   512.60305068898037     
   511.24855328644765     
   509.70167996842224     
   507.79582079868067     
   507.55838447872128     
   507.49059653056565     
   505.71780570565357     
   503.19164558264600     
   500.11752205190999     
   497.65635749926275     
   495.02674594134447     
   493.39550439960590     
   496.28677490133805     
   497.21464271731162     
   504.45441022088119     
   518.06539088450518     
   538.06447220086591     
   557.13534560614880     
   576.42845910067615     
   592.19712410755233     
   608.91164533219069     
   623.77535118317587     
   614.71589916911796     
   621.70017694415799     
   625.00651383582999     
   628.01791943484727     
   627.99653290420258     
   625.80286135969152     
   622.28764583668749     
   615.47322559512918     
   608.48237266198737     
   602.01196605742450     
   593.75007389745429     
   582.09651519925626     
   570.34547201286455     
   561.91432570887912     
   553.83506822635195     
   548.45833235227019     
   544.60861284805276     
   541.05023011637809     
   538.06418090207160     
   535.78652166525615     
   532.08340441133464     
   525.74697895116094     
   521.73055061017283     
   518.80020855366888     
   516.18838790343432     
   515.57743752199167     
   514.98702016545951     
   513.65652161448384     
   509.55756751226295     
   506.38258909952555     
   503.08519279069321     
   500.53247924922937     
   497.28160909964600     
   494.95919216562737     
   492.96352737345859     
   491.17661824057188     
   489.82119656808266     
   488.96438429328362     
   490.25549069628124     
   494.92396730138586     
   502.06214142179044     
   504.94921672944287     
   512.20066351401010     
   532.71289401038121     
   557.84065512387531     
   564.62788399589897     
   586.74036044406432     
   603.81855608058015     
   593.06452495397582     
   600.10052681396292     
   604.16802780958653     
   607.19136427309024     
   607.66968097657389     
   609.85104120221513     
   607.70461947278352     
   603.04597516826641     
   596.32866114706758     
   589.16663664107966     
   580.36447308809295     
   568.58982600308104     
   557.45073411399301     
   548.71064596944677     
   542.50212518596152     
   538.45232933712407     
   534.87616257379966     
   531.77254577413578     
   527.87200959916231     
   523.45146978774517     
   520.44652075591569     
   516.88764365593158     
   512.65062388002718     
   509.96448955919942     
   508.84649530406449     
   506.37697737663848     
   504.18663769340537     
   501.68357923049672     
   498.81096769089766     
   496.44752344117336     
   496.73647041811637     
   497.60593404725859     
   493.64483815815129     
   490.25957033446457     
   488.25967153129710     
   488.02515705327556     
   482.05415361366425     
   479.05486272623324     
   483.19786319297168     
   492.04790973857274     
   502.85463332502644     
   515.30585125244431     
   528.36543648054510     
   541.36124416974997     
   556.74654843955534     
   571.88319385068962     
   584.61806563009407     
   600.21823968765170     
   588.32751555877689     
   594.18840814992075     
   597.25488979738668     
   600.42237698462168     
   601.42165559732780     
   600.62591157544421     
   595.47424582418148     
   592.36621171460149     
   589.01301800116369     
   583.07478788862966     
   576.35220875382504     
   570.02940551510642     
   546.26337559448211     
   534.17497209689907     
   527.51338348343415     
   526.29594324515278     
   524.31933729427737     
   521.81791889554927     
   517.82854835748947     
   514.33139625310275     
   511.72389197588944     
   511.00264989061981     
   506.19929789287607     
   498.32733969646381     
   495.56161504219779     
   493.91553299544097     
   492.33894538466859     
   490.88767918473110     
   488.64139536321483     
   487.22184131178687     
   484.66243379798431     
   482.05611582141472     
   480.72182200672023     
   479.70950493661155     
   478.65282175097582     
   475.98560878916288     
   474.74342335408778     
   473.40876899826191     
   476.68191273445734     
   483.46359278287656     
   493.36645495982458     
   495.47740407502749     
   513.36438659283317     
   532.35146523395451     
   545.17001913971774     
   558.59640124365444     
   575.47878777649134     
   591.32658172590584     
   583.40184062000787     
   590.63281627638219     
   594.35031973896662     
   598.87141467698882     
   599.81799976834498     
   597.62705641947889     
   597.00036229523766     
   593.81481129478368     
   587.42568892289250     
   579.54178898837813     
   569.99546465119386     
   556.84628540648862     
   545.59069100880072     
   539.97794956096641     
   532.78384453687602     
   528.99565191003273     
   526.21656072640189     
   523.22455131987272     
   516.91554507363753     
   510.84666624816060     
   507.31155822220421     
   505.35079763163162     
   503.61859601329172     
   501.63408865784601     
   500.39541077794740     
   498.27768464486888     
   496.59113701370495     
   495.00115882043883     
   492.78183294479925     
   491.19269894183765     
   489.50548916907684     
   487.98320833891739     
   486.25124135857578     
   484.79638788285678     
   483.38956536155570     
   482.06706353069518     
   480.87323404844585     
   480.28501966542012     
   483.44959863489026     
   490.83473888547570     
   500.34273226094058     
   510.48293039960549     
   522.37975228495759     
   535.43219564369190     
   551.77591588804466     
   567.37315669163218     
   584.32675850291582     
   601.96966067531844     
   591.68209773867363     
   597.30837267302252     
   600.25053316237825     
   603.30542902734942     
   604.04851423444268     
   604.13282651733971     
   601.20451604701486     
   597.08547461616706     
   588.71304289208217     
   567.85010903253840     
   553.82621633446479     
   545.25377474287916     
   534.04798692128293     
   523.36714239492505     
   513.27303021485920     
   505.72971386670224     
   502.20853601932976     
   500.46427386791652     
   498.00170896071700     
   496.48284181251137     
   496.57320039526076     
   496.02496588213990     
   495.40671484556663     
   494.38543925286831     
   492.96059223741878     
   491.92289013438176     
   491.56593294128180     
   489.96004995607734     
   487.84187625325222     
   487.26940476129306     
   487.51408770297354     
   486.06816425131080     
   484.79355101635434     
   483.45428780503198     
   482.00530496803140     
   480.58693021056678     
   479.72633514091046     
   479.65144414426896     
   480.08622869469434     
   481.17182701143071     
   484.43219523870829     
   487.07588376334235     
   484.83790480282818     
   485.24819159058285     
   486.09330501134923     
   480.53546552102642     
   474.80398032139584     
   467.21009528863073     
   465.33724889322826     
   466.23938407229247     
   470.37157039984720     
   481.73218185750216     
   502.39263603524671     
   515.05722946018955     
   513.05554687066183     
   508.08405701348221     
   508.38918682311595     
   507.14604282208649     
   500.57340950224574     
   494.02586305803669     
   489.44734054435969     
   485.94573738222107     
   483.63762692159725     
   482.05943415990697     
   480.88881733830362     
   478.76052791693854     
   477.53247786224910     
   476.34638572675607     
   475.04582089485496     
   474.37528410849274     
   473.54386146579441     
   473.51281464378150     
   474.27841012614840     
   472.98509289642698     
   471.66520057486730     
   470.47968992966241     
   469.43920970659258     
   468.23663873158449     
   466.80002968324771     
   465.78218712033413     
   464.90180718403963     
   463.55203818195730     
   462.33109491638390     
   460.79005424013536     
   460.56250882167586     
   461.23834799368552     
   464.40091337888890     
   475.74949159600914     
   491.42011929114403     
   505.89710664680399     
   508.61364185337578     
   517.07689796525290     
   526.92914219005525     
   530.81363872370559     
   553.90269436870983     
   559.02533863917790     
   560.49970382285005     
   550.25871354409833     
   540.67350284112740     
   538.46533781248570     
   532.73665273700090     
   528.81527896429088     
   527.95157546576684     
   528.44729790131930     
   530.23927219269535     
   527.66052239656710     
   524.75994046337689     
   520.34506961958596     
   514.30598567638060     
   508.53172502954152     
   502.80264636064629     
   499.53845686479445     
   496.69785032477358     
   494.35147318811426     
   492.16021659860894     
   490.62989944958656     
   488.92422264934390     
   487.65246589765195     
   486.51205971157293     
   484.45469996221777     
   482.00015316214831     
   480.56221266094400     
   479.10024412666183     
   478.50360815821625     
   478.18781596728275     
   477.57139344086943     
   477.15419053053921     
   476.42873547384261     
   475.60891378713148     
   475.25300925765453     
   473.51157616805921     
   472.70031896849849     
   472.33531455630816     
   471.88059210493475     
   472.80172705499245     
   479.61977475441938     
   488.81042928011465     
   498.45463656735370     
   508.99407497305072     
   521.70358309960295     
   533.10538378420824     
   544.34951824390612     
   561.47767823792913     
   578.83347012448723     
   562.31706301777774     
   551.28253354304445     
   548.05731341534022     
   570.11981597706836     
   572.12723020071724     
   551.18449640539598     
   553.07363922465709     
   548.58273648529996     
   550.99138020824012     
   546.15609003067095     
   538.89109904750217     
   529.20404995782837     
   519.02391249186667     
   514.23014818557147     
   509.39515643285614     
   506.81743750360340     
   495.49433231497312     
   485.81493608777640     
   482.11480369484661     
   481.33596385936033     
   475.46339049811121     
   470.43993149645621     
   467.89683247779266     
   468.37682564090431     
   470.52526923995134     
   469.56830912243851     
   469.23502366072250     
   468.16344443095733     
   467.05890777150853     
   466.80217376721242     
   466.52442971235774     
   468.74359267361172     
   466.97482109210023     
   461.28061085489185     
   456.73636288215550     
   455.46416142021855     
   455.18279659878590     
   456.08250329187808     
   457.58506905547858     
   460.03613764706631     
   467.98359726596016     
   483.41208268520489     
   498.46194973831422     
   515.06933289145309     
   533.81788727928301     
   547.04832176940624     
   558.77777160505252     
   574.82069109039821     
   571.60804773718030     
   580.99668749345085     
   583.05822538209850     
   589.20163672334593     
   589.68801236162437     
   587.47158823543737     
   585.38902927253582     
   582.41121052098265     
   577.65284018849422     
   572.89351977832894     
   561.56120833742330     
   552.69120442747305     
   540.09023497531393     
   531.67383105373756     
   525.35658532553623     
   523.33733389336237     
   519.75941527595637     
   511.93187519194510     
   503.57555882725438     
   501.70671211941175     
   493.96130138071709     
   483.82406648396733     
   481.52630032704491     
   475.88190026828488     
   474.67121827885791     
   469.07932538065393     
   464.50280274298802     
   462.52432084165247     
   461.39521722635612     
   462.04066671391843     
   462.64915824184055     
   462.25421575877903     
   461.93210139107265     
   461.47524208427001     
   461.08564980128887     
   460.32161383843072     
   460.22811748501431     
   459.82560290538993     
   459.40602151238573     
   459.29282684090640     
   459.27551061241854     
   458.71859455604454     
   464.74742604287724     
   483.30329486743204     
   489.32833436113913     
   497.82839489999481     
   504.13523918585696     
   508.00443790585541     
   504.29789952689629     
   503.52723171566419     
   508.39790331120196     
   509.71778458593991     
   514.94989028698899     
   509.50414095822481     
   503.08528538704581     
   509.20237112557174     
   506.10498150956823     
   497.48450262632946     
   496.22749186454564     
   495.46076307941365     
   489.39324283552799     
   482.76077277495449     
   478.09411558619882     
   473.80398402487924     
   470.66889332983112     
   469.82642706600177     
   469.28316592823580     
   469.20956355125503     
   466.98115666388657     
   465.93648128197907     
   463.69053886198247     
   462.87487297416567     
   460.46677199169687     
   458.68249696977603     
   457.01845973547631     
   454.68264648141758     
   453.10634905436473     
   451.54123471462469     
   450.31500764293122     
   449.50318009280272     
   448.45400443410381     
   447.54536779701840     
   448.05099741758755     
   446.88481795870888     
   445.76420968757458     
   445.45329602627390     
   448.79550961816517     
   456.23329927668351     
   466.71053697663467     
   479.14858019885594     
   493.17350781878940     
   509.79034306527143     
   526.12241348136956     
   542.25769880702842     
   559.91378645632722     
   572.81369655819071     
   564.94221636810323     
   567.14439094331772     
   568.39966177309043     
   577.06319917680935     
   576.72501371087128     
   575.50809384492493     
   576.27136266088348     
   568.19606082957785     
   560.62212360803414     
   553.67014265628529     
   544.64137896166676     
   530.44067638000104     
   519.16361610380363     
   512.88106858644687     
   508.78537864980279     
   505.28751860297314     
   499.86448731096328     
   497.33441357166981     
   494.94482859404314     
   492.19424731141430     
   489.13322435875705     
   484.71170870254963     
   481.64930382983920     
   481.97912168172832     
   480.14309859461878     
   476.85527532047786     
   474.11012755870081     
   470.70556466523635     
   469.37267491343709     
   468.08517715052182     
   465.98237370490483     
   464.38133872105942     
   463.30714120496361     
   462.13191477456547     
   461.16805787849671     
   459.94853200155825     
   458.36523128768658     
   457.96239020518340     
   461.08853139143935     
   470.01910160893823     
   481.88145578441936     
   493.52673508555921     
   506.97972785649301     
   523.86141759532438     
   542.79013478965862     
   558.90785889960807     
   575.09813388722944     
   588.18472465302580     
   579.61142594339003     
   590.50493878470854     
   595.04716588375027     
   595.29018692256670     
   594.69975524918380     
   596.27922900632211     
   595.19138831511179     
   592.21409976789278     
   585.06103959199015     
   575.97818958894686     
   569.05367662212689     
   553.87093201927394     
   543.42940965803052     
   536.04956510620923     
   528.80535838589560     
   523.49443849249883     
   520.26928174048771     
   515.89218288716017     
   512.31387371895403     
   507.55409009242589     
   502.72400027805497     
   498.86537740946977     
   495.99649020319458     
   494.51877690866507     
   491.62810872909233     
   488.91137799577427     
   486.03696222334452     
   482.69509348289466     
   480.81672416048843     
   478.78622437152217     
   476.28965812510609     
   473.51083552903464     
   470.98144427745416     
   468.82833297140797     
   467.04366166521464     
   465.10254526615057     
   463.30945842266067     
   462.27663526528505     
   464.99668222856297     
   470.80553041744076     
   478.14643587479600     
   485.94928430989125     
   496.55376758625391     
   508.23852223175760     
   522.76124192442910     
   535.74234210971201     
   551.68180747843098     
   564.39741946855474     
   553.44965107852886     
   560.45677154801501     
   563.04982497991909     
   564.38247141815441     
   565.92309490103662     
   565.70377122634363     
   565.09806885032935     
   563.05230864715509     
   557.46813004055184     
   550.49728495875934     
   541.39385982748024     
   526.26744951766977     
   517.43082809093221     
   510.43520929754737     
   504.55189327991701     
   500.60510986707334     
   497.51146997732570     
   495.10153633733933     
   492.49789759103140     
   489.19077802993667     
   485.88443844866055     
   483.18938731957280     
   480.63044382182295     
   479.31447098319097     
   475.84924292595360     
   473.00784325762470     
   470.45864530428469     
   468.06754564870744     
   466.22042685809458     
   464.51958237827773     
   462.50622365538231     
   460.77748557658902     
   459.79740349497143     
   458.51734360008180     
   457.06813450048753     
   455.53599570140136     
   454.18694993234760     
   453.47117450693105     
   455.58575675542062     
   461.81407674993324     
   471.08661929764344     
   480.77692208455676     
   492.59548840553276     
   506.16600686907839     
   521.54720032593525     
   537.17606614895840     
   550.91908186666035     
   545.38029047663690     
   554.37265834995549     
   562.48572854528038     
   568.86028422702805     
   574.49518082325130     
   580.16549988780321     
   579.90948790507161     
   578.68539801508484     
   573.92472017468515     
   564.61736292022272     
   560.05569650857694     
   552.76588226432636     
   534.97340336621482     
   524.61873038460260     
   517.23391500114633     
   511.29116571344866     
   506.06658456933633     
   501.70660436018881     
   498.12093222935539     
   494.76090261302505     
   492.04995961131323     
   489.61252228706758     
   486.11037424226350     
   482.58507862211599     
   481.95182813997900     
   478.89574000020451     
   474.83512507186981     
   470.81562857161668     
   467.52722933673778     
   465.17033136255816     
   463.05181893072529     
   460.84130113742305     
   457.75496456734101     
   455.23784066919262     
   453.38505830942341     
   451.39853704694190     
   449.16160512243920     
   446.03687770453945     
   444.25107745093447     
   447.58484155233594     
   456.52031126510411     
   466.06084942710982     
   476.89471851204689     
   489.94671863731497     
   506.97989144308514     
   526.24756346008417     
   544.18665867096138     
   563.26430904110487     
   559.07272620803701     
   569.50467651890710     
   576.15246846322952     
   581.06782392186403     
   583.28161256763849     
   584.23328806622351     
   584.74839596159404     
   580.79094230769169     
   576.29871931677894     
   569.65084689452954     
   563.16774252619848     
   553.75434245832139     
   534.59331155054656     
   525.11417871564095     
   518.95669762512057     
   513.28444972701107     
   508.89224646908542     
   504.76598581417261     
   500.83568201734789     
   496.94884335633799     
   493.32021326347154     
   489.95551463310039     
   486.79321250617465     
   483.42691306430373     
   481.89621630909318     
   479.43467474975051     
   477.91581314700682     
   475.33057185633675     
   472.13767318953762     
   470.88878238554616     
   469.74644689238391     
   468.25670968655186     
   466.46207229729981     
   463.66734868502590     
   462.02649921323285     
   460.55857595955865     
   459.16789543681767     
   457.68302480871989     
   456.55237303935064     
   460.07142983784689     
   467.23271391894519     
   476.52184525947723     
   487.66725457983682     
   501.09794060441038     
   517.85595528200361     
   535.73215679825103     
   550.86681311543555     
   568.23748524333701     
   565.62442838205948     
   574.69254691342201     
   582.60813506681995     
   585.94407922319920     
   588.24183916025038     
   586.60573936578419     
   586.34485812097660     
   581.23238270728984     
   576.39453458486014     
   569.94466505087348     
   562.69428954551165     
   555.39721032874354     
   538.12057401744437     
   528.77853289537120     
   522.12173862644840     
   517.03316935056114     
   512.96090667958651     
   509.33914873803604     
   506.23723032743482     
   503.09594640348467     
   499.81025067556561     
   496.65562145789221     
   493.52888238233061     
   491.00184869682812     
   490.01921010961973     
   487.02180712735628     
   485.73862127573767     
   484.98162305301901     
   482.71120968209664     
   481.07682527017357     
   479.06468800313525     
   477.08088774837017     
   474.73455365267904     
   472.23331799197700     
   470.11829719829325     
   467.99558886622924     
   466.00350286353381     
   464.61572323021727     
   463.20543931797857     
   464.80049613198861     
   470.96493619177568     
   480.25357151387357     
   490.92577728285346     
   505.76857366126325     
   522.34669851462411     
   539.25595059442014     
   556.63784408315621     
   572.33521301471956     
   568.68434735470134     
   579.74077232801233     
   586.62834784661607     
   592.83191112303950     
   591.44391795879710     
   593.08267800338649     
   596.49632420646549     
   595.78430550427095     
   591.45478546276877     
   586.47483933948342     
   578.40336903626576     
   569.31734513553852     
   549.28573140416563     
   540.25277245231280     
   532.02667581743867     
   525.43645104839163     
   520.38229058463617     
   515.80720105656121     
   511.68485641431778     
   507.80490894071880     
   505.05098530753702     
   501.78160007076923     
   497.73295364486978     
   494.25573684731546     
   492.89581754241209     
   489.40770339848149     
   487.16089014430514     
   487.61366131864281     
   486.09575307599835     
   482.08598779190419     
   476.97428801078109     
   474.35790747218437     
   471.92708885811453     
   469.60451231846571     
   466.59753286428946     
   464.07044266309339     
   462.23194719162314     
   460.07246979073261     
   458.22721739598489     
   459.81469496189118     
   466.19688000652548     
   476.61728632300594     
   489.12138417602051     
   504.56492369793062     
   522.40172844303277     
   539.92485892126444     
   556.31693960921302     
   574.08715149692296     
   570.56471659120405     
   581.35000470561738     
   591.28229995038453     
   598.53110025091235     
   604.49306921718767     
   605.87688248647112     
   605.34785824717994     
   603.97867198108906     
   597.66299626626926     
   589.64361845547899     
   582.45621437110526     
   572.11799340533651     
   553.28641511626643     
   544.66524082881040     
   536.64992839434933     
   530.09199988411524     
   525.65259560418235     
   521.33531200491859     
   517.37543002944722     
   513.00021243436868     
   508.88202730596964     
   504.90456706113360     
   500.30451990781847     
   497.13509015210570     
   495.51258291040756     
   492.89781037571919     
   489.84709939927609     
   488.01397312725101     
   482.72022876032673     
   479.12130864922460     
   474.63685119706270     
   471.84683830113573     
   469.78401314470659     
   467.84846516628608     
   465.73276978391021     
   466.12169049363411     
   466.76224829405913     
   465.09812812553679     
   462.58576534042174     
   462.69370775793834     
   464.20651770585886     
   477.60932283875098     
   488.28607013385317     
   503.61474955590762     
   512.78600157381538     
   531.36761594147958     
   542.88979985820140     
   574.06130384847154     
   573.44642875999693     
   585.84809597929871     
   594.52587353192928     
   600.09269733389726     
   604.13630598724205     
   605.62635107839117     
   603.94219474751412     
   601.77844372012748     
   595.28899614219517     
   588.37657887547482     
   580.34789079915822     
   569.56446125324260     
   550.12303852468858     
   542.87624444460755     
   534.90054012102667     
   528.77652972868304     
   524.27182047964652     
   520.50435425650039     
   516.91402897835110     
   513.53217966579041     
   509.68743310608818     
   505.47781216658802     
   501.72906563304673     
   498.46219176155768     
   497.07138026671504     
   494.13488277637470     
   491.26526044091338     
   489.14981809847535     
   485.43702237593408     
   483.85940452926582     
   481.91160979970198     
   476.15566357919693     
   471.27591687778664     
   468.08083352908557     
   465.29860307297776     
   462.21413120419413     
   460.90718204416521     
   459.44088056159904     
   458.15887350346753     
   460.29829519987845     
   466.55166643035841     
   477.03084189812324     
   489.26951656962143     
   503.37143410852138     
   519.90582515537676     
   539.21384832206866     
   555.79054588818474     
   573.73318157108292     
   570.50303838009233     
   581.70984888650332     
   592.56143300260680     
   600.52634903540581     
   605.39879310971753     
   606.67500843862604     
   602.83724399989524     
   600.70914412969751     
   594.68576307648198     
   588.60868676116559     
   579.42004375564898     
   568.55184499307779     
   550.87961150065109     
   542.86074633370731     
   535.18464278762235     
   529.62859405145150     
   525.09695800963652     
   521.69613735321411     
   518.59710541388858     
   515.42188025614041     
   511.15185155524046     
   506.58163887947552     
   502.31023262156657     
   499.12821943531998     
   497.88946738757073     
   494.71081193489175     
   490.97106083873314     
   488.67695977367418     
   487.09288206296679     
   484.70930759221585     
   480.78814137593992     
   476.65811876799972     
   473.60023566610658     
   471.18322428674173     
   468.17129356902569     
   466.51434036525200     
   466.70106517115136     
   466.11656361749783     
   464.88333957576810     
   464.93672352386341     
   465.31296560442263     
   470.51240887099613     
   484.94337341800218     
   506.69174345589647     
   521.84535922549060     
   540.90499054922782     
   558.75352307310175     
   572.76700649111785     
   574.12368518233086     
   585.76848655045251     
   596.39627661416125     
   605.82389524067924     
   603.49835830117286     
   605.45823456062988     
   603.56488691266668     
   592.56016494398159     
   583.05711881413652     
   578.96795869743914     
   578.12610388508892     
   569.07350164612205     
   553.38181622235697     
   545.24574890121255     
   538.41896797294930     
   532.51580394643418     
   527.47021593113686     
   524.63227276254554     
   521.65703027076836     
   518.31546194472867     
   516.15911017689257     
   514.69685900712489     
   512.50827740367117     
   508.44495873761463     
   505.52660764180365     
   501.59760498080254     
   496.55357893896519     
   494.27689468581417     
   492.03218353158331     
   488.44265405608388     
   485.17045963244578     
   481.93063777125178     
   478.99263877950295     
   475.79765068550819     
   473.12773854491951     
   472.08975074656973     
   472.20307078331160     
   471.26573973700448     
   469.81215965145441     
   469.06202226883397     
   474.46163227436932     
   489.25535995012211     
   500.11166738421650     
   508.24697721933813     
   512.76312213916844     
   533.84835739565801     
   548.41237177774974     
   544.52817962313691     
   544.19577365579528     
   549.80524162574920     
   552.98189863653420     
   562.11432663803441     
   583.32913758653524     
   591.80204712435886     
   597.31393519373080     
   591.41722546335063     
   584.24063104832021     
   578.41470922143071     
   572.30162937775151     
   564.74077755300584     
   546.94408858295401     
   539.32179933947452     
   531.89644023722781     
   526.17488976445827     
   521.72516565982801     
   518.48603831441142     
   515.82566264299533     
   513.03662892898967     
   509.25381612178865     
   504.88434048468446     
   501.05222080512061     
   496.85030059085136     
   495.47180130963204     
   493.34179781712470     
   490.63575235812903     
   487.81188419033754     
   483.78365230886516     
   481.05100970975104     
   477.07883186827269     
   474.22393609448397     
   470.68782936992875     
   467.15217832631640     
   465.76622849699271     
   466.15757221108106     
   465.78068980526660     
   464.51009558441405     
   464.56903634983530     
   466.52869651281264     
   468.98966261618546     
   472.41533196640893     
   476.84004285760159     
   497.58652017542289     
   502.02114151585334     
   520.40820535852367     
   533.70641405097012     
   542.48972140458591     
   531.03359604861976     
   542.13538555497325     
   550.93523511337492     
   568.93592838954237     
   571.82480523078209     
   581.28960313584003     
   578.67999661017791     
   575.85814106031728     
   572.52791671999444     
   565.40869845120687     
   557.15970402477842     
   548.91282928565261     
   533.22885622538286     
   526.59753737558970     
   520.43749643763681     
   515.08239434977281     
   510.46891123638636     
   506.57081679535315     
   503.21983808423931     
   500.02234472096040     
   496.63529530038608     
   493.78768068598418     
   490.36520265417818     
   486.76842009492543     
   486.17385596434417     
   484.34511692345552     
   481.88607925025553     
   480.39756570862346     
   477.94233693096891     
   475.13578979913859     
   472.60118089985895     
   471.73232388926840     
   469.41628832095125     
   467.14525019395205     
   465.52996379335093     
   463.18021812102666     
   460.26659363273399     
   456.31084152716187     
   453.62066029972920     
   454.41420062104993     
   459.51212105731696     
   468.15050163819370     
   479.34241177631071     
   493.09008555821998     
   511.18655744376071     
   530.19779662060807     
   549.61400792164147     
   561.33866451079609     
   552.42493289118909     
   559.06150479262521     
   562.31950360043049     
   564.38541991308887     
   564.77325007327056     
   566.06498055350016     
   565.34805062104272     
   563.30972218010015     
   556.87193296241855     
   551.39522818846467     
   543.36891366853251     
   535.03493947937056     
   519.43766338177488     
   513.14037311337370     
   507.10487251311434     
   502.01491012923958     
   497.79633747263244     
   493.99412554040680     
   491.23875615630578     
   489.00971492970694     
   486.67490082851441     
   483.70876979149637     
   480.15787944622332     
   477.80784972385868     
   477.37777673709678     
   475.57465020566156     
   473.19143152876825     
   471.86336465281244     
   467.18640246769297     
   465.06957253290403     
   460.62110357379493     
   457.70521686758246     
   455.86354430957300     
   453.88550427240818     
   451.80546880321049     
   448.87977786923210     
   446.65648192110740     
   445.12879151905884     
   444.02012844477372     
   445.94810316285862     
   452.10409554474376     
   461.83788212074938     
   472.72353822305536     
   486.24186109002989     
   503.30258134040690     
   520.40333468038045     
   537.33409216122197     
   556.36520682137586     
   552.47757954449844     
   562.65197647334821     
   569.11439440774870     
   573.49152941802697     
   578.59376122359697     
   577.77239165370986     
   574.20103555925289     
   575.34432242979392     
   568.17344352639213     
   559.31988928761405     
   550.34479975151316     
   542.00621345196612     
   524.72236053791630     
   516.62280619861178     
   510.41087510945118     
   505.90848891067344     
   502.32493435262808     
   498.95171181377162     
   495.61717140110471     
   492.60437489385993     
   489.01774482046960     
   486.04025513793056     
   483.68459001779206     
   481.09036679224391     
   479.65160211089562     
   476.24064724037441     
   471.16338694425230     
   469.17171570833375     
   466.39298011133070     
   462.55729504873648     
   459.86684576644478     
   457.48593739560772     
   454.48251762128842     
   451.74272880344523     
   450.38370159504348     
   449.16967752081882     
   448.86105571114859     
   447.95988631252413     
   446.57801098182239     
   445.86708386094290     
   451.77480737828796     
   454.10458672087663     
   469.92691875076213     
   483.19732358340173     
   500.61004295301632     
   516.41082325092407     
   529.75268679166720     
   550.73518902366698     
   543.62211475299569     
   557.80787518091199     
   561.29944059041179     
   563.22742618446330     
   569.25453021162355     
   564.97373300829349     
   569.76711644416207     
   570.60621456345382     
   562.55632694503197     
   550.98165850319936     
   547.43326726889427     
   536.17108261854958     
   524.36648836638801     
   517.57033182574924     
   510.51363051265412     
   505.70701057317069     
   501.56330274381310     
   497.57932153370200     
   493.84644761128158     
   491.53796339436462     
   489.72949404403852     
   487.17814934807069     
   483.76792842229383     
   480.41784284929605     
   477.65755747936498     
   473.78747135876120     
   470.12555715369029     
   467.18765947894013     
   464.06816945029300     
   461.97028285058252     
   459.79328100496605     
   457.62871169093171     
   455.67697318614876     
   453.81821971646389     
   452.03366938521486     
   450.60768651926111     
   448.61682195898970     
   446.51961400655347     
   445.43038608001808     
   445.28942985496292     
   449.78042736472696     
   461.40249496282570     
   473.81116656266039     
   486.96500037119176     
   500.71471832077805     
   516.06633811447989     
   532.52204107729324     
   549.21215123431818     
   545.53021736332062     
   556.49167452186623     
   563.32337376748990     
   568.61567000332502     
   571.71258259019589     
   574.75080732362210     
   572.73662639790268     
   569.25781007877038     
   563.80816213206856     
   558.66334907879241     
   549.14790088931170     
   537.98035505769656     
   525.02525308186171     
   518.52391778353399     
   512.30184302662485     
   507.87882561847550     
   504.27804674624349     
   500.44461624226892     
   497.06376938663203     
   494.19546027375662     
   491.28897882336952     
   488.67424231075529     
   486.70281760316402     
   483.06441524712449     
   478.75244058291020     
   475.14059036536446     
   473.28228726432559     
   472.20886681526980     
   471.11690143259636     
   469.71662038740760     
   468.23469167822145     
   465.73520094262443     
   462.82611731537969     
   460.58687179588514     
   458.90964327528468     
   457.12601969516589     
   455.64744143154564     
   453.91559331481744     
   451.73870528132107     
   453.13744210864201     
   460.16004637175519     
   469.05608373494431     
   480.23416216730988     
   493.77177599235847     
   508.06024782416165     
   524.46852043469539     
   540.14999691032597     
   557.36230666847393     
   550.50330889682778     
   558.66982636286070     
   567.94954966515058     
   572.82411126847853     
   577.83779563472172     
   578.53705851700079     
   578.14171452225980     
   574.10406759633111     
   569.55161174654404     
   561.10558372319247     
   552.93526490387171     
   542.47184944675610     
   527.38987731553084     
   520.32126484402215     
   512.79715456886288     
   507.51618963680562     
   504.40569907536349     
   501.91983011283594     
   499.35453471870841     
   496.45402282060041     
   493.36223559580236     
   490.35856555665276     
   487.21296057207815     
   484.30486612412369     
   483.25968123258212     
   480.96130903248542     
   478.77504778481955     
   475.52434539545322     
   471.49351302515089     
   466.48160548341093     
   462.28398304039104     
   460.57349495771581     
   459.48401771551733     
   456.66370981902566     
   454.02060144328038     
   453.11769653545701     
   451.69034578274801     
   449.01143980713118     
   447.92848389521890     
   449.70840222885971     
   455.18530302664215     
   465.07770849314477     
   476.33527418986091     
   490.45717017352388     
   508.10498222810230     
   525.63598205178334     
   542.75741192904013     
   562.14982884583287     
   558.23743055035902     
   568.61459813424995     
   577.74315979856317     
   583.36455709111033     
   585.54851457343182     
   584.73419183276326     
   584.49421824950628     
   582.90425892627218     
   577.62613599242059     
   571.30902646356571     
   563.29243841254299     
   551.31400795987884     
   536.96398615949954     
   529.78196634299070     
   522.61426484098990     
   516.94959317714813     
   512.37169931585800     
   508.33183912415728     
   504.70480175910768     
   500.59522682454667     
   496.42219240781219     
   493.82526259501867     
   492.25567765783092     
   488.73438187522333     
   487.84213422609548     
   484.13432544878657     
   479.19744535048750     
   476.66870168030039     
   473.70989115437203     
   471.82480079278793     
   469.99530021049935     
   471.19783665349382     
   471.85332312829564     
   469.27795441848451     
   465.71919558928283     
   460.80497909443312     
   458.27978189610428     
   459.51127235536876     
   456.52870665928737     
   457.39184438193854     
   463.96409513850972     
   472.99134537686041     
   483.61992431715163     
   500.50703297286913     
   519.97586304872516     
   542.18523584127320     
   558.89469168701487     
   573.19776149856784     
   567.80651541962334     
   577.48164690429360     
   584.41076894103060     
   588.39999005119932     
   591.36576857497710     
   592.99721856782492     
   592.08434080762527     
   587.81698349985891     
   583.75361276340038     
   577.34594408097848     
   568.16286907416873     
   555.79142580488292     
   540.01350293569851     
   532.08675857169681     
   524.96168700365058     
   519.10724285095785     
   514.29411351263457     
   509.89095834053774     
   506.35559093075091     
   500.77834515212351     
   496.05473593902747     
   491.65278146413789     
   489.36522088581489     
   487.19909111355059     
   484.36436052635901     
   481.62595463284413     
   479.03813901112795     
   474.27933102998742     
   469.87637660012228     
   467.86742392959940     
   465.58473147196742     
   463.26836550113313     
   460.40230796785380     
   457.89073444489458     
   455.17483762613921     
   452.87741679542950     
   450.76328275153742     
   449.91650889166658     
   448.91854352747970     
   450.14989444523320     
   456.55676679180095     
   466.48468019037676     
   478.15487383875313     
   495.56399816800428     
   515.06773238126107     
   531.40532271999541     
   547.01634321756387     
   562.49845611441719     
   559.63744160851581     
   569.07782275555655     
   578.96572443780246     
   584.25439606618318     
   586.98755278816475     
   587.99436309745113     
   585.83407440806934     
   582.82178523245159     
   577.26863693192945     
   571.03001627586332     
   564.41190420709700     
   551.88690588057761     
   538.86493803331814     
   531.11476649683857     
   524.29603652249307     
   518.48743270515570     
   513.43893587866637     
   508.88687141151314     
   504.34010518802069     
   500.52837959879730     
   496.51466928732412     
   493.59135579987537     
   488.98957978764963     
   486.83538151450881     
   485.93505794798142     
   483.49160906347026     
   478.84073421333892     
   473.78204917631416     
   470.33915647464846     
   466.70278253874437     
   463.74545371359898     
   461.74856200311297     
   459.26351054541800     
   457.28253975288283     
   455.42898514178012     
   453.65738986585046     
   452.26809334892096     
   450.85037762969012     
   449.56299597266178     
   450.26704138330177     
   455.99535840635849     
   464.47848992621084     
   474.11274787018050     
   488.32225408818465     
   505.30909900392845     
   520.47169613402320     
   538.61746367809008     
   556.73625488361017     
   550.39792341697796     
   562.69776649328992     
   572.23563319814832     
   577.38514023552750     
   581.83391892529767     
   584.47234095275155     
   579.79333763757256     
   573.43803794446501     
   573.34428587824323     
   560.70984159804061     
   552.54828089365890     
   540.33524667610311     
   534.19926828063535     
   527.25652853369922     
   519.73073232079946     
   515.12743265013717     
   511.09568858310058     
   506.58798191529411     
   503.95030940599986     
   501.40769185876081     
   498.55695893752750     
   495.86726534843007     
   492.47916896763570     
   488.16330566519781     
   485.81240835416003     
   484.38946876892481     
   481.40261198301613     
   478.26657360879767     
   475.57942002650123     
   471.95465310190991     
   467.13040860742274     
   464.55283576617080     
   461.94817340724705     
   459.65162771396109     
   458.30948818065900     
   456.21264823468738     
   454.32806020335613     
   452.55848203954304     
   450.69088492069778     
   450.96769500652499     
   456.03366460908057     
   464.07626484348958     
   473.02740544663646     
   485.42941498985027     
   505.49239607035645     
   523.39053499644172     
   540.16147904064326     
   558.24731444934946     
   553.57364528174207     
   562.85152509543843     
   569.99372711949707     
   574.28485342512204     
   574.11782781533202     
   573.43882633798410     
   572.08994063748753     
   570.49736009519893     
   563.87082466852712     
   551.90490532705610     
   540.45242578092075     
   530.47922507899204     
   523.09009765675830     
   513.87913589349148     
   507.03738471844150     
   501.60784877841934     
   496.97656284564334     
   493.52171684049597     
   490.87361353777879     
   488.15240274412059     
   485.12991633780530     
   481.68981334842186     
   477.88976109635485     
   474.78743040761162     
   474.28004508322800     
   472.10729772939550     
   469.39639283811454     
   469.08399474789064     
   462.39277779408258     
   457.78574333584061     
   454.28059533548031     
   451.36408415974893     
   449.92569042603554     
   447.69665022277212     
   446.02871282367687     
   444.72040301690436     
   442.52491416775160     
   440.46902554947161     
   439.29448580361407     
   440.25597933270393     
   445.84485549698837     
   454.23865791658994     
   464.62824277585565     
   479.10526533169912     
   496.27084852056799     
   512.16407274659707     
   528.24664802890766     
   543.51997312002584     
   539.28148806718661     
   551.64388720281181     
   552.21625280234321     
   559.93239939361376     
   564.53545896138576     
   566.68088364471271     
   564.30828786491361     
   561.92486271130383     
   557.96560651984100     
   549.23084265112345     
   541.76673791027270     
   526.64437925896971     
   515.47184732195080     
   507.84104366947338     
   501.94071811345191     
   497.44688125759257     
   493.64134456687111     
   491.01711635579227     
   488.67828043102793     
   485.68127087712821     
   482.41998692098139     
   480.16361885520524     
   477.56487083308389     
   475.10541745025932     
   475.19428231459182     
   471.17250980968294     
   466.92892369197034     
   463.96188686522089     
   461.70504028000039     
   459.43137087404301     
   457.75058317702172     
   454.98262825090910     
   452.13941564624480     
   449.51648193368925     
   446.61972638078555     
   444.27581337556455     
   442.45187854401536     
   441.25338488616586     
   439.73700985349018     
   440.50683069687335     
   444.37939910378486     
   451.02822984181165     
   457.87852064339927     
   472.87956721270604     
   491.14304995958219     
   511.26301392035936     
   529.36483733840385     
   546.63378496791279     
   539.95124803167221     
   541.21950617990467     
   542.30765643261952     
   548.24166160320851     
   537.10711149162307     
   541.27082156661720     
   542.74150438802303     
   540.20351520402448     
   538.82738397944104     
   532.19968166078195     
   521.36481039624425     
   512.31068997387490     
   505.72302117743067     
   499.83996859218558     
   494.46732100725933     
   490.87592838103956     
   487.83936800858208     
   485.44982633072311     
   483.50325964990583     
   480.81751889928665     
   477.94569549467604     
   475.10243808536165     
   473.46515485265297     
   472.27317153961974     
   470.77819423612368     
   466.84691202599629     
   463.94844238535939     
   461.29852145588359     
   458.75016373216920     
   458.17771130013034     
   457.02063785605918     
   455.43947387585774     
   453.56481931863794     
   452.03997230981247     
   449.78898915986650     
   448.07736616939047     
   447.30035353114494     
   445.83606073117028     
   443.80859023767448     
   443.60624358406267     
   446.77844432101193     
   454.21335965626270     
   459.71358623321038     
   471.17804885454075     
   490.99093465292390     
   502.73361284308328     
   519.84758402492366     
   538.34487953609482     
   533.74978566993468     
   544.96415364463371     
   552.01065582092986     
   556.47453316695101     
   560.53406772954645     
   559.54471486800765     
   559.92996579939484     
   555.37192758477977     
   550.28405436101286     
   543.03902711162539     
   535.14887863633521     
   524.05185771124616     
   512.92318047887966     
   503.58443554554583     
   497.26278332305333     
   492.94091707576064     
   489.76475447708469     
   486.74302485541534     
   484.75798975112519     
   482.94521355156576     
   479.64938877419866     
   473.97319455855086     
   470.33937453281106     
   468.29126730445688     
   466.80990657867295     
   465.13700882271417     
   462.67146164609085     
   458.60487183172660     
   455.02996200887992     
   453.51789053904577     
   451.20772595499665     
   448.48072419841714     
   445.84614310149550     
   443.50982890864691     
   441.88986556172250     
   440.65407692969802     
   439.67756611885596     
   438.35426643083923     
   436.89814319253901     
   436.82800865057129     
   442.12918260550646     
   446.15672342364911     
   453.13864067327057     
   471.27245024972376     
   487.58831114378995     
   504.51548115604845     
   520.14952101074994     
   520.38079104666770     
   531.96837394798513     
   541.68662412413971     
   549.67862029808373     
   555.11207439753764     
   557.03067763468414     
   557.74348432309455     
   557.57361091663790     
   551.69614118026379     
   548.11095002584580     
   542.25224473399021     
   534.20781365420044     
   523.51809962826201     
   512.27853087006145     
   503.17537155312476     
   497.07816618061594     
   493.01423668327647     
   489.51085010657727     
   486.34776553004804     
   483.62560054315946     
   480.82854983692908     
   477.25863870650875     
   473.90322848524511     
   471.21006505369490     
   467.99137588352767     
   467.41826024413956     
   466.06284696559027     
   463.36789555656134     
   461.22228879043939     
   458.30524240491161     
   456.13007278329468     
   455.37290517008290     
   453.47707189880788     
   452.57478407068214     
   451.91287262387226     
   449.93093749754274     
   447.87593688017495     
   444.57090619747117     
   441.11401448138099     
   438.22736511007628     
   437.75525496488166     
   442.90465390934247     
   451.43079929836421     
   462.66059796086722     
   477.29730922135201     
   493.94524409469966     
   510.14023175197406     
   525.31952949955291     
   524.94988927393240     
   534.72885701652444     
   543.80416479605606     
   549.58856496293015     
   553.59384374233332     
   553.45798708562916     
   555.52355290006415     
   554.54243703601685     
   551.77050147092439     
   548.24051872979896     
   542.50411833178043     
   532.24472527907938     
   523.66109329363053     
   509.76239252655961     
   502.25011498810807     
   496.45727999582516     
   492.11771868436807     
   488.40048609279438     
   485.32573332179794     
   482.81176817089226     
   480.61475104088890     
   479.25628071622299     
   476.59482930451526     
   472.22691850237226     
   467.96106254967708     
   465.52275844760339     
   463.07012449555685     
   460.76032210850036     
   458.51430164276377     
   455.72503980583105     
   454.04865300277959     
   452.02876015297119     
   449.97036710080386     
   448.67119289276707     
   447.97391591942124     
   445.76856343362971     
   443.06807559414983     
   440.49680358953680     
   438.54694645667774     
   437.09006403070390     
   438.00204525169488     
   443.02258295166155     
   450.55181766707113     
   460.27544418633818     
   474.93848490120644     
   491.13530344341149     
   505.48082243228157     
   520.42530527359065     
   519.32545913390049     
   530.56524207429652     
   536.41126531267707     
   541.53680600074688     
   546.68626245755502     
   548.65718880278166     
   550.53140232361875     
   550.55662397416916     
   544.42160700951365     
   540.16926903120793     
   534.88769217248444     
   527.45324223226180     
   519.24185760060845     
   507.12797877806804     
   499.75028285805371     
   494.77973829072374     
   491.08616302095339     
   487.25379906829619     
   482.19049811952380     
   477.28924056326071     
   473.62673523625091     
   470.35817189096446     
   467.19212491724574     
   464.09721925666815     
   461.41768033938905     
   460.12464860024340     
   458.63475735304718     
   457.24540143252165     
   455.39126090825039     
   452.71947469522905     
   451.18832124570298     
   449.98165269125764     
   447.93941153450243     
   446.33352976164781     
   447.14852350951469     
   447.48730153047904     
   447.89995022358971     
   447.31449957068600     
   447.17309231212903     
   447.22696184167802     
   446.26760965917714     
   446.79830267006110     
   451.70694355316039     
   454.85891586139411     
   461.17216461459253     
   492.63557259375932     
   506.19459179875889     
   511.58114968204063     
   514.54905072090924     
   518.58310382840102     
   514.96227098813461     
   521.38768130135747     
   531.36348573432940     
   517.81417082831126     
   520.33178281547043     
   518.74028526611778     
   508.31876484809851     
   507.22539497965749     
   500.12561303627132     
   494.61896602249294     
   491.60940522132495     
   488.00793377753308     
   483.14271641368470     
   478.04678111255214     
   471.62871401089330     
   465.09348996003615     
   462.25524376384834     
   458.47662853287568     
   453.72620655529590     
   450.26687553389354     
   449.91747960304872     
   450.50017899556781     
   450.05085437833128     
   449.30049348940389     
   447.85748717236834     
   446.41282045855888     
   444.02386393833677     
   441.45895746704031     
   440.37503474341742     
   440.78716346625043     
   438.16808894493721     
   434.08486067288004     
   433.69845721589178     
   433.67790075512460     
   426.84978676342047     
   423.18224632512749     
   417.75140793092243     
   414.43424950190831     
   412.98490305165660     
   415.75200597637911     
   418.86615440991739     
   422.43612552625314     
   430.72863541397828     
   440.43807571521626     
   447.16290647224542     
   447.39297533614734     
   464.95798504749473     
   479.94576397073291     
   485.67351270300537     
   488.21695022258808     
   493.87319638705878     
   495.20520187926365     
   494.12346717506313     
   492.31110448660451     
   491.22138560895667     
   487.68206939808368     
   482.40952339705910     
   474.70336407391068     
   467.44141236162443     
   454.93700330742871     
   447.96134064422051     
   443.65556690502655     
   440.48192495791011     
   437.72877978577736     
   435.44728366177998     
   433.56797624156638     
   431.38755350700325     
   429.23367194639559     
   427.02502504974865     
   424.60493301651388     
   422.24908112988368     
   421.45764338657426     
   419.90501131169651     
   418.65276696759042     
   417.18129853485914     
   415.08800312657866     
   412.92759958071127     
   410.84326356866882     
   408.58168063912092     
   405.91169106483636     
   404.43487954835911     
   402.67222029612162     
   401.00315871815161     
   399.64080201410599     
   398.22432943858718     
   397.05101913492388     
   397.52292073415327     
   401.92728120250575     
   410.14205869857665     
   421.55592964133621     
   436.65687234663119     
   452.33953880976753     
   468.20987075129511     
   481.87472213885877     
   480.77336878284865     
   489.90925763260913     
   497.79410299352730     
   503.96269841468313     
   507.54893622080533     
   511.30105161427275     
   511.80640179190721     
   512.55530414492796     
   510.10627222201441     
   505.72993591942043     
   500.03253850225684     
   491.86587676010089     
   484.18216063157951     
   472.63946182390305     
   465.83938223300680     
   460.05127501800132     
   455.63861380019193     
   452.35125319831957     
   449.94627983857976     
   447.68023305794844     
   446.06144248094535     
   444.10765909325625     
   441.47342246728630     
   439.09833977336183     
   437.19368101162985     
   436.51967889318854     
   434.69266137458720     
   431.24956240415821     
   428.03280339936498     
   425.67360418279935     
   423.54909000826206     
   421.75749875892444     
   420.05735788465699     
   418.17669628606217     
   416.01317920564310     
   413.60482701411104     
   412.62849661700494     
   411.22029692586494     
   409.70834677926894     
   407.97258337938860     
   409.11233972719714     
   413.81210131681723     
   421.58533121332175     
   433.47318261880537     
   449.20222255160525     
   465.45382577004597     
   482.39743149619034     
   498.58694145078141     
   500.33848662287909     
   511.40478533779009     
   521.25684984543534     
   530.30033884336592     
   536.01432909102402     
   538.51813186312359     
   541.10638416405493     
   540.52157036635469     
   539.27586659742155     
   534.37113934424713     
   529.69121685804032     
   521.93431211693689     
   513.49819490709797     
   501.61974080700827     
   492.26352422758123     
   485.24695907517139     
   479.82046143126973     
   475.37799506058059     
   471.54007730853971     
   468.89659342342674     
   466.28985451893880     
   462.56349457062913     
   458.93271638678010     
   456.40561046110201     
   453.03818598854150     
   451.91287748774118     
   450.04455474358161     
   446.84703728520645     
   445.96046119772433     
   443.11225783970724     
   441.00721440190102     
   438.83152381335026     
   436.58687193553129     
   435.73759031263728     
   434.43399042687372     
   431.21008519838813     
   428.99902772006658     
   427.72371146760003     
   429.47167584617011     
   429.31604809862120     
   427.17333823987502     
   432.02864634914903     
   440.34417590071308     
   450.95630546345245     
   467.67054566424963     
   486.06171803634214     
   505.04019480945021     
   520.67741362272159     
   519.29447618371591     
   529.06655110024383     
   538.13183728954357     
   545.56646231877471     
   547.88850201524167     
   550.90133875398703     
   553.59619939135348     
   553.67545917793404     
   549.93118825188253     
   544.56270167040759     
   539.02227444228595     
   530.22139208262536     
   520.47184366542035     
   508.47450343627111     
   499.33039119453537     
   492.99004016823136     
   488.47308664308662     
   484.47161260773743     
   480.89404369815276     
   476.54455227564125     
   473.95977040328324     
   469.75543389306489     
   465.20823554186808     
   462.57610597190205     
   458.64897921602562     
   456.34537450602181     
   453.60863884430404     
   450.51093596605335     
   448.96540208685917     
   444.20324854325281     
   439.55809423186236     
   436.97005567338783     
   434.07601865445309     
   431.64965834422287     
   429.18127229826626     
   427.24249533208001     
   425.61611806692082     
   424.38228550191684     
   422.58562970583631     
   420.44413450388703     
   420.86380630726518     
   426.04680768091220     
   433.86995312804191     
   444.68428715141840     
   460.77191687994446     
   477.08634813760193     
   492.62078725839928     
   507.87033509315813     
   506.40610116103608     
   517.49961124855486     
   526.79157386010320     
   533.31318860874512     
   540.64042642577533     
   545.24694069898737     
   546.38668625324340     
   544.53154563954809     
   541.33211566303464     
   536.10704584413827     
   531.21891630424898     
   523.05047621019912     
   513.87129350829196     
   502.47480137763262     
   493.80979567999429     
   487.82365749560518     
   483.28457204901520     
   479.60943476299508     
   475.95212150795493     
   472.81420116211336     
   470.09345516652382     
   466.83152977457547     
   464.37501866452624     
   462.38654355183274     
   459.07783766700396     
   457.97909911723877     
   456.12491052170952     
   454.13486362120238     
   450.17853570392572     
   444.51474915204807     
   440.85383457910410     
   440.37651399199518     
   438.36768733115542     
   435.34937234755910     
   433.65066477666448     
   431.90496359696868     
   429.22112543474526     
   427.10540874351619     
   425.64052928158679     
   424.39520136518263     
   423.94956523452117     
   428.53579430970825     
   436.37141102722342     
   447.13590664384441     
   462.71941357449799     
   477.44616658175192     
   492.73815440239014     
   507.94102110016149     
   507.51444620750152     
   519.03183061054960     
   528.49040839104691     
   535.70201165461174     
   541.23182632871328     
   545.10930146318378     
   544.66400627912446     
   542.32469228462867     
   538.48718384843062     
   532.08180461972381     
   525.70250495778066     
   518.80758731763785     
   509.45916850259630     
   498.62057258133314     
   491.40418312352261     
   486.85350026624917     
   483.00253497156086     
   479.15023185324213     
   475.85764459160288     
   472.35550855330013     
   469.08435898684633     
   466.50324244633407     
   464.47178897383401     
   461.85654041190645     
   460.39775394973600     
   458.93422809870606     
   455.93077877910866     
   453.75354153570328     
   452.37022195165429     
   450.40164232284133     
   449.77423693818963     
   446.53255873199959     
   443.20547526102820     
   441.02333207899795     
   439.05573273721291     
   436.98492710717409     
   435.08686831558464     
   433.19983190677192     
   430.70154295421963     
   430.55535154951656     
   430.58269702737653     
   433.86300259592520     
   441.68529547277404     
   452.78090988429108     
   468.21174214649955     
   485.36555354450883     
   501.13215993904987     
   503.13949477475398     
   501.58139347416659     
   504.80712235728839     
   504.90760238525297     
   513.50975990294614     
   523.19601590984348     
   525.39016347726385     
   527.00553711593102     
   526.70775382856903     
   524.60234715000252     
   520.32113188727340     
   516.43724622656555     
   510.18540454424175     
   502.12053912861541     
   492.27582167243418     
   483.87237533564149     
   479.06953017778932     
   476.25261465362780     
   473.13550915618993     
   470.55872713522592     
   467.89529591702131     
   464.49628488799715     
   462.37929197257290     
   460.79920489429742     
   460.14894554757501     
   457.04257340386789     
   454.06474365995399     
   451.31333609851094     
   449.57363897877190     
   446.98256940188566     
   443.04838618276096     
   440.15738221265406     
   437.25154357989891     
   435.02008871607171     
   432.43840096061308     
   430.61182651925537     
   428.78694750957561     
   426.76743675037659     
   424.40152571079852     
   424.34211059890686     
   422.97910821871267     
   423.36137032137367     
   426.10715948288339     
   433.35379276869423     
   444.91779526457395     
   461.07539668394156     
   479.64726503663655     
   495.42491831630576     
   509.65089648839830     
   508.99652642984643     
   520.88015768946650     
   529.14025053550426     
   536.67476231866556     
   541.77383801596477     
   544.60710958153368     
   544.01292705928086     
   540.94272066048006     
   536.69250276896025     
   530.03101274413734     
   521.85461492954869     
   514.45235895122130     
   505.62523645362853     
   495.16893830907890     
   486.54457441152687     
   480.72498350600750     
   476.47280579993236     
   473.42794887781019     
   470.41046588281472     
   467.90787638016769     
   465.08945538071259     
   461.18745177521845     
   457.60683638839947     
   455.91812628332400     
   454.64056573099998     
   453.45820809607272     
   448.73555946563107     
   444.87033641883448     
   443.80723193728295     
   442.15483077527404     
   439.61885156267397     
   437.70083150828515     
   435.44810434828418     
   433.65355516723582     
   431.33446813790999     
   430.13821130302699     
   429.01363208076481     
   427.85148270524871     
   424.46189891741403     
   422.72239559116673     
   423.21807308182235     
   427.89234902033422     
   433.00345752153640     
   436.60204904912104     
   450.97644242581612     
   471.19283323319667     
   489.51188404648184     
   506.10475896971502     
   505.06208399914294     
   515.14815023092740     
   523.86369849617836     
   532.21797055075410     
   535.30009611372247     
   539.05727978510504     
   537.11195098005533     
   534.39579782346755     
   529.92978042926882     
   526.04834255589537     
   519.48164173161638     
   511.45459750975527     
   503.39104526202817     
   494.90038806740603     
   487.60270744707304     
   483.16626277369886     
   480.13178221832806     
   477.44088543450414     
   474.97695691882069     
   471.77779322568824     
   468.32306489939475     
   466.68889238086581     
   467.50850036999469     
   467.07937282376480     
   464.08637600745845     
   461.91536829760611     
   459.85022334548040     
   456.12980024407682     
   452.92617287538337     
   449.78602843443076     
   447.31962867676782     
   444.80161609983492     
   443.09275475794391     
   439.77137532208786     
   435.81903431575751     
   432.99147462050615     
   431.34384902647821     
   430.37984978957064     
   428.87937880935107     
   427.43762078159614     
   426.60854026240668     
   430.12420673000838     
   437.19300872075422     
   446.69692241207110     
   460.90444169635850     
   476.33754990382471     
   491.33044825623983     
   505.63232870107743     
   501.44593216315263     
   509.80962595110174     
   517.92835125734712     
   520.78259650708640     
   525.44344005089454     
   528.01329900000326     
   532.68773281975643     
   527.88112371153181     
   517.27888908694990     
   515.96841430722964     
   509.72964705394332     
   500.61177253589670     
   492.39765253461684     
   482.47592602797556     
   476.92364810286261     
   475.22726131859861     
   470.42102502518640     
   466.12226429105169     
   461.94731346620114     
   458.45288442950238     
   455.31434631559426     
   452.35853196131330     
   449.59656767005634     
   447.27836223969535     
   444.99077148572775     
   443.81719941971897     
   441.69592719589053     
   439.49271820217649     
   437.34605649281463     
   435.23073195372848     
   433.56639274062007     
   432.07501361908322     
   430.77635071073968     
   429.51030753576134     
   428.40738668089654     
   427.27970938178640     
   425.83651732211030     
   423.55622564666112     
   422.52311915906034     
   420.71710739583125     
   419.79997980250005     
   420.96953642454650     
   428.93578978853481     
   437.89575881231974     
   452.22993206989833     
   467.38640720633515     
   482.42750995698026     
   494.36974054217967     
   491.89175088342387     
   499.17430629028740     
   508.54864300490573     
   515.86107519312611     
   520.88512034035057     
   523.69491428493188     
   523.09370869061911     
   522.50110818440783     
   520.85723531102281     
   515.28441416174326     
   508.69672318991240     
   498.64761430961346     
   489.09637927157928     
   480.76561458408389     
   472.35889824381604     
   467.10835598842340     
   463.55448310692935     
   460.57760511180493     
   458.52852469870180     
   456.57583762742337     
   454.26381173037959     
   451.73437618004414     
   449.36792675323244     
   447.86800926423018     
   446.66614717243169     
   445.59145928208505     
   443.58090737810437     
   441.42628821294397     
   439.79169838819831     
   437.13981511271606     
   434.76428028009701     
   432.64363262552598     
   429.98187150581879     
   427.03312143542422     
   426.16984251962003     
   426.84306149205673     
   425.41523525738648     
   423.21062932699681     
   421.81457821161428     
   419.88541419816056     
   418.32718775307114     
   421.46607547946849     
   428.63684855736119     
   438.73895700661342     
   452.12280045470857     
   463.30416930271349     
   481.94782473285522     
   496.49154153959410     
   495.69573793386576     
   510.15650030481584     
   512.42176338710954     
   512.33493054688154     
   511.19202539223846     
   513.52637159821131     
   515.44170463396176     
   517.77511323399551     
   512.49730876566969     
   508.09248487340801     
   501.42821332380845     
   493.85150512892039     
   486.97503732345427     
   477.58197713235353     
   470.07780052482326     
   465.54787439376639     
   462.06176615530512     
   459.58768019423115     
   457.48041129815425     
   455.35203317572513     
   452.92429260336604     
   451.11504017869015     
   448.66785497009590     
   447.15074351725411     
   445.79221350917067     
   445.93346940221971     
   444.48901507442866     
   441.91510406597661     
   440.53569608349056     
   438.25664446242166     
   436.66916843637597     
   433.88619743711291     
   430.16766274865353     
   427.52016661383863     
   425.95520452688146     
   424.77502718970237     
   423.27813291238311     
   421.03693296147065     
   418.38030331155699     
   417.27984374922431     
   416.23151266461622     
   420.78981663249760     
   427.52519255828201     
   436.84033491324351     
   451.72980566638358     
   464.58184904529423     
   478.30906870865948     
   491.20173444111600     
   488.37267434609566     
   495.84589510702341     
   500.18733869401035     
   501.85489697150183     
   503.59655097099528     
   504.03596994255821     
   504.12100848781984     
   502.50956871382112     
   500.42668450056306     
   495.74679243296043     
   488.52320818685450     
   480.63913703378660     
   471.94008056693764     
   463.36927155000495     
   455.68368763693161     
   450.81353366565480     
   446.85005520905401     
   442.60955899222222     
   438.10721402843831     
   434.07011322309756     
   430.39892381648502     
   427.47144704868009     
   424.21241201606341     
   421.03483194140085     
   417.99849246492846     
   417.09215230415504     
   415.36989325620590     
   414.52019930044565     
   412.96668186839145     
   410.17408887567433     
   406.90008174191411     
   404.55830860113576     
   402.22365265492414     
   400.86680572609384     
   399.40622426415638     
   398.92495872481231     
   399.91664492000314     
   399.57776763238962     
   396.30101820384061     
   393.43164851808899     
   392.09407901510622     
   396.41578164605318     
   403.84734189409977     
   414.91010888559907     
   430.11945258896543     
   444.88019772554060     
   461.05033059063521     
   474.70099189533386     
   473.82319227729715     
   484.00357734487193     
   493.33130280216619     
   500.14381712918714     
   504.03067151873131     
   508.52930095991246     
   508.77244905014766     
   507.69984499379785     
   502.69615433583704     
   497.22127092389883     
   490.58970437906783     
   483.96996494516651     
   476.19972936307136     
   466.81499761484281     
   458.16920071074503     
   452.61986623505476     
   448.76676520825316     
   445.89927592238740     
   442.56123177050944     
   439.07118061275435     
   436.43188025792040     
   433.46493754339502     
   430.90373667241511     
   428.19317708739277     
   424.73336549082654     
   423.07208247414906     
   420.55749715273805     
   420.01256249936188     
   418.89620738658846     
   416.15554735178813     
   415.32778056908762     
   416.42490016329640     
   414.55049507710544     
   413.08898511342176     
   411.24947804570263     
   409.39937700266125     
   407.43553935314634     
   406.31798836211522     
   404.45528205693705     
   402.40673758000946     
   401.57990700458521     
   404.64320764406324     
   410.87631452590313     
   420.24039970615172     
   434.20229230077030     
   448.21278394875134     
   463.06674598846502     
   476.01982125143195     
   473.12722100298089     
   482.88882279492606     
   490.62386409037322     
   497.12828519351206     
   499.95022855149119     
   501.19284017923212     
   500.73257368101622     
   501.86734063787742     
   499.25860988875303     
   494.95882080968988     
   488.65198648417396     
   481.96565725403769     
   474.55319534795962     
   465.38264583996033     
   457.91326598529952     
   452.70491832058360     
   448.19539298643190     
   444.11264530339236     
   440.79956826285246     
   438.17391512028718     
   434.84944897857486     
   431.29897973334971     
   428.70105171277254     
   425.95952206949380     
   423.22712562333516     
   421.43747467975163     
   419.13392489796524     
   416.98876155132444     
   414.61897409013130     
   412.42575167139461     
   410.88643150653866     
   409.38800921631935     
   408.32296163070498     
   406.72386184084013     
   404.99985794878785     
   404.25613336339427     
   402.80491457130410     
   400.95460365874789     
   399.57717003588942     
   399.03158129392313     
   399.92962912505260     
   402.32940309798374     
   408.86364596391610     
   418.99778212032965     
   435.38602251406411     
   450.18797174017374     
   464.71209375091718     
   478.00782842186476     
   476.57961105878275     
   484.96935314123465     
   491.37223071714840     
   496.76810704850135     
   501.47154181838465     
   504.09752674863756     
   507.73397610801959     
   508.75100821313049     
   506.96677941993909     
   502.33224895538160     
   496.82235856725015     
   489.30999353840627     
   480.28402972509264     
   470.93070978719328     
   463.03045065429620     
   457.84582684046018     
   453.31144432475242     
   448.75805559729150     
   445.69040712850608     
   442.62503649552059     
   438.84013647722219     
   434.74363116509460     
   432.62201641691757     
   430.57812983896309     
   427.05226090522888     
   427.40973530695652     
   424.94243203756503     
   420.50819625629504     
   418.78739056568179     
   416.41083026089098     
   414.22121328586667     
   412.43246020888381     
   410.94028727387706     
   409.21258767642888     
   406.80125902342638     
   405.22718371113177     
   403.71286985070225     
   402.84346415097036     
   402.27184549617931     
   399.54825643017097     
   398.00970320802060     
   401.56091644109699     
   408.38469130543916     
   419.09628939835534     
   435.03321514632410     
   450.97256589893607     
   467.93927935985943     
   483.70470929463528     
   483.91586593670826     
   494.91608814011352     
   503.28264567939163     
   511.01195112170774     
   515.86127875843920     
   519.96375200203931     
   521.37254069045491     
   520.77312915961602     
   518.93575887180987     
   515.59563635489110     
   508.95990517631805     
   501.14353924843135     
   491.78748835037942     
   481.75620422154753     
   473.13582553039822     
   467.64755006020562     
   463.18679337526441     
   459.48863770271305     
   455.32078339531074     
   451.28484309119176     
   446.54553097271298     
   442.84703398743113     
   440.02790514907383     
   437.38901452796523     
   435.11579461370320     
   432.93380633818879     
   430.35567492312759     
   427.70455407370383     
   424.31155655489067     
   420.99728013220675     
   418.70228803016641     
   417.55069462085521     
   415.13673571319890     
   413.96667575340609     
   414.02337423101960     
   412.27277339064494     
   408.10008288317198     
   404.96765310727881     
   403.42560683773428     
   403.04638618364976     
   402.92010474304072     
   406.01210763040984     
   412.37593718387802     
   423.49443334595958     
   440.14873907679714     
   454.73173774581022     
   470.06307940931731     
   482.99048382297326     
   483.32023456830336     
   493.85468592857308     
   502.82429706027733     
   510.20816703093033     
   517.29465483279785     
   521.83962849246916     
   522.81273134119647     
   522.63082357944700     
   518.60686398546488     
   513.89871727903085     
   507.67017873065686     
   499.06364361940479     
   491.00955319826522     
   481.87218057260037     
   473.90648901024537     
   468.53478408655894     
   463.97207153971300     
   460.48525853389418     
   456.60056724297681     
   453.03492872365536     
   449.88223581680819     
   446.78646831564078     
   444.43899253502730     
   441.76477631179824     
   439.29234608477321     
   436.15940310374225     
   433.50732276683152     
   429.03329847041431     
   425.63195162364877     
   422.64325529156281     
   419.19415005300056     
   415.75331890641525     
   414.27710840318946     
   414.13813858319526     
   412.12960888957565     
   408.62895712249571     
   405.63350475244317     
   404.56301811825398     
   403.29045289440666     
   401.87127131014319     
   401.20761179111457     
   403.89237453375381     
   410.49389485355863     
   421.31744825992030     
   437.09201310317445     
   453.56759284724063     
   469.78527667220681     
   484.44434557574181     
   482.24683323931572     
   492.42145139161721     
   501.81980124431368     
   509.05520439275062     
   515.13161031931497     
   518.73189487454874     
   521.02836876487800     
   520.05619847191042     
   516.20427015926316     
   511.03094725472698     
   504.70753362921727     
   497.35926423253102     
   488.56102283282496     
   479.12957041725838     
   470.84231805720555     
   464.98514892802672     
   460.47114002265334     
   457.04546904248281     
   453.45390425053529     
   449.83190210400380     
   445.95149278916625     
   442.87966910295182     
   440.49910351370244     
   438.45173237585715     
   435.63337411216071     
   432.05927036557404     
   427.79206693018926     
   425.50025208698383     
   423.91783224061481     
   419.57198287214902     
   417.75002420874853     
   415.58924526814883     
   412.89557363405237     
   410.34369642425673     
   407.18302056458862     
   404.94814202891359     
   403.87759611717365     
   402.21928234049653     
   400.50165168818040     
   398.99099467109386     
   398.40390679545163     
   401.71386097850899     
   408.69871383033865     
   419.51209552814737     
   432.16002646395737     
   447.99308100934132     
   464.88377479834338     
   477.87001254548352     
   477.76337482996587     
   487.23510251975114     
   498.84039481252557     
   505.42284501646424     
   511.93665942940601     
   516.82792987965991     
   514.93218863247580     
   514.79169772410330     
   512.34855030511267     
   508.39575496503568     
   503.28872082190787     
   493.82469252383521     
   485.74346581815610     
   476.38242245984247     
   468.50736914755430     
   463.28512020526688     
   459.12307984249048     
   454.22485519419979     
   449.35112612536017     
   445.89961102155240     
   443.67514235816697     
   441.41230234061959     
   439.91622068254100     
   435.62773249256793     
   431.18064677813248     
   429.06172914914316     
   425.46629556894942     
   422.48510613044220     
   419.48697114808846     
   418.27959824338643     
   416.92837572466948     
   415.20337178866032     
   414.10018992174537     
   412.14706304184926     
   408.91041118098877     
   405.63244474836426     
   403.55368550781003     
   400.82006391794772     
   398.22980296605238     
   396.81728290814590     
   396.38364045694044     
   399.90519743215390     
   406.44079976050142     
   415.69567589149790     
   431.01685368619258     
   446.04514760699692     
   461.99881267903970     
   476.35372809942561     
   475.00126442920305     
   486.08685484426900     
   496.39054998093036     
   505.78115290387041     
   512.68701455636972     
   516.05705336507060     
   516.68844395658641     
   515.82315059732525     
   513.66637324589908     
   509.49468616696657     
   503.26694101305918     
   495.56634234890129     
   486.50789252132580     
   476.88654407934104     
   469.41684622487600     
   465.12553208830928     
   461.19255148310145     
   457.11161350074838     
   453.30182580443881     
   450.64804178997218     
   447.77711574696889     
   443.90321233506683     
   439.95536248519653     
   437.53693817447652     
   436.10713454208394     
   437.01374720671964     
   435.74301382860125     
   433.30467034260312     
   430.18187014967731     
   426.69360883990538     
   422.99926895974971     
   419.62744520707110     
   417.42303891425308     
   416.66935037013849     
   416.06999873339822     
   414.66783337251786     
   414.33518981424129     
   412.16001723362797     
   409.72277898384698     
   408.19219633782745     
   407.90678843616473     
   411.33398334779633     
   414.79105320968023     
   419.00814023819993     
   421.34145620578477     
   442.95679458904277     
   460.54231434817842     
   475.25865355012945     
   473.77060395989736     
   486.32436399058975     
   496.18822305026589     
   504.71496516087171     
   508.22577031116248     
   511.87984130344591     
   513.06260659765655     
   513.13072287837190     
   509.56281281559859     
   504.88290331642213     
   498.69612392125725     
   490.89499182446724     
   482.78027620305738     
   473.70462370472302     
   466.66209950716643     
   462.47870536336649     
   459.44162217905154     
   456.42149232007694     
   452.65043420509511     
   448.39616762533950     
   444.38316515677985     
   441.25737158281197     
   438.38784058397204     
   435.55096144633626     
   434.04288139045622     
   433.83120553594858     
   428.72712056492139     
   424.84484846867099     
   422.57839497373129     
   421.49427635906579     
   419.07515218478505     
   416.30523492684421     
   415.18614067488176     
   414.16329580748186     
   413.43382112295620     
   411.12428317879659     
   409.26725897386223     
   407.80169203356053     
   406.06285945528123     
   403.84986186378330     
   403.10349127650136     
   405.53610858053952     
   411.38710268614301     
   421.74854824093291     
   436.22395833005362     
   449.19521896996292     
   459.97211725671559     
   459.43240880976896     
   466.08598164956578     
   472.56459165928385     
   487.33292004981718     
   496.60130077804416     
   502.82607044701638     
   506.95155118999952     
   509.30957732997950     
   509.16667663709774     
   506.21089837463524     
   502.78797055523694     
   495.68531132132574     
   487.56737039055486     
   479.14417221893166     
   470.45724429787191     
   463.47229181481009     
   459.18012874858204     
   455.67806488228285     
   451.88111911756374     
   448.64060373753381     
   445.23744682955862     
   442.38491744602311     
   439.11972213717809     
   435.09001306342236     
   434.55419265089040     
   433.20084005532095     
   431.24426023920688     
   427.93433413147631     
   425.00317837690523     
   421.72483639139443     
   419.34746480163454     
   416.52138678080803     
   414.68385470831413     
   414.98312878471154     
   413.70361585248355     
   410.32256443108508     
   407.45782293572842     
   405.74006895142804     
   405.75999268719306     
   404.65352993490245     
   402.63967020832627     
   401.19885166053376     
   402.89796510855876     
   408.37343911548754     
   418.38890230405400     
   435.50659648513709     
   449.90051019877336     
   466.04617135417163     
   468.43507893081670     
   480.14432348981245     
   491.46089506329776     
   500.39752266179454     
   507.42820914837864     
   513.54581350626029     
   517.48777949204452     
   519.09228528959238     
   518.25662837885670     
   514.69516866382128     
   510.78434783296734     
   504.46809266648728     
   496.89885362613097     
   488.26929979030280     
   479.04916952553418     
   471.77408757206297     
   466.81618547958652     
   462.47760772661547     
   459.39007508790132     
   456.31600313630258     
   451.27342422594796     
   446.67278053578815     
   444.55225541987193     
   441.68575467444805     
   438.62259727142384     
   438.09500920946476     
   438.36894608414804     
   433.27324323342344     
   428.87930929987692     
   425.27822845552009     
   424.42652151135144     
   425.09401213890885     
   425.06731425570990     
   424.86278979659124     
   419.99029430884087     
   416.85182452488857     
   413.89868717224414     
   411.76119638759741     
   411.08798335164983     
   407.76023568346534     
   406.20724473427595     
   405.38924469375843     
   406.51240521047782     
   411.15673052250179     
   421.54195021615419     
   437.55552214552665     
   453.86477876867275     
   470.49701732386723     
   473.83673590606651     
   486.44128352528321     
   496.89309783383504     
   505.59301858414136     
   512.64027487760234     
   518.93686285039564     
   521.87499075612789     
   523.24916363953150     
   521.27672541376444     
   519.13098850800191     
   514.54872481121504     
   507.57768515852683     
   499.31191630844387     
   489.50189245608686     
   480.43734681380909     
   473.22770105631537     
   468.39852857300946     
   464.14452303916232     
   460.55939501388389     
   456.39870775517227     
   453.44040559844638     
   449.94064791402610     
   445.80943750231802     
   443.79608063734997     
   443.66801809853456     
   442.85856291778356     
   438.38847729043255     
   431.84462118294806     
   429.51794896418500     
   429.18079434437391     
   426.46350675721692     
   421.39790109813055     
   417.40790282170400     
   415.40495492523007     
   415.40186492925591     
   416.29708693492796     
   417.24985014876876     
   414.37432881798026     
   410.64782950805824     
   407.27020858522451     
   404.83380944034650     
   402.88089861207118     
   406.06725420092278     
   413.30422837342246     
   422.89450875631240     
   436.83366054539891     
   451.66011842594708     
   466.35560698785582     
   469.02750214116020     
   480.28848424899422     
   490.90036362336474     
   499.92804367782713     
   508.02249232870685     
   513.92697842328585     
   517.62044966749863     
   519.52370313427070     
   520.85530625519323     
   518.44755675814633     
   513.98605592456920     
   508.10708896019270     
   500.21478477408357     
   491.64103796799958     
   482.57115564305940     
   475.10316412563265     
   470.12460334169447     
   466.07160869122202     
   463.11004958988508     
   458.04107816351569     
   453.91631619059734     
   449.81846745439708     
   446.40282045855196     
   444.92395028792544     
   441.57704097780078     
   438.22728653200130     
   438.00841176162476     
   433.53336011348392     
   429.37100576691012     
   426.03424614651715     
   423.85666932989716     
   421.42025781832365     
   420.02113783424915     
   419.07158172280936     
   415.38175602685442     
   412.16535296239419     
   410.07674403116596     
   408.48806525143408     
   407.41855239149260     
   407.70646680721762     
   406.46151873388612     
   404.87793801649889     
   406.71896163080771     
   412.45303957852849     
   422.51532081035788     
   436.57154993475046     
   451.12555865006590     
   466.49922701234971     
   468.63045916932731     
   480.13568972738045     
   489.39372617883009     
   497.91097300191143     
   505.99976245556832     
   512.08156927428627     
   516.59400201105507     
   517.45519280667861     
   518.03813876946288     
   515.11474040447195     
   509.74772650924882     
   503.81341014712115     
   495.90465103647693     
   486.80556586614910     
   477.47683493841942     
   470.33489615424065     
   465.09969777186575     
   462.08147896636882     
   459.50284160716961     
   456.04130408949169     
   453.24459468629613     
   449.09677776585067     
   445.54355036500510     
   442.75376639428623     
   439.65454382189910     
   436.16876284759178     
   436.70987311317720     
   435.45138114817263     
   430.87462499857128     
   428.69143300263437     
   425.70648561674426     
   422.90351836303006     
   421.58004934350760     
   420.44781006755085     
   418.86091537381981     
   416.83699941994092     
   415.02696818165003     
   413.37711719685001     
   411.48748235103847     
   409.07392389644235     
   406.71599461824832     
   404.98997389838337     
   404.56290121433062     
   406.57227790804336     
   414.02688952464206     
   427.28231211799823     
   445.38480468683042     
   461.11474194824012     
   464.20157591306184     
   474.45377336390845     
   484.67652331775707     
   494.18142633575377     
   501.35195865138826     
   505.26299591724370     
   507.04818944099554     
   502.40626584715272     
   496.96547710352189     
   489.94572402523352     
   483.66973044494642     
   477.69644655546739     
   473.34167666970552     
   468.69286511395495     
   465.41063366997906     
   460.54480596652405     
   455.94708477054974     
   452.92561149186702     
   447.43943234687930     
   442.09854869924044     
   437.35288894520363     
   431.14187518356124     
   426.70915979184122     
   424.71043972269922     
   423.36887368849625     
   422.86565826607591     
   423.12937355387874     
   422.05840796252528     
   419.98085078003430     
   417.27193240895491     
   416.09950169475718     
   415.81418105288060     
   414.94440039565535     
   414.71918973546309     
   414.78082216154951     
   414.92059742999214     
   414.92949284517539     
   415.55234941304900     
   418.19913877344294     
   419.58063925086412     
   418.00111017897763     
   417.13043007450676     
   419.03572187002715     
   425.31552907433797     
   440.57717651618066     
   456.70085217213375     
   454.01364650137845     
   450.10022116983782     
   453.38471143227508     
   459.59298598328905     
   460.26245550287825     
   469.71538456782059     
   469.12676546193717     
   476.02897967016276     
   479.05241771866258     
   476.54273728499845     
   473.06951320408820     
   473.03512420539289     
   461.16659839040119     
   465.19465942321006     
   461.07928404356170     
   449.74402789927814     
   442.50773628102195     
   440.02534659044920     
   438.05583540153674     
   435.21228328031452     
   431.64570519445368     
   428.84793193274982     
   427.82714145845011     
   425.41097176046549     
   423.22639627063472     
   420.39258096502755     
   417.64633306989572     
   412.58754974184035     
   410.74231783172235     
   410.00173203714030     
   409.07408476535250     
   407.44506657471993     
   405.63434285707893     
   403.47428462790100     
   401.35031029891860     
   399.40410422434013     
   397.78703122237778     
   396.16731825734416     
   392.58863682270146     
   389.57875153048161     
   385.75439012068568     
   382.67835979774776     
   380.12600098235691     
   378.16206860870858     
   378.29708632812174     
   382.37858094796337     
   389.79487546907097     
   400.17953956587769     
   410.14759708442017     
   421.06924056882042     
   419.77707078724006     
   425.68634700751392     
   431.36727119550977     
   433.25783222000274     
   438.14760770289473     
   444.46131703895514     
   436.87883360732474     
   437.01603174827159     
   433.62701247760890     
   430.48594760866536     
   428.22671606639335     
   418.45489437217640     
   413.35184666981235     
   407.75847056053505     
   401.96931358399274     
   400.60983178976136     
   398.82125016495274     
   396.82132440622496     
   394.98909998052449     
   392.82991868943418     
   388.53315762067257     
   385.16015926880385     
   382.51408314678639     
   380.18795093860894     
   378.09687171593026     
   376.13269415738597     
   375.30627017195269     
   373.85173888300443     
   372.38661267338068     
   369.94656009755386     
   367.54176999895913     
   365.66520469956356     
   364.28410406918897     
   362.17532256984123     
   360.36197559790082     
   359.07641682901419     
   357.97574344285516     
   356.58600603033284     
   354.74621661149769     
   353.69646855082794     
   352.43908068600399     
   350.76489392552133     
   352.04701343341912     
   356.72081195593267     
   366.17521633290585     
   378.83905104433438     
   390.91039229755711     
   403.89040715513408     
   406.63699355319460     
   415.21990592333719     
   423.84897395341858     
   430.59875282130861     
   434.76324806482762     
   438.67675027856842     
   440.27631615758804     
   440.20912012254814     
   437.74839212701863     
   434.70443224528844     
   429.42281753387806     
   423.87770919325322     
   416.91689419989353     
   410.28063109348318     
   403.22721465742393     
   397.16326883243778     
   393.17817024191459     
   390.06648326339541     
   387.62248048154157     
   385.39055517887255     
   383.26736118584228     
   381.37253208079596     
   380.07270953612209     
   377.45066724776206     
   375.06596133749878     
   373.21731126882509     
   373.15880240591292     
   372.01925508312320     
   370.68402616189144     
   369.09031128942871     
   367.26387932011011     
   365.96823845486222     
   364.32451825409504     
   362.52931291222950     
   360.72594748730830     
   359.46220815645273     
   359.20534396265919     
   358.28809876879268     
   357.35190240443103     
   357.15332540292206     
   356.86339044485140     
   355.94803250211845     
   356.94033172292166     
   361.81625299138778     
   371.27076236692494     
   385.02880459578671     
   398.48499135068948     
   413.14827761928592     
   413.81113032417761     
   424.35218490393544     
   432.60770103167675     
   439.29040356734293     
   444.90786802725017     
   450.15418413654339     
   454.67942277741793     
   457.11753850583011     
   455.86576171608340     
   453.80244027956718     
   450.29609026510258     
   444.78370467609676     
   438.43362279308201     
   429.79074672046738     
   421.22024027362977     
   415.85677151616682     
   411.82007740553712     
   408.39680326010955     
   404.65906278877367     
   401.62228299761091     
   399.27662530522093     
   396.64952120644966     
   395.25720349388598     
   393.62539096251214     
   390.20173060362782     
   387.33713782892374     
   384.82258716164779     
   382.21982777348768     
   380.23403216162757     
   378.04558547915667     
   376.24810771977991     
   375.41021815913012     
   374.42631658305260     
   373.75922945298493     
   373.05506677098242     
   371.56139364791983     
   369.61918122616993     
   368.95673739002808     
   368.35578262607066     
   367.05385906624218     
   365.46517821778014     
   364.54376216011633     
   365.77921571062365     
   370.55913593248943     
   379.74681898218984     
   392.42254958916908     
   406.24740729523410     
   421.00664806897731     
   423.70002304672988     
   435.43339168279311     
   444.60186330167357     
   452.18224649652461     
   458.19647401139110     
   463.47560624046116     
   467.95016383536318     
   470.22551741242592     
   469.44273689750889     
   467.25045504352539     
   463.76461072046595     
   457.68195027862288     
   449.19294858943516     
   439.61807753988319     
   430.73673542604871     
   424.47996521409948     
   420.85026815215900     
   417.43772775907286     
   414.50927086954925     
   412.28421288867514     
   409.36862650950877     
   406.58462046828129     
   402.80163082362736     
   399.67987696241966     
   398.04961933049509     
   395.29630348176136     
   393.24366405889589     
   393.46596214889439     
   391.48305401626914     
   387.38547606556438     
   385.74316313881451     
   386.19518547630565     
   383.66053512667980     
   383.27577519987454     
   383.14948506968710     
   381.28532380388350     
   378.99180890231537     
   379.09860373966177     
   377.76230244790150     
   375.73687878854150     
   374.28290252042700     
   373.67273329852458     
   373.84206013859796     
   378.27816791651276     
   384.36602698934314     
   395.39154153782204     
   408.41791949749052     
   426.79448467277007     
   429.71179943639214     
   441.63727423487137     
   452.64450242594137     
   463.21073648919599     
   470.51645583397266     
   475.50775684107407     
   477.95168511101286     
   479.46066329521000     
   480.16452905919158     
   474.55648736773486     
   472.10923089511130     
   466.81132173368394     
   460.39311611302037     
   451.58523393382359     
   443.02033429776583     
   435.82315594534430     
   433.13418806931156     
   431.36298167344631     
   427.67594041933199     
   424.10926485221160     
   419.58719582801155     
   417.86627793823601     
   415.09818533648479     
   413.44398614628750     
   410.62253440629627     
   406.66977965543720     
   403.56231369442486     
   399.68499541641103     
   397.57888457954670     
   395.17054306602773     
   393.31031767964140     
   392.84725750054810     
   392.45500055848862     
   390.76735395406138     
   388.58676025938325     
   386.05629368945057     
   384.23974304370523     
   384.70290636393605     
   386.50058385095883     
   386.70910829208520     
   382.62968648027316     
   379.57218210835100     
   380.19055083874809     
   387.86590512189042     
   394.23278165868231     
   399.31452591806539     
   412.10128531821181     
   430.23410042785048     
   422.98860430801597     
   427.61606677043739     
   427.46382507610031     
   429.13342505017624     
   430.66963263533574     
   437.43634659534365     
   438.60949370125417     
   438.32533747176359     
   438.98991340852643     
   440.07633746920902     
   438.95454409253006     
   436.32908359262223     
   432.52238167611523     
   429.06376183859493     
   425.24723304692122     
   422.31340750005262     
   420.62804067716678     
   419.63979786406463     
   418.91334082870691     
   417.80255681611999     
   416.83336806118194     
   415.25005529912278     
   413.72780996585851     
   412.58689749432210     
   411.26230216643495     
   409.83078725585636     
   410.08833064363625     
   409.08637538125419     
   408.74616446929599     
   407.67626716137710     
   404.84848418890334     
   400.77861689869655     
   397.69886495018835     
   397.61473018528204     
   397.16210337109840     
   392.91277096104631     
   390.70402049000018     
   389.30151729088914     
   386.91281245780800     
   385.51815179122951     
   384.90227993844815     
   383.83648052092730     
   385.28646364737659     
   390.72369645843776     
   397.56913162615433     
   404.88294646698358     
   418.71751513269311     
   433.68890380647491     
   437.07753145608666     
   448.58319079621242     
   457.55182988138290     
   465.93687217272179     
   472.52874530709425     
   475.84020250639048     
   479.32880893951773     
   480.23513714550018     
   479.47057315250112     
   476.26169393751644     
   471.45163546985606     
   465.88086773027391     
   459.44420788073546     
   451.72658051239114     
   443.86723863553084     
   438.47667751971460     
   434.77305925156764     
   430.31538210979681     
   427.05585599606712     
   424.67016621883533     
   421.71892987919455     
   420.65631665247611     
   419.31980677214364     
   416.76676611376945     
   413.18923468467250     
   410.35569784050017     
   408.39912889392423     
   406.45604986362849     
   404.89588913201118     
   402.59121214248449     
   400.65343592614528     
   399.02918400264645     
   397.71661428102590     
   395.44997005943225     
   394.59980090785234     
   394.68864900594230     
   393.97483720425151     
   392.44970035397961     
   392.11526724015698     
   394.06143147637931     
   394.23776240829380     
   391.66567280348846     
   390.32117924785592     
   391.24457706149065     
   393.55640111693140     
   397.45908567365223     
   406.53837421243458     
   414.63826061468330     
   414.69416351476735     
   418.56948239091798     
   422.38320428544256     
   429.29813493010136     
   432.30575527930245     
   438.84902967241914     
   439.80196625448059     
   438.85688231587136     
   439.52102840248386     
   453.00662897448098     
   453.49890513409866     
   449.53879486360705     
   444.59058554883126     
   438.20870790240906     
   431.38564931314721     
   426.60291818168236     
   423.60129757698132     
   420.86651479959113     
   418.90170406252946     
   416.49162720953342     
   412.69741882681171     
   410.94910778108067     
   410.74336935630498     
   407.89793114363852     
   406.53073008264255     
   409.17219599230714     
   408.35369363554582     
   406.56202236964634     
   403.88789912226264     
   402.28237966129393     
   401.35081699917743     
   399.29592877883954     
   397.67996764465363     
   398.06095671237551     
   395.61152310059288     
   393.11569452729537     
   391.09723711793811     
   389.93429349482403     
   389.02040855226329     
   387.43705486425216     
   386.74826869925772     
   385.21508151552655     
   384.46649528305346     
   388.33617467957151     
   397.63270034610321     
   411.69429593168064     
   424.54269099856594     
   438.20841768056573     
   440.74847933640319     
   451.50511420895140     
   460.28168738421766     
   466.96755681499388     
   473.43277768518578     
   477.65254640699106     
   480.42867832623693     
   481.31243486394555     
   481.00207600493957     
   477.70586580110859     
   472.51770819409688     
   466.73063071022364     
   459.43998554665205     
   450.20168531778359     
   442.67786107657440     
   437.77117255191450     
   434.31058592287678     
   431.31308522540445     
   428.04097437581754     
   425.30368252611612     
   423.08040931799030     
   421.29784995318971     
   419.11138908883106     
   415.53321063272261     
   413.28631130538975     
   410.87071932411931     
   409.14257403959670     
   406.51242304400671     
   403.69555913016694     
   401.73333429385633     
   398.88777784785447     
   398.65003967788459     
   398.72311909459114     
   397.01599619130258     
   393.62514620744560     
   392.12414548125071     
   390.69850095562441     
   389.68223348210364     
   387.52206223464589     
   385.97786690797358     
   385.25905366291795     
   384.68767580987043     
   385.48737189167724     
   389.80880565338970     
   397.46406172612603     
   410.78070254063118     
   422.59847409550417     
   436.91090043224665     
   439.73096522762535     
   449.64149198818751     
   458.33269715081929     
   465.60933301683184     
   472.77295445364081     
   478.18143295939711     
   481.57958444323276     
   482.58750284915595     
   481.75841002626521     
   479.12270395605287     
   474.04636454756752     
   467.35500056241870     
   460.42661512979447     
   452.45434807393445     
   444.47479130201214     
   438.63734380097668     
   433.89528767583556     
   430.61493114348099     
   427.87229513483175     
   425.57402165513133     
   422.97191391715512     
   419.01184809205279     
   416.74946395583180     
   414.58779168773793     
   411.37119762302137     
   409.55343553846893     
   409.78691769415121     
   408.55275124891295     
   407.02303076612935     
   404.57946784040956     
   400.59905391005532     
   397.83816044155338     
   396.28362910475983     
   394.38295046566617     
   392.95554459134416     
   392.37780580599878     
   390.44395634180887     
   387.42559348329803     
   385.62967080532195     
   385.83030961416489     
   387.68660713405882     
   385.07884758592047     
   384.05358197562686     
   388.95418182828530     
   396.61199828189456     
   409.43403522322632     
   421.79022931469370     
   436.18567388708090     
   438.83654640434276     
   450.67073939545372     
   459.72410851202886     
   469.03314147474794     
   475.94700205647990     
   481.96584726953341     
   485.63710457739654     
   487.77550012859757     
   485.96248077033960     
   483.45407913699285     
   479.21885345914768     
   473.74961614088608     
   467.03831515908399     
   459.58791139262803     
   451.13840426329443     
   444.87109132365248     
   440.51346223376595     
   437.02642600317972     
   433.19630905588548     
   428.22326087846540     
   424.30289432098158     
   422.17840868000553     
   419.18221686486265     
   415.74353330712512     
   412.66229354931352     
   410.75378331725699     
   411.18975253806821     
   410.90264552738051     
   411.74039095263169     
   410.33336955598935     
   407.60484150629475     
   405.41158048992850     
   403.82523600368967     
   400.44313123967390     
   396.96656345237432     
   395.70836656576751     
   393.88821206058668     
   391.74419393280220     
   390.34631816614791     
   388.93805838930291     
   388.34300018001534     
   387.88649319433756     
   387.98493795849924     
   391.63741782258199     
   400.51065304534518     
   415.50694828617543     
   431.45167018943050     
   444.39509138938030     
   445.78386386099493     
   455.48022515036399     
   463.63013222894375     
   472.10078960944179     
   480.06659948107506     
   485.30779154279026     
   488.55103721708684     
   490.01992195402863     
   489.21036524157950     
   485.95883708035012     
   480.50590927232173     
   474.77600469719607     
   466.82320409430042     
   458.16955506614988     
   449.33501622855368     
   442.47036060208364     
   437.25928038131423     
   433.34130575425047     
   429.82047763337096     
   426.97401148409529     
   422.71967463824797     
   420.16191766615890     
   417.99774069959204     
   414.31422687913135     
   410.76649375480827     
   408.50546222374948     
   409.04460930655728     
   406.06102983902423     
   402.26805441075157     
   399.46782131082443     
   396.35180886183781     
   393.07506505373732     
   390.98368182754837     
   389.69017275703362     
   386.82278712353104     
   386.07105408462047     
   385.46049711069418     
   384.00709687832062     
   380.83367859267918     
   378.73018234899405     
   377.56405416426429     
   376.77260932872059     
   377.45360552244591     
   381.48128440101237     
   389.16679557445394     
   402.32801092178215     
   415.03465723941116     
   429.36542952034034     
   432.57086746196774     
   444.15092394598457     
   453.17013818524907     
   460.14031801240776     
   467.14521412354469     
   472.91013591772469     
   477.79873826603733     
   480.09826310257876     
   480.09515787445207     
   477.36038657329004     
   473.62471326871105     
   468.88807929183889     
   460.80832251633569     
   451.85486302425755     
   442.89711804382375     
   435.94007517922034     
   431.21848231309542     
   426.61483290935604     
   422.43725436078950     
   419.01415913157814     
   415.18864617256776     
   410.62097526846253     
   407.09889047472950     
   404.42180192203705     
   401.84756484255826     
   400.33848572321824     
   399.02292739821587     
   396.87359660710547     
   394.02812740635790     
   391.42409428060029     
   390.08289712793402     
   387.27708015805092     
   385.54522348744729     
   383.51791103779783     
   381.78010334213502     
   380.73034770988664     
   379.40117279529079     
   377.67755782977810     
   376.23092054590921     
   375.72000140027876     
   374.59973448652659     
   373.66998200819620     
   372.75923732959683     
   376.37313943578818     
   385.70960164722618     
   400.75795426750551     
   414.01734683995204     
   427.35858848286290     
   431.64587194135436     
   443.82359359221607     
   453.56332109984612     
   463.26865705478195     
   470.90060254727075     
   477.23251024872803     
   481.77945753915753     
   484.93742670513171     
   486.36024519957118     
   485.20539179804223     
   482.43903933851794     
   478.22876681466062     
   472.13764301770283     
   463.09016095765151     
   453.03373785367796     
   445.67031451896855     
   440.47718542438838     
   435.99490808752324     
   432.24058254100731     
   429.10956984512643     
   425.68251674890934     
   422.75596075690959     
   419.97901879964405     
   416.97619704838530     
   414.68826153360556     
   412.52230241315937     
   410.45684298712422     
   408.47691892880312     
   408.37207876571335     
   407.39533105099974     
   412.74654728868148     
   413.74096634995038     
   408.71821392937358     
   406.43340127847625     
   403.35656503852601     
   403.81554250735201     
   402.26095627130951     
   396.63057839270709     
   394.34222221921084     
   391.39112535825160     
   389.55562261001842     
   393.84564156357607     
   393.06795089768934     
   394.02537759358643     
   404.92899774121122     
   419.35744594234694     
   433.27619299577009     
   447.55628497681579     
   451.00392085210063     
   460.84378342731850     
   468.07648268185585     
   475.06121383981758     
   481.52340560356913     
   485.66150219252899     
   487.79218333254494     
   488.77913190514084     
   488.86367342464581     
   487.25804569826772     
   483.97179766315179     
   478.62947252087872     
   471.81881911132353     
   463.28119402385175     
   453.95021791263042     
   447.17008561514047     
   442.19977481192950     
   437.50984141584058     
   432.84262559952629     
   429.50992976282134     
   426.07434425927426     
   422.19223676438310     
   418.57221700179866     
   415.51866921779600     
   413.13254415204619     
   410.73963881585803     
   410.42540905704323     
   407.26396993987521     
   405.06824815859875     
   402.30093904850895     
   400.15594781310784     
   397.81867295884462     
   396.77798490442569     
   395.08909141442876     
   392.20295950418023     
   390.68292275955741     
   390.49619843670831     
   389.88420610844844     
   389.67728823604494     
   388.42947012288141     
   385.66270394949407     
   386.10230325773631     
   384.58473919076931     
   385.47123309392055     
   391.67314482313293     
   404.75614967376026     
   419.47575896555452     
   433.55461453761114     
   436.80980424036653     
   447.25982692030010     
   458.07637076506751     
   467.20671011103923     
   473.81801692253435     
   478.91419739134665     
   483.64816050058874     
   485.17445877727977     
   484.60348926472830     
   482.76745265632854     
   478.88418169740265     
   473.66761808064427     
   466.06640338131893     
   457.08691925946994     
   447.69594933008290     
   441.59159128352962     
   437.03569361001001     
   433.06850989241008     
   429.18222239560333     
   425.55464929228208     
   421.67963673367632     
   417.68788118797295     
   414.45944573074848     
   412.23117472874026     
   410.57608312638143     
   408.91974187208297     
   408.62136843891614     
   405.65108271754514     
   402.34162195299245     
   399.86589225370329     
   397.34712685905549     
   395.39653007073116     
   393.53750519551210     
   391.40092198331132     
   390.47998186931301     
   389.61477845813420     
   388.41538457069731     
   385.89780076025875     
   383.60299717873249     
   382.27914948705120     
   382.18237174519771     
   381.18257909804021     
   380.34528797035665     
   383.26981327791032     
   390.98333274233977     
   402.56054931818562     
   414.85943863540103     
   428.24222586255831     
   433.30633735631221     
   442.83286798946557     
   436.63818840089584     
   450.73101719279060     
   461.32732266596889     
   468.06141522101427     
   472.53958860823673     
   475.01737867848573     
   475.09099968770221     
   473.52937493389697     
   469.40254429673973     
   463.65414341565923     
   457.25715843426974     
   449.42286307244080     
   440.98146623123824     
   434.72634060401577     
   430.32328130172880     
   426.94365831775087     
   423.70691639032890     
   419.79842767888846     
   416.09898163312715     
   413.27580025361067     
   410.12562324448663     
   408.45915268241032     
   406.28850039606158     
   403.72300274351983     
   402.03712961347316     
   399.36951577579566     
   397.34207956372165     
   395.35863289595659     
   393.11648527746178     
   390.96528749078090     
   387.75446150506713     
   386.24493394177159     
   385.80624054772801     
   384.45306099673655     
   382.87519229455813     
   382.61156399289428     
   381.86319463464508     
   380.25847062842485     
   379.99072834289547     
   378.97261081245006     
   378.14074365182324     
   381.27669046657473     
   388.61322219577585     
   402.79879983854960     
   416.11293508860911     
   430.70521257920319     
   433.02608536471973     
   444.21767909623446     
   453.06947966901674     
   461.05914440096723     
   463.42874481141445     
   460.46435843446130     
   467.54595018246738     
   476.47667928590340     
   480.48662448575993     
   472.88543067202914     
   469.56556243043661     
   460.18735044032150     
   458.38386282961625     
   452.22095520072907     
   443.94921909431588     
   438.04048692192328     
   433.46680624505171     
   429.35592829688562     
   425.89586624451380     
   423.46401062359769     
   421.22941070541134     
   419.06886491569742     
   417.67960604761225     
   415.66470879339886     
   413.64103003538531     
   411.12502665587806     
   409.59808093606233     
   407.80319339363757     
   404.89942341525443     
   403.60544595719392     
   403.29571492116793     
   402.24613124548318     
   398.05858684865910     
   395.32571816390197     
   393.74746108881868     
   393.36592319617512     
   392.70914635759533     
   389.32939586360703     
   387.77345067445094     
   387.84626123859090     
   387.65490184707869     
   386.90031515502147     
   385.78627370498970     
   388.06997178498523     
   396.35729384024808     
   407.23805294403422     
   422.96415240766783     
   437.68232462828399     
   438.12009984939419     
   445.75342708146718     
   452.15078593018478     
   462.06543398805405     
   471.04747379989914     
   476.21458024963869     
   478.51026403743674     
   478.12922822691803     
   477.55889246711951     
   466.15748320400405     
   475.30176051030338     
   468.37359529984303     
   459.64047044654228     
   451.39273814955470     
   442.78476360887936     
   436.41831160037094     
   431.71794491415670     
   428.07506044494318     
   425.11107229726412     
   421.12292625520035     
   418.82068829640144     
   417.43292753394547     
   416.49262851101776     
   413.26980724075514     
   409.44680467133725     
   405.17357137589380     
   404.26580716232826     
   402.50204146099799     
   399.86202796812523     
   398.24493447469035     
   396.73772870074606     
   394.22705480189114     
   392.69412111427437     
   390.76632310589395     
   387.83077723437691     
   386.75094089693755     
   385.20254463323715     
   383.37639767587245     
   381.96251303307889     
   381.32184784413556     
   380.01552080087163     
   378.64720669814409     
   378.57132808379458     
   382.12079009127137     
   389.50724554984600     
   400.85249388905100     
   411.83894621609261     
   423.65495903764673     
   426.98716231466420     
   437.31579261749710     
   446.87555505550506     
   455.01821577821585     
   462.07391769382662     
   467.43960455680957     
   471.61084130534596     
   472.66657173252020     
   471.55204601880808     
   468.12429488672376     
   466.63418740646267     
   460.70159178784678     
   456.43401289363840     
   449.50269487319997     
   440.72709910381013     
   435.35525950123946     
   431.87044239003603     
   428.06667256082613     
   425.40274699230287     
   421.87104885800125     
   419.19896477364790     
   416.31886854233341     
   414.14234167909439     
   411.96619692755615     
   409.75065933787630     
   406.85662070855506     
   405.63574891128945     
   403.73069391034215     
   402.05531959588711     
   400.18729239905747     
   398.03705148813259     
   395.78145731601711     
   394.00460863358632     
   392.28796684868252     
   390.61952229204030     
   390.17845879782743     
   390.26317659525466     
   388.80184487067794     
   387.89549415278765     
   386.29372400598402     
   384.25066581472635     
   382.43434045547485     
   381.91547470593611     
   384.37636859988334     
   389.79886034786779     
   401.74652414272111     
   413.99106176341104     
   427.63239909837762     
   431.03459479802757     
   439.97708870720919     
   447.57393433600635     
   455.84560386226661     
   462.99354407188633     
   467.39848369841121     
   469.28898588630437     
   470.39193282407683     
   467.87004903392881     
   466.57346626757715     
   462.01954328561470     
   455.31114850726982     
   446.86950817260742     
   440.85385739248517     
   433.97769519067447     
   429.88605144078610     
   426.97673432654187     
   424.79061802223509     
   422.56233400112040     
   420.68224310197161     
   418.75243832541997     
   416.35156489843047     
   413.74274040440912     
   411.55338756974885     
   410.40678362994259     
   407.87311791615667     
   406.82524850260933     
   406.03019165450189     
   404.53158382852200     
   402.14525563170520     
   399.35333020469244     
   397.78536284539894     
   395.14319020355362     
   393.22801727373661     
   392.08822512463985     
   391.01942553363682     
   389.01220308718996     
   387.40241194951227     
   386.78195990184395     
   385.39362685739343     
   383.38384817859713     
   382.67739670985367     
   381.39374592116360     
   383.40537375600184     
   389.27963668871780     
   399.51871734427942     
   410.05691439423856     
   422.61353526515825     
   426.33145545937975     
   436.34938892277665     
   445.64565927352902     
   453.58889991831836     
   460.69729934373311     
   465.86432516346053     
   469.20962876955696     
   469.30173424049320     
   465.69969896000839     
   464.37826274265728     
   459.21494171989320     
   453.82897781235124     
   448.40275936562932     
   441.01714493974913     
   433.86528622230486     
   429.54175339122133     
   425.85683886234176     
   422.88406504815595     
   420.82845625962113     
   418.50424188078756     
   416.17733016026398     
   413.79764585647712     
   411.43958138800787     
   409.78194993744307     
   409.37534031353727     
   406.71165311147968     
   404.62167176522485     
   402.29950265415528     
   400.28570028627541     
   398.72227310877884     
   396.80412397819003     
   394.50592957112627     
   392.74140124393932     
   391.00738863619245     
   388.28061522100910     
   386.50344139608563     
   385.67656562548865     
   384.83190732594892     
   384.30957915221313     
   383.29581830571612     
   381.45620838065969     
   379.53196144798432     
   378.19728899987143     
   380.54956446435250     
   386.18371580765393     
   397.05105940635343     
   408.14382477943923     
   420.66020615801887     
   424.59929772795948     
   433.39036937156357     
   442.43639719933105     
   451.01392794718390     
   458.28388756105818     
   463.19442410189816     
   466.74398109224290     
   468.08118291647980     
   468.10714825716110     
   466.08650485231470     
   462.59752916695413     
   458.87004856989091     
   454.21471943002138     
   446.54878086986741     
   437.67749690181120     
   431.95523963272552     
   428.58688576602310     
   425.98978538992026     
   422.72933326241173     
   421.03974327385657     
   417.96361936219972     
   414.95810131949145     
   413.62791970422387     
   411.72686634119736     
   408.96347354731756     
   406.51579544340632     
   405.20609351185504     
   403.45276954725159     
   402.11498796566400     
   401.05081715598897     
   399.00587705423590     
   397.07628153159283     
   395.71751903424399     
   394.81317043110715     
   393.71375010830451     
   392.63930015094206     
   391.48723789002253     
   390.01942584882380     
   388.57294140332891     
   386.57629817875454     
   384.39920673684753     
   384.36263017459794     
   385.45517560527685     
   388.38509897197878     
   394.24684054884193     
   407.27161292429980     
   411.16516209830746     
   423.80822220330509     
   426.01604872906262     
   434.82932514961880     
   443.27071616470278     
   452.80733149673637     
   460.18409279935440     
   465.39405873480104     
   468.39711756851034     
   468.02028432991108     
   466.64748346521810     
   464.51499694513734     
   461.11991451993350     
   453.27528794665687     
   448.29506047009858     
   440.76728284859706     
   434.36118676021783     
   430.16107492397578     
   426.92185566469431     
   424.09713795970117     
   422.02798806703208     
   419.81081736380344     
   416.37434522201465     
   414.28875022002256     
   412.22166246156195     
   409.90518952489941     
   407.95701912328116     
   406.91938025271236     
   406.95334113703649     
   404.33705425091654     
   400.74996107784733     
   399.37175185194860     
   397.08957952369468     
   396.04266977908338     
   394.72458403190637     
   392.95306172240782     
   391.30075115693251     
   388.59295852329927     
   388.02942864671536     
   387.25623120314509     
   384.94238919251507     
   384.48802007564746     
   384.88997531665171     
   384.42714818695009     
   385.06776884641187     
   385.24553281868498     
   388.19777006748194     
   394.61668599358524     
   405.22466718813234     
   410.59780531511700     
   418.61484424845747     
   429.02699771988659     
   437.81824394195826     
   448.74202995241723     
   455.22908742925779     
   461.02576229608934     
   468.52643600252662     
   469.75168038679300     
   470.67210883104093     
   469.12511907359101     
   464.04441028206190     
   458.45843272292296     
   451.85368335089220     
   444.45942401369524     
   437.10330024931784     
   432.05485647217921     
   428.96304513440032     
   426.52174389817384     
   423.94399090953868     
   422.70795869860524     
   420.14580068669665     
   416.74994853725502     
   413.41692489070283     
   411.39749235502416     
   411.50942248772293     
   411.97143085415343     
   410.99759122754102     
   408.57484142479126     
   404.48444209251551     
   400.92572629706314     
   398.45680955871597     
   397.80954904142334     
   395.92774043276199     
   395.06751487602395     
   395.30725853701273     
   394.25898763280480     
   393.13567858636242     
   392.56522170726618     
   391.69534920255268     
   391.01292367598211     
   388.35054249220264     
   385.28128089608305     
   384.56326904824510     
   386.03732162143581     
   390.40785090108250     
   404.60446834010594     
   415.09306571816700     
   429.17927735644668     
   433.81964768128313     
   444.32317454345366     
   451.28984326990980     
   461.35780441531136     
   468.90756032968852     
   472.93015556611329     
   475.70899548437023     
   478.58221066256664     
   478.00351089574184     
   476.59106643031498     
   473.78264273248840     
   468.05653340470235     
   461.88252263265599     
   453.30975616754409     
   444.29819210181972     
   438.56118150200820     
   434.79823465667505     
   432.34444644878312     
   428.63008534900825     
   425.13480602548520     
   421.33120726293600     
   418.51209948040008     
   416.10807701416974     
   413.74506578993953     
   412.69451814131190     
   409.25848055695934     
   406.21393264509999     
   402.91555552329038     
   401.45296427266339     
   399.94928697122060     
   398.11207503489561     
   396.55574718549190     
   394.62032378741668     
   393.15790235330184     
   391.35922977257997     
   389.67345424018146     
   388.63271063275590     
   387.91110096214038     
   386.27959645428962     
   384.15173806776704     
   383.01132323709516     
   382.59737045714030     
   382.48716879308745     
   383.93406576988059     
   386.43998144003319     
   394.99548140564963     
   405.70724650142017     
   420.07068142875420     
   423.60688907090952     
   433.19951173945958     
   442.60996277900705     
   453.62415221338472     
   457.74707341111298     
   463.58360947406163     
   465.87260787173170     
   466.89631641267647     
   461.45341383773450     
   457.45189361865994     
   454.65854820638037     
   448.72312874036123     
   442.52136827755032     
   437.63190300161665     
   432.67340469800700     
   427.57032529594960     
   423.71698305565894     
   420.93870610484055     
   418.62815371062021     
   415.76123637102467     
   413.04391572174035     
   411.44145636400503     
   408.46248215461787     
   405.12171946168837     
   404.61518860855261     
   403.04998093468356     
   401.20185496147616     
   399.72240489967152     
   397.70470400384573     
   394.90911469947218     
   392.35351068050619     
   389.99164048043770     
   387.61514269618277     
   386.29277972816732     
   384.56957984675506     
   383.33261770118440     
   382.95750396842936     
   381.55251172994980     
   380.97485791644704     
   379.90590118613545     
   378.76077923475572     
   377.64068113802313     
   376.62608431714153     
   377.90278996136288     
   382.91196463405447     
   394.11525693127527     
   406.18324532347532     
   417.82788098413113     
   419.53987419281657     
   429.59276802633457     
   440.09399027778278     
   448.69334931438442     
   455.71027403264941     
   460.49787251311625     
   461.64065107536891     
   462.82359371278216     
   461.93230876455215     
   458.55607775694432     
   454.15088986787100     
   449.10620678282243     
   443.05679150036752     
   435.61421684956304     
   427.77855424317477     
   423.00782142772778     
   420.56958336356195     
   418.21367849831893     
   416.39581478869684     
   414.37379977370944     
   411.04516829614863     
   407.35792451483184     
   405.20359038990972     
   403.66777798527085     
   400.76851490143747     
   398.33786517808267     
   397.89597833030371     
   394.79429737178970     
   393.44538670315274     
   392.81143981038338     
   391.54882099943535     
   390.09403393176706     
   386.95707958831406     
   384.76058417125597     
   381.83872868319492     
   379.67878993427388     
   378.44088413233322     
   377.16947125329699     
   375.74581679346181     
   375.00678459545139     
   374.10688774049396     
   372.92096376390163     
   371.18437831418407     
   372.39552773646591     
   375.80805013517846     
   386.41066549661184     
   398.22656230223384     
   411.29544435106970     
   414.82640554936336     
   423.69047362512498     
   431.54171622491521     
   438.68639883103242     
   445.40494646092486     
   450.72490584838613     
   454.16992408991393     
   456.05984193579530     
   456.19894791015264     
   452.92323588059122     
   447.34719334820778     
   441.77939097992203     
   434.46462715074102     
   426.92964982714631     
   419.46565469297792     
   414.41112168516833     
   410.77493804414280     
   407.34027847936915     
   404.27343208532454     
   401.78929178547503     
   399.09888109763517     
   398.12533432191304     
   396.75205429601272     
   395.34543255630246     
   393.82981747330166     
   391.60953671815639     
   391.16842738228820     
   387.80665018715098     
   385.53909913654718     
   382.36227828617825     
   380.26328438859457     
   378.51056238999968     
   376.13571125908584     
   375.47419780617429     
   374.25601996447818     
   372.46473059511794     
   370.65968118669804     
   369.11303483268108     
   367.63368999604728     
   365.83794589708009     
   364.75771742037159     
   363.34534139910477     
   360.70950070971293     
   361.06873245670312     
   366.20051490382815     
   377.38375781849618     
   389.48725100019192     
   400.64741767142908     
   403.68208404106446     
   413.17231924280424     
   422.03177923803884     
   429.96083505722908     
   437.27685786482988     
   442.30042287991466     
   443.24014386805999     
   441.97146760079642     
   441.17205685370971     
   440.00727387906136     
   437.78054784810280     
   434.31546996491727     
   428.93245099136777     
   421.21103412859344     
   414.80308978014313     
   410.27917113509250     
   407.83953858163687     
   405.79780108884620     
   401.41110652039407     
   399.51681301642992     
   397.08180389846984     
   393.75561293429257     
   391.58685010382578     
   389.61908784265609     
   387.15003787640313     
   384.56554147052339     
   383.00539126722157     
   380.78833167632149     
   378.80805767612594     
   376.60577702954464     
   374.81859520212640     
   372.93682917761072     
   371.23960287205631     
   369.37779404557745     
   367.71048611459310     
   366.27913633266883     
   365.24141276024085     
   364.45869692453522     
   362.70205355499718     
   360.88153475465805     
   358.95000700259556     
   357.13360184420424     
   356.02042561827460     
   357.07635634760442     
   361.27612044545612     
   371.34585472675070     
   381.71887622180077     
   393.07970245988292     
   395.70929801218210     
   405.62905287241404     
   413.97373809810421     
   420.95032436392745     
   427.22832890861281     
   430.51253527504412     
   431.54628212543639     
   431.43685925429020     
   429.80238868229054     
   427.88518136594291     
   425.07916768391851     
   419.89369996560873     
   413.45049343329509     
   406.07369768914634     
   399.02008234845778     
   394.32921061425247     
   390.74816423735513     
   387.28896864058720     
   384.49501929618566     
   382.82849494620990     
   381.65579161177567     
   380.26834878501552     
   378.93251898825633     
   378.12104159349525     
   376.34828050208870     
   373.67110632767947     
   371.70249876888909     
   369.54733690472739     
   367.77201124325245     
   366.18424489990059     
   364.32694460465717     
   363.40308092190179     
   361.33674390070479     
   358.30985946628789     
   356.50027479705909     
   355.02966662462870     
   353.15606397314713     
   351.65967440208669     
   351.26382640244543     
   350.29859085414228     
   347.92548443355611     
   347.00685417717159     
   347.16938580847761     
   348.88339236538019     
   353.70449940028931     
   364.00030920877703     
   374.60271602466207     
   385.83833240453617     
   389.57068900506448     
   399.76012517054875     
   408.62280391414322     
   417.06899714911469     
   424.06489854968510     
   429.52269462082046     
   427.53110392864460     
   432.02874015899272     
   430.86425107281974     
   431.24087602335817     
   426.74648753262142     
   424.54046965423061     
   421.10642446985594     
   414.32356558498236     
   405.92331574244747     
   400.87098896625446     
   396.43560408621261     
   393.21435548000136     
   391.01530807871916     
   389.65064676795828     
   388.25706061815021     
   385.92359180896887     
   382.97865997079123     
   380.05843195496396     
   378.28771043326168     
   376.86679449713682     
   377.84755691366246     
   372.59499474728693     
   368.95551743398369     
   367.29210720948691     
   365.60353755061107     
   364.97386027591222     
   362.94288769736733     
   360.06142442797830     
   358.92617721485169     
   357.30662240010508     
   356.30855688576406     
   355.60040131328168     
   355.36128225320101     
   354.31393150793650     
   353.71075717065844     
   354.10668697644161     
   352.70375717672243     
   352.97012153384566     
   358.00315365367828     
   368.31033842806539     
   381.20836770758768     
   396.09839448736170     
   398.56687873575061     
   406.97222898920847     
   410.86485998485489     
   416.63933720535971     
   426.05168981705015     
   430.99402665898725     
   437.77765607621950     
   439.93020301166985     
   438.66069864126410     
   436.89182173540178     
   433.64443929723973     
   432.19050044991457     
   425.44558858645712     
   418.02927878500662     
   410.84215779795005     
   406.33342455139245     
   403.34131864183308     
   400.38483322593925     
   396.57994128322298     
   391.96660730673125     
   389.34993179048905     
   387.81135054079573     
   385.34103012217412     
   381.40503460981887     
   378.92605965143127     
   378.70026550811042     
   379.27905813279762     
   376.37139987461717     
   373.38789650183878     
   372.83777349510774     
   370.72265656164041     
   369.95082622783161     
   369.60942420098269     
   369.61620316259871     
   368.92792719376388     
   367.02423247652723     
   366.01699375730976     
   365.18995596894882     
   365.44856300463061     
   365.55421897981580     
   364.28884935011604     
   358.80716325998992     
   360.73043764548322     
   364.62930310634300     
   369.91849184599823     
   379.61313155768420     
   388.83561415436839     
   396.76066599083441     
   399.78826777647839     
   410.46926884450301     
   418.05690026669077     
   424.26144579380127     
   423.04299553865872     
   420.43130670522601     
   419.35050761657516     
   424.10719500515808     
   427.55535906413246     
   438.08776219320083     
   435.72052821313798     
   425.92156938241556     
   420.32181123760466     
   416.66742638651232     
   414.36937588369756     
   412.79410771301116     
   404.33252235033450     
   400.13915798552466     
   399.13124063694193     
   398.28456854120520     
   397.85353214341819     
   397.58929112827434     
   397.40345023681147     
   395.20495872806237     
   393.55162884975675     
   391.98410461257663     
   391.41471585418441     
   391.35666036024008     
   391.08593542143188     
   391.40466474775019     
   389.50724426209950     
   388.55531451849856     
   389.08194797224917     
   388.63202552013911     
   387.93514210734509     
   384.54651499622344     
   381.19900661435167     
   379.21823978100696     
   376.68663746674690     
   375.46422915257170     
   374.25599932630422     
   370.67112560994207     
   368.99231247404310     
   367.58944152852985     
   368.41476345543947     
   373.02654907865309     
   379.96512048422062     
   386.16210094686653     
   391.24651747023296     
   399.54597293538660     
   409.60167373173545     
   416.27278425756765     
   417.44871195641537     
   416.58944394289250     
   413.73983337317833     
   406.52827475718408     
   408.55728867824286     
   410.42006215272238     
   404.39380856614417     
   407.76235313862401     
   406.48120021579007     
   397.00534835597762     
   390.69976285289601     
   388.32438548444208     
   384.63815180167177     
   383.49268284756607     
   384.86868171328439     
   385.96311398673811     
   382.75483299152921     
   381.47031026186829     
   380.83004231936962     
   380.51221611624669     
   380.41594492461104     
   379.83692496016039     
   380.26499714940405     
   379.36805806866880     
   377.87695845913044     
   377.09094589774946     
   377.10567663166000     
   376.67681550956934     
   376.19766169552429     
   375.61158824132457     
   375.47763087344310     
   376.13275406003777     
   376.74862733146995     
   377.18245254167573     
   377.36697326054792     
   377.19430681339065     
   376.82504718162988     
   376.92045918370417     
   377.19079111199648     
   377.78574069754637     
   380.63047089990351     
   382.15662202405241     
   381.82465616470813     
   383.85826873173693     
   383.42749625529189     
   384.89405873775905     
   386.88067166293234     
   385.63628785205310     
   384.60835697797319     
   391.40178653638912     
   396.15443045358256     
   404.03720191113183     
   397.59131050134062     
   388.46896023519247     
   384.62971188289220     
   382.06968853972944     
   377.73747122195920     
   375.13207247717378     
   375.17332911111339     
   375.73998536076346     
   374.66084726723301     
   373.69341939782470     
   372.52288470293718     
   371.92646645754769     
   371.82987401521058     
   371.85408800278327     
   371.37519329351267     
   370.85842446987914     
   370.43603502668674     
   369.80998531824287     
   370.82407111760233     
   369.34492934791103     
   368.22791527568177     
   367.46421660430553     
   366.39552552604846     
   364.75652240200088     
   363.52379108060569     
   362.55294492044567     
   362.24028917190128     
   362.06748368549626     
   361.56662916864320     
   361.18503286044177     
   361.02434879942280     
   361.57076148002852     
   361.27698832207278     
   360.90123354868450     
   360.04154456706334     
   359.40239130745505     
   364.32474026722934     
   372.79393248287977     
   382.52909896196854     
   394.71497718825066     
   398.00502302140222     
   407.35929200596775     
   413.72397725619328     
   419.44387949309663     
   423.03207585386872     
   423.97410184887372     
   424.55304557114590     
   422.22083432864838     
   420.69168704682482     
   418.46643143400297     
   414.74567182318441     
   410.27643283164514     
   406.13881979720378     
   398.74841137507150     
   391.39503871444043     
   386.97955664065682     
   383.06628413674133     
   380.21121548085904     
   378.17130959770174     
   376.16800968680542     
   374.02167028415374     
   372.28574319281364     
   370.48212368980404     
   368.65228544786038     
   367.52315413997820     
   365.89480301923595     
   365.08955334168087     
   363.10696680654934     
   363.16479429176934     
   361.39970954053854     
   359.88167176793161     
   358.55429610701037     
   357.39470288787919     
   355.85269249452921     
   354.11345615137338     
   352.79622677516551     
   352.12184710114269     
   351.41770770780016     
   350.51921789772013     
   350.18950874312264     
   349.46975662306437     
   348.50292886888292     
   347.89106422755719     
   349.07316547007986     
   353.15703901078803     
   361.25579529994980     
   371.54449106790696     
   382.86727215254177     
   385.17795527955815     
   393.97965076507029     
   402.06409257629474     
   409.31277606919173     
   415.10665308378356     
   419.56780837720868     
   422.43383577529727     
   423.93224341782877     
   423.77186552197207     
   421.64312984587752     
   418.45059942908432     
   413.52669344050230     
   407.36489596887418     
   399.83235606888701     
   393.14747483528691     
   389.07473917801235     
   386.15590736379681     
   383.19920994022817     
   380.45954882869745     
   378.26640775665442     
   376.34420437456481     
   374.29606429984409     
   371.73775725425565     
   369.66101333728471     
   368.81014523971493     
   367.83589506323580     
   368.19124277225148     
   366.62195306062500     
   364.23281320170730     
   362.88780821074141     
   361.88620160191988     
   360.63740600575767     
   358.93602034392444     
   356.94153091969463     
   354.94017453673888     
   353.71036728987633     
   353.21376571963498     
   352.63438060684899     
   351.26318838737836     
   351.15829658053633     
   350.95622070991794     
   351.91575490847475     
   352.84891241075627     
   354.05949886892080     
   358.94494506114199     
   364.05597429756011     
   375.20407843818998     
   388.86019744214980     
   387.38890748003053     
   394.34129043825124     
   400.20624004142411     
   403.55957539375714     
   411.09117767232567     
   413.09230307208179     
   418.29556493499899     
   411.54187973974945     
   409.09288401217123     
   409.38187290162909     
   405.17670719149703     
   402.62971606600610     
   400.45744834388643     
   396.38673715811797     
   393.51450234696415     
   392.31731393739534     
   391.21782879340680     
   390.74596093633681     
   389.84276782164835     
   389.24507258211008     
   388.52997599467989     
   388.27595527460045     
   387.72946661325068     
   387.21399292587773     
   386.52471484191409     
   382.56326636201527     
   380.66300868159692     
   379.47172853174004     
   377.81306888177488     
   377.31944560978701     
   376.04690000760775     
   373.69693332208010     
   368.95490497595904     
   365.22635946240683     
   362.84514063132553     
   358.71334425295578     
   353.82204992024998     
   351.09757620860864     
   349.19101085421903     
   347.73005887379873     
   346.29252595349175     
   344.94664683311811     
   343.91520080514260     
   344.28515667289429     
   347.58554323602061     
   356.08291411328548     
   366.75145692583629     
   376.81153465728130     
   378.62507862613535     
   384.96236222419668     
   391.66687326324438     
   398.18993741835556     
   405.82521155907057     
   409.32918834710426     
   409.63602056249744     
   409.62409679684731     
   410.25148722898041     
   409.42495012749094     
   406.42139500688967     
   401.42854723210598     
   395.18152523714662     
   387.52704555523036     
   380.37477752127626     
   375.70108918973483     
   371.85369196706529     
   369.11031159366678     
   366.79262583638445     
   364.84446581652503     
   363.03685146922351     
   361.43849271281260     
   358.84118301252175     
   356.87282713883098     
   356.05288659823634     
   355.11372079796365     
   353.33429649508435     
   352.63959408559822     
   351.32864988974768     
   349.94942257767298     
   347.13124135093329     
   346.02726347693999     
   344.46953341095599     
   343.52716843583084     
   343.38900706012993     
   342.25414269504114     
   340.79252457048267     
   339.84912386226722     
   338.56810490189577     
   337.98810698363258     
   336.70752014597582     
   335.74900107671795     
   334.20779616477068     
   334.67000193959996     
   340.31436233615813     
   349.40220431827584     
   358.75647917301990     
   370.81927240323222     
   375.31780983889081     
   386.25359701443693     
   395.04945131891634     
   402.87565656569882     
   408.65088880953402     
   412.22543152819861     
   414.07448828849215     
   415.89744229819848     
   416.36682181626173     
   414.02849060764083     
   408.06622759502176     
   408.48574107298975     
   399.17854017995541     
   393.16622506083445     
   388.76613645552385     
   385.11993302165297     
   382.84088312710043     
   381.00152119039097     
   379.03118056180477     
   377.38433957341761     
   374.79574139067603     
   372.54356677932071     
   370.21412713361383     
   367.85197746025693     
   366.75635012184989     
   367.27171547648874     
   365.15944685163720     
   364.81193584492831     
   365.19806085372738     
   364.32714255582380     
   363.79998895033799     
   360.76480725349438     
   359.29551366922209     
   357.87375978501012     
   356.20030659293639     
   355.65333982343776     
   355.50093586181146     
   354.10809134605518     
   352.93647094473152     
   352.12113469834395     
   352.03610467531092     
   349.52302867433957     
   347.70987871489882     
   347.92431186141783     
   351.35476844088538     
   359.55778326036670     
   371.29609218069618     
   385.60774750009489     
   393.58617277300777     
   403.98487499253451     
   411.69337155111504     
   418.72280742961243     
   423.06737362322997     
   427.66441894406836     
   430.96070701155429     
   434.41758432356920     
   434.30173457375946     
   431.30603109167197     
   425.08273512044104     
   420.19497620466780     
   415.24988470992338     
   409.49246385531188     
   403.07408797114613     
   398.22288477967811     
   395.17034407362263     
   392.92715584244115     
   390.84174772290328     
   389.27468571827382     
   388.72902199156118     
   387.76210706006219     
   386.36225340874523     
   383.62356242360596     
   381.62510023119438     
   381.05344503868508     
   380.12488982102076     
   379.21550420714459     
   377.59372410496309     
   375.80058868985907     
   374.30806949712098     
   375.11481217024271     
   374.31211060118244     
   373.12702412914729     
   373.72500608706065     
   374.66633098563898     
   373.52379463015313     
   370.74860566910223     
   368.58243130704170     
   368.53453691100640     
   369.71896586961088     
   369.99430335004098     
   370.92481906936183     
   371.19432568233105     
   370.64133936289392     
   377.60494211624069     
   388.73908675326396     
   401.84474626477839     
   405.97536246037896     
   414.58668846056975     
   424.18163375242415     
   430.90554526554143     
   435.58272140964709     
   442.11670105958865     
   442.83156323324869     
   439.35518441254487     
   439.00254719624115     
   432.06140961072197     
   433.24793767345477     
   429.51895973636800     
   423.37464570608938     
   416.01542571200457     
   408.02844674433305     
   402.93681445826502     
   399.72913547507397     
   397.38018278271574     
   394.50883934623994     
   391.68345131609215     
   388.96500185196817     
   385.85757295214700     
   383.92907333473960     
   383.24305885142184     
   380.35593639351686     
   377.29227846138321     
   374.75596121416828     
   374.14721046416042     
   372.99679776216550     
   371.15720402045400     
   367.50413708372366     
   363.57101685683631     
   360.09724811281768     
   358.00869551222570     
   356.61498839759219     
   356.60800155790184     
   354.50927084272837     
   352.91900945938841     
   351.48233921741445     
   349.10789202198373     
   346.11172288155160     
   345.94477029506868     
   347.46167306440674     
   348.01641074934247     
   352.39867787965142     
   360.06145014772284     
   371.31717349820434     
   383.29807509373489     
   386.30775205030307     
   396.59616825462138     
   405.48021171392196     
   413.96507030490153     
   421.30798970741290     
   426.76652766298690     
   430.35463621718878     
   432.67855515308315     
   433.75066761345744     
   432.22876857251708     
   426.51167671694600     
   424.88145317916138     
   418.11924162346207     
   410.11697550281764     
   402.17824646937578     
   396.58424590363057     
   392.56619107058833     
   389.35566760004508     
   386.57644387768494     
   384.38579875705352     
   382.05046188587193     
   380.66865047826900     
   381.32298402711069     
   381.12081311473747     
   380.12089799056110     
   377.18054677123911     
   374.16740597369767     
   373.17767478644754     
   372.52164234810539     
   370.42888828349692     
   368.43814114116805     
   366.53122495731509     
   364.93240555062766     
   363.84006694306936     
   362.38155769666588     
   361.30577219976084     
   361.31810155013608     
   360.80640505893291     
   361.49162052588622     
   361.27988381574187     
   360.85204581667000     
   360.22866573240066     
   359.42375091402249     
   359.96943992900384     
   361.14155821431365     
   361.54210843878565     
   371.64589921895879     
   385.72975388732004     
   389.32865389141773     
   398.51597414454136     
   407.44024014415464     
   414.61579506557712     
   420.37315341324955     
   425.02585965596717     
   426.49662405025316     
   426.26230128700092     
   426.06339225271802     
   423.36487136975865     
   419.65919696322322     
   414.87750436671615     
   409.11194916259353     
   403.25664587634691     
   397.33595035351311     
   393.05882385329085     
   390.59455115600269     
   388.32028702937629     
   386.02960743815271     
   384.13210505486705     
   382.51261413593272     
   380.13881147877646     
   377.61000526881446     
   375.43407306560954     
   373.81594049547118     
   372.77661252278807     
   370.37575411902390     
   370.13881402596661     
   368.63836524789338     
   366.95666906806747     
   365.96653637550230     
   365.60460988831636     
   365.66363289590942     
   365.02590938437959     
   364.08591511358708     
   362.28153342368086     
   359.67849627041198     
   357.11886425570577     
   356.30500406673957     
   355.08085589883075     
   355.39068147132735     
   354.11806412786854     
   352.71558986393188     
   352.89028804781776     
   355.10851980851868     
   359.90028870645676     
   368.90660412707473     
   375.70032716881059     
   377.53151610097524     
   386.64760648348499     
   392.94255200462658     
   392.71843806005114     
   394.95211911657748     
   394.91739186413787     
   395.77634385114555     
   399.77602680413901     
   396.31243219597405     
   396.93267940654778     
   394.76102389462864     
   392.26728798384318     
   387.29631499793805     
   382.60697647021169     
   379.10322421227079     
   376.37616302293065     
   374.62180469420747     
   374.61423873198299     
   373.83710442309734     
   371.02772337063027     
   367.03027342161101     
   365.93294017720967     
   364.99698615775230     
   364.83554864174215     
   363.19105266714735     
   362.20685335841381     
   360.52621855696970     
   360.26693460377055     
   358.03265767161116     
   356.17495090729659     
   354.78409757718362     
   354.36792479922059     
   353.88088635116901     
   352.60495979965413     
   351.21053392583758     
   349.73630436869729     
   347.77852454219760     
   346.05540380613064     
   344.91519073444385     
   344.74820678271112     
   344.34839921830957     
   342.78867904149877     
   342.94701010204523     
   344.41262199175725     
   348.18982553833666     
   357.77797074037937     
   365.76011076827757     
   369.37666638154633     
   369.47321805338788     
   377.94686027580963     
   392.81318675343135     
   399.77077076871461     
   399.61864945685744     
   403.96437719139635     
   404.71886543200924     
   408.38122855621748     
   411.57950253185368     
   410.69584533777800     
   407.67628509239387     
   401.38603161555920     
   391.23832695467661     
   387.00758305210331     
   383.33098065976731     
   379.32680594876149     
   376.77511614381120     
   374.26368021843672     
   371.77164698141473     
   369.84642524829474     
   367.82844481625966     
   366.15634070698275     
   363.73287348483154     
   361.19278503744573     
   359.64122231886512     
   358.21271886798638     
   356.49987898194900     
   355.86975902350235     
   354.72415786087663     
   353.27832420156005     
   350.82855088517277     
   348.23135005953128     
   347.12791855281216     
   345.12683995171466     
   344.27368694151914     
   344.77636678890747     
   345.74292982015908     
   342.71778028784752     
   341.85881396540009     
   341.75476313773112     
   341.72487865453633     
   341.47950668758989     
   340.26060700711918     
   341.92274273016750     
   344.87628140080017     
   347.51080922365367     
   350.29981075773082     
   361.02905671175785     
   357.51355056429236     
   360.70216580858630     
   380.27213455318935     
   386.80326404799501     
   388.61023077659729     
   393.18743796317995     
   398.65172895982062     
   400.15617018310650     
   399.57291038775577     
   396.71845418235739     
   394.02004647850356     
   390.72799133084823     
   386.91830183099802     
   381.99926311933802     
   376.71442430701927     
   372.89698544820948     
   369.82563611561972     
   367.32423747879443     
   365.32533931243125     
   362.81292748050612     
   360.18457485299422     
   358.15558154802847     
   355.35176900402712     
   353.21347350832758     
   351.62633834085398     
   350.36240973880655     
   349.16253408041217     
   349.17916510582239     
   347.21179752861951     
   345.47272578906552     
   343.82571790811477     
   342.64849514925896     
   342.22893685439334     
   340.76214726676449     
   338.96420241813126     
   336.99932563594336     
   336.28325130348804     
   335.37070346945774     
   334.18684042958290     
   333.96991513626006     
   333.02276973206716     
   333.65984476299059     
   332.83540344112390     
   331.74768809395448     
   335.30769593418637     
   343.12924468813418     
   354.85138877247704     
   365.09158522803028     
   368.00412032869042     
   377.43009782090235     
   385.95162707796322     
   393.20484311170213     
   398.82837664744852     
   404.13863802174876     
   407.12010530313694     
   408.34887026016906     
   408.36820820712842     
   407.10251528968683     
   404.56293326866762     
   399.98071688376569     
   393.92552178443378     
   387.15707357192332     
   379.94596856888921     
   374.88441307899956     
   371.72629849801984     
   369.34674326803503     
   366.89500577364095     
   365.44908652738189     
   364.32147000930229     
   361.55848746460833     
   358.14815727805137     
   356.89980360820482     
   355.37929675022656     
   353.66981288041200     
   352.12480724036158     
   351.22415218968172     
   348.89530479774373     
   347.34612704361484     
   345.87570892684369     
   344.85582775500188     
   343.60648263084408     
   341.03767105002368     
   339.08183007436196     
   338.15641458469912     
   336.52327546924835     
   336.78051512858821     
   338.69400189366041     
   338.19554267240449     
   337.41384280292459     
   336.31084385036741     
   333.67941075126595     
   333.38650057467356     
   336.15952524410687     
   345.24926395793170     
   358.49779371962831     
   371.52966111062500     
   373.34462347672940     
   385.95626991295779     
   397.22733748946666     
   410.18381787954235     
   416.03056385268110     
   413.96361818678201     
   407.92781081567915     
   411.69202131738541     
   412.01568563390930     
   413.29706224906653     
   411.92056355607070     
   404.58666016810190     
   401.84234520621789     
   395.60630598244393     
   389.26222363266260     
   384.61879851825495     
   380.73012016968397     
   377.06844803550371     
   374.83175140264206     
   372.93294007792770     
   371.69519928498431     
   370.03269709526217     
   368.28730933726820     
   364.96332052633818     
   362.70017518586633     
   361.23105871746816     
   360.93596426434476     
   362.30803683006678     
   361.46770590899501     
   360.68230400718409     
   360.15637130115869     
   359.50200654896071     
   359.03246270056593     
   358.38490886481878     
   358.38997930211661     
   358.74156813932308     
   358.47393495803999     
   357.32029679324938     
   356.10319951139456     
   355.34182282696088     
   354.84178588511509     
   354.26240368873857     
   354.16519893348487     
   353.78854717084954     
   354.63658927583941     
   356.90591439719788     
   358.97963170585848     
   363.70326913138769     
   364.34483877129060     
   370.15058119844178     
   372.57100361824240     
   376.60485247818838     
   380.98132223116556     
   384.45700282232332     
   387.89791963854947     
   397.25209536452149     
   390.95932362719100     
   387.43727531851147     
   383.17085158081727     
   378.30941834560690     
   377.12948008124681     
   374.07366893052290     
   371.85597203301069     
   370.69160408594433     
   369.39901876915019     
   367.73095456245170     
   365.88788531225231     
   363.85827080477145     
   362.42700259904734     
   362.21722497617935     
   361.54833934335693     
   357.89238230434876     
   354.59178555886831     
   353.34593046474652     
   352.82018487790077     
   354.89192424342815     
   355.67520662895356     
   353.89452212084825     
   351.55134949894176     
   349.43962086995089     
   349.28173755376616     
   350.71743069389623     
   349.76510572408228     
   349.45201627956686     
   347.83478276790345     
   345.78753082426539     
   343.87842842432758     
   342.48025070419544     
   341.47942009934241     
   340.81731611392183     
   340.21732121650427     
   340.06815846352106     
   344.23706355201472     
   350.50234304370622     
   358.47590801214290     
   366.96805997407245     
   367.91666800854574     
   376.37862206536943     
   384.23133683773801     
   390.89130086128961     
   395.97411095677569     
   399.33339616736430     
   400.69397173955605     
   403.95396372274058     
   400.13178346340817     
   398.08059726627283     
   395.87603591264696     
   392.22961590167142     
   386.91395662651786     
   381.28290576641911     
   375.12508392991793     
   370.41335899957124     
   366.89873376371901     
   363.70547949602593     
   360.82580013733326     
   358.54955280873338     
   356.41401839799545     
   354.24104683742223     
   352.27659600951171     
   350.40151199633516     
   348.54603519118865     
   346.89136662203305     
   345.04049610740145     
