   480.74583214484971     
   497.77339607692062     
   520.11079156515257     
   532.21732647838860     
   534.01546809241165     
   541.01489416757647     
   522.91211882660230     
   522.09631893782307     
   517.03904677640162     
   503.38488031617578     
   483.71684524132337     
   473.87516483634425     
   472.48887122965607     
   458.22488144263662     
   461.14509049860294     
   451.29187644815988     
   434.40492191448743     
   424.90367551279445     
   418.77159376203957     
   414.29473892071292     
   408.55904676887167     
   405.22102195262437     
   402.56949954168147     
   399.79523399875859     
   396.48218873932308     
   394.13410532207894     
   393.15705043987094     
   391.77718846731057     
   390.76417155826437     
   389.54318114465451     
   390.43294754016409     
   389.77042077344203     
   384.04428522894239     
   381.24038424737762     
   378.87782911521629     
   376.98912467967978     
   375.94984830502409     
   375.10278745735053     
   373.83354158947282     
   374.86777319421446     
   381.32730502530211     
   384.81512406031214     
   387.63198373335450     
   410.83325974518118     
   428.87958822492072     
   445.68968917464241     
   465.13139738750891     
   481.27610539402792     
   488.41632844388425     
   496.88274167865990     
   506.89713768331058     
   514.35150444797694     
   516.44145825315832     
   523.43359815059023     
   518.21026380988474     
   490.84041977049850     
   473.19574370535474     
   473.76359018948745     
   460.21967539365045     
   446.15087563057841     
   438.08377048233763     
   433.47497965171596     
   430.22113746244804     
   426.72538437141003     
   421.85802054631353     
   417.71554066466717     
   413.63070592841683     
   410.52412657747828     
   406.35585125963610     
   403.51076490583307     
   401.04405570968618     
   398.66714226357374     
   396.64139559584083     
   394.42729922537137     
   391.47240649710244     
   389.60903091485739     
   387.13144689084146     
   385.02132048434112     
   383.30497640221813     
   381.62955730079921     
   379.02474122237129     
   377.50642336085457     
   375.86643349783401     
   374.24034911815079     
   375.22328058406777     
   375.00519376591103     
   374.57138841268858     
   375.21984717127032     
   376.69234895101812     
   382.27957921946950     
   398.62204064653179     
   414.28149606391844     
   427.17580875989825     
   449.42380347631513     
   463.54655361257483     
   480.49094192278415     
   496.19667015249797     
   507.55827605894603     
   520.13072633221122     
   529.07053005339151     
   500.76744469374853     
   487.66917740989732     
   477.91220580614572     
   506.52203731469956     
   520.28221085986956     
   476.45183082222502     
   454.50087461909175     
   445.87768965560201     
   441.35281207840143     
   439.41062781017843     
   434.43084585305331     
   431.30647984144400     
   425.75846800863650     
   420.73200963113163     
   415.71450304876322     
   411.95628280955788     
   408.58857473839839     
   405.72862347097225     
   402.76198873497867     
   400.63774145415584     
   397.97692836993065     
   395.81945364258729     
   393.55191155791550     
   391.80268495959632     
   389.67262319273971     
   387.69982856180474     
   384.97073322838895     
   382.76629608559648     
   379.67070891004573     
   377.84127870669846     
   377.20497709535550     
   376.16261700451224     
   375.17253230061385     
   374.17905007508233     
   376.01777722669851     
   377.72335835471603     
   385.22806557987093     
   396.23241257047852     
   408.18506954115935     
   425.02306262383490     
   440.12737223238656     
   452.58314805675400     
   474.72817133000092     
   492.05210871799426     
   505.34565209014630     
   512.97315147013580     
   517.36405997004215     
   519.28860664230103     
   462.47452550992557     
   444.38859175619234     
   440.00570963058124     
   434.45172119248036     
   431.80037626788828     
   432.62019919262343     
   431.62561192800626     
   432.86801799473807     
   430.90036017430299     
   430.54152992608471     
   427.39665973344393     
   421.87738839089803     
   415.70415887891807     
   411.45305332988738     
   407.33224215720458     
   404.18987970035641     
   401.00191776883412     
   398.58342255583159     
   396.37081791176956     
   394.42791851010247     
   392.58704835180555     
   390.83502078636928     
   388.98875410472681     
   387.92321971635567     
   386.05608834749643     
   384.85989605041146     
   383.25767799418674     
   381.62666633865871     
   379.93518235663765     
   378.88866213303697     
   376.86375588365445     
   375.66046193920658     
   373.97317577227943     
   372.57236941169413     
   371.88277089278802     
   371.73092139754817     
   374.64730625598884     
   386.70005717474891     
   402.08006341474760     
   415.46308653874075     
   432.47161552474063     
   448.14695731081076     
   465.99213334181837     
   475.96548286731218     
   500.89671501347419     
   516.43576943146763     
   531.25322600357788     
   543.99864951981908     
   507.89311507272652     
   507.06912043306727     
   481.55425214241734     
   526.96954437942964     
   534.79456542059916     
   506.06443848538328     
   473.04115211711502     
   455.93570185199798     
   448.90216550222021     
   444.60068830939917     
   441.41858743828448     
   439.86798989520952     
   436.56515199061761     
   430.96461666884261     
   424.95517687737765     
   421.17656510132900     
   414.85874249203908     
   410.91484471731349     
   410.22750110512249     
   408.77547789060321     
   406.56683012264102     
   405.11407361167306     
   404.35937247285085     
   403.88804504527411     
   401.19854359181460     
   399.63656406111193     
   399.84965228519047     
   399.31848024647053     
   396.53657722813472     
   394.97371898457169     
   394.44707038804046     
   393.73380467982088     
   390.90505354489090     
   389.32666923792709     
   390.58489565758839     
   391.63848862860721     
   394.57848568015010     
   402.94800665695834     
   411.97579778957220     
   425.58602310339893     
   440.27349935905556     
   457.11622169482183     
   474.97116881278021     
   487.36957458773486     
   503.24634242080663     
   514.75726191591400     
   525.54530102837793     
   496.28626364778933     
   464.72453129595050     
   447.00166510569534     
   451.02312448163917     
   479.05522848978967     
   459.85585793055850     
   451.54637737967045     
   448.83168556130471     
   452.07203232001348     
   451.90065562671214     
   449.02361703782265     
   445.06177055127216     
   438.36203470655340     
   431.08305209453886     
   423.77103309536773     
   416.92677406806160     
   412.71339354653168     
   408.93449880538566     
   406.14767391984640     
   404.07978904818594     
   401.96919503461811     
   399.79321601988630     
   397.77725839056762     
   394.65172115239307     
   392.40123037194820     
   389.76538075133624     
   388.07189733648249     
   385.60443530340160     
   384.03289482838051     
   381.41431968503832     
   379.12686162548533     
   377.21607332324879     
   375.78868234163087     
   374.65304749284110     
   372.98523393862058     
   373.23330357525640     
   373.50541510095860     
   375.36341902134694     
   377.03933456804640     
   381.12514696891947     
   384.42165874322109     
   406.42155812342367     
   439.17391996232499     
   452.14811434775419     
   465.25928209178613     
   465.72882462958660     
   491.48441638832793     
   501.84216204562273     
   511.74570137256541     
   509.74269838772437     
   473.48641684798650     
   460.99118336432798     
   482.52966898741863     
   455.11425563897865     
   451.73689272891107     
   445.89077669371852     
   444.72605681451313     
   436.94749738237550     
   433.84401767363562     
   433.50894638729102     
   431.47264608547010     
   424.10137404960176     
   418.26679817966942     
   414.07067819600479     
   410.91874226980889     
   408.73682496243975     
   406.86915105761727     
   405.71659098528943     
   404.17416396179055     
   402.66641730432053     
   400.49465862404185     
   394.94234507483668     
   391.75778567228434     
   388.55294274672582     
   386.77427580291783     
   384.26759243521747     
   383.55168029764133     
   381.31735496046173     
   379.74362885355015     
   377.06394208976923     
   375.99053656374156     
   375.36139294852705     
   373.15929995866105     
   373.15159606672648     
   373.71554679357240     
   380.67150270608050     
   390.21008939507044     
   395.63543589621571     
   410.10274252437409     
   428.25552877942312     
   445.40903311033071     
   465.41382114977330     
   483.24281540260500     
   502.45524237630536     
   515.96979079773109     
   527.88878583306041     
   530.12579381758087     
   510.01496757160669     
   483.34310165124572     
   492.59689395015789     
   481.90057296133818     
   476.35308175347342     
   497.14069248968639     
   485.19016951536514     
   462.77199799865934     
   455.04357539416162     
   452.10809218069397     
   449.33978225632166     
   444.37305822113547     
   439.89972910771843     
   434.99239975426440     
   428.46975470450673     
   424.92108338335822     
   424.68278814182020     
   423.12579897782399     
   421.20363933447311     
   419.62061448143038     
   414.57805873400360     
   411.51097032212891     
   409.56290819052219     
   408.27442975368746     
   405.53157976493611     
   403.60331883792315     
   401.89755063605207     
   400.10850928054191     
   396.94604319689438     
   394.80652556996910     
   391.63056439930062     
   389.49860484622644     
   388.47777120997239     
   387.49829395056184     
   388.99017506924065     
   390.47990493538941     
   396.99233308307277     
   406.15210170020424     
   420.30793381139733     
   435.00523594626105     
   450.28394993232422     
   467.76685129982667     
   485.92129143530696     
   500.97071288053513     
   517.64745340214847     
   524.61172270794407     
   532.71399924802222     
   535.98128566133755     
   530.74520364513376     
   519.41616862529099     
   517.70918298315132     
   532.77860163096545     
   522.25876696007469     
   518.63725682665256     
   507.75231987131446     
   504.16841591043419     
   487.90920222168455     
   482.18707671739162     
   473.26581463501475     
   465.65118834420247     
   455.47707781084085     
   448.01405877700279     
   441.48542959649524     
   436.83778834399459     
   432.13342700543762     
   428.45248500044715     
   425.30121338921953     
   422.48195354089353     
   420.28265577729400     
   418.08574288693183     
   412.86407258750694     
   409.86664988040263     
   406.56356606053464     
   404.34156906195733     
   401.86801438530773     
   400.05812172532632     
   397.11866696747489     
   395.19197424906037     
   392.96953619562743     
   390.70229849157147     
   387.72502045799962     
   385.84032224094273     
   387.05902889460486     
   387.72968575918100     
   394.83472176628294     
   405.47657085538026     
   417.08084406393374     
   431.55042550392091     
   450.47843719792871     
   467.68435436465637     
   484.87092770275649     
   502.93819410701758     
   508.75833065107435     
   516.57960726178840     
   527.63873978117510     
   533.34181396931558     
   532.03640637907324     
   536.72224713474770     
   531.60564522694449     
   531.13465858088307     
   522.53184727159135     
   520.12435004837039     
   510.43309621043670     
   507.67699050804652     
   489.98506886220400     
   483.56151077308147     
   470.42893782278963     
   464.68802184810414     
   451.96081498293631     
   445.01320341952078     
   438.90396432910342     
   433.55763670382538     
   427.78617295164332     
   423.45256602065268     
   419.67670947165567     
   416.41186863882336     
   414.14964305193899     
   411.84792549725228     
   408.14714034620135     
   406.05628310806549     
   403.02901241004935     
   400.39714866405956     
   398.24223301474939     
   396.37870421116736     
   392.80402944966426     
   390.13293271193419     
   387.38144373623715     
   385.56085125903826     
   385.10549736348344     
   383.74807545077772     
   382.48534522352753     
   383.07307654390780     
   390.37100625135668     
   401.12245318495349     
   413.80888533055889     
   429.53275227532782     
   446.99028144281186     
   463.59822650179979     
   480.87988173404943     
   498.79430863328662     
   516.32208424808334     
   528.62208054689370     
   542.85982355234853     
   551.90564098829930     
   553.12980858998355     
   549.91264390152753     
   548.01263455110040     
   545.64989205638460     
   541.70917239038363     
   537.53310235063691     
   529.41345063981146     
   518.65258665470185     
   507.62401975661191     
   500.51650023054606     
   489.41129995512392     
   472.85002697166436     
   453.93935406264649     
   444.53346125508108     
   438.19419555160852     
   433.15679128861956     
   428.52265707861307     
   424.56190029967746     
   422.18949251718777     
   419.80718836883614     
   417.80542319429856     
   415.30086518018283     
   411.84884496490480     
   409.49344118121837     
   406.26390989758698     
   404.10945611026500     
   401.83650059876504     
   399.74397772527368     
   396.87437086337928     
   394.82503385579525     
   392.83196927901611     
   391.31054018023644     
   389.62789547515422     
   388.45818577966429     
   388.39589312840889     
   388.89370214665570     
   395.29193052722599     
   406.75609770056263     
   418.65124027932222     
   431.72706073389895     
   449.31439202497148     
   466.58573062536567     
   482.76677707435346     
   500.05479405229988     
   511.52432215629221     
   519.57021222264621     
   527.28504474496515     
   534.24079864094801     
   536.00783715418004     
   541.04020907833785     
   542.21753880627375     
   541.94795425455118     
   547.12649652930861     
   543.53526339413099     
   538.76230013609324     
   529.30003306161620     
   515.82765062003193     
   501.93614561467967     
   492.62743012273643     
   481.75905882058453     
   466.10611033981957     
   450.48342395899942     
   442.55453347567527     
   437.21968198864136     
   431.58841764496782     
   427.63339186663700     
   423.56824081847873     
   421.06773104619350     
   417.41224264002614     
   414.88613951849646     
   412.39371047067806     
   410.68094746588918     
   408.36735742292592     
   406.05103444822259     
   403.33152983467284     
   401.18414972861774     
   398.27162815672011     
   396.15923304784752     
   394.27882742835254     
   392.51501657444294     
   393.76528742163424     
   393.16332054590669     
   391.95469240584168     
   392.65218944745874     
   398.98410248686849     
   409.67214907725418     
   423.69920559376362     
   440.55882922106997     
   456.38000715703748     
   473.02948096869318     
   490.85859036942520     
   505.61778391564462     
   526.03062064754397     
   538.69751551563081     
   552.15497754109265     
   562.43270035959119     
   556.88688158712193     
   567.37510400682345     
   565.70111390380441     
   568.02282274461959     
   557.69074371373017     
   571.80315498074378     
   540.15220304233912     
   498.46077785903736     
   487.01242163171696     
   476.18974689496895     
   468.88219916587224     
   462.80378994518600     
   450.57885717607087     
   444.51020343952456     
   438.09097337876256     
   432.43554358829454     
   429.37688261256949     
   426.86572812268719     
   426.39758910483647     
   424.20402906420230     
   421.35915299073821     
   419.37025192643080     
   417.62851899736398     
   416.41363868976674     
   413.08682390986473     
   410.83957955842544     
   407.14723804282335     
   405.04604624497949     
   402.48457532231657     
   400.76255005519192     
   397.20040916042689     
   394.88103939124204     
   394.73309274389419     
   393.90839335103021     
   391.50128889501110     
   391.69440849740158     
   397.06376751297114     
   398.45998709608983     
   411.13039390530992     
   428.66506236623303     
   449.72722467098095     
   467.24650292566110     
   487.20263786662758     
   503.01369983922370     
   521.85384595405412     
   535.08873480181808     
   549.26175548430945     
   563.12111604838879     
   569.10395780153704     
   578.84331373053897     
   577.77345083345995     
   573.60364187362927     
   553.24135518256708     
   539.15718102809728     
   526.86032990118952     
   504.74303055265352     
   492.05159637661342     
   485.51125617389806     
   480.99377009018417     
   472.73148273422311     
   459.41761001092624     
   450.05393899396427     
   444.02224477906032     
   439.76932443072906     
   433.59593271111555     
   429.75131181093803     
   426.46517713043733     
   423.96384068700962     
   421.13863875596235     
   418.78786871458914     
   415.48883006869687     
   413.12565037332263     
   409.98637162529064     
   407.67578191384428     
   404.70061330583354     
   402.31104815898004     
   401.65594841784713     
   400.35026145196207     
   400.33428332943816     
   399.27154696036303     
   402.71559150977902     
   403.25654964172259     
   403.34404448202974     
   404.99073949479168     
   411.79235876673789     
   422.43064604855357     
   430.16179464738025     
   441.80973326377557     
   456.43891953698329     
   470.92302203577100     
   486.46709801519813     
   502.69092979481934     
   516.78839127860090     
   532.84704649657328     
   546.52843189051964     
   558.57736480622202     
   564.76420580339811     
   576.12376795211242     
   548.68048702675662     
   527.69803511828729     
   509.87021481157728     
   500.39578103555414     
   503.45744553503158     
   504.93042325097957     
   484.61131397642924     
   476.13467095105142     
   468.14056082926777     
   459.60006320632743     
   451.17763051316422     
   443.98592899659218     
   438.97132606223693     
   435.79499151540421     
   430.22120138658499     
   426.94309772520404     
   424.87120529641891     
   422.98399751213861     
   422.67803998345084     
   421.25996638222705     
   415.67761623112142     
   412.62038414574573     
   410.14813166479303     
   407.87150811790787     
   405.39555493530031     
   403.16319610929133     
   402.54519441256838     
   401.39533804681832     
   400.47832691200381     
   398.90618068704123     
   400.06216836525266     
   399.78434254594077     
   400.47486921758235     
   401.85778087921676     
   405.63235951588342     
   413.90722446903794     
   426.43390984544430     
   436.05799164731155     
   443.29899683091236     
   464.29096033204718     
   483.16418852274973     
   494.99005778965591     
   509.86341009935870     
   511.29044257875574     
   527.28893619215012     
   546.20954501576659     
   539.72993834041699     
   542.72771464767118     
   530.32906221517089     
   495.85696927056529     
   477.30876910617025     
   479.75087878292834     
   502.99348705312292     
   508.47565136258146     
   488.55590769962123     
   477.86591900160840     
   459.46137925589738     
   454.35499357065936     
   445.97753509385768     
   440.46185226325849     
   438.67441467023258     
   436.61586214174343     
   432.07291654718068     
   429.05582074989059     
   427.22373193865189     
   424.95067013708842     
   422.12967460569411     
   419.78839260219041     
   416.20603998636619     
   414.24632193221515     
   412.35300247711280     
   410.05767287193294     
   414.31209802333819     
   414.29535734541247     
   412.90966107848129     
   411.85867581577952     
   411.58500849201204     
   410.98233438261519     
   409.47844218863276     
   408.33584565550905     
   409.16125402149686     
   409.72624734276428     
   408.60782715691278     
   411.84200851153480     
   409.68006318974687     
   411.06707428231408     
   413.70357321727084     
   415.98187062554587     
   420.02396655725988     
   425.03113340404423     
   433.75903176760795     
   445.12983846620040     
   479.86142196778212     
   479.12754660496836     
   469.49801806380782     
   468.84040031392061     
   467.80875478079781     
   469.35909937480028     
   460.40281800820736     
   457.34160315736710     
   456.19281686481918     
   482.81573804098508     
   471.89615939521713     
   467.37246799757008     
   455.41506811611868     
   450.69347063511543     
   440.09316317374419     
   435.14045084346066     
   432.04753688171570     
   429.40232863698833     
   424.83243875754067     
   421.73859829036024     
   421.77565358097780     
   420.70298817745942     
   417.41367238737030     
   414.87981762448049     
   415.57261548059790     
   415.40140392250333     
   411.47577725865489     
   409.33190751134811     
   405.44829138884921     
   403.61521610679574     
   403.28539420201253     
   401.93803888679054     
   400.22958217846963     
   399.22417444168724     
   397.36108747636951     
   395.94456444085523     
   395.97966402324118     
   395.88992642308739     
   396.80187427087117     
   399.32029726346326     
   399.87577712394790     
   401.86255749285635     
   404.47973742296767     
   416.18132373023985     
   423.62253637747381     
   427.41702436675678     
   429.74837667664121     
   425.89750950951162     
   435.63936074063679     
   444.76924881579765     
   458.67929901511656     
   470.92471739647510     
   465.46220458574805     
   447.38633956054639     
   448.43918745870292     
   458.40598650445764     
   464.91202634005180     
   458.06887778124252     
   447.08643982360462     
   440.12614817024962     
   439.05080395941911     
   435.27398809141653     
   430.38466992717122     
   425.84314001137801     
   427.35320652779035     
   426.46817827107691     
   424.48302844277197     
   422.62104880782653     
   421.01780186592293     
   418.51549886941979     
   414.08728119256244     
   411.91847360156373     
   407.08471924880217     
   405.22394645585223     
   404.08305613698843     
   402.50005493622183     
   398.28360887865415     
   396.32004007696321     
   395.79718135660460     
   394.53422694497630     
   392.02395810612899     
   390.19183661514967     
   392.42622336951240     
   392.34853897038221     
   393.43819202233260     
   394.18420557679275     
   399.77559432502397     
   406.17960780303349     
   405.56153406133939     
   426.20283202315591     
   444.28035372791510     
   459.38521662813730     
   462.73365090966433     
   467.18572138116974     
   506.92487336818095     
   527.07334172104265     
   545.29155348323320     
   546.36350621158613     
   544.69987629604896     
   565.49009733657692     
   564.55607732497958     
   565.07630837099464     
   565.99162549908942     
   565.97236047580793     
   553.91365055723702     
   518.86178929591790     
   492.98352262882599     
   476.22020881044023     
   469.30624613710836     
   466.54746270850603     
   455.08249477159325     
   449.92543990129826     
   445.63031678586287     
   442.36238006148915     
   438.22559462812660     
   434.66057550254260     
   430.99554449398414     
   428.41077937615728     
   427.35853134737340     
   425.97563071936298     
   426.94108261272680     
   426.92088366067082     
   424.93410632375691     
   423.66245537439841     
   418.94782144973783     
   416.20057479771663     
   414.11673519792055     
   412.76885795237473     
   410.52768984023317     
   409.04452933912694     
   407.80036102105765     
   406.74118869156786     
   411.23364285877818     
   409.51671765254582     
   410.03200654734661     
   412.02054389611226     
   418.51135630175622     
   428.21950263706884     
   445.55979642141995     
   450.83218738190715     
   456.57225464805629     
   484.68317385792227     
   502.73775731511228     
   509.94962975926575     
   522.23803490974308     
   525.73854161462839     
   524.95922436985757     
   533.18772110560280     
   524.90522777506771     
   521.89525163408882     
   502.77195070970799     
   478.54576070834889     
   489.79553489562653     
   485.64576051741335     
   478.76282807416305     
   465.02956970740536     
   456.08754700537980     
   451.80793581186862     
   442.82473029908840     
   438.18042476276196     
   435.16770954424442     
   432.61122314577557     
   428.54616507227001     
   424.32935191361065     
   421.50187069343519     
   419.84112297668264     
   418.60704847689459     
   417.95733667130429     
   418.76957057299313     
   418.53219190994861     
   416.33563188058048     
   415.12684811820566     
   414.49119555957884     
   413.17690180974620     
   412.80283019322843     
   411.76621795732854     
   410.85673042819548     
   410.07414301462745     
   409.96570140535539     
   409.81269927041564     
   411.05716650416383     
   409.47386081841705     
   409.07358618194712     
   411.22175668065387     
   413.13657634666004     
   419.53803146203501     
   420.13731010413778     
   423.83346901785683     
   427.83036824855344     
   432.66800204737183     
   431.20056438770877     
   447.05439714443088     
   463.97259595504471     
   461.21659584371417     
   460.73914583105432     
   464.73180430278552     
   468.90684510320580     
   475.41222852897408     
   479.35534876567289     
   479.54344669825457     
   470.71795230734585     
   467.01150971195409     
   449.71363203853980     
   443.59665911035000     
   435.30343697366732     
   431.38074781009561     
   430.16951062529000     
   427.50310403658693     
   425.99429202000363     
   424.49826151250642     
   423.21116464353901     
   422.11389507817847     
   422.03719029131889     
   421.01515767415407     
   419.05743875277250     
   417.41456176804684     
   413.20058769521381     
   411.73032297081579     
   412.51580926819776     
   412.57013184900597     
   413.50867019576799     
   413.28838482243481     
   410.74709650872188     
   409.61413169560348     
   408.18735164004852     
   407.95057330907372     
   407.83640167098162     
   407.39398316270291     
   407.45515688777618     
   406.27488982357823     
   407.47500015339250     
   410.54613061127856     
   411.08814799413182     
   413.59896537935100     
   417.83825115459149     
   437.58884728454427     
   446.69536300713742     
   451.00726720057685     
   463.88156621172254     
   469.71889791410064     
   448.48068634320254     
   449.79999686111125     
   468.22454913478151     
   492.03666990214350     
   476.36517257672722     
   486.80203504121226     
   477.11953292269339     
   487.74651946778897     
   472.45699106478304     
   467.98552113167062     
   457.46046601278323     
   451.35654606876938     
   444.07795849578031     
   443.64265367168025     
   440.19089402598325     
   434.49092826157903     
   430.82477008537762     
   426.88147871140382     
   423.20887330065210     
   421.23490821969159     
   421.11062796751673     
   419.96335408305902     
   417.10734300910747     
   415.12230083398634     
   413.15816511285141     
   412.17654469442806     
   411.77963190628128     
   410.10682045958009     
   407.64573323149614     
   406.40504123892981     
   406.69675428392793     
   405.13686746297742     
   403.70612635760330     
   404.71313478474065     
   402.26336587305673     
   401.92652466748956     
   403.97464902126922     
   401.96548025340331     
   400.70498637558092     
   405.02536960832782     
   418.06166324989391     
   418.57598222956204     
   428.45835916877996     
   461.36695023645859     
   483.42186724483304     
   506.50859973214125     
   522.19679621061323     
   526.32502462403363     
   519.99799252700814     
   509.66116144012739     
   497.33842830211609     
   492.56847576713392     
   480.49551092065826     
   476.62683047026871     
   482.79216111499642     
   483.41646672572926     
   486.42595228165925     
   461.65343900391360     
   447.04648098589274     
   441.76684055167374     
   438.48281711728293     
   434.06814979029929     
   432.74650901021704     
   431.05636129655039     
   430.99446563843168     
   429.81519699019543     
   425.99653824224811     
   424.13802357550713     
   421.30490770696736     
   419.58734960661928     
   417.43195164006346     
   415.58081840141239     
   414.19764662450950     
   413.23958297022534     
   409.18856573801850     
   407.11385057645242     
   406.42022156354523     
   405.08002023388912     
   400.17012896751316     
   397.75608950575781     
   398.63244444198534     
   398.23002219744853     
   394.84992417827937     
   393.29956594219919     
   390.88163067891526     
   389.18157527781443     
   389.83375266132589     
   391.23730872119921     
   397.10145921023792     
   411.17068068990983     
   427.22708124941198     
   442.86184985742614     
   436.35864357833640     
   466.03321916553898     
   500.66091122051290     
   520.10588566083686     
   536.53133349548693     
   522.56150571714466     
   541.93010423904536     
   545.74528096199185     
   537.88828289934452     
   524.32825955828355     
   515.04821920189670     
   503.18872666183319     
   494.91058103049261     
   486.02893277869549     
   473.62093721482341     
   463.87620649549376     
   454.39177475335617     
   447.14024177159592     
   436.79825998304904     
   435.27804474708074     
   434.38143581522377     
   432.52190348782665     
   430.31255784857348     
   429.25173017125041     
   427.43832206703536     
   425.01879044690855     
   424.15020678556095     
   423.29644159491272     
   422.01066802840626     
   420.93840723102545     
   419.43605038906048     
   418.08336974697738     
   414.86376272927487     
   412.67825184673234     
   409.67039026955018     
   407.89286937302222     
   405.88731248327144     
   404.45841286295058     
   407.69670636916953     
   408.18793004966773     
   407.41346597398712     
   407.25498085771051     
   407.39560740283605     
   408.92305218295803     
   410.09258864649308     
   416.12972541202458     
   423.40091526811659     
   444.77532786032918     
   479.86186729637643     
   505.07624889544724     
   522.83540055985418     
   505.89280282488352     
   541.08764639918559     
   554.59987629122691     
   566.79898918068670     
   551.56136853510213     
   521.05879255933314     
   511.32589948786432     
   494.43833923589415     
   484.23557709674049     
   468.91522744178690     
   467.08472344978554     
   450.02012583422584     
   443.42507570598571     
   438.66561413733439     
   437.18176233966682     
   433.95305624786965     
   430.38120505939014     
   430.72179156164862     
   428.59731885341085     
   425.61987941029668     
   422.83183970576243     
   422.94922227904976     
   422.29644084240203     
   421.47383988201267     
   420.57493223426184     
   417.65927308336148     
   416.28843059056385     
   416.50075503573720     
   415.07071482290831     
   413.24392209502980     
   412.34170283294947     
   409.02722067173323     
   407.54956696505729     
   406.07015678064789     
   405.59867004156257     
   406.59837323200446     
   406.39376825978110     
   409.65975437675257     
   410.06490581462668     
   414.26120950592025     
   423.93086973549003     
   435.60439880335889     
   449.98098919250737     
   456.24951733668507     
   480.22273386998160     
   483.82937462290420     
   515.09505823582765     
   530.00302301619615     
   550.28537394911098     
   557.50029386885330     
   560.09791820932492     
   560.75864928853218     
   563.78142583164970     
   581.09380048678702     
   577.60953575253473     
   555.30803579429778     
   565.44018367631327     
   560.10076900568095     
   542.24207567162318     
   524.32403797540928     
   506.42822356760246     
   484.48669634343690     
   475.67740911416695     
   461.78407448673835     
   452.43989662263868     
   446.96168247664770     
   441.53028589542004     
   437.49467643790007     
   434.81563184966603     
   434.14669968144011     
   431.68529192663863     
   433.16159021310966     
   429.54175809152389     
   426.71826606531425     
   425.06714981949835     
   422.17334755474860     
   420.82341337160909     
   420.97095601657776     
   419.78630374083883     
   417.78732531200023     
   416.37272131117521     
   415.23384600295276     
   414.17165148509054     
   412.91092876396237     
   412.16245887539026     
   414.04210546927925     
   414.48345105976534     
   416.11881735329439     
   426.96056477050178     
   438.11240016411955     
   454.42134973822147     
   471.36223389294577     
   488.04609944764854     
   506.73131735438233     
   519.34281303052660     
   534.12826005815032     
   551.86728696440866     
   556.13371218767054     
   552.99543996795967     
   549.23005883484132     
   559.23055385290695     
   580.19645790758216     
   581.62261673316766     
   564.80821309842372     
   537.13867730129971     
   536.99184257032846     
   544.16856316316364     
   529.43598449021556     
   514.07585013768653     
   493.36367239578283     
   480.89446836407814     
   463.67401358584311     
   455.83219847053437     
   449.78711759363227     
   447.60165531027383     
   445.53605577166024     
   439.25046191267199     
   432.95634037471802     
   429.05590312981462     
   428.35813498895868     
   427.41718022147722     
   426.69812157355187     
   426.59093852261947     
   425.38828111657574     
   423.59457436265723     
   419.28088107334156     
   417.20385262806394     
   415.01749781936496     
   413.38013467990140     
   412.04621346492456     
   410.75888207174444     
   409.87017888191707     
   408.59634454439771     
   410.31469969412728     
   408.84147171407557     
   409.00621453467772     
   411.46317666783818     
   415.74146503304092     
   426.76763022196064     
   445.52807062036561     
   472.03089516948376     
   493.77738091436760     
   492.43800604464764     
   505.26706266440192     
   527.38748215645523     
   531.57023573296544     
   519.58474877756248     
   524.09701966512341     
   529.90937731601582     
   516.32599012163064     
   514.02309560850210     
   499.88250924878514     
   500.10306600279011     
   492.95449140002967     
   486.41573302924496     
   483.93393391273150     
   471.24729739829394     
   457.87902336162443     
   451.37681009898517     
   444.84431704272487     
   438.11406151935694     
   434.13479573702500     
   429.94231769542023     
   428.16433672911558     
   426.07628663012997     
   427.45303990277364     
   427.30189579494970     
   426.02384469328308     
   424.45593144318076     
   424.98019805896013     
   424.80839227131747     
   424.03127646428879     
   423.49942555460592     
   421.57735278440515     
   420.12180097546798     
   418.04080170968342     
   417.30962157786939     
   415.04125028001658     
   413.93112847559394     
   414.32295523932527     
   413.66541707340991     
   412.22058744957963     
   411.32372498262635     
   415.35539704843603     
   418.78761726747922     
   422.48098619910843     
   428.37330494170203     
   435.22220447100290     
   437.80566131373610     
   453.08506655958132     
   467.50011036592161     
   490.36548926343295     
   489.85822625697125     
   514.66735718451957     
   527.15046078386445     
   534.66009238382833     
   541.49044785936451     
   542.13063701288547     
   541.12235195296989     
   526.22344166701407     
   499.79634372752480     
   485.42730292081740     
   466.04243849159735     
   456.63643613747621     
   448.41204115617688     
   441.63252975541769     
   440.09297290397797     
   439.40301009166410     
   437.90538161943374     
   436.10934429714968     
   435.46185945305410     
   433.00475354786562     
   430.09029402581660     
   428.71372223611331     
   428.52245286203305     
   427.37323071479597     
   426.11356344928436     
   426.35566253347690     
   425.83883611516899     
   425.33461733391664     
   424.45017438130003     
   422.84007960913618     
   422.24306553965437     
   417.50082125719706     
   415.26444033982705     
   414.69964989921277     
   414.42363953299264     
   413.63698863428084     
   412.75507179957430     
   410.27526949794259     
   408.99856947069526     
   416.83172883359492     
   418.44659900630813     
   426.39400710041764     
   440.01190107365994     
   453.67270293662551     
   469.05490810049531     
   479.33436239774773     
   484.86608140782954     
   491.02236042509628     
   459.81434420237724     
   444.99164739294770     
   441.02840559713479     
   437.97299683072816     
   436.76925655856144     
   436.75677931201193     
   432.83300065473748     
   432.14587812791206     
   428.80839431918633     
   427.84310135971157     
   427.76369600110496     
   427.63656783233051     
   427.91021855165815     
   426.97377189194202     
   426.31401902732290     
   425.13369666852276     
   424.69549766834257     
   423.54715546361575     
   422.16434303493890     
   421.16605418957994     
   420.51198127297272     
   420.36570539250556     
   420.11875272903313     
   419.83069159073460     
   415.68086354433433     
   413.18748915121222     
   415.47236730264427     
   415.06721315524379     
   414.76665247517730     
   413.27670155626981     
   412.62875035930995     
   410.23471041331715     
   409.41010612921059     
   408.61963738570552     
   407.76057743872809     
   408.28544868891709     
   408.20492591995577     
   408.58137950981472     
   408.36296645746438     
   407.44904933802644     
   407.84167297118734     
   409.00685744514124     
   411.30171573279517     
   414.42142797682374     
   422.76869594143631     
   437.91703616895035     
   459.23605958643674     
   468.06656604301264     
   468.14617289625318     
   467.46213344783956     
   466.00826575503402     
   464.53242599941876     
   465.78681071356652     
   463.99796592107759     
   462.32872992029797     
   472.17860431548229     
   476.28405918501966     
   466.66563510098109     
   464.52357418213273     
   450.20712013433319     
   450.31467731952927     
   447.08062012629802     
   442.63043202013654     
   436.85124095492705     
   433.21271102808663     
   431.01430425176255     
   428.55071692503941     
   426.17441165192707     
   423.27669495117976     
   421.67106426504699     
   420.61735872177712     
   419.60940243705846     
   418.61824827821476     
   416.18833524432745     
   415.22955971054557     
   416.69385066394170     
   416.09403645583490     
   413.05679394953825     
   411.35514203235323     
   411.02035821415592     
   409.57405255635291     
   406.25050884278346     
   405.27705435965436     
   405.73882905704073     
   405.08175777833736     
   406.07510114439276     
   405.32711832853653     
   408.23389911175246     
   412.42499846696586     
   430.82167303835746     
   427.91208864412380     
   433.54853024590363     
   450.03021239364165     
   463.31550118075188     
   479.37779925258218     
   511.10401029631004     
   541.89038277355189     
   516.37267404363013     
   476.16288804905435     
   451.79568179068372     
   443.74878307488660     
   435.91845501444516     
   434.82260744299094     
   439.54783351007956     
   459.83648774904640     
   459.38664523431294     
   454.46193514870100     
   444.40303816580456     
   440.19609106519960     
   431.35773853387866     
   428.21341644346461     
   423.79353771014041     
   419.12445568754401     
   416.56856958383361     
   415.07780753746385     
   414.72291804761596     
   414.24669831483749     
   412.41283909875932     
   411.40121650530710     
   409.74324652379249     
   408.48742794534252     
   407.02990418597801     
   406.29838929374347     
   407.54453363223627     
   407.25966383249300     
   406.98980780776947     
   406.34661003754553     
   404.58519033357300     
   403.72332852453422     
   400.52429892043949     
   398.94910121207550     
   396.81644231546170     
   395.55062571856308     
   398.48787347573659     
   398.90972529207926     
   399.36811083181459     
   405.20031716109850     
   408.26194295490200     
   427.08353825682082     
   447.03904257588943     
   457.94579210216568     
   466.93601408647237     
   464.29725165118242     
   488.39816939985440     
   511.75842072445505     
   489.98014719833213     
   492.54128195504609     
   463.50707793896254     
   514.84805469367552     
   507.59458718289153     
   477.66812266261019     
   473.35058882111122     
   466.61826180284845     
   455.45111498406260     
   452.96436458989893     
   444.09399544354466     
   439.70991556860150     
   434.05352142975619     
   429.34764643336922     
   426.25157710730730     
   422.76011177703475     
   419.54799398484562     
   417.68470464816033     
   415.29429461423661     
   413.06722444120749     
   409.85823290121976     
   407.48635848739764     
   405.60971916224946     
   404.41389330185717     
   404.30860335212117     
   403.37961448168971     
   403.57219497920681     
   403.27402466617428     
   402.78021183649059     
   402.15711848921870     
   399.17941851506635     
   397.80082450046405     
   396.50188685810718     
   394.99380404780322     
   396.10552814519224     
   395.72709354086584     
   396.83438085026449     
   395.71851975456264     
   400.48521568884485     
   410.19596619071109     
   421.30965896984014     
   436.82061201422999     
   433.79846883981742     
   453.56501583262929     
   468.72793909085038     
   478.88902760100927     
   493.53779448035402     
   484.77581904534946     
   497.48001391760005     
   513.92280208663919     
   535.07940858547909     
   543.63681502556619     
   530.59423955780051     
   496.75260808828182     
   488.40539640921247     
   470.39228788518170     
   461.78040193827792     
   452.67346892300293     
   446.52159827985531     
   441.12758214069112     
   434.79529591597799     
   429.41064125186256     
   425.22915324757849     
   422.21242156128022     
   417.12468793774582     
   414.67106010873522     
   413.05093209334035     
   411.00618750622039     
   408.81371368524100     
   407.89689407266138     
   406.79693960567516     
   405.97465613546206     
   405.18696258112584     
   404.78961042303933     
   404.90370971275911     
   404.67908587337490     
   400.58430940212207     
   398.42844362326144     
   398.74472839639583     
   397.99834696701993     
   397.64007894369490     
   397.11288156718979     
   398.65501902665727     
   398.98871008741889     
   402.34799231259831     
   401.67237274383399     
   404.71755638991124     
   412.45471897452614     
   421.24592303736910     
   434.86063832590474     
   449.74675648046821     
   465.64678475031690     
   480.43443836887059     
   492.47035926323554     
   479.23951106910062     
   512.72837936830774     
   519.79568287403356     
   507.09034526380697     
   504.94342465688004     
   501.79252862315172     
   498.48902104693860     
   502.08446514483711     
   477.83409636262030     
   471.96391158984068     
   474.80431817948880     
   475.91601920741732     
   467.22272626156575     
   457.41047291588569     
   451.38989467879696     
   445.24900896285436     
   440.52948456206599     
   435.94082601640116     
   431.16008481460295     
   428.28439693794041     
   425.39620871061209     
   423.21139938552056     
   424.31475117517556     
   423.84726569355257     
   423.88075517735103     
   423.22812208134803     
   421.78656250405953     
   421.15514895034801     
   418.35543914812894     
   416.68545955669663     
   415.19558269831867     
   413.85444511972776     
   412.62789170073154     
   411.67812511768375     
   408.56523391259884     
   406.95434569713029     
   407.29433925087937     
   406.77440009561337     
   406.82516584226903     
   405.95125267669596     
   410.87030652050220     
   412.02652975130820     
   416.54102505825114     
   428.79245011018355     
   435.83291326254533     
   435.79617771748872     
   440.94598379360042     
   456.52029896153101     
   493.87390969761492     
   481.82414603570646     
   497.49434937765369     
   498.34390673121135     
   506.03314658613732     
   511.57036434113695     
   506.67792021620079     
   497.83549305044482     
   494.91839613069658     
   479.63608472570832     
   479.78475484403003     
   472.76006957008224     
   458.58883493340323     
   445.01652253552351     
   443.77801928914283     
   442.86234536247423     
   439.99515458334838     
   436.29553439447824     
   430.21244818621972     
   426.65670588975252     
   423.84195813226137     
   421.79924261428391     
   422.48141991650795     
   421.72771001434353     
   419.37365190616595     
   417.92716294391056     
   419.33603117768092     
   419.38970502586335     
   418.35013454990280     
   417.63214145399814     
   416.67612411650009     
   415.79202222024378     
   415.10107950327034     
   414.58256759812309     
   410.77317587306186     
   408.83063124909233     
   410.90955990817486     
   411.12143276129791     
   410.27095395302189     
   408.65153168755324     
   410.98828164452721     
   418.39390708213790     
   429.05987605874202     
   436.11375751071699     
   441.88658488165100     
   449.59277658164615     
   453.68045253330592     
   482.61766442136866     
   507.84979016408596     
   532.76638415031221     
   549.51762034044327     
   543.94525177215007     
   505.26549830432145     
   482.57275216184166     
   514.51235775358407     
   513.83550874593357     
   493.71761917947310     
   485.42984852542833     
   469.54656690197913     
   462.07976385761879     
   455.10689622384632     
   451.28663282859367     
   447.29187857250031     
   444.57102670282779     
   438.06256466879546     
   433.30506992956299     
   430.07483661300955     
   427.91837063025650     
   427.10340102199973     
   425.77189962024613     
   426.23721443371721     
   425.32080251790131     
   422.91259240706773     
   421.86339879201120     
   420.74605341694001     
   420.02420569409236     
   416.92693321751756     
   414.86746876706979     
   412.44525815388704     
   410.34183674600843     
   409.28023878047549     
   407.84046503114928     
   407.07799691487696     
   406.37314914412008     
   406.57845946690804     
   406.19253561450813     
   407.92397361972326     
   407.54856765155910     
   411.84520490703954     
   424.28223027902260     
   428.75635240224040     
   439.95409685126765     
   452.46358765722493     
   477.32514291089450     
   492.21312462451056     
   508.65071702669087     
   524.59850387265976     
   536.38816403389353     
   550.71477255320451     
   557.07165400631266     
   542.22767735871241     
   546.31516675215562     
   529.45017110356787     
   521.89519863776104     
   499.05900980074460     
   480.75088852160064     
   482.20902352843842     
   465.18885925870211     
   457.52955805920266     
   455.12917229484998     
   452.23256876455650     
   446.74711819128765     
   441.43959136186766     
   436.95964641628399     
   433.81746411272371     
   431.24365830956225     
   430.41782796052451     
   429.33181703969842     
   429.17810203397170     
   428.40599754102419     
   428.44187912384882     
   427.41935011451721     
   420.48224468041468     
   418.25494448048090     
   416.21874291266568     
   414.25849165813293     
   415.14965709364748     
   414.95455735206173     
   413.97350391411192     
   412.62825332209968     
   410.47283773893383     
   409.02539822700055     
   409.62478310536562     
   409.16792620721475     
   410.65324234846469     
   409.64755511869288     
   414.18712691685164     
   423.06046761014522     
   432.89356013840279     
   445.07506531292705     
   448.42689602739932     
   442.58827101125291     
   487.15764600127432     
   506.49895107356099     
   525.18953870872440     
   510.63873324739131     
   537.51734734059073     
   546.84651334568969     
   564.29432978349462     
   565.13786966144608     
   571.37237552135286     
   553.46408651108777     
   529.58569681610732     
   513.20660904538875     
   490.63974624010382     
   481.77241802136842     
   464.50378718216984     
   456.39612503657605     
   455.66448598279425     
   451.55519086840229     
   445.46075151640434     
   440.27417477195490     
   436.25068553622521     
   433.31240686435939     
   429.67407351658920     
   427.26830994446033     
   427.09901146001852     
   425.71761234221560     
   427.32350784660866     
   426.92757949382548     
   422.22480452060302     
   420.96145471652335     
   420.03171575832567     
   419.16476400250377     
   417.82428586884589     
   416.48744240203064     
   417.75364814210110     
   416.81043670233436     
   415.06032199696426     
   413.65171229717390     
   412.66382711682530     
   412.22966638142628     
   412.65129169280647     
   412.36799571440116     
   414.54306549286406     
   422.80445899566695     
   434.17429795127038     
   449.82188798859443     
   462.16979793147129     
   483.32309922392926     
   493.29989832090615     
   504.96012700735417     
   514.13062053987039     
   524.45061327164342     
   505.56458654713498     
   507.88552159432442     
   503.23366385688678     
   523.79648125455117     
   537.87922975905917     
   540.88032047666968     
   502.26552323588749     
   474.75152387617209     
   477.13178971061484     
   466.60020543210231     
   456.30249758316069     
   452.81277414611151     
   448.47687669258028     
   443.30590038915966     
   439.20424530505596     
   432.61139878288384     
   431.73790559771152     
   429.06550394265696     
   424.19213921879992     
   423.85049066663930     
   420.73910717741353     
   418.62267817780008     
   417.95959446245161     
   417.47749971141246     
   416.91089521359038     
   416.55669635428370     
   416.53937960708998     
   416.07341308054839     
   414.47418823845283     
   412.79404053919222     
   411.21558093522941     
   409.73554892323602     
   408.95593721598277     
   408.29888971390767     
   407.51767604531182     
   406.66576574975630     
   408.45421296767017     
   408.86515854101225     
   406.37854466723155     
   406.63315090208181     
   409.20617671937225     
   412.72873050937710     
   418.53262273749652     
   418.16779540274115     
   429.62249927559378     
   434.43520309598676     
   442.45289853472553     
   469.48161304158481     
   494.76885030934972     
   513.98744188755791     
   524.56484250582480     
   522.55987707668817     
   499.45457495388973     
   471.23439742242181     
   515.79200419283291     
   532.10168996791140     
   503.65637986519630     
   479.70063416627778     
   471.80176577850693     
   464.89388833787899     
   461.41617736034715     
   449.61143705243023     
   442.76780409473162     
   437.99735382091683     
   432.31576207809405     
   430.02506546174999     
   427.52525786399161     
   425.13622904378286     
   421.70020565093319     
   419.11907845469847     
   420.25739480109030     
   418.51807783786558     
   417.14521780284588     
   415.56608818378317     
   414.22969742675264     
   413.15909860524215     
   409.89437067079712     
   407.89927588245882     
   406.08024830255624     
   404.88282580540812     
   404.61847912616628     
   403.98536603460531     
   404.72165275722205     
   404.76331859220704     
   405.37920951203012     
   403.96206653075092     
   407.48255706031574     
   416.88220225089555     
   428.47396905351064     
   438.15257293667548     
   435.19601989455964     
   429.95440953966073     
   434.28692340583819     
   468.39227570615526     
   500.76546506272643     
   521.64560163670922     
   501.07337461061923     
   487.85334370723996     
   499.04627605461400     
   506.11371799226498     
   503.80170584261577     
   501.65826405556697     
   507.65963863100973     
   507.12907445771253     
   499.98190770512406     
   490.11795082940995     
   474.33739721262350     
   467.14225700592573     
   455.59786234513672     
   444.66836980155870     
   438.86487380606053     
   434.78533541918222     
   429.18064980103463     
   424.45797162437316     
   423.86126497279309     
   423.12209287457523     
   421.52190435641711     
   420.38497649651561     
   420.26574802845943     
   419.77171081403094     
   417.65507778409943     
   416.45854908493192     
   415.36348450367240     
   413.78083288307909     
   410.14824479110143     
   408.31789620833445     
   408.05730165594514     
   407.22546828647467     
   405.08131670058157     
   403.48134094164737     
   403.25224770461040     
   402.99000938506242     
   404.42691222889965     
   402.86829309321251     
   403.56056642456736     
   407.80439419830935     
   408.67760885327766     
   411.58689964987104     
   412.05428602106628     
   413.66676067511577     
   430.01206484091290     
   483.01678150189821     
   479.70631391635226     
   467.31438645696818     
   486.19113943983734     
   469.17222812072379     
   465.38887790934587     
   510.12412193950786     
   526.50087728431708     
   530.75309832112703     
   534.55294812746206     
   514.37975576129224     
   498.51735152442382     
   472.53566976238255     
   453.32817267539332     
   444.09979065530700     
   441.32275799474013     
   437.46831895014805     
   433.74805229627651     
   430.78844433614142     
   428.25833568234742     
   425.69765723913264     
   421.43371291604700     
   418.71296291767152     
   418.82224948824825     
   418.71948858837845     
   419.29228025131317     
   418.93383630100027     
   414.91779646568995     
   413.90718697549966     
   412.30088996922922     
   410.93945812518143     
   408.53302243788835     
   406.57710151446065     
   407.08991330347567     
   406.83930915663893     
   405.56781923106320     
   404.72581357768968     
   406.43871316638763     
   406.60369709880024     
   407.12977417336845     
   406.49107982112230     
   407.70663970349801     
   410.18670454094428     
   415.13350866157543     
   420.85510256797437     
   430.73584150845113     
   445.90233063735070     
   456.94402625186666     
   466.68161385755747     
   474.43893776832073     
   494.64361736091575     
   517.05258045608264     
   519.87545841688257     
   469.98518476836068     
   448.34510091556047     
   445.90566497105095     
   442.99402761520798     
   438.07194165904946     
   435.59889603095701     
   440.28319387936915     
   438.59014326824501     
   437.05472154230864     
   434.82174675109337     
   434.53363698196824     
   429.42748776664007     
   423.31504984807395     
   420.89870189944736     
   418.64642785354209     
   416.93679175162328     
   415.61673420043644     
   414.46347748091432     
   412.78168507078556     
   411.10481643956791     
   411.14727114024981     
   410.85537868661714     
   411.46544290376886     
   411.47499540153791     
   410.92806072464475     
   409.43763481214972     
   407.59195713939124     
   406.37908066518332     
   405.36275171556463     
   404.99422645968122     
   404.35071815492847     
   403.74337742588233     
   403.60257616484216     
   403.50213430862726     
   404.35700756076147     
   403.56301263527513     
   403.42107729174313     
   405.38379248611471     
   409.31726934256335     
   410.17141323361164     
   408.94025763148193     
   418.03982419268357     
   413.82980400469711     
   411.06738796189507     
   414.85352577043261     
   415.46636142985227     
   427.51662329295027     
   451.70901734747116     
   447.51555667140042     
   449.02843535981492     
   438.15865579185504     
   437.04123121789297     
   450.40870121841863     
   466.61450300726790     
   452.62516196293689     
   438.15969352939783     
   432.67396060070962     
   427.76784867758329     
   425.60847649673201     
   422.13152947542000     
   416.95351311000439     
   414.36333175964558     
   412.30218134875776     
   410.67912151633396     
   407.37174061117486     
   404.36930216921274     
   405.53087269708811     
   404.46100723305187     
   404.27368832781917     
   403.56398125477597     
   403.96602433938835     
   403.75767281562105     
   402.85717261633312     
   402.51493229782830     
   401.24303084702615     
   400.21104209854252     
   400.33571895947034     
   400.08649952995233     
   397.78749113403319     
   396.32390195315418     
   395.95285855235778     
   395.22101658682567     
   397.16176120051932     
   396.60052432624803     
   395.19355703555840     
   397.31592835888068     
   400.71534644770190     
   405.31165607793417     
   416.07376632875145     
   430.59124463506004     
   438.53078689079416     
   468.19471082585858     
   492.15790440420847     
   509.88192992916157     
   501.75569710086273     
   473.33836760956729     
   452.69077932422096     
   443.24603833279275     
   446.07627120827885     
   451.95201801446012     
   447.85265423880475     
   439.59360078801967     
   432.39548076788503     
   429.73989898883173     
   427.77966636373361     
   429.55775186211974     
   426.25784810010765     
   424.24730849981461     
   420.09680107330553     
   414.94204934109933     
   415.76137796662249     
   414.93180522399314     
   413.47417011369697     
   411.68878333387914     
   411.16695034017960     
   409.58412358910232     
   407.86336096478732     
   406.78833411075630     
   406.44585078742159     
   406.02708981855261     
   405.36828301824568     
   404.63703018301794     
   402.95833456108915     
   402.44401121917377     
   401.62787835807990     
   401.07517178788476     
   398.98632331509299     
   397.76079983348365     
   399.18136167439906     
   399.58586952377897     
   399.72287025867178     
   399.84183765663226     
   404.01100120708861     
   407.63695075256959     
   409.64542753196457     
   423.37692409996293     
   447.02917517128168     
   457.45944983003824     
   474.51314651135209     
   490.44567391962590     
   509.73642401489644     
   529.17604882614421     
   528.54975368546911     
   515.77323066342763     
   488.60718010124725     
   482.96872434777418     
   479.57716059210509     
   469.23645363171096     
   468.69869413325915     
   465.79736870654335     
   467.44550083647459     
   468.12962802356566     
   468.10824294361623     
   453.11977092032339     
   438.95921041383116     
   431.95091198969783     
   430.15870891224728     
   425.75173880494623     
   424.13476221271026     
   420.73060804119382     
   418.14228761960129     
   416.68515713055302     
   414.93568828406364     
   413.54350348862209     
   410.63564763164771     
   408.58454534915614     
   410.27244691166987     
   410.56638229069949     
   408.73406298869020     
   407.19636278183623     
   408.93410977600922     
   408.49605698239117     
   407.55497209223540     
   406.81786135835478     
   406.47280035580269     
   405.64822791578837     
   404.79587412313953     
   404.35333375621912     
   404.03715882063733     
   402.92114601526771     
   404.25414472700498     
   406.78822878056178     
   406.25620502785404     
   411.80614338820089     
   429.74869366946695     
   448.53604608700562     
   460.38616174829576     
   471.96625226473304     
   464.19250243050391     
   489.46223124198337     
   492.94317881444107     
   475.51068755494856     
   484.40692881661931     
   502.25495520182653     
   491.78107912394279     
   465.66769599444712     
   455.02166684640702     
   453.53137858482279     
   461.69693768799391     
   455.98401991830900     
   443.16229628115138     
   437.64098988918892     
   433.25051801240772     
   429.71131406304340     
   426.09958388808781     
   423.39992746603320     
   421.11661682818044     
   418.73363612828445     
   416.46782321678347     
   414.40625685770971     
   411.83388831710226     
   410.10502820458510     
   410.74467020394559     
   409.70476389375790     
   408.18389858661777     
   407.53764781480675     
   408.92068654925743     
   408.82042759303977     
   407.59742349815070     
   407.40538792867471     
   406.14422814870812     
   405.39336287889813     
   404.19536065787668     
   403.76001631201564     
   403.95193001404829     
   403.45118770314673     
   403.34107061284260     
   402.50016540272122     
   403.39949140966382     
   406.40350559486905     
   407.80155694748566     
   411.21129276757682     
   427.22851555322279     
   442.21013395460307     
   463.19313311511263     
   482.34601582998789     
   468.91195171633126     
   479.78678755209216     
   491.21557382008552     
   449.83202568871252     
   434.45647122577384     
   433.40497123339480     
   436.82183455483789     
   440.79202708601161     
   446.05418984418640     
   446.13799051308484     
   446.62968706966871     
   444.47804633186968     
   436.31675561061218     
   434.26505886815306     
   435.14448835429198     
   434.82915255243188     
   428.84201157736493     
   423.12320265962899     
   416.18382950314179     
   412.25640711253749     
   409.96290395108491     
   408.46788269315789     
   409.28850873996771     
   408.33735857217721     
   409.03913536675964     
   408.74706612125561     
   408.95622206197646     
   408.85744186732262     
   405.54259434939479     
   403.85358918870588     
   404.82308346349981     
   404.63041833387302     
   402.02873226245532     
   400.94156271595807     
   401.74448255228708     
   401.63092445118701     
   401.28916633748094     
   400.64374712399194     
   401.56810872076551     
   400.20797681313189     
   397.97673983997186     
   401.98992317720899     
   404.60650661831971     
   415.95514586050456     
   444.75083545858928     
   458.63548155461035     
   461.35336131839796     
   455.68104172887558     
   457.41649375562366     
   480.14750779055220     
   497.80113480219751     
   487.88547510431721     
   487.49972417892968     
   507.14990127645979     
   503.67582137417457     
   522.65901540278742     
   526.11758611713890     
   496.96980611605625     
   479.50499285156542     
   470.55251987671642     
   480.56142883030321     
   475.38206744633112     
   459.16919491416252     
   454.00071716221299     
   445.00805439016364     
   437.62504365550478     
   432.17544985974035     
   428.44978868979103     
   424.16264901690948     
   421.04358503267252     
   418.06151830939268     
   416.28894431862989     
   413.75603134599049     
   411.68486637887145     
   410.57201718567745     
   409.83929704491464     
   408.26676067104194     
   406.95934702200009     
   405.01680239486825     
   403.49586208678858     
   402.98379184227025     
   402.04911717684939     
   401.15617187584229     
   400.27237360748830     
   400.43722344695914     
   399.91997527403930     
   402.02738800767503     
   401.00042933172921     
   404.36829165410558     
   413.74691079374315     
   426.37045856584666     
   440.72649572507783     
   444.90068843518628     
   460.93701010643929     
   466.92028862038421     
   493.13958410665515     
   510.00307765082385     
   527.50278132416679     
   527.61897039147470     
   524.26949073539549     
   504.68014382866522     
   478.08544907572946     
   494.34508202401042     
   468.45380911331097     
   455.21872725304212     
   450.61360465622971     
   456.80351380341961     
   463.87794047633417     
   444.03048704132175     
   436.77635273090283     
   431.31362150075097     
   427.54429030097168     
   422.06465814875861     
   418.66724633479862     
   416.50274051433212     
   417.55654811094246     
   413.96887388804390     
   411.87229892408277     
   410.22495909407979     
   409.45431565323548     
   407.21707377842245     
   405.71215285519673     
   405.27246621908495     
   405.26108145631730     
   404.13686879838576     
   402.88117829627504     
   399.46591234633530     
   397.46461600381906     
   395.94631214063264     
   394.56475319493353     
   393.69527388456100     
   392.74128871086270     
   390.51209915394566     
   389.20961264550419     
   391.20442284299190     
   389.49725916148702     
   390.72309347586963     
   395.58422680933290     
   404.99674303314436     
   420.84184392989005     
   441.46146221199285     
   461.24180186466026     
   469.42494998869262     
   481.29061950689032     
   491.35960124725386     
   517.60501014661520     
   535.88464225725045     
   542.75984017492419     
   549.71931016712858     
   556.59855405063274     
   553.28985887600049     
   539.25956138503204     
   537.15456813532739     
   524.96461819383899     
   504.75496008021594     
   489.00541586769873     
   475.89889636163900     
   458.59458605494427     
   454.62977163190453     
   452.49455311125621     
   447.89929157987359     
   442.20297043009862     
   434.46843011099213     
   430.09575638880824     
   425.18061499049617     
   420.60563083474170     
   416.75560907978621     
   412.64570741824326     
   411.04477487212421     
   409.54440962363105     
   409.79792215499742     
   408.54122847849908     
   406.26058859909057     
   404.44813114110008     
   402.87059168228291     
   401.55908064949568     
   402.34881864588760     
   402.43390576225318     
   400.55925843016615     
   399.42637831708902     
   398.19242004081667     
   397.45768545535896     
   399.47282999085934     
   398.69774334289514     
   404.57639694804101     
   416.38137260483728     
   428.91785862689784     
   447.46832918494016     
   454.46455368838906     
   450.76866988565229     
   454.04608506934585     
   487.12995286510949     
   503.08179230978965     
   496.93594259159670     
   498.77788186897635     
   533.14365033865954     
   538.37094157580077     
   529.39867798093303     
   535.38929020931130     
   535.65543221215682     
   525.90445627179861     
   526.57489830879422     
   512.26761731763122     
   480.84732602706049     
   481.88223942607300     
   473.07354436992500     
   471.60290871178688     
   458.24923506397761     
   447.68546112485757     
   440.39788858217230     
   433.96980918261227     
   428.51958479717842     
   425.19587115022262     
   422.17888278734068     
   419.46599384526718     
   418.77531912815732     
   418.29504897465290     
   417.37057074256126     
   412.98276736469245     
   410.50304198867570     
   408.45817955619265     
   406.89211102091815     
   406.78213556954569     
   406.11503173988717     
   405.73986100984604     
   405.10847497354968     
   403.98840859913770     
   403.32841417950448     
   403.76451860576287     
   403.59525335027371     
   404.81439897450002     
   402.74073260689477     
   406.12368997263843     
   413.40278408044287     
   422.11351502669640     
   437.33513552112549     
   456.68241520714673     
   459.61158394056434     
   460.94941769714410     
   474.14986335053567     
   489.31673016841972     
   515.17263627418367     
   532.57017589779878     
   518.01720707699826     
   504.59183198199258     
   540.04658595952503     
   519.79725457269080     
   517.78244511529272     
   471.36287092134739     
   457.58126433372581     
   456.04774411470106     
   444.81316021755651     
   434.72750066477533     
   429.83634301436626     
   428.62602541320229     
   427.80028076698358     
   425.81772539874368     
   423.35559481822366     
   420.09107397712535     
   418.77399950071288     
   413.91756076424559     
   410.48855159246591     
   410.58179820136831     
   409.98250034349780     
   407.61131198529682     
   405.50686391696229     
   403.80862943785729     
   402.38907913038724     
   402.68056509206400     
   402.00600955080023     
   404.48409763411394     
   404.48953641067209     
   403.35323389333320     
   402.69870753168726     
   400.52333307642419     
   399.68066490604252     
   399.73982107406044     
   399.36936088233216     
   402.67135366505619     
   402.46562039458792     
   408.52294527627640     
   416.99254527706785     
   417.32762925240667     
   417.84747941213885     
   431.06726351196238     
   450.96528269626310     
   470.80565060923436     
   480.76707142069210     
   485.79855931040584     
   511.64586946147301     
   532.69485602442739     
   533.54495530058739     
   531.18086525796889     
   547.51761834927265     
   521.75276081123673     
   486.66029789274148     
   466.88286813711807     
   458.86519578747414     
   452.06503114541283     
   449.49830704725809     
   446.47543568980490     
   442.94957562793212     
   434.83614757443962     
   428.73102332072216     
   423.86832554753926     
   420.57975309338980     
   416.21323542972215     
   414.97155885755262     
   412.45212189228675     
   410.49680259831058     
   408.98715706073483     
   407.90308849802921     
   404.82114279817608     
   402.45600309074712     
   403.07046997269515     
   403.05299672760862     
   402.49137104194364     
   401.77493368355829     
   404.19476435971313     
   404.21409224322639     
   403.56125088092614     
   403.36885348916337     
   397.76874526413087     
   395.41801304189698     
   395.68123041541367     
   394.93833365343829     
   395.30967637652958     
   392.95083798004578     
   394.87827431555451     
   407.22077894002962     
   423.25078005489956     
   440.10102134696200     
   455.61797974404800     
   470.63213885773405     
   482.36683350938176     
   485.67782643691896     
   514.63829042242924     
   530.16236023242482     
   544.03288088049339     
   521.49011193676733     
   532.46001585427359     
   538.62304558599851     
   545.43231728220314     
   506.52820146057218     
   475.76252159348007     
   456.91728917963445     
   450.91548400544337     
   445.23486387694794     
   438.31024054691392     
   434.03609281555015     
   432.67735744924977     
   428.02922710038428     
   420.72976841458382     
   417.00508504962971     
   415.38977978534973     
   414.60508458596189     
   414.47978076795005     
   412.69273160268961     
   411.82434557126561     
   411.08454961947257     
   411.06402796073075     
   409.92410597785141     
   408.66497952342490     
   407.91740605441890     
   407.02554383381658     
   406.18556093281830     
   405.67481352061372     
   404.53301772725592     
   403.44405834713552     
   402.56083021843415     
   401.89045031540621     
   401.22231860804737     
   400.00620981508621     
   399.43016258328441     
   401.46081363412236     
   400.26238037579424     
   402.81804395918863     
   411.18873435552837     
   424.67931301610548     
   438.43928056980991     
   453.40498735984625     
   470.96837914261670     
   485.47905895845787     
   498.97457660191060     
   508.87718994791254     
   520.86578755147025     
   528.10451471807073     
   530.19562683259346     
   522.98914780155303     
   515.69212295197588     
   495.72793620958043     
   502.62813789396893     
   504.74172513450895     
   504.68112138275376     
   475.05824200922166     
   463.96004516642432     
   456.31243700316810     
   453.29102850505870     
   449.35236664010159     
   443.71563699726460     
   437.59260112375733     
   432.22245152968196     
   427.47825579417429     
   424.49102141628111     
   421.36580051106961     
   418.88152127717416     
   416.84711429774768     
   414.94269168267340     
   411.55204846145745     
   409.40738259170263     
   407.58196758364539     
   406.19947954980364     
   406.55607837677701     
   405.76892569438365     
   406.18830503654362     
   405.51421723060878     
   406.75089623270486     
   406.39565256741878     
   403.75848407524353     
   402.38599954199231     
   401.84150966293595     
   400.81668259364602     
   402.22263594016539     
   401.16811267823533     
   402.16597902173464     
   404.27211861370398     
   414.76281621548361     
   427.41547519568786     
   447.90233337562631     
   464.53830679641493     
   485.54909779544511     
   498.88289846952694     
   508.66379080465185     
   519.65596135803560     
   515.45017428994856     
   511.59478698432417     
   515.38474449756359     
   532.75649194904099     
   545.52986729336510     
   530.98660182914102     
   504.06068082205485     
   508.11586246773834     
   498.79149354148763     
   490.31668646823994     
   465.67896742500466     
   451.55546691999564     
   447.30861574701754     
   446.42394176321216     
   439.86171640953683     
   436.46600340071063     
   436.33472909113834     
   434.11900364125944     
   429.10536883533308     
   425.89766434826953     
   425.06951885590388     
   423.90450651153509     
   419.82756280197270     
   417.22700896196528     
   419.24022895161409     
   419.20297996691795     
   419.91930784700685     
   419.79328181017024     
   417.41500225042836     
   415.79711692491747     
   413.26726464632543     
   411.99671754710863     
   412.92126864007935     
   412.44914794629881     
   410.94088558565164     
   410.01008203345009     
   408.69223790096260     
   406.61756827700026     
   412.68749951220343     
   420.61279088733318     
   428.36848426094997     
   443.06328984426227     
   454.29335334769695     
   466.31697538988692     
   490.92258574423767     
   497.43511320899984     
   500.07340234137797     
   507.47770353846090     
   542.28400803824900     
   548.05429939189435     
   520.82659431607851     
   509.51142709792657     
   521.96167510359669     
   513.68155547264428     
   488.55110503024935     
   472.06142359458306     
   454.52971040121622     
   448.21939742196037     
   443.34082467433211     
   439.78422614362717     
   435.04983379017051     
   432.20478720966025     
   430.62178169392058     
   430.11502364171594     
   426.88838582401678     
   424.84155942349054     
   420.34228145804582     
   418.28688838181580     
   419.58930653577494     
   419.47484543612228     
   417.96784648143210     
   416.57843249519846     
   417.52762847156890     
   416.29909432213691     
   413.37834530786029     
   412.48853140395755     
   411.54739862961003     
   411.02284495590493     
   409.72886779338290     
   408.92648161565796     
   408.28095375132762     
   408.10314781455889     
   407.34909228708210     
   406.36366886640042     
   411.98431289268541     
   421.77825339247198     
   426.69557926290952     
   439.10766347370719     
   457.80345427277945     
   476.52541328927282     
   489.96069404662899     
   489.74610603976004     
   486.90579551510984     
   521.91057082452824     
   531.96881068007303     
   528.95765906012252     
   526.30560551157225     
   552.72903142425434     
   537.34505738545295     
   527.56266447714836     
   540.18563129812833     
   536.31657188404245     
   511.69180312670534     
   474.10234082787395     
   451.31739675139306     
   444.92223628317493     
   440.88659424847322     
   434.69247116217815     
   434.43946001461217     
   435.91182762382260     
   431.96548456307283     
   429.13141619601026     
   424.86861803717920     
   422.20200354021944     
   420.86641342841921     
   419.30299128197271     
   416.38434171962825     
   414.85888094140637     
   414.87838288564490     
   413.52001048023169     
   412.31252163891867     
   411.58358607325198     
   407.72102844609225     
   405.50281694467969     
   407.18116594989476     
   407.27718979920468     
   406.00382283028461     
   404.54850742669470     
   403.94685315500573     
   403.64671773618795     
   402.87209194229297     
   402.33991900676773     
   404.63840357220170     
   406.84670446939879     
   412.47358905614152     
   417.66287459655967     
   419.80342073812665     
   448.71371102186487     
   468.76388616577191     
   467.04727647502045     
   463.71268037209495     
   494.02019594906864     
   511.73304362926729     
   522.16314933354113     
   522.84403323468530     
   524.14698552212053     
   508.54584824869676     
   508.81201258412392     
   508.46077191378021     
   507.19706351568266     
   478.46067092745113     
   461.05704096051164     
   455.00679175325592     
   450.06839906408618     
   445.81252011248733     
   445.39387571414869     
   435.86777991894724     
   428.59726651090585     
   426.74447175954447     
   424.85395594477177     
   419.75482414533968     
   416.66425996963693     
   415.26525964108862     
   413.33849514201415     
   412.97839700712507     
   411.89131002089425     
   411.96401622995353     
   410.83328201365310     
   411.49689871882885     
   410.98260162181384     
   409.01060934946611     
   407.94891362543825     
   406.77886330172430     
   405.75449451667993     
   404.42757557179112     
   403.66625462981699     
   402.53628737628071     
   401.83577982145954     
   401.35006444606569     
   400.59145712202559     
   403.80591044405162     
   410.38564061265163     
   420.16772532300467     
   423.89847415841359     
   439.46726455021258     
   451.14528561653913     
   467.47189024052739     
   469.73076134670731     
   474.67961705300092     
   488.41741558387088     
   508.60153889974714     
   521.70557047411194     
   529.74322593397721     
   546.18240061576319     
   541.47374128749186     
   533.88305663055598     
   513.29455256337133     
   499.22839227704577     
   513.65297122736661     
   491.00126812926737     
   481.29368066802289     
   469.84031062662092     
   469.74653525452413     
   462.51529261398593     
   452.22143015981328     
   444.80007471969776     
   439.37710753922875     
   435.67689803652502     
   431.50109047132906     
   428.06802334247584     
   426.26291067444851     
   424.30555525545219     
   422.69565303842955     
   421.25438379113206     
   421.15318072178292     
   420.13833822669608     
   419.67333745834219     
   418.77332145788307     
   417.69572744866110     
   417.26022786715004     
   414.98900340132172     
   413.93043449490148     
   411.50786080795217     
   409.96620901847064     
   409.01955048761272     
   408.46934807431063     
   408.57389917683008     
   407.40711592189410     
   409.64118944864248     
   419.19076103949516     
   429.39851015870431     
   439.53441350403847     
   448.40400290382843     
   461.65287435096855     
   476.46662091782781     
   467.41147644951207     
   480.27152700762963     
   508.51883254647015     
   530.54972059484896     
   531.08223229518455     
   538.30511866786344     
   542.77674572045601     
   537.82053418003659     
   536.27369504422279     
   546.94736342460851     
   533.34234831046115     
   534.21427572555081     
   517.47212949286984     
   498.35239621706791     
   484.11596443110602     
   470.44494643161698     
   461.09081601348066     
   452.21728745680656     
   444.35907302771147     
   440.96336487080777     
   438.02593913651435     
   433.45236207649191     
   430.04759353627543     
   425.60178663878918     
   421.77605536203168     
   417.85389333566081     
   415.23376914254476     
   413.84742146825852     
   412.08799638223348     
   412.83509303277708     
   411.75440513634118     
   410.06197631652987     
   409.09282290091761     
   412.40589398483496     
   412.47389707881922     
   411.23711329096682     
   410.08865950161896     
   409.08593992072383     
   408.48293715093962     
   408.12220046627186     
   407.75113113133978     
   410.17418195645888     
   417.58812636433981     
   422.33964034261209     
   433.99208115773246     
   446.91412086552219     
   462.97626580854330     
   463.26043605515861     
   466.40949753060733     
   490.52057516551065     
   502.42689715426491     
   512.46586917230320     
   531.51964042600639     
   552.64777972502031     
   559.02557859658100     
   549.71084552768957     
   553.65725556365646     
   559.94178343510521     
   544.11194618393017     
   547.06182119566108     
   534.14312373509267     
   523.31177746475760     
   520.65737475231663     
   487.39261072420828     
   477.35031397508811     
   463.77467932120840     
   455.56200438058050     
   446.98003558853804     
   441.46304584951713     
   435.48358070594418     
   431.97995502654157     
   428.50825535942158     
   426.16953046139150     
   424.45149684288629     
   422.29340622598562     
   423.21099675749826     
   423.72846381184229     
   422.17591680745471     
   420.83954553142848     
   420.39971315122386     
   419.69563705467431     
   419.22917086827988     
   418.25597483537274     
   417.11337975720681     
   415.68756446205100     
   414.36698431428897     
   413.97952425695519     
   412.82645818771755     
   411.86582378068050     
   413.94115533839550     
   418.83878521770896     
   428.64756148549941     
   442.12110529384211     
   457.17803410991922     
   469.41995698338718     
   482.97346351082348     
   479.51693913922657     
   499.23212003935026     
   524.25749808757075     
   525.40470043691835     
   522.05488448498193     
   492.46632890651364     
   512.68189696865795     
   521.37852911111759     
   481.25323751870724     
   469.12963302042886     
   462.43481080901120     
   460.51156004285485     
   455.82917515334339     
   462.36709589698683     
   463.97474148628305     
   462.61483936058806     
   456.94959504151632     
   450.10865068529222     
   444.56637075682471     
   440.69486925646390     
   436.51165656733940     
   430.77883312282927     
   427.32406558477811     
   425.55918656968765     
   423.80338772700679     
   419.87474585506601     
   417.71742310859696     
   418.27521364580844     
   417.75162845527740     
   413.40525417913307     
   411.38252876740444     
   408.53698008101361     
   406.80988130891330     
   406.42078100608103     
   405.17147421794056     
   404.89248212090490     
   404.09637871675858     
   405.19605908394163     
   405.02507984634980     
   404.70038194330112     
   404.45130819943176     
   407.22835818739361     
   412.80192463354786     
   422.84892225495219     
   436.55908627046153     
   452.89394961401121     
   472.79854275462333     
   482.27316269195722     
   485.31782912082434     
   487.28887271651354     
   495.53960237955403     
   499.96752050008655     
   538.78307500820551     
   503.90867221291143     
   533.03457584716648     
   505.11283435096601     
   492.72355971931654     
   530.45994429818779     
   506.72889562859422     
   481.68003334278916     
   473.85710879373607     
   471.74226831321437     
   471.32756393847620     
   461.33563880741235     
   449.32059004753961     
   439.06802934064177     
   438.97589969934762     
   433.62699092865830     
   430.91356612772864     
   427.75637278229635     
   423.02362806430494     
   419.38120259153533     
   418.98825141293537     
   419.27821776920155     
   418.34698534058026     
   412.43478602458794     
   409.85899595027615     
   410.98847056591609     
   410.40367772913197     
   411.84193336762240     
   411.58039386661324     
   408.67791636790616     
   407.13728344174490     
   406.21059934592790     
   405.55867300929498     
   405.09897258148351     
   404.49412952155086     
   404.58605711090092     
   404.08930409202696     
   406.29099444286413     
   412.82936986534719     
   421.46824703465967     
   428.32993744455234     
   437.17049428559449     
   455.42636988956031     
   453.85774474294749     
   479.53614347406642     
   474.04069009512273     
   470.50665672425527     
   508.49569642062011     
   525.62195192394131     
   533.16035079046151     
   532.66073452991645     
   495.61413442995928     
   505.15809786268863     
   530.51324250225230     
   533.65208410495245     
   545.60841209538671     
   525.28106198190176     
   502.52093845638382     
   490.90568123919024     
   470.51048869730681     
   457.80910223298412     
   449.61630380975572     
   444.24470219134395     
   440.73056025274070     
   438.00832998844248     
   430.99365983119600     
   427.39865863609788     
   425.10559382116895     
   422.12519392150369     
   422.62938089137521     
   422.17898528565348     
   419.54094069456534     
   417.54901703040235     
   414.98665239407410     
   413.74784090708357     
   414.01495213284568     
   413.19096214074750     
   413.30468024800399     
   412.61735365008019     
   410.82846006560152     
   409.52126718537596     
   405.95302331642000     
   403.78427141214604     
   404.14122412088852     
   403.39245536365291     
   406.30728218362339     
   414.02426929285065     
   424.15017451011641     
   438.18662127475955     
   458.12642950496746     
   475.93811637208080     
   474.72999240380949     
   486.23419938555770     
   507.74627657366005     
   533.92624123961093     
   545.94625453383799     
   540.75063812913686     
   553.19009752506020     
   537.63826942210289     
   556.18442041468552     
   556.85025550499040     
   533.60011821774788     
   539.73590240146439     
   501.51288328201440     
   499.33551541109273     
   509.93379182009795     
   502.75460440533124     
   483.35455111291947     
   467.44009367139654     
   457.78097827762696     
   450.18054671159882     
   441.85198850485415     
   438.66143635889557     
   433.75194318000183     
   429.66268124351097     
   426.97635105761128     
   424.89351876348024     
   423.12863665322857     
   422.21116960730217     
   420.72359917755330     
   419.38881475369760     
   414.44055859752342     
   412.10258461356057     
   416.41843113549908     
   416.97547718196364     
   417.31598937840204     
   416.39013887682205     
   414.67306481654015     
   412.91492433836856     
   410.19561973627742     
   408.87988297467268     
   409.13981701156791     
   408.24947446734387     
   408.53674187423809     
   410.35189804971810     
   417.70962995663137     
   436.49476876330243     
   446.46669918174086     
   438.37577989031467     
   455.73964525625507     
   482.33354716374885     
   496.29517379493331     
   516.72938787723069     
   525.55964656978381     
   509.51633179879957     
   512.65146458819959     
   521.36868207037344     
   526.69076432559996     
   532.32033490401102     
   530.63669553649095     
   535.79238089655610     
   529.80833957020582     
   503.24031939927357     
   487.69179640320357     
   479.35524069702370     
   470.23465583173135     
   457.34357568614706     
   452.39305140670967     
   448.51090674550221     
   440.04330586876370     
   436.77227394098719     
   434.00372152300667     
   432.47020862266834     
   431.29527690825694     
   429.62823353999619     
   429.48866739854799     
   428.61501917540721     
   427.52831837156594     
   426.11736459394024     
   424.48025274716179     
   423.19634166750944     
   421.72473164050513     
   420.71162481426046     
   418.90273297574970     
   417.25327767763633     
   414.97048560871815     
   414.13756122882870     
   410.91710117977573     
   409.29959424464170     
   410.27167823819661     
   409.89569631769081     
   416.40633114153809     
   426.87711568318161     
   438.76680151013812     
   443.91721433664890     
   462.27642821175664     
   470.12420307613735     
   476.69523262277175     
   497.52165959650762     
   508.73994384239558     
   532.00290035678609     
   548.65580887728709     
   561.09563767129555     
   568.67751254608186     
   575.91363246749381     
   578.91766633244060     
   581.11138882173509     
   583.02715972529745     
   559.47443825330447     
   551.55368459339138     
   543.17559336832176     
   516.32166371310961     
   492.18887454481671     
   480.79163415434112     
   473.30866850651466     
   464.96370379187573     
   463.93316411066934     
   458.22553851316172     
   454.60560551032682     
   449.11771625796769     
   444.77059921791744     
   442.35142738300198     
   439.48422409452820     
   437.44644880906657     
   436.68308027299844     
   434.92511448552818     
   432.67288259118999     
   425.88886330224318     
   421.75817826121062     
   419.38318232240636     
   417.76880252362548     
   418.93290922892174     
   417.60848182816494     
   416.30511961704542     
   415.33647310643767     
   415.63252155091527     
   414.25489718368766     
   414.24327922413266     
   413.36891716136671     
   414.30644019078812     
   418.09602219294737     
   423.41257975080237     
   435.00460542509654     
   443.07633183958245     
   454.61042574912909     
   453.07282494545882     
   456.56285753705856     
   457.01605482963726     
   449.98745221782622     
   450.61604594470771     
   465.62651782380175     
   462.74769588317804     
   451.50252678312501     
   455.46857812332695     
   460.96233376580824     
   451.61756688458576     
   451.01206996802870     
   448.24024462144735     
   445.96977155420723     
   444.62334733091848     
   437.57174522292860     
   432.70581616093932     
   433.14644384263471     
   432.61173633001266     
   430.88590704925679     
   427.61576081190088     
   425.02120177893579     
   421.20460573046853     
   419.01006401126608     
   416.91760089060676     
   415.29601737313612     
   412.98917638606946     
   411.27636241122769     
   408.58579679409007     
   406.79051692404141     
   404.49385252754757     
   402.82978879843620     
   399.88276596414102     
   397.75660413817707     
   396.08232530246778     
   394.75400746966164     
   393.52238913453556     
   392.11211934154926     
   390.19413425117892     
   388.16469172536597     
   388.86041817635089     
   388.24124313149923     
   389.33274224765415     
   389.71790684400651     
   391.85284324060450     
   395.43813434978807     
   405.14187567186633     
   416.85776355939356     
   423.22600086183382     
   424.00587842546179     
   419.38080650589683     
   418.40466865231758     
   418.10719055228958     
   418.55525103125302     
   424.31511001900810     
   418.49365848343922     
   421.00926890635122     
   421.69245671813701     
   422.60184844374362     
   427.67832337676145     
   468.84150397300346     
   450.06782609562345     
   435.81006419947079     
   432.66905311686548     
   430.80301278464435     
   426.80662608597038     
   422.02243754661879     
   423.25121226959328     
   416.65432681568279     
   412.71712096911722     
   411.48414501130179     
   410.21672731384410     
   407.99487243328247     
   406.68978548988389     
   404.01012257692429     
   402.46077969709955     
   399.27793582768794     
   396.77782505662020     
   399.79065217603414     
   399.97516098424410     
   399.07620461946328     
   398.60973298846523     
   394.88661164963219     
   392.70074561632589     
   395.03315753371669     
   395.59188874543071     
   393.53042398856576     
   392.37484134262377     
   392.70646543605898     
   392.14405881909227     
   392.05568451239185     
   393.42852412252250     
   398.93668583540949     
   407.26576601526017     
   415.16794170363357     
   421.40557539483979     
   414.32668707522583     
   419.34497591498587     
   439.21925661786446     
   430.33975345682336     
   422.08940472178472     
   424.46468201084048     
   440.46932474682347     
   432.74588161997701     
   426.23714505095273     
   436.06484324477066     
   449.06740881678087     
   456.87827434679843     
   467.56567588730741     
   463.46579453677884     
   442.41949141574770     
   436.61562679797925     
   431.05001338853265     
   426.70313908369661     
   426.62469259392259     
   422.21972723819761     
   419.03305028975950     
   416.81714850872271     
   416.52473305960649     
   414.90386710473922     
   410.51228457606015     
   408.75546933507945     
   408.01419589785110     
   406.46937148779421     
   404.53484467819936     
   402.91076067782234     
   400.13063641888363     
   398.56298293806850     
   398.21264110937182     
   397.21591043599977     
   395.29860520231438     
   394.35769734132907     
   396.44619848163984     
   396.41364008585379     
   393.85878801995864     
   392.29870156431861     
   390.70587440412470     
   389.75674208302689     
   390.56993486001301     
   392.85328393109415     
   398.74668790482588     
   402.30616905380867     
   403.41026177766315     
   402.68475455392309     
   409.09684042358634     
   418.89582621810780     
   437.15703704059342     
   447.23249304222844     
   462.04538860071943     
   469.49798250411703     
   466.27661469213979     
   470.64347396551216     
   464.89060421919396     
   449.58291722106668     
   443.37693646348754     
   445.98607898648322     
   451.78573751040631     
   451.48935989723282     
   451.07203223580450     
   440.02923786484865     
   432.71057693582389     
   428.41992950141776     
   427.08934678928915     
   424.77042689791602     
   419.82239532678648     
   417.30885991619704     
   412.09263839978962     
   409.41716689915160     
   407.82690777751890     
   406.70686576621949     
   404.53355656074859     
   402.95057565840312     
   405.77675040150422     
   406.16246390294589     
   401.10120891715002     
   399.25493601991951     
   398.90373737263013     
   398.28589214284318     
   399.90901881130281     
   400.09363725630465     
   399.36064561397120     
   398.59050438569443     
   397.10199109596772     
   396.11506516892285     
   397.18266846912746     
   397.02541648814713     
   397.12452678282705     
   400.47222256306026     
   406.60637275627431     
   417.51074003885117     
   425.09851735111738     
   430.31082444272420     
   431.30767712990041     
   429.94499160307845     
   427.67311100815863     
   442.50309777699988     
   498.64401949472017     
   501.18470469638055     
   510.08508891654645     
   508.14149821001558     
   516.68043848030584     
   468.09697652471658     
   451.25737645818793     
   453.88573917232463     
   453.62870952728258     
   457.25728141965408     
   466.52643316033419     
   468.82960129796481     
   446.79970774457792     
   434.05160825415305     
   428.91283493424322     
   429.12253510696712     
   420.38365154025041     
   416.23015887804740     
   417.45295162767843     
   416.61548683483227     
   413.60010273681672     
   411.55482715926661     
   407.54520050869735     
   405.10025161501665     
   406.87743704834259     
   406.25757570266154     
   402.56639404635757     
   400.73983318620674     
   400.37740360034820     
   399.46625140746471     
   399.12989424542678     
   398.34276418630282     
   397.86017028688650     
   397.54423634910268     
   395.99932552200806     
   394.95040090030272     
   394.56646244029758     
   394.06101596370007     
   397.27522810153164     
   402.82776242919488     
   415.15252994776290     
   430.53263833120536     
   429.30146415965646     
   432.32774568649336     
   456.78822170361542     
   472.55344282372209     
   485.35010986818321     
   493.40972654385195     
   494.89589159876056     
   526.78512028797616     
   550.45537515846399     
   555.36971740258139     
   554.64793972562779     
   563.71636823994311     
   561.56726086808385     
   554.49487616204522     
   533.76851289067588     
   511.83269490475038     
   497.58073457088983     
   499.60497739951347     
   491.32542445870916     
   477.81819498311074     
   458.11434049605862     
   453.76792477732613     
   448.02118838390953     
   441.47803336541051     
   436.69754603251579     
   434.60766415587534     
   426.86020731777307     
   422.49031260389381     
   419.95411067581858     
   417.79735792614480     
   414.89069762336339     
   412.99762729351380     
   417.90420539229223     
   418.38754897276846     
   415.29577901238196     
   413.90333597718285     
   411.85989168308248     
   409.82277183462458     
   408.45950750207186     
   407.77505116693578     
   407.01584923847474     
   406.56973144410966     
   408.41145972262331     
   408.71330400624134     
   410.37363866463750     
   418.13451395803219     
   425.97945553891481     
   438.44181499896149     
   433.35215163361624     
   457.07404327689085     
   473.49070694140642     
   497.03508340694378     
   512.99605752549894     
   523.84047319515560     
   537.94437870768138     
   551.49828495325210     
   556.46103861460040     
   547.12672989068676     
   530.98691114363623     
   551.24529667024842     
   543.64112877878404     
   551.30290409109136     
   532.18365696225464     
   508.44843204859700     
   511.00733516575025     
   494.02109061880390     
   476.74417501853856     
   465.09789810129735     
   452.42237293850553     
   445.76353093232575     
   439.02021109195374     
   435.05750884842155     
   433.74895509184324     
   431.84517396517265     
   427.08122990749735     
   423.94392257530035     
   421.83434693213968     
   419.67029910971826     
   420.14070896981519     
   419.56825400289955     
   419.23878159918473     
   419.07595413827909     
   417.95455970066945     
   416.09196075180637     
   416.36179612174556     
   415.52104692774839     
   413.65955721487853     
   412.67118476124267     
   411.91436703007605     
   411.07645434368743     
   409.29503220759318     
   408.07210786278421     
   408.35139291261788     
   407.89389362479142     
   413.77504650434685     
   416.99714282247140     
   434.35738488425193     
   442.19443390982849     
   465.46335294460812     
   489.95681932320622     
   510.61461763059918     
   527.61243896420842     
   541.03671724459309     
   532.88500165231528     
   527.06859423136189     
   533.16015541406750     
   533.63690679880256     
   493.16965074624244     
   492.32798727878173     
   484.54154160601104     
   486.14031539727631     
   491.37374347385048     
   481.30780570830831     
   477.10637013500167     
   466.83387242608558     
   455.06874117831694     
   449.42879731731819     
   445.16388937628489     
   437.89047182128672     
   433.29159330904878     
   427.01218196128042     
   423.98514787257886     
   419.51086993749499     
   417.20163881834628     
   416.52828106221091     
   414.53986682523293     
   413.94107629908524     
   412.78005175350148     
   408.32665294225347     
   406.04973648301115     
   404.63638119418027     
   402.91412286751165     
   403.06097511707804     
   402.61836887637475     
   404.28751838149640     
   403.81887565859836     
   402.99875433590807     
   402.65051785911317     
   404.26982870068701     
   404.44067955662939     
   405.57230470354972     
   407.32098023885209     
   411.81407948702474     
   418.20722319384947     
   428.29482667047188     
   449.12338198451295     
   447.43347910507674     
   451.11748116590036     
   449.29201149047350     
   442.54906019868667     
   439.80165861693985     
   448.26436371261718     
   437.51325137969155     
   447.29327189489010     
   440.50446100955378     
   446.80359710795017     
   438.75912929559780     
   440.86977054797433     
   458.31376666456322     
   455.81846021297605     
   453.09383964708746     
   447.24987741954328     
   443.92939796879563     
   436.37475645414867     
   433.06273021653971     
   429.25288461635341     
   422.37508758985979     
   419.32423431341999     
   419.04900288320800     
   418.07844954003832     
   413.65736559012947     
   411.39433819776508     
   410.72526741958967     
   408.99940159742999     
   407.42028527980273     
   405.94407469896458     
   402.91187257567822     
   401.34374288423209     
   400.04438609694165     
   398.73841737257317     
   396.49831740715928     
   394.81761470901080     
   391.48499897896590     
   389.48041628383402     
   387.04576198985370     
   385.59842875353360     
   386.60063041689222     
   386.14712856342828     
   390.15983266767142     
   390.82726730707191     
   396.42961978294306     
   400.64682337552046     
   406.60167075488908     
   416.28591932524535     
   417.59819844550600     
   417.29126436074444     
   416.48334288325520     
   415.38819094635494     
   416.68209603913573     
   423.29461464432683     
   426.70773884554461     
   424.17223301712033     
   436.58883505011244     
   454.21769290983281     
   454.03075268250348     
   465.58111030609314     
   456.78303306688684     
   453.18481213300737     
   450.79289476613900     
   444.62718138882860     
   439.72137465289370     
   433.70382458016411     
   431.82552144061037     
   433.56906147077524     
   425.88095007005819     
   421.81701853412670     
   418.02584067888256     
   415.17570545755149     
   412.53273861661410     
   411.07694224789054     
   408.14016668864792     
   405.62603953753154     
   402.75578719388443     
   400.68464345315078     
   396.26058488355136     
   394.05013608822946     
   392.49122000190647     
   390.89612239958586     
   390.64393500459209     
   389.04328752236785     
   386.70870539449845     
   385.46569178137031     
   385.65526106219909     
   384.97013532147270     
   386.51949490147234     
   386.39812042881209     
   387.70337571978689     
   389.58543207246299     
   393.76166767171298     
   403.41824930943278     
   415.10549710393047     
   425.21461859960448     
   427.91595042816539     
   420.90364156656045     
   424.46805311521234     
   449.69996059473488     
   448.12791731987073     
   442.00403248336158     
   471.59066613990717     
   463.31678133948225     
   486.93307047914294     
   488.81409338339711     
   471.68303290589029     
   452.62465933400114     
   455.26947051090082     
   453.34584840157180     
   450.37995648123501     
   443.06392379679312     
   439.19276888108743     
   436.97140108263324     
   432.21142462169360     
   431.29794491058749     
   427.80395760850911     
   424.99242645918190     
   420.44324909781312     
   417.43237198773443     
   413.83550328523199     
   411.79023195805445     
   410.69021971812776     
   409.54606198136634     
   407.50380689821156     
   405.29359936493785     
   402.44291385713194     
   400.84500371780535     
   401.99449621799556     
   401.48734358698232     
   400.59219791001658     
   399.56783373343291     
   395.19709707741441     
   393.33169697828828     
   395.65271767183822     
   396.03087213808885     
   395.96504249087974     
   395.54839437364410     
   396.74821837276909     
   402.35118491054141     
   411.54883720462669     
   414.08001306442657     
   428.26326569429546     
   440.34790313602076     
   443.23450189763946     
   444.25302152821541     
   448.86960814564941     
   434.04359190788250     
   423.20944759423077     
   415.09272741224322     
   421.45080115603139     
   422.16722779857616     
   420.31001631075350     
   422.29233319915403     
   430.15484264296555     
   434.23069770479520     
   436.56738764921118     
   438.29150897308023     
   441.05869443350878     
   454.11532769644958     
   444.87981087988823     
   441.86795522718694     
   433.58754720906035     
   429.29059035694030     
   425.07426983644513     
   422.25169369256344     
   417.97524825368885     
   415.64173116326469     
   411.56853602404311     
   409.47104654248204     
   407.93319964410341     
   406.58060602533402     
   405.33581637260477     
   404.27146134188581     
   407.42341942500275     
   407.98613821423430     
   407.56869301014007     
   406.97969696707031     
   405.88354743782429     
   404.55817613779999     
   402.60951562939312     
   402.73569502540568     
   398.70915604047252     
   397.21542642293986     
   398.23376201694737     
   398.14267891794458     
   397.55910925523682     
   397.95936737180449     
   399.30959516835424     
   401.78463533431506     
   405.40146109235036     
   409.47485167510365     
   411.27497166588216     
   427.63843663906249     
   438.39870533432145     
   446.28476019228754     
   453.13435655457295     
   452.55982213762792     
   456.28123627122250     
   480.47266799788935     
   481.20567597164398     
   463.43139050569783     
   456.04143959703799     
   447.94829340583431     
   441.11425373730225     
   438.14813507653025     
   443.55213271865819     
   438.73904530378496     
   425.34323295764557     
   429.32202009767786     
   423.75618331212473     
   420.86424045343819     
   416.80244469507721     
   413.58456758492412     
   410.46499787337814     
   408.84599694278569     
   408.40496696112240     
   407.87097620629015     
   407.30097791361476     
   406.88151178714986     
   406.05714190519660     
   405.50085882739137     
   407.84826172886346     
   408.92693930201648     
   408.94279651839514     
   408.83936068004823     
   409.16268847675394     
   408.96783376920382     
   408.09129859165012     
   406.29141857985434     
   401.57622398545095     
   399.78746137036046     
   398.74000782767723     
   397.75375870250718     
   401.17271817516763     
   408.62395670340049     
   415.82395579413753     
   425.38110704468511     
   445.40612615332839     
   459.03650282916897     
   478.24122585078874     
   471.16201574886173     
   466.89653706651501     
   476.89922321592724     
   477.91470211950769     
   467.82323319051750     
   459.77285735303042     
   469.44868736748157     
   477.29282302711908     
   485.44017445528772     
   483.39502885000485     
   489.11101842466303     
   483.40744215366419     
   492.32267091463694     
   474.94250537196433     
   462.10096967239349     
   457.47051539230296     
   451.02123537724634     
   444.87177524871174     
   443.35128622271895     
   435.29581873273037     
   429.93267586880160     
   425.54700982218753     
   421.82378728405678     
   418.32206781005272     
   416.43409470866038     
   415.77976939718053     
   414.37504958192545     
   412.79998841063144     
   411.92714555733335     
   409.06247144373128     
   407.35324638357616     
   408.14706666621771     
   407.69229153498122     
   408.26294865478570     
   407.65331653437738     
   405.71957429004834     
   405.06209103224302     
   404.02057070350992     
   403.13640869212190     
   405.39006143500768     
   405.65553450000107     
   405.97949880026971     
   406.01702619121198     
   405.37405575034308     
   405.68739114077431     
   406.66645710090847     
   407.37864934642533     
   417.93580786550882     
   447.96466748127978     
   452.13663856850491     
   450.07769357509562     
   501.20912553341634     
   474.20268630076015     
   471.31383630274820     
   487.78119469137363     
   479.85308160107718     
   450.02887597142626     
   445.48518876721846     
   445.68961110353240     
   446.37674364682141     
   442.14539946031078     
   438.17697724293214     
   433.97665190006188     
   429.71179020709889     
   425.94194136118756     
   425.14959128218658     
   422.34310181031748     
   417.14140090576876     
   415.04620402329095     
   413.67010606346224     
   413.00730357355303     
   410.58995634483500     
   409.02440987147963     
   408.18559038784315     
   407.06425041672463     
   403.32744002150122     
   401.58367212027741     
   405.11548251138703     
   405.76550228996632     
   405.74755299045199     
   405.32567325344485     
   402.80495298462552     
   401.59865660736244     
   400.64914228971986     
   399.79776664328352     
   400.18065440357702     
   399.85783631192004     
   397.36575343970253     
   396.28166072126788     
   397.45303209233589     
   398.66127195367346     
   401.57873728412272     
   404.86963845397156     
   409.68286105384476     
   417.59706001726073     
   435.17703416317124     
   465.90762916549073     
   460.28692146783732     
   502.93264055052390     
   500.72324231549072     
   475.66613679634781     
   450.58889957823476     
   440.14622984006172     
   441.85915627091771     
   434.66583178561723     
   435.25533670973022     
   432.37806508588017     
   430.38839508046465     
   429.03126813190858     
   432.42720799291214     
   433.94591036264717     
   435.03599011898103     
   431.50162675685891     
   426.92440137456697     
   421.33498915156827     
   417.65272334951800     
   416.94114105703670     
   411.92733972042845     
   407.26876936060256     
   404.63470398717141     
   405.15949367062143     
   401.64043874660695     
   400.91506126390055     
   401.62906129373147     
   401.38139136709009     
   400.19367744360454     
   399.71682973950413     
   400.61519174101426     
   400.49701563072642     
   399.83340794395315     
   399.12749408372997     
   399.46924571092495     
   399.03594628112904     
   397.73776262737374     
   397.20014644431211     
   397.01812705285738     
   396.67176974821155     
   397.04039668862924     
   403.24741324923741     
   409.15064982918943     
   404.01746083289436     
   403.51231413032019     
   414.49646913811654     
   454.93738243382751     
   472.03084964760120     
   502.28307522219342     
   506.81410382605952     
   531.33101088578564     
   551.09852231713239     
   553.97504023705812     
   519.54442713173239     
   510.57064875110052     
   514.71167595541590     
   504.91920543450516     
   492.12629808554402     
   468.79954573535912     
   456.14407793778980     
   448.42680400378083     
   445.83638653657124     
   442.22295986871222     
   438.69292502751830     
   434.89075973753148     
   432.76806869420011     
   430.06132423559058     
   426.05358255429206     
   420.74174060494357     
   418.44645178256621     
   415.62887398195204     
   413.37257268918643     
   411.23030987068501     
   409.71438240138480     
   406.91798959876706     
   405.46910514246844     
   405.54891031739919     
   405.20736197601303     
   407.06915190540951     
   407.14612381120088     
   407.94811423895646     
   407.91953026920118     
   408.30500230036733     
   408.29152521656124     
   406.75244573804213     
   405.89152107283502     
   407.00714934092798     
   406.98257734415398     
   402.65242502841829     
   401.29413489914782     
   405.92371271853210     
   417.52521596038974     
   434.19935299751086     
   442.81330222864557     
   456.55067450843569     
   475.79044842968364     
   498.43644093550489     
   516.20569544733871     
   516.57317996837946     
   525.07594761230280     
   511.56786656127025     
   523.33454530309143     
   522.05939792548190     
   493.89502583592912     
   479.27466096580019     
   475.67132101055995     
   462.24277200797525     
   460.95996428885701     
   458.69124432866658     
   453.37089463883160     
   443.05407021292723     
   438.21974786086571     
   437.22296801169819     
   434.69982316584304     
   431.30996345533867     
   429.06166358965470     
   427.88039296888894     
   425.57276659720543     
   422.56376777675268     
   421.28296055037220     
   418.19941117353187     
   415.56573837060625     
   414.30815179655758     
   413.10881251439298     
   413.28689983826149     
   412.88978557383410     
   411.71753686312854     
   410.65107461883861     
   409.24002778706716     
   407.91577423484949     
   407.39558682023483     
   406.70197485530667     
   405.42411315441768     
   404.81549185159258     
   405.62708929477833     
   405.71260795201545     
   409.06483028564475     
   413.72218356628110     
   419.77949554072944     
   428.40782401325032     
   437.44737412703068     
   448.92527782837385     
   465.66497598893613     
   482.79271305063867     
   507.77517763733636     
   501.04230430746611     
   512.69161045471014     
   520.60004636209680     
   530.77251790254229     
   535.83760786068456     
   529.52287061835807     
   520.19846879068029     
   516.35109019211632     
   505.91576863578626     
   500.62404746663759     
   491.39470656897652     
   485.26834312512614     
   471.51323291614989     
   450.53886428035969     
   439.87345258947710     
   436.13746680120153     
   434.09826866710705     
   430.23761057578355     
   428.62170012017907     
   430.90474746459017     
   430.02889557274267     
   424.80832016617285     
   421.49746404905738     
   419.93946631025000     
   419.86980337245535     
   418.04076805756551     
   415.01377223775881     
   413.07794360468921     
   413.91118086883989     
   412.20911005451711     
   410.43403952957237     
   409.30095022097152     
   408.04402424645889     
   408.17435524574324     
   408.29754138181551     
   408.37956640906873     
   407.72839032848589     
   408.20226080875869     
   408.04733214195937     
   407.64471758551025     
   407.96516356375776     
   408.81044602675286     
   412.15379312528398     
   415.11000239407667     
   437.25575535663762     
   474.79137364708214     
   459.68379890505651     
   461.38935959706225     
   505.01517389631147     
   500.91914821931221     
   524.49938261028126     
   536.65323103486298     
   538.42238934265117     
   533.88543567485124     
   533.89200899705997     
   532.76169898345836     
   508.93277760788396     
   485.60210987946880     
   475.88316020884935     
   469.89864718182366     
   461.64313959329195     
   454.65529049824823     
   447.93239930808522     
   439.45395631927249     
   434.96847429794030     
   431.69679763059503     
   431.52667595442188     
   430.71180940704244     
   425.97363253520433     
   419.79929397247969     
   416.34570255483476     
   415.86159297013842     
   415.47719982945216     
   416.17020869407412     
   414.60563968803581     
   412.81483172995308     
   412.17549040315043     
   411.17703515047958     
   410.18958232535090     
   409.50704781444358     
   408.12372047392364     
   406.23260887526357     
   405.43729616139677     
   405.35475919690043     
   404.95491102654665     
   405.21076086218648     
   404.76502824369754     
   407.09740533576388     
   410.42578586481636     
   415.21654024248522     
   429.53488699501997     
   447.21329047933290     
   464.71794516245558     
   482.72564785541812     
   495.27281040417159     
   511.41696535152744     
   527.90115815691831     
   539.73620219259465     
   553.77962653472844     
   565.65419738434139     
   570.15177333425675     
   579.62929092591025     
   575.82510936362689     
   574.88071828241925     
   569.97023059469598     
   563.80025549797074     
   553.28111399829788     
   520.73071564636405     
   506.11956315620120     
   488.67991964141993     
   472.53050497261927     
   455.41267156621655     
   449.84122583115050     
   445.35554765603786     
   438.55664152498349     
   438.22044025072296     
   436.51159150145708     
   433.25071095903729     
   434.63901146411786     
   433.66165308064649     
   433.73681093058883     
   428.58004928690309     
   426.63508955078049     
   424.92999588571240     
   424.61872234077447     
   423.88275136739378     
   422.97213270355564     
   420.75020538071726     
   420.21095885428838     
   418.60035918922830     
   417.93072090180010     
   416.26714678390152     
   415.20016583668661     
   413.44045734827620     
   412.78699621572861     
   414.93699388084610     
   419.86855540378451     
   426.77261532846251     
   438.15875032613820     
   444.06145815496382     
   451.31674622647705     
   487.41523400763543     
   503.64298472795042     
   522.66660402705895     
   530.54179797002746     
   543.89477412366921     
   552.88518305380649     
   538.23812840635037     
   528.25211364076176     
   515.86703195904704     
   508.41274835523541     
   504.98639866583954     
   491.86314615064714     
   480.79611212197119     
   481.50078640954081     
   469.64498644413976     
   463.02065439584959     
   454.25463104646184     
   448.30496473355913     
   444.75642992442778     
   443.14070960878621     
   440.86854991005339     
   438.05048394371323     
   432.72617789690054     
   429.65485519432804     
   427.54993802601274     
   425.72236938067181     
   424.12253788624156     
   422.28945063846413     
   423.62947093674961     
   423.15918368936258     
   424.24309108932113     
   423.93918996509967     
   422.92384105458171     
   422.09282110428904     
   419.24684735321756     
   417.16565842023340     
   417.58272894022247     
   417.37613721468631     
   417.01732946526050     
   415.84320514202994     
   413.79484121451731     
   413.57617402996385     
   416.58075304323376     
   422.60502244081118     
   427.58569963053247     
   435.86813356860307     
   458.58684581019986     
   476.35587171184540     
   490.22159487183205     
   486.90166259483948     
   488.90018498097612     
   506.84598930736041     
   516.17551482266026     
   525.77313688264519     
   513.42205889185641     
   510.47411291036275     
   497.33617457921042     
   502.69918650011010     
   515.50621517658578     
   524.29537633306040     
   507.19761787260251     
   498.13427198353367     
   477.04822817980613     
   465.69604069856604     
   458.28540427792467     
   450.89937313949179     
   443.24670377976594     
   440.28662733123844     
   436.98574865249827     
   432.57945540790973     
   430.60247438485180     
   429.62114619930622     
   428.46698254129041     
   425.11084426416431     
   424.67621444002111     
   423.10915969112745     
   419.53400305380569     
   418.13117044592042     
   419.88072997654376     
   421.13417560526051     
   420.22850603845177     
   419.36594744796940     
   418.37615000652818     
   416.71777269095747     
   416.29880467771289     
   415.65826081362172     
   413.40568824305467     
   412.33220231568697     
   411.91196692090915     
   411.67411736702536     
   413.88293247573358     
   416.75403676189012     
   423.60629308088056     
   444.39010030051458     
   459.66165411161558     
   474.38755740081672     
   488.94890738766117     
   504.64388214286174     
   502.66887043798778     
   490.83117334730571     
   487.89666448505176     
   494.02409007614432     
   498.08350020662380     
   487.23345887089977     
   503.94607710523121     
   519.81815724221087     
   513.03529082640421     
   490.23977067962159     
   482.79227961721881     
   476.67137480332030     
   473.68794702797811     
   465.85685440391939     
   454.34344056150218     
   447.08162060385195     
   440.54851580141082     
   437.73320569306497     
   436.81695540645632     
   435.07696210893579     
   431.76334672603173     
   429.62450674903931     
   427.41470845911692     
   428.41960741533182     
   426.31896262035008     
   423.71611937956516     
   423.26042803846337     
   423.92627609815003     
   421.64140209751145     
   420.20534154349230     
   417.96449500783262     
   416.89139277845823     
   416.26220588510040     
   415.63089730933200     
   415.45967603368643     
   414.82401230142852     
   413.20320215555375     
   412.05494740054871     
   412.74817588088206     
   412.00396810792898     
   413.23475808064984     
   414.80730114974853     
   426.70994128276322     
   441.19767413356919     
   455.07817563137019     
   470.98462715679597     
   492.02204166161272     
   509.17040310291060     
   524.17512784053406     
   540.80949946685223     
   557.42490915382791     
   571.02039527610521     
   563.95841838689591     
   546.80954885680489     
   536.59983968681297     
   515.49894569480807     
   527.77414226398582     
   526.86797889933746     
   527.29210274564605     
   488.52499400987568     
   471.81068697722662     
   465.95954160422303     
   462.50526709858553     
   459.75386700636261     
   450.76774932598431     
   445.90555017878063     
   442.19135896236872     
   439.25291124385438     
   438.13821184376206     
   437.04087530597417     
   433.21934862392118     
   430.31011786060492     
   427.07559115986862     
   425.39102076718780     
   425.53755803375526     
   421.51595675310165     
   420.11473732753842     
   420.32111776141886     
   420.14066813841197     
   419.49891855923175     
   415.60920833240851     
   414.88387416771360     
   415.34017823128420     
   414.43029871719841     
   412.85633544842244     
   411.97660950486664     
   410.55173382287052     
   409.37624248931382     
   412.41623042042244     
   416.24354967960824     
   427.58491344195647     
   440.03753103569159     
   457.20633340459983     
   478.96176158003510     
   473.18617511936480     
   474.24732804680315     
   470.07946696321369     
   477.71557853520449     
   498.86735997036936     
   529.16945778814613     
   525.58459048396298     
   553.67019451212252     
   527.73398625448669     
   509.88482833576273     
   507.22790578026928     
   505.55789801843957     
   481.86071448467834     
   494.77869400315745     
   481.28005046688651     
   471.66604389867211     
   461.57530129177513     
   455.76411887759178     
   448.24299269049789     
   444.12298858451715     
   440.75420327345660     
   436.12388106213666     
   432.97354269821392     
   428.50707273567804     
   424.31766603043417     
   421.73686045286223     
   420.69424348620691     
   419.58162926288520     
   418.35690833548705     
   417.43153744961518     
   417.65868355442603     
   417.75753306266733     
   416.27278707218886     
   415.17758800005612     
   413.39224571832739     
   412.74913009420425     
   411.32099264375341     
   409.64575058040350     
   407.86453638459022     
   406.77558724437921     
   406.90964652814108     
   406.44551373398934     
   409.13153766940121     
   412.75070970428754     
   425.02332239593170     
   438.22343159975111     
   451.52991836257263     
   464.81213072477567     
   477.06109905864804     
   488.60275744291005     
   505.25586300127992     
   509.56701973679833     
   492.44505990487738     
   523.40827092328209     
   522.09525215580629     
   516.91450590326019     
   522.38288903556759     
   527.42987957783453     
   525.65851088546526     
   523.99971125334253     
   523.14980006114547     
   494.40844857404073     
   466.35805178086952     
   455.53261293879865     
   447.64295165856123     
   440.64709228667812     
   437.05229454892822     
   434.14408479545307     
   430.11356178851275     
   427.03099956223650     
   420.82358456633813     
   417.22271698846617     
   414.48217094786918     
   412.27070894849356     
   408.83203433448602     
   406.80118437046457     
   405.73521899249681     
   403.66657182681092     
   402.53965929951192     
   401.22827700792095     
   401.11508106515453     
   400.83796916425212     
   402.64279778109659     
   402.46226651213624     
   401.52200708843480     
   400.85435680803641     
   401.37954287459291     
   401.10515490143786     
   399.04107080614017     
   398.07322669921308     
   401.33498491348024     
   406.17108109948754     
   416.65586958927383     
   428.43072812163314     
   444.16932614163545     
   456.54910362297750     
   471.35831037699154     
   487.86094223993990     
   505.69728386046427     
   516.49267672470705     
   524.91810256528390     
   528.71898498728353     
   528.12291229002892     
   529.62147522711768     
   528.08567392283237     
   528.85072784494889     
   532.17320355695244     
   524.94357848111542     
   507.86788029820326     
   499.74879958213484     
   487.15408750683901     
   458.83050015560337     
   445.93617589482477     
   437.29112086570109     
   432.70548948460896     
   428.55381863969308     
   422.83928628046471     
   419.45157057081224     
   415.67422559899006     
   413.57600461865849     
   412.71487306886775     
   411.56076489491943     
   410.76476258368433     
   410.57287911933804     
   405.98778977830750     
   404.07081472440296     
   403.80736867185459     
   402.65105597766518     
   401.35363952890236     
   400.56074443130916     
   399.96686682910098     
   399.59195925344318     
   397.88291264350693     
   396.66670750235136     
   393.80818115171485     
   392.28252417289679     
   392.96653891206694     
   392.73721259246452     
   392.79877883018543     
   398.02842225942703     
   408.80748145986990     
   422.06214602398376     
   429.61674190701802     
   441.44930233308685     
   459.39827604755362     
   476.52292039788477     
   490.14756931341697     
   503.13887964839370     
   510.82149444457349     
   514.69702535964518     
   528.72625864238046     
   528.29147638352026     
   533.94176262373446     
   530.18906200795504     
   529.00011714636059     
   520.81173108354074     
   509.69590831676669     
   500.89258706328985     
   493.05103898207909     
   476.67519106984298     
   454.39233212304407     
   441.22619757298827     
   432.09591817523034     
   428.54076592403538     
   421.16825728883589     
   416.14101521428063     
   411.79929873611769     
   408.14628621685449     
   404.26819252054815     
   401.46772485508825     
   399.45623829798569     
   397.72161922511543     
   394.65839632739119     
   392.48279882847362     
   390.02066104691494     
   388.15599167353110     
   386.90816285962319     
   385.62375467663611     
   382.22376643090246     
   380.25726332970771     
   379.79582867824132     
   378.70269386414481     
   375.62322907615555     
   373.92471264248081     
   373.27775402574071     
   372.21819868100187     
   371.13892540480197     
   376.63518173332761     
   385.04167455334147     
   394.03183758023653     
   405.21962363276356     
   421.53285292885289     
   437.02691345329640     
   454.55644417859139     
   473.58263441991414     
   486.76066166851115     
   497.29816555014332     
   505.04439267437436     
   504.35940858978847     
   505.20215103448061     
   487.57708120438997     
   499.19596830874474     
   503.41452914653200     
   492.42958846911887     
   480.89286143661025     
   471.29035794948351     
   465.52332242013631     
   456.10299811735825     
   443.77552581103362     
   431.54824774098995     
   421.35465635161245     
   417.66126331715526     
   410.63988266022102     
   406.08997649456205     
   401.45615425254294     
   397.94474868496610     
   393.97738556318353     
   390.85500848049435     
   387.34191577594532     
   384.51756097289439     
   382.33965563850853     
   380.26243272298052     
   379.09418922118380     
   377.79033346889588     
   375.49735925792902     
   373.55898705564215     
   370.40797391967300     
   368.35192633393586     
   364.81023967279003     
   362.48271271187025     
   358.91980172034494     
   356.56336350088128     
   354.61421599799331     
   352.55871708185555     
   351.77878044199906     
   357.68263182285546     
   367.93713141030321     
   381.03947549558524     
   395.06772038741207     
   410.35292554639864     
   429.05957339627503     
   446.63456179394404     
   461.95958788263209     
   472.28990207400574     
   480.23781398690301     
   485.39203049936094     
   494.68999819749678     
   498.67069652994763     
   467.90851303009038     
   468.38102825024964     
   468.12708326617127     
   454.96607405989909     
   450.75216487300577     
   442.73327680990718     
   441.27905156766155     
   439.21298291742488     
   424.39204509854943     
   416.45905390775607     
   411.06905433690815     
   409.70941215158365     
   403.27011472310511     
   399.09851613130121     
   394.91033122986636     
   391.77118535009561     
   387.86651060976510     
   384.61657673164535     
   381.40817152218415     
   378.81195814989491     
   376.13666037657498     
   373.92019418599324     
   371.49491883608329     
   369.54419535415593     
   367.12197228781673     
   364.94498019271350     
   361.54738064308646     
   359.51914223631883     
   356.97963200036816     
   354.53711795150519     
   351.26078071264186     
   349.87829021574896     
   348.19939922739161     
   347.38609471239312     
   346.14416265292601     
   347.54909074505076     
   360.22330528168345     
   370.62115501862024     
   388.79725846022103     
   399.61538746666133     
   430.64443098264383     
   444.39335243439905     
   456.37214205155612     
   454.35301824302775     
   445.43167419032949     
   455.44701837850414     
   491.17650618292737     
   485.33122200567038     
   498.40136280452538     
   447.07777268230353     
   435.33233182723416     
   457.43332823009371     
   456.41412165697614     
   439.42616133913594     
   430.31861888462242     
   426.06012986505090     
   422.50103543932488     
   416.85846698780142     
   412.33367468469021     
   410.65912937645976     
   404.40810204267018     
   400.28121067790482     
   397.17915045288021     
   394.63907604136637     
   392.50631566968696     
   390.43904591685958     
   390.27267349936966     
   389.14200521040488     
   388.54752852516384     
   387.40265167016673     
   384.53674745963127     
   383.28750913781016     
   381.94102313405506     
   381.28530842667874     
   382.98581269176435     
   382.80990364334855     
   379.20555238259527     
   377.74267319782524     
   377.07924491883091     
   376.22118099179812     
   375.64728744999934     
   375.33707938863154     
   377.11856024685090     
   385.97457251448378     
   397.96729087423677     
   402.17382401407940     
   402.23505024979784     
   412.65542913995813     
   414.42631341227644     
   411.19982555121237     
   424.80999323051441     
   441.57654672988843     
   485.32929735344749     
   488.43945979624385     
   483.17188406864125     
   499.69685643711313     
   479.70332185002042     
   481.62901922078555     
   482.62186895593317     
   491.96738799988537     
   480.40684823390040     
   455.02495715385277     
   444.47239544519061     
   434.02315840823258     
   429.37162844423193     
   425.89852064301300     
   421.82535493524591     
   420.83097909913442     
   418.25589532262251     
   416.16671052971736     
   413.10179401701754     
   411.58529737038589     
   410.17552875705798     
   409.28072863212617     
   409.10472458629675     
   408.60394396216395     
   406.17898358652025     
   405.38454613692699     
   406.02856136128793     
   405.87549676772824     
   405.24051848028478     
   405.02285271970504     
   404.19352957188295     
   403.97402875236571     
   402.94799550793476     
   401.97521499333976     
   401.26498866715997     
   400.76966112214677     
   400.46196787873208     
   399.89666119387493     
   401.99375500797282     
   404.47511217445413     
   406.42557635131760     
   410.96105823777958     
   405.66011148697868     
   406.71226903431841     
   417.34513123331215     
   433.46886790308764     
   456.82588552365888     
   477.91218702823460     
   492.10988080956656     
   504.45919270685391     
   506.38380680940458     
   489.94632927151645     
   475.88459770697216     
   468.78336260592101     
   477.12043642571422     
   490.67594886008271     
   502.65901946357297     
   500.50046128323447     
   476.73756105170924     
   460.01968997200936     
   448.55123723324914     
   441.17507848505062     
   439.63561358049952     
   437.53424740778951     
   434.11842401307098     
   430.80980178771654     
   425.79663903554149     
   422.69283044079265     
   415.90835252055717     
   412.50818080764782     
   410.40915709272099     
   407.96269401271149     
   407.25055831127116     
   405.73189491501665     
   405.06277451951888     
   404.88259851630755     
   403.92932678950444     
   402.70816948000351     
   400.29605203799565     
   398.89474658480674     
   397.93995632171061     
   396.98295415894938     
   395.07867064801360     
   394.08427935249318     
   396.34342223895277     
   396.70176171068374     
   395.66904590716911     
   397.57993871451646     
   401.48247302500818     
   411.50993065488257     
   424.00048444601293     
   446.20297731488523     
   465.69109037338563     
   475.40036193131760     
   480.13289612516616     
   468.59939292305029     
   464.03574871168621     
   453.47625623193989     
   436.54181622275735     
   430.79293980545697     
   434.59756352108116     
   443.72264113217818     
   442.13432725266881     
   437.26833865140395     
   434.31203613238608     
   431.31589596435219     
   432.03600385163884     
   431.78214658291694     
   429.38429751319444     
   425.89750348967385     
   422.45095659091913     
   420.83623222128591     
   419.98984220187054     
   418.05247539533400     
   410.96710422873088     
   408.36594147343607     
   405.92249092330036     
   404.40366259723424     
   402.71950696440820     
   400.77381053683155     
   397.02331722547694     
   394.65769966220000     
   392.51326910761139     
   390.96716515676184     
   389.18040029692247     
   387.36316863307144     
   388.12990574255724     
   387.94066784220939     
   388.19956706011067     
   387.55168785207059     
   390.05563705927284     
   390.27376043984231     
   389.98855827687100     
   389.50655674287020     
   391.07927784656937     
   392.18703393724923     
   396.81366249064581     
   411.62669992717775     
   409.25621710658999     
   418.24992504464115     
   437.26241260252630     
   453.59799409965433     
   469.63828303716747     
   488.34643696479736     
   503.06015753144879     
   512.87608668451526     
   523.71069595384188     
   533.79525382985366     
   546.92722239292198     
   554.88975024916658     
   558.19199281992258     
   558.24839661950591     
   555.51446631530280     
   547.51403436898579     
   536.10860318118137     
   522.62156866227781     
   506.28369943514281     
   489.29095799445582     
   473.19077750399714     
   458.61802059267183     
   449.98979625969622     
   444.45345129530801     
   437.83031703046544     
   434.18210810179102     
   430.26694349267814     
   425.87374523632889     
   421.61959114676262     
   418.53212826398931     
   416.34041083604245     
   414.05084293791185     
   409.60355384997098     
   407.42182454698491     
   405.15856614261031     
   403.24211639141743     
   400.53886319894661     
   398.49488796156760     
   396.20128821598360     
   394.33079571187767     
   393.61002105706308     
   392.23601253697734     
   392.05640116919028     
   391.05385929685457     
   390.29465204166166     
   389.76390492604639     
   390.95952570340921     
   400.10168385078072     
   407.40535690342568     
   420.33257418625885     
   433.87466527040425     
   454.33937375851156     
   475.99332494222756     
   487.61079790591396     
   503.23257565951724     
   516.31808107174834     
   532.09045073683387     
   536.77919639952188     
   543.46143807570581     
   561.23353133341448     
   560.91440591167543     
   538.77148856889744     
   543.66411459034953     
   524.94830828346164     
   520.62646621987813     
   517.64609435735747     
   486.58068944061790     
   474.28291188615083     
   464.23367150396251     
   451.88383092988039     
   443.58559567321413     
   438.60167160992188     
   433.46428023483719     
   431.42496243263719     
   422.33362187598618     
   418.85918956278152     
   420.13100009649440     
   418.34479717795313     
   419.68119405364627     
   418.17883820211694     
   415.67720352520689     
   415.87866663240533     
   415.75668611249807     
   414.84198032562199     
   411.87222731322430     
   410.26419242880064     
   407.08260229717808     
   405.08814242595582     
   404.21124879202478     
   403.32620938575536     
   405.52892900089006     
   405.67350909866798     
   406.89587376217401     
   407.01678312098892     
   407.86648174464926     
   411.63382038059245     
   413.63369014381470     
   430.05520976955489     
   436.48670284555118     
   448.47098366988143     
   490.02790548353681     
   507.92346734843431     
   515.89962262970448     
   536.08560634041635     
   553.20609595127019     
   546.51242697071586     
   561.22674558817221     
   578.08437911824785     
   579.30915124700164     
   577.58476221636829     
   542.71652348372538     
   511.72297164118584     
   498.50251979963576     
   488.22460615170291     
   486.46058887240690     
   478.61127690047419     
   470.44569568473258     
   457.97905159539556     
   448.18767948757989     
   442.24045512779401     
   437.39639691175927     
   433.34153650576133     
   428.47349643358956     
   423.70355248710928     
   420.16155404299866     
   418.39382308332603     
   416.61389956649003     
   416.18935584206179     
   417.88404090525023     
   417.94750644883004     
   419.22969329070327     
   418.72855812957386     
   417.55812818796898     
   416.79686540193245     
   416.42828172716122     
   415.86078720566292     
   412.46197008281257     
   410.88126410391487     
   411.58422535000545     
   411.31807977529604     
   410.89345853345617     
   410.12983720475648     
   409.99826789981734     
   417.30076934844664     
   418.79388840501468     
   422.11203320398931     
   441.29676750090817     
   457.81168456892215     
   467.72100087100773     
   462.63088753596497     
   483.71057836534487     
   504.74773510466213     
   513.20262360188576     
   534.31203425291108     
   543.82438764878736     
   536.84063994205303     
   522.16961753292367     
   539.87448443235223     
   533.05416398254363     
   529.11447541970085     
   528.24721755997678     
   497.28883781659067     
   496.77708005778146     
   484.69204015746209     
   471.10265652147046     
   459.69522855849840     
   447.47608745874459     
   440.33207890910347     
   434.05852515836636     
   428.65823039842735     
   423.82859100220867     
   420.67376149950951     
   416.79435184139498     
   413.85179387070303     
   410.63128097199382     
   408.79568545223509     
   406.47512283004949     
   404.55047042659402     
   402.93458925529302     
   401.30700308622818     
   399.40669303366252     
   397.58699498667823     
   398.24307929484138     
   397.53978597729048     
   399.29097826646665     
   399.28119095717034     
   401.08150741904393     
   401.30379575551194     
   401.36795896217052     
   400.02771275354223     
   400.36845699025247     
   404.73696938865714     
   412.97777612387580     
   431.87109388572514     
   448.38837294192325     
   464.45722334159927     
   478.89452769565537     
   493.64132330664245     
   506.80045422954328     
   515.54097635608559     
   522.29755791354921     
   527.65368305884135     
   536.21896159707512     
   540.11228692278110     
   541.55789234863164     
   538.55946289470307     
   541.27142620112716     
   534.12845005794225     
   511.43335457223600     
   494.28096159698077     
   476.65898900308144     
   460.73213098732663     
   452.68404485651700     
   442.39177926349998     
   433.26753556238157     
   429.02534360485004     
   425.21601060674107     
   421.35286128805285     
   416.68926516935221     
   413.39242367094727     
   410.44073417479399     
   407.76487460093824     
   406.51883941645104     
   404.82153511447376     
   402.46881245298817     
   400.94064082866373     
   398.02095911255492     
   395.97826981686512     
   395.72067736808384     
   394.26180255547013     
   393.03560274514001     
   391.90959560675338     
   393.59506587678595     
   393.52172922023391     
   394.78550304282885     
   394.72076585427027     
   395.93446805529891     
   395.70821956839472     
   395.13191843090266     
   396.88962945271561     
   395.03803394751827     
   400.83424262934443     
   418.47402728024264     
   433.54231456594130     
   433.67610985769636     
   469.53191138553575     
   497.10931991326305     
   513.05200212553177     
   523.80619997230292     
   527.81883355467789     
   535.71733517291068     
   545.90384105184307     
   515.52019068780055     
   514.36468096750571     
   537.44843222356644     
   541.75750095482454     
   526.19966998651273     
   507.75473802698724     
   480.75349249308732     
   467.57255902297419     
   458.29641579448463     
   447.47581143088337     
   440.84078926169087     
   435.39832657933624     
   430.65466639590954     
   426.41788309190218     
   423.91989734814172     
   420.26864378701197     
   415.21696520032719     
   412.19651749848322     
   409.64140083545300     
   407.71733064867192     
   404.52811382037623     
   402.04146950770098     
   399.95698387188577     
   398.39930343911635     
   396.76836789909248     
   395.16889148532607     
   393.66284801133600     
   392.39566385674243     
   392.01552206709744     
   391.20615963105774     
   394.55637573271565     
   394.80345809076800     
   395.72207766953920     
   395.21422260417052     
   398.40204928524849     
   403.58496579105702     
   408.89966115426682     
   424.28312648171595     
   431.28468121881110     
   451.19317899934214     
   471.31950862965351     
   490.16263282055291     
   509.81647379737132     
   525.11356008625569     
   537.75731044012184     
   530.38346294081612     
   551.66307779957526     
   556.33771113694377     
   557.94195759048966     
   548.42584586217390     
   532.45979866112543     
   514.29125428225939     
   497.68684633716475     
   490.93073049238171     
   469.84522532471374     
   456.75058342544941     
   452.58546565205802     
   446.67660566464434     
   441.97529141123886     
   438.06674859978068     
   433.45304350510412     
   430.00198791560138     
   424.09330139781468     
   420.50755129557888     
   417.44285567086632     
   415.07456742410017     
   413.00954375737439     
   411.87863152979929     
   409.73012637373466     
   408.63839653229411     
   408.42806867576257     
   407.21147779585311     
   404.20763695127926     
   401.76406841557775     
   399.78687095172961     
   398.54020872695378     
   399.15306721989856     
   399.03236466585508     
   398.31217745766844     
   397.51682420445309     
   399.02680796892832     
   397.97964973700550     
   397.78162535768035     
   400.11237742700007     
   412.74169359264533     
   427.28794789297007     
   440.26489634098203     
   440.33163337056794     
   458.36215221296067     
   487.40696539511441     
   507.93098518902724     
   513.96947781406482     
   528.19031113380368     
   544.96313098602548     
   558.04089190768889     
   560.71410127172305     
   562.66378849741295     
   547.23235776316301     
   517.35608388601599     
   509.94738052721607     
   511.31541341845343     
   495.74613305259419     
   475.94855744075340     
   466.22845761579742     
   458.86217407188843     
   450.52354347728624     
   445.20295066727812     
   441.67668776777572     
   436.28948921096332     
   432.77436748440078     
   426.42499860780913     
   420.42138933227983     
   419.38780726102243     
   417.82249238618414     
   414.96095039564653     
   413.22828423356606     
   411.24048262466090     
   409.82552929508944     
   408.94555181542205     
   407.78627093755006     
   406.95658843943301     
   405.78514672231285     
   403.95166509892334     
   402.46282006273231     
   402.63157004897914     
   402.48516675666360     
   402.64744592093149     
   402.09821701385391     
   400.81938770832204     
   399.39320035846680     
   400.21859621194687     
   402.86007581653041     
   414.57952178467724     
   430.44955799280643     
   448.64744376567069     
   464.78226089541948     
   482.29016319589846     
   502.06152310378428     
   521.30333722620071     
   531.27612849113029     
   545.18336034011804     
   557.63587779840043     
   557.70877927279969     
   545.12702870100020     
   506.48205536250555     
   496.55251164845890     
   488.30551683059105     
   483.50186257899202     
   478.35518101444444     
   477.73829056210656     
   468.38587080659795     
   455.45335481852868     
   450.79669912187137     
   445.62122097170436     
   440.10936994263454     
   437.38336011742899     
   436.52819948453072     
   434.19092729618040     
   430.53742724894789     
   429.17751160083918     
   427.81779122310178     
   426.46221919787962     
   426.49050108514393     
   425.64255066789059     
   423.29818042952252     
   421.93026193273914     
   419.37595508595291     
   418.88596893885756     
   416.59949774381971     
   414.81831600765111     
   412.71947407287809     
   411.60731588647411     
   410.32746481017443     
   409.86912113724878     
   408.75549732443733     
   408.19971788398942     
   407.51354967776751     
   406.06492249382774     
   406.66669876813370     
   410.01968446388781     
   411.56715821464343     
   415.23933685326995     
   431.16921089254015     
   447.73440761233604     
   438.92764616386182     
   432.84898732433254     
   442.96637434287129     
   456.33569298784909     
   451.57866995685060     
   445.94873526309158     
   482.71527667098439     
   496.53002576493537     
   482.78093139968325     
   478.57114249545407     
   472.66256802579835     
   459.53818489118152     
   454.26523343841296     
   446.79830942136067     
   439.46959601293844     
   433.13369673064881     
   428.26846143343539     
   425.48741553352869     
   422.17176145002304     
   419.55993237393579     
   418.42547626578965     
   417.24902980129838     
   416.03579122402863     
   414.45148053698540     
   413.08495842996507     
   411.74297644751198     
   410.08932093750485     
   409.22072519640426     
   405.08719193138796     
   403.29621486162040     
   401.56279546974787     
   400.32388187858709     
   401.15289249644184     
   400.84536560970031     
   399.54436410767300     
   398.76068919765430     
   398.17562014008735     
   397.57742206107537     
   395.08098062835870     
   393.82969301931388     
   392.85664205048477     
   391.11900807464752     
   389.43192530390502     
   390.47414579954221     
   393.34450580957639     
   398.46505249341578     
   408.75659753045193     
   422.74631324588148     
   436.02935281857373     
   455.43437762549189     
   482.56710463016987     
   499.93153230363788     
   514.96358636002014     
   532.38133415130994     
   545.37516363269469     
   550.66267699988657     
   550.85991604714752     
   553.46751942836227     
   543.28531014415023     
   538.87700659347013     
   520.10459053890565     
   504.52656396509406     
   490.67970731998656     
   470.76048578004014     
   462.98187087697335     
   453.53848969761202     
   445.71317424684713     
   441.69138165475772     
   437.57837651196621     
   433.83599356978942     
   426.04733232457238     
   422.29152490527866     
   420.53031094645149     
   418.08573362798251     
   416.81876229350240     
   415.32646979467137     
   413.80025738637471     
   412.59547863785531     
   409.09601139360478     
   407.09126632898915     
   404.34522422529034     
   402.22397322571652     
   399.67349873298775     
   397.77999464118938     
   394.81026254631371     
   392.77542794572850     
   390.94646975293443     
   389.41511177362338     
   389.33350881995079     
   387.12199864694327     
   386.76558888036902     
   390.89286209355885     
   404.66655364948548     
   419.35597433635883     
   435.10965424653205     
   452.63655543270988     
   473.78980290802247     
   492.70527432620293     
   511.39618544155343     
   522.62587540831385     
   532.83808502936245     
   545.04637614788317     
   551.87198006130791     
   555.99132513762174     
   560.23510210653797     
   549.46871689529780     
   535.03760438494498     
   520.57198423054058     
   525.49754164119190     
   515.11372387559732     
   496.80879271533252     
   479.50749122149068     
   465.66056714357444     
   457.46730320379658     
   451.36124876867046     
   446.50303377442054     
   439.35293014498950     
   434.79232240700276     
   429.57957158098651     
   426.02922067074218     
   423.43435808289371     
   420.79259742045656     
   417.82124118077013     
   415.50014629580124     
   412.91975557270058     
   411.01217172281167     
   409.24463867356877     
   407.00700689551263     
   404.71237368907987     
   403.03777278147987     
   403.60485489082805     
   402.80600607878887     
   401.04726248313665     
   399.81163429572626     
   400.22710677703793     
   399.49121179761448     
   399.38476675944383     
   398.14017234465973     
   397.27516860361106     
   403.86048073970960     
   419.37391705526119     
   435.13259243622326     
   447.93761463200440     
   464.23237041443377     
   479.97554446676480     
   493.11591409956480     
   510.35798486637043     
   524.59162614322724     
   535.37739047343734     
   526.01511093572822     
   532.44940379157299     
   546.85278848456369     
   551.56428782940634     
   550.71700343086854     
   547.11716287733918     
   540.70247616387792     
   517.00782400007131     
   503.19934503997723     
   480.95243174571038     
   474.35112428107493     
   463.70064162921364     
   455.18302594182165     
   447.10571873881923     
   442.62948885054089     
   436.21337821835124     
   431.36500468217173     
   428.35682032475262     
   425.64382412120938     
   423.24702434453530     
   420.84707910318360     
   418.16427768539182     
   415.95089898987749     
   415.98438035940632     
   414.93592116641446     
   415.33120875526168     
   414.89256287470528     
   413.86508349971143     
   412.90193383972570     
   411.59858456982329     
   410.54798756772499     
   408.31992278027190     
   407.27823503029572     
   405.62080264347725     
   404.50602415015237     
   403.45160467193904     
   402.73551129139508     
   398.41023002058057     
   398.39929225394525     
   411.10315990706385     
   428.19084277167741     
   446.39861421629280     
   465.01870800089119     
   481.93140912589860     
   499.62075599320445     
   516.09208634456388     
   526.59476330130360     
   525.93204165217287     
   532.99166883468592     
   542.43955456776598     
   548.05738183610845     
   548.06742631649900     
   551.70677668821622     
   542.81748171835522     
   535.51261200815452     
   524.41561789904824     
   506.71531600313637     
   486.66664118444578     
   471.31885470724166     
   460.43685266027143     
   451.61097182526680     
   443.95892866329848     
   438.84971936830988     
   434.64555492665465     
   430.87274400794036     
   426.28036407808628     
   422.54846571356558     
   419.02453326396164     
   415.91423224166283     
   413.30247783939558     
   410.98612093156163     
   408.93557827642115     
   407.16629567843472     
   405.08664538029154     
   403.28379331760209     
   402.47574937591162     
   401.12450208833542     
   396.96751476794094     
   394.58039493129633     
   390.92994451722984     
   388.49662257261753     
   387.56273936146221     
   386.11132086140316     
   385.66101247182621     
   383.34805337810855     
   381.89231924197765     
   387.46395163756364     
   399.37562190544310     
   412.05250829272910     
   428.83718767326229     
   448.19030150633517     
   463.83931481218519     
   480.82035575310346     
   493.06686923850839     
   505.79979736904232     
   513.85645191925914     
   524.48697855135151     
   533.99221648165133     
   538.42336932061880     
   539.70139629066784     
   537.94558365009311     
   532.63488019469469     
   525.09493885697123     
   519.81427598805544     
   507.20653839206619     
   490.83063461789794     
   476.19432398744095     
   462.10755007866385     
   450.90677171004313     
   442.96952584689427     
   437.62891244793832     
   432.81635286348251     
   428.46321320006217     
   422.82928983196439     
   419.56471861161452     
   417.50512732958845     
   414.92083182173252     
   413.71242608412899     
   411.87122392529113     
   407.70456699281016     
   405.60706326187909     
   402.45615496901797     
   400.21330812770077     
   396.98209170314419     
   394.92853540756084     
   391.76276962556818     
   389.53990323638527     
   387.83539259154679     
   386.42871835610794     
   385.64560936122206     
   384.76387997901980     
   384.77792948040269     
   382.87629511828618     
   384.82048922889101     
   393.70697760522864     
   406.82342239486627     
   421.49773546485756     
   437.52069749517290     
   452.82441222363951     
   469.54177056930018     
   480.95251574643140     
   490.83376404496903     
   509.63573548493957     
   520.39463302325180     
   531.78164147347059     
   531.49775352112601     
   528.16840268221119     
   532.20245560845547     
   532.05434840669227     
   526.50015829685526     
   520.26931778983601     
   512.25485829375179     
   500.05061095764194     
   485.38021791179074     
   470.94648937949927     
   457.34590939817707     
   445.47747578771231     
   437.92307764029340     
   432.56842721945384     
   427.41551208201088     
   423.33518585481613     
   419.31359383066734     
   416.44777578069773     
   412.86408012132762     
   409.85641179320237     
   408.07791479164712     
   406.22750523608346     
   402.80743518178122     
   400.85615392674134     
   398.47729057491830     
   396.55756316277694     
   394.88963588755348     
   393.24314005475185     
   392.57842727373617     
   391.41709320277135     
   389.41235276666185     
   388.12207111730203     
   391.50590963770475     
   392.05943452867399     
   394.00025577402181     
   393.57563508865951     
   393.35060192195533     
   399.41711355839317     
   403.52379547832919     
   412.60612702560809     
   420.65210852209299     
   437.89438187250266     
   429.78445711783513     
   457.01212050619034     
   471.41097687232525     
   456.88899501403921     
   464.28288506960763     
   478.42639516439982     
   481.96296448008337     
   497.34756419295599     
   494.27987898857532     
   477.15713488132570     
   462.95682881298615     
   461.52853488875451     
   466.87140731864122     
   460.49052355947970     
   450.08797170014248     
   443.97326650687205     
   436.54766681073409     
   429.33473664062819     
   424.61866102919112     
   420.22022841096123     
   419.15329648602130     
   418.02853474076176     
   414.13441929897590     
   411.67610271557538     
   410.36831071348195     
   408.48974387735063     
   406.18373227434478     
   404.94857705377621     
   404.25953865758174     
   404.06772561197050     
   401.73688964832297     
   400.53536083396136     
   398.42060701579612     
   396.81752916404315     
   398.25576303359009     
   398.17366395169341     
   396.64272911527866     
   395.92670639578432     
   396.92123874062776     
   396.64446581163492     
   396.89328247618715     
   396.56786969654462     
   398.13634413917453     
   403.43721295421255     
   405.10546182159834     
   409.01428310422568     
   416.46225597027308     
   423.24587245670341     
   425.80017334039093     
   417.75881484120305     
   432.89571947026639     
   436.74017816168356     
   434.40088252226548     
   438.60796953120200     
   439.03352534136837     
   442.89585650293367     
   434.27468773921834     
   453.26760833530437     
   446.86933579625565     
   440.61473239689047     
   434.07113514942301     
   425.94951393802728     
   420.75615924875171     
   416.37211219203584     
   414.15289601001393     
   411.57116455227799     
   408.76648007316379     
   406.68595377015612     
   404.31603265268120     
   402.83195605204571     
   400.77357600070729     
   398.83724806785267     
   400.74347373944153     
   400.92436316491421     
   399.98723714861512     
   399.40992102978106     
   398.82368257935059     
   398.32374747986808     
   396.91080686137212     
   396.50955804501001     
   394.69837288228342     
   393.90118016442239     
   392.56046757992846     
   391.80326619642983     
   388.97473833465341     
   387.33400528035389     
   389.92114285972787     
   390.60195428746414     
   390.39606566439960     
   390.02601207738553     
   390.39120851806564     
   391.95872495798989     
   394.01934218527850     
   399.82741911436568     
   410.22411158756063     
   429.04262679962869     
   420.24452019572641     
   421.71265730484993     
   428.58671942083186     
   429.47770331996259     
   422.23299488930735     
   424.70796144009444     
   425.85650132610476     
   428.51239034381553     
   433.92997992846352     
   434.00955247924594     
   432.06121131141208     
   430.00987043184517     
   420.75836888468933     
   418.08445396786078     
   420.64429090946703     
   418.00909190321352     
   416.36034296153377     
   412.37377382322268     
   408.62964285650770     
   406.90210213300406     
   402.40855249239161     
   399.65449518808634     
   396.44853733381717     
   393.98224526198271     
   395.85721694567644     
   395.52387800886328     
   391.63295243569047     
   389.53091906436600     
   389.37471471037833     
   388.96320281318231     
   389.82518028145228     
   390.03008902180886     
   387.72268911052464     
   386.81249606804658     
   387.32957011646374     
   387.57462719520117     
   386.01407970088331     
   385.74936926757442     
   385.84101951102787     
   385.76730859231463     
   386.89714959580658     
   386.61469931918998     
   385.64403184853745     
   387.53853364621864     
   391.91213908711080     
   393.93125627973558     
   395.95746394799551     
   402.13564713553848     
   431.06220533315513     
   452.30297392002711     
   465.80246530802697     
   491.15198001885716     
   510.95063523455144     
   526.41412084270519     
   534.09465709217511     
   534.17857175147435     
   534.27124737602173     
   541.82443746940987     
   506.70287122602178     
   484.67671340090914     
   474.12064373168062     
   463.14125029846974     
   454.06086127728247     
   446.96336039762150     
   437.42478030475991     
   431.82544818314096     
   423.86314336604426     
   419.39730095537158     
   417.79270018988944     
   415.35842317258266     
   412.78761382775320     
   410.43058654875512     
   409.47549162245139     
   408.13177599248189     
   407.82990928931991     
   406.97113769455825     
   405.31111897919703     
   404.31111408004631     
   401.93095461255297     
   400.43219195818176     
   397.25738867930255     
   395.65574741944033     
   394.95245805738813     
   394.32903281997176     
   391.17763404380355     
   389.89501775996951     
   392.45442806614119     
   392.89767000036949     
   392.72326677151545     
   391.68816220268457     
   391.14745997315754     
   392.18402788335749     
   390.11905945236845     
   393.21798604133232     
   400.41528651468957     
   408.32692196318783     
   421.55499912801389     
   431.48964628313621     
   472.81093637890831     
   497.11579770061485     
   509.28799209342435     
   527.60114095673271     
   538.24171471170746     
   544.57215877320107     
   542.70141730505372     
   541.98687882528941     
   537.44267599414889     
   526.08727928725875     
   510.70317557951421     
   508.56038303889699     
   475.98435061129209     
   462.46420321552768     
   451.50967749086374     
   445.09519525800380     
   439.60654815645643     
   434.94680080640308     
   431.57147765939374     
   428.76024881206638     
   423.23767052552228     
   417.32042784274972     
   417.27491108904530     
   415.86796384550024     
   411.74944322603199     
   409.89852931934058     
   409.16418128420707     
   408.22608005565797     
   406.56987691936996     
   405.26860569406136     
   404.24874361051093     
   402.93354837011606     
   400.68174548485251     
   399.27108341476861     
   398.72825763631874     
   398.12797392234143     
   400.99289600370145     
   401.22229433401213     
   400.84373341026384     
   400.11834027989829     
   399.36508856644269     
   401.13504050002814     
   399.98761843126550     
   403.29703031787773     
   408.31713179199039     
   428.46160870279232     
   456.97838739479096     
   475.80385994740186     
   492.19951129695369     
   507.44003883905191     
   523.15611897040833     
   530.30763500430407     
   536.41190682847889     
   539.28688321140601     
   539.39869166316669     
   541.67060242744526     
   522.43476399780582     
   514.68763796041264     
   508.58261391952431     
   505.42623662562539     
   480.49113748848032     
   467.90927649041231     
   450.72652265704363     
   440.49410965320209     
   437.42557509111873     
   433.51476170257416     
   427.73406779354247     
   423.16186459206921     
   423.11328889991125     
   421.08823305670091     
   419.05206349239609     
   417.55215664105305     
   418.95463476610706     
   418.14987354176066     
   414.04134194119092     
   412.46274305156163     
   410.74461882229224     
   409.40647314398547     
   410.18922245313479     
   409.22782009828302     
   406.27821338642963     
   404.83202055067295     
   404.00943101719866     
   402.87079268217070     
   402.28677513460366     
   401.31666126399193     
   401.28928221814186     
   400.83097736715234     
   408.34453026360626     
   411.15517705094402     
   426.48928149187083     
   435.23445663497881     
   458.10465937841963     
   467.55236505202714     
   490.73741177267641     
   501.61202648001466     
   510.75477276198274     
   519.98953215020981     
   524.49707020840492     
   536.42615728061969     
   532.58903065410129     
   533.01484828420394     
   529.59950102516007     
   535.75604527695771     
   524.69432891205042     
   516.95765407634599     
   497.32740126169273     
   490.89715708972227     
   472.60742238597840     
   464.97421117050146     
   454.52626234138052     
   448.36714748429245     
   445.09911408829748     
   441.69922290800849     
   435.23623314029510     
   430.96098270588368     
   427.44947078849350     
   424.45063776562290     
   422.31531453642413     
   420.49148644042805     
   416.62539444041602     
   414.23424466908386     
   416.75260578113966     
   416.23579642965132     
   413.65590996679242     
   412.15437882976386     
   410.06648744510579     
   408.63157072024217     
   408.59812286165038     
   408.30087360296051     
   405.06254781501787     
   403.03485625818075     
   403.84028762447065     
   403.46749003133755     
   404.98096087176594     
   405.05249907707116     
   412.92230027753044     
   415.98922738635861     
   427.46522030554490     
   432.55094248709736     
   456.84114164020809     
   467.74113489243803     
   482.68601202889943     
   489.94795687822921     
   495.53936422965887     
   499.38270886934168     
   516.06424556170828     
   525.02829390738793     
   531.87745779232273     
   537.59691470803068     
   511.11028816941212     
   501.86810205944892     
   493.65120815676261     
   488.11815576795419     
   469.88078979832528     
   463.40844109428343     
   456.03980513279254     
   450.63235917175268     
   441.01325701668395     
   435.80167197927085     
   432.98663733882285     
   430.79060900434115     
   428.01815261093913     
   425.92264097534047     
   422.30344853579595     
   419.53432647028046     
   416.96692125235847     
   415.02807953538172     
   413.63419765848533     
   411.96413995375309     
   411.86197740659844     
   410.73968942574857     
   411.03904937071570     
   410.22229139260344     
   411.37312414980391     
   411.32161712082825     
   409.90683892731676     
   409.58308742163763     
   409.57607850987966     
   409.28640806165424     
   407.93928046039997     
   407.00286503703285     
   404.89128094431362     
   403.85483046330347     
   411.04113328258285     
   413.52913327068478     
   433.93645624928098     
   442.15053336433579     
   455.78015874179988     
   462.98278806106651     
   480.21016096691653     
   489.03591842237131     
   510.50906180269510     
   520.30382589257829     
   517.39201960683693     
   524.18863816619921     
   522.67899563053015     
   521.26714847007327     
   513.82081886913556     
   511.66674469547189     
   498.11001457602333     
   493.68569817111853     
   483.10126039193199     
   478.95681293072312     
   463.34273455151219     
   455.84700516723893     
   447.27118351305899     
   442.31346719877206     
   439.69868710777763     
   437.08786919982629     
   433.27440501202204     
   430.36349883194941     
   429.44298812152573     
   428.06224551026742     
   425.43864960423662     
   423.64432251060475     
   423.05605280947236     
   422.17399518528430     
   421.17708825103847     
   419.61951395058469     
   416.63551850051198     
   415.14920706132921     
   414.25298493165735     
   413.19663006561291     
   411.45585479216146     
   410.50075928730178     
   411.04669754851551     
   410.67233328753275     
   409.65479507645068     
   408.77812934407490     
   406.73503087522829     
   405.47618186616717     
   412.89498704676976     
   414.96583072591284     
   435.83262857783501     
   444.89610275018987     
   470.30974131232500     
   481.76023015985425     
   484.45932376119981     
   487.23304991343963     
   484.10102850125037     
   485.07194261306660     
   492.14581613959291     
   498.71804855570531     
   494.49349012320516     
   493.70169021534400     
   483.13455712395785     
   480.17388705098807     
   483.56992534348410     
   483.38618116852234     
   470.81916557665505     
   465.20767438371377     
   450.88775725447482     
   445.84878808591117     
   443.27539156437939     
   439.84773298035890     
   436.31487786447951     
   433.79043575192770     
   432.84208684397197     
   431.56062072743282     
   430.23816896954446     
   428.30228072266220     
   426.38016511775197     
   425.40068929427133     
   424.04766211189883     
   423.10450846409935     
   421.63840569904482     
   420.24615262182550     
   418.59613906157063     
   417.63351495160578     
   416.31993893317264     
   415.62755646130574     
   415.60673626083349     
   415.13340469511701     
   412.89166216242648     
   411.70831933229607     
   412.60106269690226     
   412.49098070473519     
   412.32867207636508     
   411.93349968846627     
   415.54718483035259     
   416.06385053845929     
   429.35165557739344     
   435.09058773135791     
   450.04956532496885     
   457.76548950369727     
   460.57248974922959     
   462.16113982913356     
   465.38210901046460     
   468.56548295447971     
   480.27147731707919     
   487.15915755510702     
   488.01582287276409     
   488.57695569891860     
   483.40036041789642     
   482.21063661326218     
   471.93539126803540     
   468.50460797553302     
   457.26502500643107     
   451.84928459147500     
   442.31033142813129     
   438.75291627168565     
   434.77567973006359     
   431.84865204028904     
   429.40106178432410     
   427.22577423593896     
   423.73753825202976     
   421.51130134103840     
   419.83705843234065     
   418.36775886466700     
   419.72522430578607     
   419.51085856461788     
   418.67480553755303     
   418.17658794955980     
   418.49717002770592     
   417.69785974862828     
   417.31592907203816     
   417.02862033891950     
   416.24476865835749     
   415.75272512216026     
   414.43535877952706     
   413.80789529282407     
   412.84802148298883     
   412.17660994015893     
   411.08535000433653     
   410.26932578908480     
   410.13610935480568     
   409.75769632064652     
   411.91546149023469     
   412.20073965284485     
   418.41649182563987     
   420.62906174533771     
   434.24490716282008     
   440.09787958128533     
   452.59898050449704     
   457.37282833359922     
   469.55566695547236     
   475.88768371315848     
   471.14242816718030     
   476.26000044664374     
   486.63645014022450     
   488.35252935488336     
   496.08264242261379     
   501.61030013285506     
   480.51929637355664     
   473.78386754472001     
   464.55995218780134     
   460.62385287380141     
   449.35167741135626     
   444.79787825947750     
   434.97037478271534     
   427.65377934941057     
   425.28135729897366     
   424.03309007529208     
   425.17904963168002     
   424.38910914384309     
   420.39712274157512     
   417.28183133920407     
   415.09127611159562     
   413.99067465820156     
   414.52383290168262     
   413.49686990181033     
   410.09352119746637     
   407.85747182794182     
   407.22398093910181     
   406.65686384247294     
   405.56200351972626     
   405.01314749634537     
   404.56982329836347     
   403.74874233528953     
   403.08705442566611     
   403.10381392115022     
   403.63747425539458     
   403.41641569835934     
   402.90072937126342     
   402.34853609653027     
   400.35618909051482     
   400.81988056489087     
   403.21041146199752     
   410.19728389289531     
   426.34739935867907     
   455.17535754797564     
   469.74480859252139     
   482.60213902144864     
   502.40267705445098     
   512.05903767987070     
   523.51120448194058     
   521.29330349973952     
   502.78094475488513     
   502.15874108753212     
   507.57732629530688     
   504.09138169496458     
   489.03673758378892     
   466.29379633061785     
   464.40602634786597     
   461.36173923234497     
   451.88794539047467     
   444.37107602220732     
   438.82252225031613     
   433.37022618485850     
   428.96916265650179     
   426.22588748847551     
   420.77735272972683     
   417.45691655765421     
   416.37541461774680     
   414.70676722501867     
   411.87983194581875     
   409.78904012610423     
   410.29893607393188     
   409.84302425575129     
   407.78427620348754     
   406.07458218474022     
   403.88013789544203     
   402.22578269455857     
   400.55790886134292     
   399.60032516188522     
   398.61926436876229     
   397.57015018845556     
   394.59942890408678     
   392.99168704159297     
   392.56166594804222     
   391.85207456516571     
   393.09963787133086     
   392.56540250346308     
   393.55142166601956     
   396.57762779237976     
   399.83141101320518     
   402.88859469190754     
   406.38465623086466     
   407.76238661335691     
   416.65725099637365     
   442.94214336628750     
   441.89500987607863     
   455.33446322329178     
   449.37359899343869     
   458.67734504955365     
   440.23776986341983     
   445.64520386449192     
   480.91486749260156     
   469.23211308431701     
   454.56424950993915     
   451.74434126454008     
   438.00799096191503     
   432.15122421815431     
   425.48078738387903     
   424.76912860158205     
   419.85263167535186     
   415.00253471484359     
   412.30297587493112     
   410.13473709179215     
   408.54736215658630     
   407.59668888070394     
   406.28590819392690     
   403.64080745616502     
   401.56094271267830     
   400.84931652363008     
   399.34462558318302     
   398.26300581513891     
   397.34993697194523     
   394.94796869894589     
   394.01129585842796     
   393.06459244591633     
   391.41409805668934     
   390.23584621323505     
   389.37275901166026     
   388.54099244983189     
   388.70300549111528     
   388.32299066999275     
   387.31108991926510     
   386.47936967533468     
   386.11069814417107     
   385.20614906336647     
   387.51946626950939     
   395.18642621831896     
   404.06734571284898     
   416.79704063320531     
   428.87952154524373     
   442.64077001774302     
   456.96533413885021     
   471.56276706832102     
   483.45567915359129     
   493.32777014409623     
   500.07066238002523     
   515.53650047494023     
   521.50712972978761     
   511.10897345289322     
   495.86333693611431     
   501.82171804705507     
   481.47672396056720     
   471.54256997377502     
   465.44516113925226     
   452.40182835525752     
   443.54090919609223     
   438.39732079429632     
   427.69371717870507     
   421.58161076718443     
   416.91381349948853     
   413.38051627030563     
   407.49935833493902     
   404.42056729958387     
   399.56964487967468     
   396.37784316831892     
   393.57805617685540     
   391.15659588733018     
   389.83893338225960     
   388.10301624128596     
   388.47883951683781     
   387.33599256086154     
   387.31815363726560     
   386.67936584670099     
   387.17313398391974     
   386.77597196275178     
   385.65204378949312     
   384.74079067882809     
   387.88455624206551     
   388.29710715195819     
   387.94479769349493     
   387.32912196928424     
   387.79647017015583     
   387.42009044202905     
   387.54432592821121     
   394.77839648899112     
   404.71060095501139     
   417.61575858676167     
   429.66132427419598     
   439.14885915945467     
   460.63955703918907     
   475.89084056901612     
   483.66109688903350     
   491.31873491566677     
   504.54947607133414     
   513.36455960423859     
   525.49464504392631     
   529.44221775240089     
   529.69654683687315     
   511.51558537061959     
   496.50115198991887     
   491.33351660995913     
   475.18294619714044     
   468.37019925588493     
   450.13949716777324     
   442.50498717316572     
   430.64541362432163     
   423.69538739318853     
   417.15887343185142     
   412.67124082725496     
   407.79463387520934     
   404.03869430590197     
   398.82600834677766     
   395.30924867749917     
   393.05194458350468     
   390.74204355360399     
   391.67530215183149     
   390.51566778675169     
   389.32924526265697     
   387.80009183168335     
   386.87498341495905     
   385.30123353170262     
   386.57558237175766     
   386.48280096831360     
   386.23444681244439     
   385.59766020228858     
   385.01469342130980     
   384.55107957012166     
   384.46792931308585     
   383.91600798036438     
   383.31646828449936     
   382.68367006928662     
   383.61618426108811     
   392.28597593354027     
   393.56255620683146     
   406.55592082463227     
   424.34528114584032     
   438.01985560620619     
   455.47940794968684     
   468.91877659680546     
   482.96108326545465     
   495.45545692881160     
   508.69109048657486     
   518.18668825246834     
   530.50704951977411     
   537.48821934047180     
   542.98814024868580     
   537.58198010104024     
   526.46779982773899     
   510.17015773040856     
   495.64707201103175     
   479.98828339906657     
   458.56022051237477     
   448.12621576110121     
   442.92584088772850     
   436.23651645056111     
   428.26320042350460     
   422.96881049289601     
   415.60618611622925     
   411.43160913754105     
   408.33764346283436     
   405.22274431819358     
   402.17121558327540     
   400.08767568281218     
   397.68601982933160     
   395.78519031438850     
   395.57390568172497     
   394.21784589533348     
   392.66214535078450     
   391.17634231135918     
   390.15573535409800     
   388.83869593950220     
   391.25914395785856     
   391.33836805320465     
   391.63502577970900     
   391.34074675886768     
   390.44302316530184     
   389.61557185347846     
   389.43343426596488     
   388.71881769619216     
   388.28299424002023     
   395.03928549082053     
   404.53981154966766     
   418.15310001497289     
   430.71802404145467     
   441.76629294394127     
   451.17846872856359     
   470.13010584134634     
   481.61581203967381     
   496.07173019542506     
   501.73108269523959     
   516.09492156786598     
   520.10441782129976     
   526.69526460675650     
   528.87810718100411     
   525.49977525786289     
   529.07501349489655     
   522.03445278141828     
   513.38257991167222     
   500.55066540293035     
   482.53327550149965     
   464.15469690238120     
   450.10787944015249     
   440.17827547233429     
   433.21969100484222     
   428.43022369828742     
   422.92752845616980     
   418.55708814577025     
   414.96347037500220     
   411.77180537739883     
   407.88038888963939     
   405.06758176534896     
   402.61277919497257     
   400.19914269035075     
   398.25707310438094     
   396.04440142427620     
   393.61982498128327     
   391.42744659649151     
   388.02738924020349     
   385.69714069097728     
   382.53751495722571     
   380.06298475891072     
   377.08959428268724     
   375.16309102751154     
   373.84007693531089     
   372.62558910381193     
   371.74984155492473     
   369.76550547901945     
   368.88638227654718     
   375.45618522856728     
   387.32099263762865     
   402.49605826876933     
   419.91036610575088     
   438.20063708119221     
   455.96550334945942     
   467.42625208763860     
   488.88734259111209     
   495.79367097135457     
   496.52070898936432     
   505.33387245813333     
   504.82480686263654     
   502.24756323553817     
   492.23485773833431     
   479.80683264503881     
   476.64418595123686     
   474.56274633054352     
   462.07479171223952     
   457.38100891240464     
   440.36851272817404     
   433.12969697371545     
   422.68950266393506     
   416.61250521564864     
   410.55712354379784     
   406.44253351662894     
   403.35168859454217     
   400.66944136136368     
   398.90973646857742     
   396.91191079425948     
   396.47508688451376     
   395.21134610067122     
   393.89969635354174     
   392.57607746683954     
   391.54450426606172     
   389.91660093886520     
   387.46059182021526     
   385.76807810934622     
   383.82445531587393     
   382.36586943964187     
   382.50301538580891     
   381.68837027490730     
   384.97267008586039     
   385.52200042885408     
   387.62631781106967     
   388.12950417138734     
   387.44767154806431     
   386.93093315622491     
   388.90611510765820     
   389.94448090619687     
   389.41140705457639     
   397.78013149835573     
   400.75764626780534     
   398.44761623329941     
   406.87103233483754     
   419.99317244956103     
   442.82113990683615     
   473.82104493211386     
   494.68239531340913     
   511.00527876694207     
   518.92921209783083     
   524.02905320466505     
   528.80623561885841     
   523.40275521400565     
   521.83880490421336     
   513.43536775552059     
   497.67251764529266     
   485.01800227020374     
   469.35836987628136     
   450.67589710100901     
   437.22063233045077     
   428.58075894022051     
   422.23964042535800     
   417.24925091546237     
   411.99114688673546     
   407.77580053275346     
   403.98633522733883     
   401.24805624003466     
   400.12285566180856     
   398.59283590314146     
   396.34288768270051     
   394.28424380890516     
   391.69724478489871     
   389.40313258380257     
   385.68326668808328     
   383.26670250689426     
   381.64771375807408     
   379.96351690383148     
   376.80972185286248     
   374.63883858485406     
   372.57954131829899     
   370.98349349886291     
   368.81696951336005     
   367.34527253524482     
   366.87963032581615     
   365.13979994927013     
   365.56349201025404     
   371.51153632584936     
   382.52379762704260     
   395.91854707403400     
   411.98933020589442     
   428.95135960658695     
   447.13667011845274     
   464.31804362910464     
   479.62852050703856     
   488.98237190171960     
   497.62925512356640     
   512.02812077944259     
   517.33096677214894     
   514.70232856184941     
   515.34188319879513     
   517.64782978942765     
   513.30824936188594     
   504.28295085336345     
   498.96268545573957     
   488.73190192394452     
   474.94096581770947     
   461.71310823463159     
   448.46532796687831     
   438.58496727756057     
   429.91376018107371     
   424.68591912357260     
   421.19093133970659     
   417.71624664382364     
   412.83370175782164     
   409.53647344724732     
   407.19948714368331     
   404.71413172268433     
   400.35658166847031     
   397.37246217331119     
   395.56992552700393     
   393.41268651552878     
   389.45141608626443     
   386.74391864161146     
   383.61442748575001     
   381.46574757419006     
   377.80638770813289     
   375.35184707699432     
   372.60488378871992     
   370.42470677982641     
   368.16528216088307     
   366.48297903546069     
   365.89467969881065     
   364.50233492258320     
   364.01788548424452     
   369.32755309836131     
   380.91844792578536     
   394.07080258045602     
   409.57509178594921     
   425.15341935015186     
   444.09311567181589     
   459.52930900619526     
   476.48402647689670     
   487.17215935158936     
   492.67667794387290     
   506.78839400608996     
   505.53119233275413     
   507.59370253858810     
   507.56444835983086     
   510.06935879345087     
   498.88391646833031     
   497.02841151485302     
   479.57463259908377     
   472.66740398081646     
   449.97123580202219     
   442.01853395832853     
   430.18592340093710     
   420.36940804184258     
   413.55740781395895     
   408.35616900603497     
   403.42290360908987     
   399.61898824937981     
   395.12950180770719     
   391.50556448603311     
   387.98407966087547     
   384.83028951226623     
   382.02739829400258     
   379.73716132396919     
   376.53879704251824     
   373.39100155070122     
   370.47736447747184     
   368.36614417314485     
   364.98241646343018     
   362.31384490908590     
   358.80462026380417     
   356.54920644572428     
   353.61105449028315     
   351.44774317729161     
   349.61857264436617     
   347.90346944073588     
   347.57809673148898     
   345.71466142016413     
   345.91493973106930     
   352.50520648051577     
   366.15059157780996     
   381.15934921005766     
   398.19475815529483     
   415.74382230539590     
   433.27805791129799     
   447.00997526143686     
   459.91290499795963     
   470.86572755115202     
   475.62507991327448     
   488.43851978901307     
   497.38008308682572     
   501.88154952314710     
   498.27593295615287     
   500.13770775406465     
   488.65346246244076     
   485.75919293731062     
   468.36921692369873     
   462.13671385270334     
   440.55931117801885     
   433.07890316647439     
   422.17290534680745     
   412.98023613493012     
   406.93339710062605     
   402.20167557210749     
   397.28327888236265     
   393.61074994447335     
   389.48689588563713     
   386.17282687699822     
   383.10473977172404     
   380.38388311201192     
   377.98528703069769     
   376.08706206855857     
   373.40237534433646     
   370.72827251019720     
   368.01341627254186     
   365.98153131999601     
   362.76234831802634     
   359.67630173693044     
   355.44934032224921     
   353.45643551975832     
   351.98516543697303     
   349.97493314579526     
   348.13585729703232     
   346.73700530898009     
   346.09573420102282     
   344.27085683828142     
   344.16379517044754     
   351.02401240027621     
   362.22855403061266     
   376.61989076414125     
   394.99450775936356     
   411.82433647608019     
   428.15430696219227     
   443.74620506598865     
   458.37754035020617     
   468.07923060955716     
   476.76982983506514     
   490.78408808062318     
   492.32785043419733     
   499.02052828487984     
   495.00478860243720     
   495.49027683586098     
   483.97364004615252     
   481.37219835269099     
   464.64765483319911     
   458.76397199836475     
   447.34154389039793     
   435.85351088580330     
   424.37965801725232     
   412.16963241355558     
   404.77478992367969     
   399.97190763568625     
   394.86046961646713     
   390.77504653461955     
   386.39895979304413     
   382.86257936569177     
   379.84516038070228     
   377.35391579581773     
   374.83564792815537     
   372.77446736610688     
   370.37491099624827     
   368.00673117604651     
   365.40163302804643     
   363.52809545443517     
   360.82638097128893     
   358.73730760827578     
   355.80409920960938     
   353.79659708475219     
   351.33551879895657     
   349.41941387709454     
   348.01567422690727     
   346.52283160696805     
   346.06724044491494     
   344.64641961121657     
   346.14599201138356     
   353.87175701240295     
   366.78179591905700     
   380.89163773019726     
   396.98696620901632     
   411.06657219505848     
   426.99440571314267     
   441.50828651438616     
   454.77669347630268     
   466.27698495720404     
   475.05601969751388     
   489.48527119829845     
   498.50437249891149     
   500.81913742313111     
   500.86206647381675     
   498.10435740795367     
   492.31304762554674     
   483.98525868006442     
   475.57432197797641     
   463.13402668335544     
   450.20101212893394     
   439.03015855446620     
   426.22869965691399     
   413.31442064206749     
   405.33959465538345     
   399.57842926411519     
   394.32857583593653     
   389.82969204492554     
   385.49690686942944     
   382.34554678769081     
   379.29727895340642     
   376.79706293529284     
   374.20722312373738     
   371.83552454119928     
   369.86366799327556     
   367.61764744332947     
   365.28998793126084     
   363.45376181542429     
   361.06137342917629     
   359.11604165076238     
   358.68007481525405     
   357.62961881169917     
   356.51162725868289     
   355.36897446060038     
   354.10479678935070     
   352.93986607199957     
   352.08316962582012     
   350.67234506669200     
   350.77271193281206     
   357.09249064535294     
   368.82000518437758     
   382.55072456850723     
   398.81004823845626     
   413.38374959711950     
   428.14973005752677     
   443.23803845542824     
   457.70660016886137     
   469.55982462459463     
   478.01306816398233     
   489.49781157674738     
   495.38301571324047     
   497.75755065686354     
   502.08085858357475     
   501.64483536019708     
   498.21711561173385     
   488.53585556583869     
   479.69282220059176     
   466.27496444069601     
   449.66081286232463     
   435.25009368470143     
   424.39685880808565     
   414.36411992272957     
   407.57934900292315     
   402.83532828437740     
   397.90450240913765     
   393.89693849136961     
   389.79576802676371     
   386.46342152184599     
   383.47955118458049     
   380.69298196153210     
   378.09124794108726     
   375.56343533485102     
   372.92543757253293     
   370.28432798747667     
   367.61394213509936     
   365.54581264632554     
   363.03622527494122     
   360.88121559629650     
   358.43196684440090     
   356.69558800912711     
   354.79092895123279     
   354.05433238733167     
   353.88251544833588     
   353.06099178785672     
   350.78479530212917     
   348.82055280939164     
   348.15595116873897     
   353.53654589545476     
   363.15692282734108     
   375.65125344420795     
   391.46102832434769     
   407.32292093059988     
   423.48490603770591     
   438.37672777190772     
   451.21220827728177     
   463.64716824622258     
   472.62476650557807     
   489.65921928278118     
   494.72659837094199     
   499.98109634167508     
   501.86915059183963     
   501.54944655260385     
   497.55088359574046     
   490.18215762912536     
   482.82334039434551     
   468.56266718478111     
   453.14185879052206     
   437.16458394571720     
   424.62228916726525     
   416.01559358141708     
   409.07331807471547     
   403.18933125829079     
   398.95884940113552     
   395.49653373040348     
   391.83322083193963     
   388.39944451538776     
   385.53086141957550     
   382.95038006685934     
   379.78120058803745     
   376.99437775317637     
   375.91686913562006     
   373.82784150759443     
   371.52986033040747     
   369.93920598332312     
   366.71704375162284     
   364.64204598094301     
   361.37960961074106     
   358.62389567913544     
   355.55586232755434     
   353.36616811810734     
   352.83556100339297     
   351.23889652330138     
   349.58448357034814     
   347.68238222624029     
   347.30353175143051     
   353.34037137384598     
   365.26651161192046     
   379.39696370303096     
   396.74292101100355     
   413.44248948954913     
   431.39277093614942     
   447.95136018744762     
   465.02154692547487     
   478.47036079309044     
   479.67624579617268     
   493.73288676426483     
   502.36778442152018     
   506.06775611413258     
   510.01419144071889     
   507.59007536100108     
   498.98160509898645     
   491.82855010364807     
   483.94028662968577     
   469.67841065979849     
   456.13093777411109     
   442.31722803791035     
   430.64239666530710     
   421.62274103883215     
   415.49249163699540     
   410.93381840071191     
   406.76439024537569     
   402.85690602506281     
   399.05182747708085     
   396.15129562026374     
   393.51468037652609     
   391.28099720162106     
   387.94454004072463     
   384.86005970518107     
   382.11532427623797     
   379.79366041140690     
   377.94022912796964     
   375.78801120752200     
   372.92260877178808     
   370.57290356622434     
   367.41022843530476     
   365.13339494223652     
   362.33451949198047     
   360.21530977298175     
   359.51307003345977     
   358.52349349892245     
   356.85093809588290     
   355.59674545593208     
   355.86638532530276     
   360.78687645517107     
   370.96210212201697     
   383.87962607833930     
   399.35177780767987     
   414.55106783678514     
   429.39584441789043     
   444.28212796373168     
   458.15472951466234     
   470.46808613538673     
   477.30350405841233     
   488.74301343171817     
   500.47414076814340     
   508.30185616305448     
   505.00143074064829     
   507.06473877157595     
   494.70984396704694     
   491.54314902062509     
   473.92125524660651     
   466.79700488128100     
   446.65937563834535     
   438.20765863435975     
   429.53715458305481     
   422.17498307551631     
   415.14461633701490     
   410.45317089569141     
   405.29372485101885     
   400.41528706673392     
   395.35519232603275     
   391.84193624537249     
   390.01410201163867     
   388.36286439290757     
   387.04639446090488     
   385.17051395134092     
   384.47261400548064     
   383.11938627096930     
   380.48783179076077     
   378.92838833366653     
   377.56559470608374     
   376.08585087550318     
   379.29747829825453     
   379.73371171604589     
   380.55455908917816     
   380.44859597834414     
   380.87679601394279     
   380.66210450261883     
   380.18331810805313     
   379.30925293680440     
   377.99994282487489     
   383.46084887710208     
   391.15693946070206     
   404.48354900335244     
   416.31407428195905     
   429.99213908157776     
   445.64110515902780     
   459.76561498541776     
   472.55983387596393     
   482.24347363641630     
   493.77235222442187     
   507.03246286877817     
   508.78335260709747     
   510.23223664961307     
   512.55450471800680     
   507.10087755026041     
   502.82148723078319     
   496.66334387883910     
   488.51729278368765     
   477.82139024088389     
   464.86200868275290     
   448.21641968024772     
   433.78319521423481     
   425.44663331685587     
   419.82833448090059     
   414.75104502340650     
   409.39261489948956     
   406.11008855272763     
   402.61337329499469     
   399.25044706812264     
   396.44626986305218     
   393.67818259616962     
   391.34557655775677     
   389.20072981990876     
   385.34311814431135     
   382.45849191343666     
   379.83965149635361     
   377.74733614315983     
   374.94111001426063     
   372.83395498271716     
   369.22854361403353     
   366.99322730037863     
   364.16769634522228     
   363.23958252002666     
   361.09634070341428     
   359.05157308263762     
   357.25606769286856     
   355.41265748182394     
   355.78213529817117     
   361.45322338915236     
   372.63919067488575     
   386.02860691185890     
   403.46133778719502     
   420.27719458094191     
   437.60834083671489     
   451.50344401002820     
   463.22705081210671     
   468.21411051825942     
   483.14738277290104     
   496.47148375823440     
   499.86646680670526     
   504.22802907207114     
   499.00109794301665     
   499.30068845586231     
   487.10251476339141     
   484.08283307038943     
   466.89457960675458     
   461.83866839303897     
   451.18745871707694     
   437.76697706698229     
   424.16309430763857     
   417.30566516821324     
   412.06707889853993     
   407.77699623002417     
   402.45283587425104     
   398.10451669779582     
   394.06469986840239     
   390.91716014437134     
   387.75223041150969     
   385.05506454859500     
   381.36912384221210     
   378.54672486572213     
   375.20994229174426     
   372.51176635529322     
   369.53424543754875     
   366.58227186947545     
   362.67145578035746     
   360.31572249521673     
   357.73674919638063     
   355.30855665845178     
   354.25461025202651     
   353.22038054196827     
   352.62553011937598     
   350.96681878404763     
   350.18539036265565     
   349.08777894121721     
   350.03431785264479     
   356.91012487251663     
   369.58751600530348     
   383.64396990375263     
   398.23765945991840     
   413.30128607708031     
   425.78262878062736     
   439.88345416935948     
   453.86874078991559     
   463.75687531710196     
   479.68455032525765     
   489.99981694114780     
   496.96274571300182     
   492.28378519640376     
   490.84191838715333     
   488.92483316390610     
   481.08453148984620     
   479.46898003949508     
   462.39993638544763     
   455.97684097039138     
   435.49210103594436     
   425.95478001153407     
   416.34310131647521     
   408.49303982053664     
   403.07421231238567     
   398.59350747496353     
   393.88383700720954     
   389.71821772614607     
   385.30183786247903     
   381.94942020653201     
   379.62748133274118     
   377.52236175791660     
   375.43043349989421     
   373.53931956939755     
   373.26944842105604     
   371.57185226731002     
   368.43064119176194     
   366.44319924901419     
   364.17095913046268     
   362.62754464144757     
   359.17264224066810     
   357.03326278620978     
   355.55674754043508     
   354.49485481028853     
   353.14417538569876     
   351.95203678086170     
   352.23442863813688     
   351.56229409970331     
   352.15051718971233     
   357.55222919097218     
   366.22659563905938     
   378.75801201900822     
   394.26836789583081     
   410.51903883244546     
   425.66580598107373     
   439.54116141006585     
   451.80058729631207     
   460.58436330395318     
   474.68755610321398     
   483.92731456642292     
   493.60444696499741     
   497.82646926342483     
   498.73200370390600     
   496.19828035309934     
   492.25093942500860     
   485.47314709369942     
   476.06575520524007     
   462.93295116610426     
   448.10381975445659     
   434.95613190404526     
   424.63772671811398     
   417.44631589133814     
   412.24954836453264     
   408.03088626588612     
   403.44253033082873     
   399.80752599386295     
   396.88209795394232     
   394.29857251783505     
   391.55051054627006     
   389.28358495964267     
   387.14772218531328     
   384.97491719022537     
   382.73408325409810     
   380.82002595054740     
   378.35666160461597     
   376.14319719649842     
   373.69792064510210     
   372.06544782746573     
   370.39974911886395     
   368.28817188107746     
   365.92441770609526     
   363.84046515822195     
   361.59411390969683     
   360.38129350230344     
   359.50006529073045     
   357.96943443101367     
   357.54270919458696     
   362.06531710884735     
   372.67503149612531     
   385.48789047874430     
   401.45989295927649     
   416.69994194671801     
   432.90383410113168     
   448.62220404923727     
   461.40958646636926     
   472.36351309811840     
   486.33335320513504     
   492.47480821231306     
   504.71150745352844     
   507.13436821717562     
   513.49219309413877     
   514.35833489318486     
   507.32440156994733     
   499.65753791937192     
   489.79479663518794     
   480.75077329325416     
   465.22715153088859     
   446.97235110553629     
   435.56673577435083     
   428.14308610706638     
   421.86058244306571     
   417.40088233985927     
   413.53822307728723     
   410.37530463006215     
   406.44809088599646     
   402.99057989661077     
   399.93004094620608     
   397.36457301789630     
   394.23339701508235     
   391.82739036711308     
   389.51318221240359     
   387.21507104697093     
   386.84829006641525     
   385.57161799798661     
   381.79593443517683     
   379.71466974309692     
   379.51666672387603     
   378.34724976902908     
   376.49998031356563     
   375.29278148069614     
   373.39978693150692     
   372.34673820513513     
   372.20430076964135     
   371.40419186162086     
   369.68712413572354     
   373.80899419180531     
   382.64550339516916     
   394.75231216324698     
   408.62169537320898     
   423.28412197357756     
   439.32958050905171     
   453.19196642329916     
   466.85641788534048     
   474.14822713083487     
   490.42476816031962     
   499.85400404555446     
   503.73598937716042     
   506.57514940154334     
   511.21159083132130     
   509.41975963235672     
   505.15391704594305     
   494.28951942979893     
   482.12626758206579     
   465.71737319066671     
   450.11286942028198     
   441.64528891038469     
   431.28783042013049     
   425.36174778186802     
   421.66269160739375     
   418.37467910293623     
   417.84746421390071     
   415.26736236486624     
   412.40641369888397     
   410.20752369875999     
   405.93819093186892     
   404.02546544921296     
   402.40421912700617     
   401.58331335067834     
   404.40406707576574     
   404.04427147956278     
   403.16813198345898     
   401.54804158808048     
   400.79796125399122     
   400.47131314091268     
   398.43611382407130     
   397.04898190433852     
   395.75154953189542     
   395.37360471754835     
   394.83277518143751     
   394.08811989602356     
   393.29611509051171     
   392.99491261643340     
   390.94686455320976     
   396.10986598581928     
   394.78151410592625     
   398.60736055159254     
   409.26228274173712     
   427.13765784668124     
   457.57877988450321     
   478.09975834092603     
   494.24981801190830     
   503.52053882464406     
   511.83982262017213     
   517.04145944883533     
   500.01578862601929     
   492.91732485415326     
   486.88898342636969     
   490.74760487293781     
   474.15848289745838     
   486.04394083290305     
   483.92045768541539     
   471.49210941754029     
   455.53052203604130     
   445.36073537002062     
   438.00586095231682     
   433.20625382180054     
   427.18182258934905     
   420.19939828156521     
   415.21198041724983     
   412.21740921773579     
   409.73209205422012     
   408.00715520466417     
   405.47265485246311     
   403.46803296416192     
   400.14439333052638     
   397.87657375122302     
   396.19241549797414     
   393.96329728803659     
   391.57739188513187     
   389.82416311082517     
   388.28543846441823     
   386.57518508133649     
   384.34477035170107     
   382.95061735934456     
   381.06585239792690     
   379.75628373036102     
   378.86653172128763     
   377.61294469018168     
   375.56757745365485     
   374.26277881389564     
   374.42009692740356     
   379.37611069817342     
   385.94807735716279     
   402.14384365739750     
   415.51350788484604     
   431.08522239620828     
   451.90385471571904     
   469.02323119291640     
   482.68184343993630     
   494.39319553167388     
   502.45489406221350     
   509.82031956519438     
   521.38189733377055     
   524.74230589870569     
   499.94534827846132     
   465.09832835916887     
   449.71284158766679     
   451.27331061428117     
   453.80865674469635     
   442.62357994132651     
   437.78927784579554     
   433.91065118924740     
   428.85115544446120     
   427.09751014838554     
   421.87212856074427     
   419.25460006611701     
   417.46896391282570     
   415.61326368030342     
   412.02801398583284     
   409.70553620566795     
   410.42283215404456     
   409.75296709541880     
   407.68299804293730     
   406.20728462383289     
   406.00678646845790     
   404.77143147061764     
   400.88183669733337     
   398.85826009462914     
   394.71515359810815     
   392.31824497927482     
   389.14327472570329     
   387.20586805589761     
   384.91522845281708     
   383.16714588171237     
   380.57431503320993     
   378.79203781056441     
   376.49990979569907     
   375.12395788864819     
   374.06646498837711     
   376.26998335137148     
   386.46884814138650     
   399.16866449611888     
   412.68932922046378     
   431.33845757287861     
   452.36816733714033     
   468.50416227635054     
   486.27990373479167     
   492.84360367461198     
   508.94507374118496     
   519.28182562529480     
   531.36551459957559     
   529.28088447102107     
   521.12689647741445     
   510.54020527261264     
   503.06427503592198     
   491.85900185684324     
   470.99496814419336     
   460.96150488627450     
   450.46831902058528     
   442.74523690720815     
   437.10519812404266     
   430.35616878704906     
   426.72509957157109     
   425.19980472736626     
   421.95099480710098     
   420.58124600711034     
   418.95571902299457     
   417.47385997901216     
   417.38219603932117     
   416.58781903541035     
   413.96924059309515     
   412.28780699136888     
   407.89492930583515     
   405.27107023357229     
   403.16174756913796     
   401.11274282885529     
   396.65658608735475     
   394.15693074844796     
   390.63040091953945     
   388.32210606656633     
   386.15327136600962     
   384.91671045882345     
   384.20282058450886     
   382.82782596927348     
   383.28886277847801     
   382.84313188504649     
   381.82646810466019     
   385.68150875720733     
   393.71473732878053     
   401.37595697217239     
   415.08439224076972     
   426.85151741952660     
   435.84127264554883     
   447.06271602394770     
   466.79575023349793     
   476.18293560627865     
   490.56017931527748     
   505.38355970639793     
   512.68350181020526     
   519.79307457679306     
   506.19898541185518     
   475.88791910116538     
   465.07516079123155     
   463.72503989213163     
   459.09917182953274     
   451.60728015430493     
   444.91878275550778     
   440.44166104767100     
   434.64704769212074     
   430.56860951066398     
   427.59853843117747     
   425.30705085296211     
   422.80460120564550     
   421.13434285338803     
   420.11527121086908     
   418.85018521605889     
   418.39538315151287     
   417.46670592104539     
   413.47152176512753     
   411.02366867808621     
   409.69401548477538     
   407.88006396392399     
   407.78623257443581     
   407.09176827247228     
   407.01990701734144     
   406.20532893269075     
   403.41358099120492     
   402.04927427915078     
   397.78075691439409     
   395.77657056482167     
   393.67450782494774     
   392.20988376005823     
   387.25491723792254     
   384.69762567540175     
   383.96746617935332     
   387.77383737979545     
   399.30018224709210     
   412.42199287319369     
   428.59353703172462     
   444.49381570609603     
   462.24442328341075     
   478.35589409446169     
   489.71131042466340     
   497.83599720296723     
   516.90232434486938     
   529.79956156072785     
   536.73292356966545     
   533.88753172213171     
   531.40646004106100     
   494.09106525710831     
   485.24675446703333     
   473.89728449059277     
   471.08118651450587     
   463.53173265645245     
   450.31017521983836     
   445.51886851640620     
   441.24280739946300     
   434.43060852990573     
   430.44384911672790     
   426.78029177548257     
   425.91115501841074     
   423.36437935673263     
   419.32884158640940     
   417.70780040406282     
   417.56436639531915     
   415.86323556267280     
   415.38482213965631     
   414.44503903791349     
   410.88841666518471     
   408.89299783366562     
   405.92075831234570     
   404.10966552448696     
   401.80325687253219     
   400.36752666346740     
   398.02203479804700     
   396.48204169299458     
   395.93856928644601     
   394.85533272834630     
   395.82501312580320     
   395.56102952537009     
   395.72408304867804     
   395.17060327236260     
   396.61124050593793     
   400.08945417798333     
   404.39033352362890     
   414.49763676195676     
   432.22879426966119     
   447.36816239696242     
   458.32027031514542     
   469.15165839344337     
   474.73642946238169     
   483.97895598699205     
   465.05167887463176     
   481.29589249519734     
   479.97999416560009     
   484.55497068191056     
   498.60131118382594     
   474.88684004215850     
   460.65810031204313     
   450.27418339374208     
   450.06270995014108     
   446.79006341559824     
   437.05240717247545     
   430.27763721662836     
   425.71349277970199     
   422.22751460113136     
   420.40820126136100     
   418.05178235456646     
   413.63093626332835     
   411.78359206460698     
   407.34309743253590     
   404.96926750928424     
   404.04116549864165     
   403.06919210401446     
   402.34581326523517     
   401.45170727811751     
   404.15622945841994     
   404.25815651512426     
   404.70873999861283     
   404.52836367336675     
   404.97273160088173     
   404.42378059878757     
   402.93146113752402     
   401.77859397332372     
   398.58562689797134     
   396.96956664529114     
   398.01618625147142     
   398.09530903661943     
   397.57680396172384     
   396.83638127311951     
   397.63122657475594     
   401.64988094368016     
   400.75743902831772     
   402.72674548057574     
   406.74145680862165     
   420.63389345279836     
   430.51432729140595     
   443.57569676226939     
   475.61197958811539     
   482.01992461203463     
   493.76033354859129     
   489.73510050290821     
   504.09206749622604     
   497.57674120059409     
   486.75093068223271     
   487.15720270608460     
   465.32171957792713     
   457.80114439516819     
   454.61405766681480     
   450.80203029131087     
   435.47273246411078     
   430.98532526232060     
   421.76819169415302     
   416.39873947519817     
   413.01932110966237     
   409.50249386785362     
   404.78873825323132     
   400.60120867219212     
   397.75257953187901     
   396.23378941323477     
   396.92274799420261     
   394.62512801823505     
   392.59030339622387     
   390.93714833979539     
   391.44744122359782     
   390.80084956881160     
   391.38507770713619     
   391.45688761618050     
   390.67174109627797     
   390.29285002996824     
   388.05536719879018     
   386.09182628356393     
   383.22772220847480     
   381.85628096308545     
   383.68286598926653     
   383.64208669814383     
   381.83906675357400     
   381.48321148765422     
   380.58256728048207     
   382.32037808809383     
   383.80733323536913     
   386.92363000127710     
   397.40839101807944     
   408.32078516164466     
   415.38035216757356     
   434.73426886477586     
   460.99188832060798     
   474.18532841274919     
   492.56031160250097     
   503.68398295299210     
   506.74247316557330     
   512.71398174811645     
   509.48004041916715     
   506.60958016353493     
   492.36179874594063     
   480.11981349621948     
   469.86001118551297     
   457.32277445186088     
   445.88438751179660     
   437.35328655663147     
   429.33050325227748     
   424.54921918325988     
   419.81187884003162     
   415.99167111023218     
   412.28813629133418     
   410.22715483386236     
   409.61881089852915     
   408.23518942012078     
   408.14537351174374     
   407.30757835916501     
   405.81814071544568     
   404.70241823319151     
   404.23574498186440     
   401.62987519690432     
   398.99769820420022     
   397.61198916277482     
   396.15973724985668     
   394.97172174407115     
   390.77656692934698     
   388.73315864410199     
   385.85721116062660     
   383.89428158491694     
   382.18186327389657     
   380.78044733947650     
   379.93311265226635     
   378.68529153254070     
   378.23393072903974     
   380.67953774923581     
   388.97651644939918     
   401.39135312144248     
   414.26930956883024     
   428.93789813800242     
   445.96458769802831     
   451.70789113814243     
   470.76669822299760     
   455.97228150700033     
   472.26506318594255     
   486.65873792402215     
   494.12573617147342     
   504.86067392592344     
   493.15178017945976     
   472.08909529408203     
   467.10232863714714     
   470.46368618942972     
   468.11111774324263     
   455.42402812841624     
   445.44631903211092     
   435.42870070588640     
   426.11234034254539     
   420.98014146002180     
   415.88631002926542     
   412.15489888331882     
   410.52879340605506     
   408.50486132159733     
   404.15354977568973     
   401.36237378758221     
   398.80465531399705     
   396.92245182520440     
   395.00291672894713     
   393.37735368333779     
   391.45974733551935     
   389.37926941558175     
   386.23839594808908     
   384.46045739876428     
   383.24949578684101     
   382.61253473950813     
   379.89827367351313     
   377.86822597987248     
   375.53025528210372     
   373.63478071446309     
   372.61104740854472     
   371.47221810505653     
   369.66202135963192     
   368.31969028546996     
   367.48019612149113     
   370.27457452801207     
   379.08237543343540     
   391.32259507244157     
   407.07757137914501     
   422.33720955944716     
   438.01373680764550     
   452.99334236729510     
   468.10189113527844     
   480.56298559814354     
   494.41121293976551     
   503.70834651345842     
   507.32091390431481     
   511.87289108332305     
   510.80552812308287     
   508.81616029018801     
   507.42356881468305     
   499.10732256292135     
   486.08185666844594     
   474.85484131082370     
   456.44440342188142     
   440.10190758008667     
   429.64975089463258     
   424.35267383662011     
   419.60677876769995     
   415.68867916922079     
   412.22669235719707     
   409.39721119012103     
   406.54828655400149     
   404.19304351367094     
   401.74251133594714     
   399.74400682356992     
   398.56531275549582     
   396.76879694520721     
   395.55422257614362     
   393.89604995580726     
   392.14013083197142     
   390.66155626956930     
   388.07641030853222     
   386.25270607799843     
   383.87119098385216     
   382.02918008118689     
   379.38340725988502     
   377.60123060792853     
   375.53354230974725     
   374.34557001549689     
   372.64625492753271     
   371.16264400854959     
   370.63061315779697     
   374.33439264451221     
   386.44646335679806     
   397.41384569141809     
   409.88078267463447     
   423.86038988885866     
   442.63820504515570     
   459.13122757180270     
   476.55497588167174     
   487.75388648238010     
   488.24847315389820     
   486.21333517633502     
   497.54420745198126     
   510.36099865803726     
   511.76747265533157     
   503.22018310677709     
   501.28488665440369     
   496.43600414841740     
   491.86906120861869     
   477.64349834426940     
   464.23373281587448     
   448.49146188333884     
   435.96795121777694     
   429.25608850506995     
   423.13589286236811     
   418.82534881156329     
   414.21473028610956     
   410.60590755454695     
   407.13381271593119     
   404.49987515704186     
   402.14899984706005     
   399.94576275661700     
   397.59722014937421     
   395.53903752423878     
   392.38206319712117     
   390.00948181905051     
   387.08839323956249     
   384.78357090846043     
   382.34120084645099     
   380.25797841239239     
   376.79842362989234     
   374.42397122010107     
   371.85559791040447     
   370.07040715440576     
   368.91651043833940     
   366.76051763259295     
   364.86704262198663     
   363.13263480147975     
   362.16487119836455     
   366.25121624650080     
   376.35983541734328     
   388.84513790154654     
   405.59850851373290     
   420.22759414106253     
   434.32751140972931     
   446.75693828787325     
   463.43256375561549     
   476.36155287355155     
   495.04645813728246     
   500.76158982802406     
   503.85490322237490     
   507.61937695611147     
   509.59149497179732     
   505.49412393711913     
   503.30130597970310     
   495.90379861280894     
   483.15709310645474     
   472.04822668816593     
   447.77558029060577     
   438.07994468931503     
   428.68006798827327     
   423.30154963855631     
   418.23841976027114     
   414.10382442541862     
   409.76310599117579     
   407.00900331445689     
   403.74266084068984     
   400.94319743599198     
   398.84367939048633     
   397.10473533930235     
   394.38395099183413     
   392.05640666547635     
   389.77374677114534     
   387.33980582679334     
   385.26974429448427     
   383.03992884083766     
   381.32031876356638     
   379.36933356934577     
   376.82660144015085     
   374.86952365095505     
   372.17844902553168     
   370.37741668280256     
   370.07141676963613     
   369.04335511096718     
   367.12603880118650     
   366.04666369542042     
   364.85685410970171     
   368.07916046910270     
   377.79684685804148     
   390.92449798006982     
   406.64081147849430     
   422.31426497084777     
   439.50130322365442     
   455.11657766331570     
   468.28338649265811     
   479.19928444454990     
   492.48224245169445     
   500.04619734374307     
   507.60387251024167     
   512.94223675237492     
   512.10330062497189     
   505.11895696115016     
   502.56372130238128     
   497.02754190003031     
   487.97435159027236     
   474.24013523797208     
   460.17134813592168     
   446.05199692021449     
   435.34966912418548     
   429.21470181493021     
   423.10369923897753     
   418.72902612157787     
   414.87020095112018     
   411.63681598484732     
   408.24766725252181     
   405.32464877050160     
   402.67478609361274     
   400.51227439855154     
   398.20131589512283     
   396.00894902079352     
   394.49285171566424     
   392.93449441567441     
   391.39462727071560     
   389.75689999011001     
   388.34630809350841     
   387.03557311021171     
   387.36176268357752     
   386.65637802006080     
   390.08677737859966     
   390.60324087712331     
   391.33025539300559     
   391.18214399023941     
   391.23635012546794     
   390.63175175535383     
   391.93050710387865     
   392.07789561064976     
   394.28845742276656     
   396.86676968195383     
   401.54348412227279     
   413.51001826397356     
   412.14771076985238     
   416.82206728995800     
   429.31178863940698     
   443.03894187632443     
   463.47644057507159     
   472.49218412303480     
   478.57161423125314     
   487.95338855158388     
   500.47971180605180     
   494.30413840476029     
   461.37696808105989     
   449.00739881963472     
   441.58888018701276     
   436.01039678111653     
   428.01480763368625     
   421.00633322635491     
   415.54240413096937     
   410.63336016554513     
   406.62879775035543     
   402.80430820113821     
   400.00022838870427     
   397.43553549255250     
   396.87886196488449     
   395.69781785958560     
   396.14590815449407     
   395.67797872089704     
   395.55526046169427     
   394.70435062740648     
   394.00116684112828     
   392.60878059714310     
   389.21757105102290     
   387.64768026418528     
   385.57633584088654     
   384.16608684008833     
   384.51438679600233     
   384.23632824538646     
   384.37264544335829     
   384.20262120445517     
   384.88680278795147     
   384.88884919893405     
   383.66777358061034     
   382.94996892623180     
   382.36892352517282     
   386.22687412765686     
   392.85495612211110     
   397.00924315369139     
   399.62875748225548     
   409.83314720780578     
   433.77006667836656     
   446.52669030228429     
   464.52757574765542     
   478.63786876118667     
   486.36313772944266     
   498.61158049633531     
   502.64863597974608     
   489.64507135800181     
   491.02663437636386     
   479.84879257446011     
   469.23007497947475     
   461.87054127758950     
   453.65754931314638     
   447.33590776228198     
   437.17720897210825     
   432.59914039135379     
   428.84781418347501     
   426.34943877183872     
   424.35726552729926     
   421.57514914059391     
   416.44959849190457     
   414.50817094472461     
   413.77105075984389     
   412.60216197491610     
   409.11524638818145     
   407.39566739658994     
   404.18884385642843     
   402.41385383966167     
   397.85395347149404     
   395.07872703955360     
   392.80315314433432     
   390.54809926122363     
   388.38094929702834     
   386.08649772872155     
   384.38926199995626     
   382.33374438331140     
   380.23821035417200     
   379.43222017713015     
   378.69255056837915     
   377.14388170097817     
   376.24962730219704     
   376.15889328651934     
   374.30407924239643     
   376.23180445094636     
   383.67798680391780     
   395.61470283311377     
   411.76211697684306     
   425.90790886641497     
   441.83722081328528     
   457.46846424214482     
   472.55716206102090     
   484.34351315922981     
   498.87737074805284     
   507.30511885360113     
   516.27731633705582     
   521.86299429086694     
   523.61568258275133     
   519.60383801536318     
   494.51056360342722     
   471.13717735740238     
   458.22979521854000     
   464.86824243154132     
   460.69307358368951     
   447.44664718637813     
   436.67893046129740     
   430.98583043124410     
   426.55894196554152     
   421.52473427727568     
   417.30366929361071     
   415.11543800977449     
   411.40734016824382     
   409.19150429935519     
   406.06368540151146     
   403.86801296322506     
   401.80100505900577     
   400.15894732610838     
   400.17471702563540     
   398.78772510826451     
   397.46691197168599     
   396.18638633089222     
   393.21748244173267     
   391.16523117963845     
   386.96567125813993     
   384.49877853062549     
   382.42242196788982     
   380.64365441862196     
   378.65994723262702     
   377.85976039505772     
   378.65365915252295     
   378.21967921434259     
   378.76018481299747     
   382.72942236340054     
   393.50540605429234     
   405.77288850495859     
   417.42276232156735     
   429.86706822539475     
   439.15306528088701     
   454.04607120579169     
   472.80155562708546     
   488.32741136370538     
   497.18305836256098     
   499.86739446920194     
   507.88423055407861     
   501.99746380567757     
   503.78456578473703     
   497.62674752438028     
   488.88258533479245     
   481.87675026124953     
   477.60680107851226     
   468.49287469638546     
   456.63283963905604     
   447.33461880680233     
   438.56595833109236     
   431.93862084086595     
   426.88694210183462     
   423.19910865493063     
   416.90190434900791     
   412.85511135267711     
   411.85060573372522     
   409.99205265593110     
   406.25354818140914     
   403.70583366619746     
   404.30333596091822     
   403.40140330505545     
   398.65328424166603     
   395.60778244560510     
   394.95550058734369     
   393.90171674788479     
   390.37299790348499     
   388.00996959505727     
   386.40426040992458     
   384.57280260150202     
   382.60906184197245     
   381.05955010765712     
   379.50893953883110     
   378.27701719889831     
   376.44360926531232     
   375.56472867701945     
   373.39095321187057     
   376.59479971259697     
   385.42209884038749     
   397.53121360016144     
   411.67122441987800     
   429.64734262242604     
   444.01805850837297     
   458.81891148682632     
   474.80749805448164     
   484.01022202468272     
   499.86617418856048     
   497.00155074891308     
   506.13479072651120     
   515.39401721864931     
   516.65907252428713     
   512.56736204549986     
   512.22180557474860     
   507.39152323730758     
   496.89461386761030     
   482.66220383543305     
   467.90205339397892     
   453.91113739496654     
   441.23281541524671     
   432.98425626437540     
   426.51218240816115     
   422.17566758477602     
   417.99921210529249     
   414.32035794826106     
   411.21032525427268     
   408.67676087631213     
   407.54378325379429     
   405.61420816526436     
   403.71665036759168     
   401.65085273007799     
   399.48391663026155     
   397.33734507710659     
   394.78853103474910     
   392.88079484383923     
   391.81786509893556     
   390.82780150229473     
   388.86992604779925     
   387.01006204105289     
   383.55614938781667     
   381.54278878839119     
   380.44909250747429     
   379.39423782427593     
   377.07069774211567     
   375.07290966455361     
   373.67642509627490     
   376.55802988010362     
   385.69277559174412     
   398.16858739640918     
   413.93856877504379     
   430.37572113392122     
   447.07940045952085     
   461.42702013567077     
   472.97047057383691     
   480.19241313530358     
   492.42956598740875     
   499.35765035238796     
   505.22987300852213     
   507.18707658922307     
   511.62435540262555     
   510.59184129066062     
   507.47532097617409     
   500.03455697637327     
   492.15845476942894     
   479.07027815899295     
   464.61646851511915     
   451.69431927911444     
   443.15830440228740     
   436.79444569241895     
   429.49030779197881     
   424.25276836319779     
   418.73948260078822     
   414.68654125040410     
   410.38193914050748     
   407.38388718760439     
   405.70422991932116     
   404.09101592284571     
   401.56244662408193     
   399.14341954557591     
   398.86776541153097     
   397.19767341941053     
   393.66672903044622     
   391.97754622367114     
   393.27109567499423     
   392.76396552225151     
   390.33828395182030     
   388.96958421272655     
   391.97976058872752     
   392.36481904494360     
   393.79456030566581     
   393.97334868546204     
   394.72688719310281     
   394.98463454595185     
   393.76314382604824     
   394.42837830032994     
   395.17966262045553     
   400.54158734825091     
   412.18278846555717     
   412.55445684035254     
   420.85021768228927     
   428.76729288091695     
   449.56069530274198     
   462.83326329763287     
   463.90485091114641     
   480.09248923259469     
   502.11500732789005     
   505.38413843511302     
   503.86327094155001     
   494.46690610108232     
   481.41182508824113     
   473.45993393347885     
   455.57025942068231     
   448.42278302672230     
   436.67083706051443     
   431.32446924928018     
   425.26695622364747     
   420.68349653964748     
   418.61814485886282     
   416.26690776263291     
   413.08299470441142     
   408.63075442637216     
   403.73169547187410     
   401.34938028850024     
   402.17663388484323     
   401.35314718267131     
   398.09356522036171     
   396.94083037224596     
   399.37658864001924     
   398.99771718166858     
   398.71579292926242     
   397.92154265112379     
   395.57543011995716     
   394.33439078473987     
   392.71204412108858     
   391.59596026877892     
   389.08390856277219     
   387.75649413567663     
   387.86366052036414     
   387.68444810917146     
   385.99491188695345     
   384.87392132286539     
   384.80445795361061     
   385.35751356694567     
   386.84020438146740     
   388.64432386052079     
   392.79823775708712     
   419.12086275096146     
   430.92401256824115     
   450.07396846370960     
   460.81203127572741     
   469.01493365558838     
   481.79505927107715     
   493.54795927497469     
   500.07411879682991     
   499.80434130461833     
   503.58976203341547     
   500.83388629335485     
   496.01665700566411     
   488.96841934506296     
   480.92154426817399     
   470.13479969092731     
   455.83528423812868     
   441.52421480793032     
   429.54376882494063     
   422.34871046402412     
   417.06391643092445     
   412.77992725132020     
   408.48937959063744     
   404.41536007227540     
   400.37502778405559     
   397.29548976838385     
   395.13356905953651     
   392.91601334879783     
   390.31687899660824     
   388.02406998581864     
   386.81832206883246     
   384.94547523493179     
   383.38564739090941     
   381.94216312710790     
   380.50809238220711     
   379.07008350988951     
   377.52798725636330     
   376.26258139655471     
   375.11826066590271     
   373.84046931773725     
   373.99090324648466     
   373.52042341489795     
   372.04540651904131     
   371.28148173864867     
   371.67734248976461     
   374.87511814872306     
   381.62994881348527     
   392.55035026897963     
   405.70142508856941     
   419.34157414629306     
   434.22837421155339     
   448.39077742692473     
   467.91234750252238     
   476.08695113404519     
   491.25203262182401     
   503.13247468745544     
   508.28356594633232     
   508.72636192962403     
   513.72780825657480     
   513.41166672770112     
   504.81028825805413     
   489.93596432797750     
   480.91044075594914     
   463.94154327748004     
   448.83346854145248     
   438.54449153468556     
   430.37912068477317     
   425.22202333985945     
   421.58652535737133     
   418.47237118912443     
   412.79373476058532     
   409.40706976028605     
   406.92879775146241     
   404.48816721102980     
   403.13645858123709     
   401.78071101340964     
   402.73935776564491     
   401.77284089387359     
   400.69267047900922     
   399.13165937071551     
   398.30441356163647     
   397.25170898865491     
   396.21492514384346     
   395.15696712845710     
   390.88226816364778     
   388.80427892165585     
   389.15998828345880     
   388.51788889525272     
   387.56704691733108     
   386.66340374995627     
   388.66734255143336     
   389.18096513859325     
   387.49951576927623     
   387.92207225215111     
   390.32884071599045     
   396.53333106267712     
   398.02497354787926     
   400.61971990500012     
   405.37609072686183     
   413.78018380317798     
   425.62146036220702     
   435.79589674330691     
   421.90267211794804     
   421.23470691512904     
   428.05918238385317     
   435.96405088193580     
   440.13230092391768     
   449.73488342493118     
   435.67926279629637     
   433.96567538848524     
   428.25540499046741     
   423.85305004960975     
   419.46609135410830     
   416.43997581677547     
   412.05383062785046     
   409.25913158442296     
   407.49207919178338     
   406.28467114675652     
   404.28450628713267     
   402.90334587049313     
   400.06433671213898     
   398.14854868304786     
   400.52055204365337     
   400.08606347340839     
   398.43779344349269     
   397.12188588288859     
   394.35903930848394     
   392.18591011228716     
   390.26220481495255     
   389.08102508222242     
   386.59214070665547     
   385.48833442236150     
   387.00709093019879     
   386.64580814762104     
   384.25603675246350     
   383.09853489489399     
   383.51846737549937     
   383.15452555948696     
   381.94051035665524     
   381.28300318787672     
   379.53423994412867     
   378.78049098226290     
   381.12838978316540     
   382.55379641636915     
   383.95001536492367     
   385.75512338133439     
   388.08563910771124     
   390.62423721444810     
   399.29316248507575     
   412.81732227277683     
   440.07164018679100     
   440.04034424656010     
   436.18967348308877     
   429.26384119562056     
   419.26760598443576     
   413.98170218390885     
   412.45097272356344     
   410.25170893302845     
   406.10782134610309     
   401.13583470171454     
   392.30342671742432     
   388.64643405445406     
   385.21968413493909     
   382.38101475232429     
   382.13838832065005     
   381.06320749686574     
   380.29920379550396     
   376.87046923162666     
   374.33605635943559     
   372.56802638659855     
   372.35957766551456     
   370.86243347506746     
   368.83655985404272     
   367.79006814274112     
   366.45482817427308     
   364.98090066272124     
   365.19107726504080     
   363.98844134775459     
   361.47596225907455     
   361.05261542866555     
   359.30829171694694     
   358.90010532642776     
   357.33377375279616     
   355.85153642399484     
   354.59726416048062     
   353.62506150816404     
   350.55569919439461     
   348.82728499617002     
   346.26569565161515     
   345.90604759347030     
   343.43503763369642     
   347.06722237539805     
   361.37154278389801     
   385.92597729245517     
   389.14799664137388     
   407.29191149544147     
   424.62328541971254     
   436.16554209440750     
   449.71001316485689     
   458.60271474880170     
   466.38934299413734     
   471.20855822580006     
   470.22009009706881     
   453.14489480224870     
   460.31307671901845     
   461.93727472535255     
   448.87547781511836     
   435.61564177864511     
   420.27585009392715     
   409.15138248275434     
   397.41042662564718     
   391.39675161563684     
   387.19023608255475     
   383.51886441969066     
   378.45052305167991     
   375.03964027648209     
   370.79911046714807     
   367.56412740264955     
   364.83264909566503     
   362.28020449444438     
   359.94892425026489     
   357.90500488745636     
   354.67100608816213     
   352.00337134807739     
   349.23347362788684     
   347.31550864048199     
   345.36118427295122     
   343.69226914251590     
   341.16171361777657     
   339.20118876331065     
   338.85064076363915     
   337.77435210855907     
   335.66388851233665     
   334.06719989473720     
   333.54784600324012     
   332.67448816927583     
   331.15368313896732     
   331.85908067165872     
   336.58071725226893     
   349.66427695312763     
   364.00142472330140     
   379.35351898299933     
   395.62970116728189     
   409.55434535712533     
   423.61863212048235     
   433.47092663527451     
   448.68685906034369     
   458.47198572345570     
   465.36913258106438     
   470.40065879808287     
   467.74108740642072     
   464.92825499678599     
   464.70654904531000     
   458.62596641546872     
   451.66335168813544     
   437.92144353674098     
   423.66192279517514     
   410.76704625962572     
   399.58813839391519     
   392.48856051311577     
   386.88526616555112     
   382.76751047799735     
   378.75000470023480     
   375.53269746450275     
   372.22309749132842     
   369.29201033360800     
   366.74172576348604     
   364.66540549650080     
   362.69739949162550     
   360.51023631248444     
   358.23820066306587     
   355.91447779179072     
   353.86074984873977     
   352.21255488866126     
   349.93367967462927     
   348.28418537590539     
   345.88917272651452     
   344.04817550851953     
   341.65751167334565     
   340.01821808172923     
   338.86515228969694     
   337.72544057778703     
   337.10801383920727     
   336.07683000008080     
   334.96341010764905     
   336.56985819981122     
   344.55983186970059     
   355.70772314544860     
   370.82557624819560     
   384.78671600957693     
   400.79048549407923     
   415.40228743750151     
   428.98065378885735     
   436.90085304645436     
   449.05661165115822     
   463.27600805273522     
   473.14470221439524     
   474.07144318675324     
   474.03315474938842     
   470.96854956601754     
   465.28457197085771     
   458.10109405510491     
   451.30896722653483     
   439.78876058466273     
   426.25584995641242     
   414.24445277951276     
   404.76206183416394     
   398.72391402559731     
   393.22275318584445     
   389.00144634950476     
   385.66686256624291     
   382.54281213616895     
   379.17265080288445     
   376.54021228645996     
   374.26357812010735     
   371.90468335497582     
   369.35880120256860     
   367.24798129004898     
   366.38355942702418     
   365.28541915263321     
   363.27460038979962     
   361.41451932866022     
   359.52210260370657     
   357.87977100669104     
   355.89359299984511     
   354.22845737684366     
   351.84331774032671     
   350.17981845126724     
   349.12232420782203     
   347.81096375463466     
   346.69183594939329     
   345.59701520041494     
   344.51165834305692     
   346.17222379125559     
   353.96446726859392     
   365.27656839982041     
   380.23045020898041     
   394.46339540024906     
   408.92577283293963     
   423.42757904913418     
   438.46250393542749     
   451.11993826863670     
   463.65409548518420     
   471.09553227504074     
   477.07077371754622     
   484.00190389692494     
   484.53652869782371     
   479.41314712506346     
   477.89658956907363     
   473.23996855733981     
   465.51824488622952     
   454.62560254727686     
   439.10866608801695     
   426.57462024862434     
   417.23565253160672     
   411.24369844797724     
   405.27858116393037     
   400.24966191706022     
   395.90652560428254     
   393.16638071560936     
   389.88820028783618     
   387.01194901321662     
   384.26492709010978     
   381.92159304303357     
   379.30923959104558     
   376.98608890709386     
   374.22393448331167     
   372.56496635334310     
   370.79977331505540     
   369.47992768980225     
   367.44720967593372     
   365.47583916571006     
   362.45700591057653     
   360.14042212267634     
   357.70766714197219     
   355.98745132978246     
   355.02950065619899     
   353.79898840819874     
   352.30386906762948     
   351.31158061042635     
   350.48129258876327     
   352.52166743270197     
   360.13029082369059     
   371.36344819032121     
   386.41601369186355     
   401.04366718149322     
   417.41951450306198     
   432.95409879075032     
   448.09598945910903     
   459.75822893433730     
   473.40901657889924     
   481.48163216599414     
   490.33491821912440     
   491.84853232867198     
   490.47840606848615     
   490.39639841216592     
   486.49002157733372     
   479.18024068631121     
   470.50416132081534     
   459.92211362834036     
   447.55138650122979     
   435.82933600731434     
   423.47500343138370     
   416.66132457153822     
   411.16990201167420     
   407.00786705492317     
   402.66890609156275     
   399.46394508083483     
   396.84788947693784     
   394.40045177288795     
   392.28919492079990     
   389.91839045766295     
   389.75085046004085     
   388.61756315427493     
   384.76728559525998     
   382.45203750700432     
   379.03007428459887     
   376.94199054280261     
   374.17892407343510     
   372.10428802648971     
   369.69850015812870     
   367.70327811384516     
   365.01636876866905     
   363.45634234357584     
   362.10566507824961     
   360.67934771522204     
   358.81380132124161     
   357.91366259327589     
   356.18137610865875     
   357.02008892581614     
   364.13649353490888     
   375.28468217054734     
   389.73783696518149     
   405.03636412978148     
   420.74748826083027     
   435.79326958594106     
   449.09494751980526     
   461.28183198130216     
   473.74502019435209     
   480.23342907543781     
   485.71283039754326     
   489.60644829897353     
   491.75261340015533     
   487.75474781497462     
   484.23039417319160     
   473.32811195816083     
   465.82184189979205     
   459.36062384042077     
   443.88290299527313     
   433.29788469184206     
   425.51789452797789     
   419.16902429322863     
   414.31134445744863     
   410.19514840731262     
   406.81092132214604     
   403.28440865877315     
   399.90555902840038     
   397.40027066566563     
   395.99493222728637     
   394.20911004510754     
   392.40197057230131     
   390.36103555412649     
   388.33856190889793     
   387.41345707589147     
   383.38340842413379     
   380.60110022986368     
   377.75227021724299     
   375.67079224301892     
   372.91243503922385     
   371.35664086053310     
   369.66036246726594     
   367.95898318412378     
   365.76295457838933     
   363.91689254710320     
   361.95648950453955     
   360.53744809607326     
   358.87842997884906     
   360.18499650781257     
   367.91253461061552     
   378.79465925681143     
   393.80870159209275     
   409.21720989284307     
   424.88906800798094     
   439.73020224198797     
   453.45061870698009     
   465.55395877365555     
   478.86285875680727     
   489.51568517124554     
   498.49592161955866     
   499.58179033779248     
   498.32796698466274     
   498.81105197544554     
   495.85198340941525     
   488.90005298752266     
   479.02177114753647     
   469.85450954536714     
   455.44419915597473     
   441.75737658018153     
   431.57250211791370     
   423.78412348723316     
   417.82476647444724     
   414.33556103045328     
   410.95487233211077     
   407.88518833809951     
   403.55806772346693     
   400.56791694378461     
   398.12118954635133     
   395.87977620052095     
   393.84540260297388     
   391.87604209185969     
   388.78524304564695     
   386.66808518826514     
   383.94750462586484     
   381.34235399669797     
   379.05328086271072     
   377.33569559449882     
   374.25124340407768     
   371.92961993413462     
   369.26357176855475     
   367.55510363491743     
   366.28499181330636     
   364.97170505206117     
   363.27210206950758     
   362.14757317952478     
   360.48388942991744     
   361.01770768779625     
   368.25494628576155     
   378.38235736618464     
   390.21794821156044     
   406.01840510827657     
   417.59320020317625     
   434.03035390785834     
   450.31270134520537     
   462.84747211392408     
   475.76544151139456     
   483.01882849312500     
   491.55795849550145     
   495.93676055644028     
   492.89463871556723     
   492.43620949115467     
   488.48597798524082     
   482.24675504736547     
   472.96327976466188     
   460.40676853722152     
   447.92849468446946     
   436.86382415214359     
   427.85432544161011     
   421.24278573024782     
   415.49966196093033     
   411.78781228462623     
   408.94945140872704     
   406.32089296189338     
   404.52182664729338     
   402.68843486246141     
   400.43108095096420     
   398.59880341917943     
   396.89736338538154     
   394.83779993009875     
   392.87064765456114     
   391.64839597638826     
   389.58525466826643     
   388.28122045775797     
   386.24987293005677     
   384.46964835900906     
   382.25803293223629     
   380.43942981269282     
   377.82516190215881     
   376.14267969712500     
   375.03309092311252     
   373.96905306393955     
   372.73599408915800     
   371.44358084447492     
   368.89429470115022     
   369.29735719568572     
   374.64397037951488     
   384.66629882673408     
   398.77699180424048     
   413.76923421765940     
   427.79345083054432     
   440.96921471135659     
   454.27160865984740     
   463.66948041077319     
   475.78830963984905     
   482.87919888473823     
   491.01297319441960     
   493.37981787711487     
   497.99214241590545     
   500.00102540419095     
   496.99551189673173     
   483.80268701111186     
   475.19638615639622     
   469.41541951485675     
   450.72737900134933     
   435.71280155459272     
   428.05435437485244     
   422.46623278003710     
   418.87194838242453     
   415.75073527571487     
   413.10828631878331     
   410.68293337934563     
   408.50177123074656     
   406.50684624568191     
   403.79912037036365     
   401.62076019883762     
   401.22102217648239     
   399.90527353796426     
   394.69465129078634     
   392.25434810170611     
   390.73363527228986     
   389.33282280570774     
   387.20217461380486     
   385.47332027761263     
   383.23656406823392     
   381.68020565625761     
   379.32246002348336     
   377.62785368708359     
   376.43764948340265     
   374.99525979036707     
   374.25151582207246     
   373.52862402748622     
   373.73791725888293     
   374.88703516240707     
   379.87141545270589     
   389.40511134626286     
   399.95510763592114     
   412.43406369629270     
   427.01334878106616     
   441.13745211633926     
   453.28238264827644     
   458.34132191276916     
   463.19500656612581     
   471.01087501080735     
   478.11167056129710     
   485.64887309861928     
   489.02089203438459     
   489.68427145869271     
   482.21494925490430     
   475.33012632653015     
   468.26127239499323     
   457.43690782271000     
   447.04556464637869     
   435.51918032929609     
   421.84557511250927     
   414.74782500400954     
   410.10267481683934     
   406.45110513594710     
   402.19819086890305     
   399.11051833605802     
   397.02583512597329     
   394.58494498866719     
   391.18662266613597     
   388.62278479590617     
   386.70833598427987     
   384.81800632280033     
   381.63113927624340     
   379.55890075445416     
   377.36745110837313     
   375.76348537383893     
   373.09917001846304     
   371.03395527571212     
   368.50831791212931     
   366.68791841418135     
   366.20427828152162     
   365.24171250442669     
   363.30114368857710     
   361.86619157776647     
   360.12273399619806     
   358.47341126591596     
   357.34504502115453     
   357.85097745899719     
   363.76951493230888     
   373.38805079776898     
   386.24211895459177     
   398.90343729621685     
   413.73523126001754     
   427.49882601733282     
   447.04585769898137     
   457.44429473830252     
   464.62786607501516     
   471.85753933352316     
   479.82813957857951     
   483.03790050760853     
   489.33280891055574     
   488.12838035376080     
   481.77004039680338     
   474.16750376050629     
   466.55971452998392     
   455.79619399458034     
   440.37480486637355     
   428.23622532812908     
   419.07549644785070     
   413.14479462706453     
   408.55504543075921     
   404.88221201787053     
   400.72969856810698     
   397.37967969976944     
   395.59373830232016     
   393.43447803520399     
   391.06116876065306     
   389.27964668666812     
   387.58982906993521     
   385.86732664111400     
   382.65762234063254     
   381.01849188532657     
   379.00876792503010     
   377.38852910864182     
   375.54136125992687     
   373.51739355110897     
   371.54397133949527     
   369.78408404053215     
   367.36342187959315     
   365.89455607546864     
   363.43252126969702     
   361.76170962581477     
   360.68474916264768     
   359.41920489490678     
   357.52453133555122     
   357.77109965276679     
   363.93057894010803     
   373.52077629064053     
   387.32872973625274     
   401.15937167421669     
   415.62583244388014     
   429.10460828118840     
   440.85063708095964     
   446.80186312994778     
   458.97948243811220     
   468.50900179345172     
   476.61816446200572     
   477.45051864800308     
   484.91817159937636     
   485.37585469546781     
   475.85345892948715     
   462.02022154240359     
   458.52181241416707     
   450.28047230648866     
   440.83431849054040     
   430.83394201371584     
   422.38408066022259     
   417.15907771827125     
   413.21728839359452     
   409.76671790416299     
   405.52069158213828     
   402.62469962080519     
   397.14853060421615     
   394.01918817115779     
   390.97889044674150     
   388.38797080561409     
   386.65209616347215     
   384.82551277959186     
   381.06493287455669     
   378.91616733576552     
   377.21641435167254     
   375.52961240549234     
   374.26170547032990     
   372.73160322259071     
   370.11393938468387     
   368.62748572526732     
   367.49105352628482     
   366.05658361985672     
   365.80623338009997     
   365.03505123982364     
   363.15858058729219     
   361.41989881493129     
   362.29641311517634     
   363.33167224652107     
   370.16732865458715     
   380.54559542238638     
   389.26555209181976     
   402.63577373144119     
   415.03154462696295     
   428.49759027971646     
   441.45067561012996     
   449.87039526625313     
   460.71880931708910     
   467.23063654460117     
   473.25285682922652     
   478.63143877197416     
   485.63434451342931     
   483.63479616551570     
   475.56097898982807     
   468.52324961373597     
   461.17675469506122     
   450.65004243606114     
   436.44311618145611     
   424.68396246657869     
   415.28097980887054     
   408.96930430819316     
   405.80936918602208     
   401.47490988765509     
   396.70651147978566     
   393.76101131752586     
   389.91028999165576     
   387.30678375025133     
   385.70803868188045     
   384.32898453082237     
   383.19535896839778     
   381.59148656838261     
   378.31408160622323     
   376.89130870259237     
   378.97760752392429     
   378.70950630686684     
   377.81669442908310     
   377.35008251500199     
   375.58906708775169     
   374.32076786392111     
   376.67838856304024     
   376.06178702676351     
   372.87443257700960     
   371.09698708689797     
   370.07333705669174     
   369.31213783373397     
   369.62775212885299     
   370.58487643289880     
   372.12382337055726     
   374.58530683618631     
   374.26291130460277     
   380.24386711068075     
   390.71888900634269     
   411.33990348795010     
   423.41003275862511     
   435.59361558117428     
   448.78563834127516     
   457.75756474731298     
   467.09445628691310     
   472.83027089526786     
   476.53203225105523     
   477.21294421298143     
   473.71125125973776     
   467.00475398247517     
   461.11607569076057     
   449.72002543693827     
   435.97410212220899     
   423.29003798524212     
   413.40866818351935     
   407.01214440899838     
   402.65795227604860     
   398.80700206842579     
   395.77022038365959     
   393.37681968741725     
   389.51574141328462     
   386.71075873742228     
   383.92122721427489     
   381.67119567363051     
   380.38334050403739     
   378.97516483893918     
   375.62443955963028     
   373.75497078568225     
   372.40903053157166     
   370.70477398868405     
   369.03060448876158     
   367.65950498275276     
   365.60483142477619     
   364.86067255226635     
   362.48190770650723     
   360.81955817476830     
   359.93307665589623     
   358.80490035350982     
   357.39022148042983     
   356.03345019983993     
   354.15864534262374     
   354.30964825250783     
   359.80629317939707     
   368.37778152030376     
   380.79422865111081     
   394.47309407219615     
   408.80227574358520     
   421.11283793281689     
   435.37035507534529     
   446.40975005612199     
   458.16481334665690     
   468.10190471741237     
   473.27364200576267     
   479.67311785987215     
   482.97830743201729     
   483.61361096884553     
   479.30725538564917     
   471.23109337855846     
   464.09924138020426     
   454.79471797278887     
   442.20708298315702     
   429.44171603506226     
   417.68505237659843     
   411.44316102171945     
   405.86334764183414     
   401.66469403843081     
   398.51347776461057     
   395.88124570370047     
   391.80659526413268     
   388.81930570602378     
   387.22415856159671     
   385.49217215772131     
   383.11977535330232     
   381.42942204033409     
   379.05779715275787     
   377.77233372915543     
   376.22061293663995     
   374.44579113359885     
   372.09533971324356     
   370.45651827404851     
   369.80764256647240     
   368.88616928345897     
   367.00855806454092     
   365.42428492269380     
   362.79190760355732     
   361.09312325896798     
   361.90533315442360     
   361.42888473059799     
   358.49065176753282     
   358.46937499249083     
   363.46411105452256     
   373.32378353180354     
   386.12651697393198     
   399.95040262359538     
   415.49341470947172     
   428.66755424381176     
   443.52921428007278     
   453.36291306717555     
   466.15849342516623     
   472.36475824497103     
   481.13185198654594     
   486.51584541016928     
   489.40145964062265     
   489.36084756461730     
   488.57210122571843     
   481.34443860895260     
   471.73881135832920     
   460.20025197551178     
   445.16534909502764     
   433.60018615114586     
   422.45918919270400     
   414.94897496404417     
   409.17771820745446     
   404.52554096736122     
   400.71657499203985     
   397.42861855240386     
   393.38091921401355     
   389.95760035306131     
   387.48190143699435     
   384.93293784849556     
   383.10288298295512     
   381.73505296147596     
   379.29615600865850     
   376.90835659661377     
   374.33478474582586     
   372.71062968256393     
   371.54492307116016     
   369.78223348955549     
   368.18928261925146     
   366.64469035549683     
   365.71367723569892     
   364.83732687575429     
   363.85416874509906     
   362.57616418802866     
   360.93788019059258     
   359.69481248558014     
   357.59115250370701     
   357.98810725045843     
   364.14822816154481     
   374.23860064750585     
   386.05509798541203     
   398.76118309120926     
   412.63784793814239     
   425.90328285526181     
   439.41791732211243     
   451.71227120598246     
   466.55017065918167     
   475.66773901205443     
   477.79830065351598     
   481.47303241499674     
   481.90774910906759     
   482.17721181725079     
   478.92555304049012     
   470.50481600144298     
   464.09183723137414     
   455.02049794165055     
   442.05015503299455     
   429.86234173036792     
   420.88389944378815     
   414.50195319414763     
   409.80075043597827     
   405.94325745868662     
   401.57126308598538     
   398.30197847143955     
   394.32560987563392     
   391.53226690453340     
   389.75134712300542     
   387.28753628869180     
   384.86718962210944     
   382.78094212956864     
   380.04239384166630     
   378.61618007450789     
   377.01203936047284     
   374.94229424243912     
   371.95278293245406     
   371.34712040711361     
   368.84890145344730     
   366.33866140622570     
   363.32946142588912     
   361.34251766674157     
   359.90655636327676     
   358.62708988326460     
   357.14905784022415     
   356.61894583010724     
   355.16798037259946     
   355.06090246978698     
   360.85789649382883     
   370.71533896013318     
   384.54538041670054     
   398.16660998342843     
   412.77152655965347     
   427.66708321890047     
   442.84917281483905     
   452.89789690050782     
   465.67298904912656     
   475.85678186042327     
   481.53778536443161     
   484.79686763770718     
   487.14416692675798     
   484.51798803793872     
   481.19243137028531     
   475.21102314860229     
   466.40443115844818     
   456.12814380885493     
   446.07362967456669     
   434.89278157687960     
   424.15827023848641     
   418.24285729282838     
   413.22684671199005     
   409.22700575314599     
   405.43339552595540     
   402.34527725198188     
   399.22732106829272     
   396.90915473581106     
   395.63858750650991     
   394.05797046677776     
   391.78266429410473     
   389.76689107819800     
   390.38611519774247     
   389.92198800283865     
   388.55644219796073     
   387.20677174492539     
   382.91516233618091     
   380.57421281153540     
   378.16702828736254     
   376.50683999082599     
   373.15067080203244     
   371.03865910106509     
   371.18640066189948     
   370.61976711448580     
   367.93058129416994     
   366.36077108423615     
   365.27147138911192     
   365.35926591144306     
   370.87047226759557     
   380.42094257474616     
   392.72525561765724     
   405.37240018887633     
   418.90130026972992     
   431.92562583046237     
   446.71368053017943     
   456.07747267707589     
   469.82222751274861     
   479.25348509389909     
   483.84772244858112     
   486.51997879993451     
   487.62878895108315     
   484.43392595908409     
   484.82952810059447     
   479.16471864707506     
   473.05237455384798     
   467.17116130651243     
   453.46506970931813     
   440.35086238260965     
   427.20227258359756     
   419.47025969982076     
   412.65522457547144     
   407.15994683629157     
   402.54186226491049     
   399.02868570850961     
   395.83720266288697     
   393.19321938234219     
   390.45458668864529     
   388.91360795629640     
   388.57073658547671     
   387.61010124941521     
   387.56495412780799     
   387.19825310655165     
   386.45252615175337     
   385.62544982034734     
   388.89557283035481     
   389.80389535067917     
   387.42829491935981     
   386.54505591430848     
   384.73654931399790     
   384.03074022131733     
   385.11315450497000     
   384.68364220686584     
   383.35976580487471     
   382.61564366831317     
   382.12219341200353     
   382.69582891139714     
   382.71809358456096     
   388.53944586752738     
   402.60426648753810     
   408.77245411818711     
   419.60920817523430     
   425.45675898807076     
   439.01316405725504     
   454.59031394136582     
   471.96966610649184     
   478.74785963293664     
   481.36198648015022     
   485.23712773042536     
   473.46349179022542     
   471.47235536429781     
   459.53157775516974     
   455.48768482533052     
   442.18035611634645     
   435.85304394614661     
   430.19940185561541     
   424.48581809383910     
   418.03180431051322     
   412.42159769938291     
   407.20375016008001     
   403.80245307670947     
   402.10474151893413     
   400.11238044231209     
   396.59002648652995     
   394.42811633402033     
   392.73144496574395     
   391.71218896774872     
   391.22022637972589     
   390.58855447817069     
   387.53916485279677     
   386.30396244350123     
   384.83142418061232     
   383.60735470708460     
   385.17104254668260     
   385.34488372227946     
   383.84258293405037     
   382.99555329065123     
   380.77714036598547     
   379.67131025116788     
   380.00235550706481     
   379.71196280849978     
   377.65613271743211     
   376.51543440549727     
   375.32294479503526     
   375.90695996413325     
   378.33614856302387     
   386.91369278683135     
   397.89489989074946     
   410.50735913423603     
   424.29366908329803     
   439.16922954291749     
   442.59363510440920     
   462.36448452910713     
   474.86903648013543     
   483.94353638869364     
   491.89737975099354     
   490.74148215571631     
   475.44373380760129     
   470.78090369847700     
   480.17135201257616     
   481.35523835477875     
   466.04351536371672     
   449.36516232104145     
   436.84366167667497     
   427.00656416240281     
   419.83856533243255     
   414.52785251444675     
   409.43004161010822     
   405.90608013869405     
   402.72916198795991     
   400.01768993958859     
   398.14731482617685     
   395.96996041417191     
   396.05246407925978     
   395.07919911726833     
   392.29079324716946     
   390.35925142466959     
   389.02682187659275     
   387.84012651524142     
   389.34079975872277     
   389.07694755870079     
   386.46997377917643     
   384.82217692281597     
   384.22202903432589     
   383.00640437480547     
   377.90825539965942     
   375.24422251530450     
   374.90905767444798     
   374.22145399483662     
   369.64161549838616     
   367.26373999107886     
   364.39744611412749     
   363.93270250433221     
   369.54986931554703     
   379.47203756376240     
   394.09044305949385     
   408.54256588496423     
   424.29862387911345     
   437.63143021072278     
   454.89844225118185     
   466.36996563318309     
   477.20078751006230     
   486.96642132448835     
   492.55574690827092     
   495.43893688134142     
   498.60108976100099     
   497.04086184263406     
   490.62370062433183     
   485.82331258594064     
   480.68988596483428     
   469.94582598858085     
   453.60220301799382     
   440.00754969846685     
   427.36680260078288     
   419.59306187846886     
   413.71495590107082     
   409.20721846737058     
   404.68479967158493     
   401.37154752605881     
   398.53585085942166     
   395.97326837452090     
   392.93648393961996     
   390.65967848162666     
   387.48465297681736     
   385.05234813254884     
   384.95566168277628     
   384.20609545066469     
   380.71371599076912     
   378.46942540522599     
   375.36662055722115     
   373.31188738015857     
   370.62766318054662     
   368.17045525184164     
   365.52860140215188     
   363.70154436807900     
   362.12808416703547     
   360.64047761167558     
   359.62269498900906     
   358.46577888408547     
   356.63768162942790     
   356.34025003255982     
   362.08188658210298     
   371.55430578666778     
   385.06337103838268     
   398.06822653046942     
   412.46677875382193     
   425.86010024121941     
   438.84442276545792     
   449.03197451084873     
   460.62398778515745     
   469.95542744772496     
   474.31796601060569     
   479.49864187508120     
   480.18489143689828     
   480.36940806046653     
   485.63702104651173     
   484.05541492352313     
   467.38025926397040     
   451.58546167382156     
   440.12107244525657     
   434.95641373197202     
   422.87059372206642     
   414.56879825321323     
   409.26837068019017     
   405.59423101629983     
   401.64933024208949     
   398.58303891229298     
   394.74688876916400     
   392.18592251883689     
   389.62166510205623     
   387.36522171865721     
   385.99541884516043     
   384.27345226316140     
   382.70915528556753     
   381.11712752975831     
   381.32215560864574     
   380.65007065961720     
   377.20486048616624     
   375.43601638951901     
   374.80009303409417     
   373.73140653991220     
   369.78434437738701     
   367.84317158352201     
   367.12760152593285     
   365.78786675762285     
   362.26938339915944     
   361.44454425863273     
   358.81086713521313     
   357.90115705055319     
   363.63231082826189     
   373.40717827783885     
   386.88179553161274     
   402.53890982271315     
   417.61538082930628     
   431.29762645732148     
   444.70683345707801     
   452.68417456334828     
   463.35827713248921     
   469.00924414989953     
   475.70211088309139     
   478.71433948257504     
   477.38604367094860     
   465.15196351578504     
   471.47941242708015     
   467.30633017125012     
   460.24986238313022     
   451.72192167170363     
   442.47993302996917     
   429.00179545146216     
   417.91307359244865     
   410.86146749236713     
   405.46891763838886     
   401.30562104144150     
   397.26229237329522     
   393.84643901088793     
   389.93393517053562     
   387.33399859149972     
   385.51364187666184     
   383.83597951144623     
   381.36371525502659     
   378.62866483495009     
   377.61026531363598     
   376.47712559857882     
   374.39672999562413     
   372.32927286865470     
   370.21715232651542     
   369.00877965701090     
   365.76999284065846     
   364.16159458459782     
   362.36763711567374     
   361.09308765506438     
   359.19035296025862     
   357.74554764759665     
   357.03741947817377     
   356.42397266991071     
   356.05038425628254     
   355.14316029014850     
   357.95996524199978     
   365.46162545322801     
   383.59683814397061     
   394.22716623854728     
   411.06324815060026     
   427.64054768394215     
   442.86307540990560     
   455.26828018335596     
   463.75861754460385     
   475.23463336053089     
   483.97934839045422     
   488.99107022117784     
   489.56526869659439     
   489.26114828492996     
   481.81714564642493     
   478.96737503514811     
   469.49523864694396     
   457.50653406973493     
   444.13725185297193     
   434.27785807005733     
   424.62455746848809     
   416.80701742115247     
   410.48253821524753     
   405.96836216786869     
   401.22945116431390     
   397.52762811630743     
   396.44471228550452     
   395.24153182672188     
   393.90102905493200     
   392.25237254755950     
   391.28078428867093     
   389.52444543300527     
   385.56078277742984     
   383.74990400064991     
   381.21953353864836     
   379.28583208501345     
   378.47791912656038     
   377.29510905998768     
   374.71612085960174     
   372.94086430868680     
   370.14998335543692     
   369.03615062028695     
   368.60262138483256     
   367.63713073990584     
   367.03918511163795     
   366.22858720457401     
   363.87542465582959     
   363.16023262478950     
   368.76584999161054     
   376.97691422488163     
   387.29304575563873     
   399.71265223753062     
   412.82522398410538     
   426.79030371275064     
   440.65445879827246     
   451.93711989289210     
   457.61021024197970     
   469.68546120153360     
   476.73100029216255     
   477.57901469828317     
   483.53665919252416     
   482.50732666251889     
   482.06419896968964     
   475.49995903937872     
   468.16176406549334     
   460.59574335292092     
   449.38339016713780     
   437.61224098915420     
   425.90348010321304     
   418.53328857711381     
   411.71987906836500     
   407.37532813132412     
   403.55391623913965     
   400.35693440455032     
   397.22966675588839     
   394.95552323967172     
   394.44676128253383     
   392.65258613561446     
   390.03580044075551     
   388.20520288863923     
   385.78986457884480     
   383.63226242352869     
   380.67659587105805     
   379.63338327908775     
   377.73449923287802     
   376.27109342639926     
   373.24063864823040     
   371.01067214355635     
   368.96720209838929     
   367.04035971835373     
   365.23571459197962     
   364.20421080592558     
   362.91051328936288     
   361.81881031103444     
   359.44166972638482     
   358.16538321084278     
   362.60481845168130     
   371.98988252936988     
   386.08888822310462     
   400.49889378116632     
   414.80941692443861     
   429.13108045219337     
   443.33472923524965     
   454.18988005873365     
   463.78571627385935     
   476.70884842935379     
   482.96581522647512     
   487.30068256870339     
   492.22241918593016     
   487.91482935974926     
   481.26872260764208     
   473.03382475779574     
   467.52576638994719     
   458.96550682070460     
   445.16277595532517     
   430.74063728574669     
   422.22179750875256     
   416.28084059381399     
   410.95291027792831     
   407.07626724420606     
   402.86917882617934     
   399.57280857833410     
   396.07517517427482     
   393.34314102905131     
   391.20087461715087     
   389.46843646738211     
   387.88357893554223     
   385.86692029746598     
   384.08034747224008     
   382.53629299743073     
   381.39684116760270     
   380.53834636118029     
   378.69951330665873     
   377.55335387060830     
   375.44916077148906     
   373.82400282904723     
   371.78617824734255     
   370.31379376449803     
   368.98642466731644     
   367.87745319682625     
   366.11397070137662     
   364.71827749510732     
   363.01971720803613     
   362.32011248553079     
   365.86204863943584     
   373.59136464245239     
   384.19369696611108     
   396.99086242797529     
   411.27365515164649     
   422.61889916191865     
   433.38722692261439     
   445.50143337995900     
   454.52064417610006     
   465.32711680654990     
   477.02038423595582     
   479.71437991201122     
   480.67746719076644     
   482.02273003473084     
   481.61481605929998     
   474.67991503005857     
   454.63297925542292     
   444.99127159504400     
   442.27440302245139     
   431.81386161479469     
   420.50336168716228     
   413.14878931620507     
   409.23561575505460     
   406.19561762317875     
   402.49475974844950     
   400.07804198624274     
   398.45554100590118     
   396.55099583983815     
   392.77758317574359     
   390.07490714816896     
   387.42369465065082     
   385.31737453043849     
   382.95386746412191     
   381.89649596457861     
   378.84330882799134     
   376.19105678701857     
   373.50292824863197     
   371.85555219633886     
   369.43825479898760     
   367.26516354817568     
   364.22801092159801     
   362.04614682700549     
   362.48748865828759     
   362.10871062349150     
   360.70385512870564     
   359.45368277003985     
   358.22134810323604     
   357.77439979715928     
   363.00335412129493     
   372.71234232935092     
   385.89319947776801     
   399.11690449168077     
   414.42142873160088     
   428.34003136507670     
   442.16969515042985     
   454.44419130526887     
   465.70595919911619     
   479.75286822637338     
   488.64212819854930     
   495.86532228106375     
   491.83825441030160     
   490.15542121778367     
   488.70082058087274     
   482.23906843476664     
   473.97220404314112     
   460.46114452036073     
   448.66904681402144     
   437.98952047334137     
   426.92588059983336     
   420.47277770647912     
   415.53826176856700     
   411.92162137771220     
   407.67962999659835     
   404.07960773635278     
   400.63492923448018     
   398.19713081776274     
   395.93612064443607     
   393.46288016434460     
   389.24266035296768     
   387.16392280701962     
   384.04006155860941     
   381.85711040197032     
   379.72499845985914     
   377.85826104207257     
   375.40291989164353     
   373.25827869837991     
   370.45093014477374     
   368.35038693867108     
   365.73323723350387     
   364.10753979258988     
   362.93530179055551     
   361.56834342149830     
   359.88333280888264     
   358.27012474873015     
   357.10486684844744     
   357.04924723761656     
   362.19650138887238     
   371.48381034564420     
   385.41354038982257     
   400.16855289080792     
   415.81443201636864     
   428.88828289090634     
   439.74767173473509     
   452.01868219897960     
   459.98326879618992     
   471.99137323023791     
   478.40604988561364     
   480.27856061004024     
   487.12010229828479     
   483.14530538724512     
   483.68430929373216     
   479.13371277949722     
   475.33126520486741     
   467.98666785599937     
   455.71048528344994     
   443.22704384621670     
   429.19487341362134     
   421.62043577090014     
   414.83900835999651     
   410.15179960312622     
   405.42122202977646     
   401.97082992158016     
   399.63177431867990     
   397.18854758192037     
   394.58561324841190     
   392.28914236772755     
   391.25525736468876     
   389.59357729182148     
   385.81781560711096     
   384.00294373226888     
   382.31113326372815     
   380.85202561883870     
   377.73774197784797     
   375.78175015568661     
   374.09785384382945     
   372.57192342162762     
   370.98624112263394     
   369.42573027714747     
   367.14606937625621     
   365.60090932765280     
   365.06325766808533     
   364.06754255830089     
   362.29359951411789     
   361.72906666996425     
   364.65938107068234     
   366.33885474521202     
   372.43711398635975     
   380.82471651665520     
   400.92076932066885     
   419.81433204595083     
   435.97377938273939     
   447.39053686389968     
   463.77140757023972     
   480.51470994771830     
   485.80269878091258     
   490.85616756078804     
   489.26633726292710     
   482.95741337533946     
   472.13867085703242     
   455.27086305612369     
   451.51918199040682     
   447.98430772343880     
   438.31115811030531     
   428.25216602090416     
   420.27695809514688     
   413.13035890163178     
   410.90261605837810     
   408.44533261099758     
   403.63743215159894     
   400.19386808459132     
   397.58885791292442     
   395.53054215482905     
   392.23089610588914     
   389.65330310003139     
   387.75917307023781     
   385.95386080236938     
   382.67181272990069     
   380.59197068767810     
   379.31414499043927     
   377.78905742128137     
   375.32933766990050     
   373.54225558260623     
   371.15940680820080     
   369.16905504483810     
   366.21588772221821     
   364.89230391754830     
   364.27217737344233     
   363.16943754732165     
   361.11843172001414     
   359.27989454916207     
   358.16222147991755     
   357.24932396636740     
   362.27366886005780     
   371.23347904879506     
   384.43218614752521     
   397.93381979341393     
   412.61860657423694     
   425.89719463257370     
   442.14549193333727     
   452.66759208265665     
   464.23094404279391     
   476.68779416451196     
   482.11139153605484     
   485.21792742359935     
   490.77082744036875     
   472.06900242558794     
   456.75211139178208     
   452.64751381745407     
   448.38564217733193     
   445.29890659058032     
   430.85111276462482     
   424.32546463028160     
   421.45687122833772     
   416.79783771127160     
   413.26580634457207     
   410.88663461374841     
   406.91866162287812     
   404.83791003680528     
   403.39201253645922     
   401.70785054787029     
   399.18435015586823     
   397.45971112713210     
   395.60122309803251     
   394.10085496729721     
   389.15380669813931     
   386.79355141522444     
   385.72948623533159     
   384.09703341516831     
   380.09885971134031     
   378.32705175542907     
   377.52368793766817     
   376.50001639189111     
   376.15034410151810     
   375.13051548131131     
   371.15256117656872     
   369.03282948545109     
   367.65182980694249     
   365.93001803348074     
   363.74330452088822     
   363.25656704477143     
   367.01240542339110     
   375.52808811029382     
   388.73024542087967     
   401.90897187362754     
   415.83728178093395     
   429.78513380276172     
   443.08062613391820     
   457.28480856722723     
   466.67722052310950     
   478.32438651770002     
   486.47649200283468     
   493.88594360787988     
   492.25007666510834     
   490.63178315480673     
   494.41378357031351     
   472.26101209511853     
   449.97993031473061     
   441.62468234551108     
   434.54210721139412     
   434.83142562764948     
   428.21581717882424     
   422.25145911375125     
   415.70463434424460     
   410.44138978111158     
   405.74965481830162     
   402.76067272436489     
   400.39409149429201     
   398.24356620336658     
   397.00778298986967     
   395.63304384909463     
   393.31704390527727     
   391.60419590590766     
   388.23574346693181     
   386.27296586466315     
   383.06708002072241     
   380.79734338179469     
   378.53538242779115     
   377.25557627990423     
   375.17928056230710     
   374.05096593319132     
   372.43468014059846     
   370.51486879597502     
   369.36706857914112     
   368.40137113762290     
   366.72506736518193     
   365.71263741192456     
   364.35207221565685     
   363.45188541974989     
   367.97123380809580     
   376.83298211412188     
   387.35339676675073     
   399.68280896462926     
   414.45976361850046     
   427.37165494357731     
   442.50944309687031     
   456.08073816598682     
   468.18017743227733     
   481.25744499689324     
   482.92512796065836     
   457.03666966629186     
   440.41390062787980     
   437.39083498899583     
   430.89610083735317     
   425.83815428002754     
   416.47293561716083     
   410.71436067549587     
   404.61761471681126     
   401.61436555287679     
   399.48580800760118     
   396.88588548684311     
   395.69385490743434     
   394.33579459490295     
   389.07477135215623     
   386.23427007945179     
   383.13220343577348     
   381.15054818413091     
   380.23816453978606     
   379.32272082673501     
   376.92280393745995     
   375.20685143001799     
   371.93268485371317     
   370.69445459851858     
   368.74650394070181     
   366.93118568461034     
   364.33386384404866     
   362.44163144006853     
   360.15185895136489     
   358.69552940310587     
   357.54613583092623     
   355.87202429444386     
   355.64205021866940     
   354.74259684251399     
   352.87889603065543     
   351.57220646603162     
   350.87782741409779     
   350.66708777428533     
   354.31097666438842     
   362.40566158118435     
   375.56884805339303     
   387.24665094877565     
   398.51785352742718     
   414.94739703839736     
   430.46875052760612     
   440.88753933041721     
   451.27357157261469     
   462.22108220059772     
   468.38462810649406     
   472.10611696919602     
   467.17687852515172     
   466.85460139229889     
   454.86045804655510     
   450.91512344622885     
   437.38542133510646     
   431.71917288493802     
   420.09205969895362     
   414.17346670892772     
   405.34279462131559     
   400.34680913486744     
   396.50584706677705     
   393.89838044078573     
   390.30730343973096     
   387.87179843732787     
   387.04245707715137     
   386.19192313800579     
   386.50566220871491     
   385.71722882917118     
   386.24421269902695     
   385.88304603268483     
   387.26260844823526     
   387.97359757909408     
   386.28285363812853     
   385.02749741832645     
   383.10130114979830     
   381.78625801341752     
   382.29760338660606     
   382.08353925051341     
   381.40420199028716     
   380.56424983394191     
   380.16213009842693     
   379.20936279830966     
   378.06593941922085     
   377.81805704080415     
   377.02411859461330     
   376.49051956533043     
   379.16038011079775     
   383.55836824622304     
   387.86492110590814     
   393.49932299019878     
   393.34935931104366     
   393.64980430486531     
   395.66347038804929     
   394.95764257625029     
   393.76368076304215     
   393.56023094641529     
   392.52777283289322     
   391.49268858906350     
   389.44884134757757     
   387.83886012473010     
   384.92562997904759     
   382.81664173613802     
   392.22980444330784     
   394.61576667896344     
   385.74096365112729     
   382.41625037746962     
   378.84534744515594     
   376.82109419354379     
   374.18128909974928     
   372.54363568763199     
   369.91811287766421     
   368.40537349762599     
   368.61031037402495     
   368.01772998903238     
   366.95239599387594     
   365.64632059301937     
   364.16145711745639     
   363.57124427844786     
   361.56353224975425     
   360.79125394653136     
   359.32424556907830     
   358.45735305092575     
   359.29380920333523     
   359.14398038303580     
   357.80219997150874     
   357.10693593418722     
   355.85483679089162     
   355.17808165330604     
   354.15868230083396     
   353.45943800227991     
   351.56089930800653     
   350.52493771381125     
   350.51814534784239     
   350.16907600609636     
   350.23916968659546     
   350.88674079909345     
   352.81637777898806     
   357.98158363106342     
   362.32260790744135     
   367.72140619943508     
   375.25216173838533     
   388.87415192446070     
   424.26829351745869     
   441.55858650758523     
   450.00757768709781     
   457.38347021092505     
   464.50128293448751     
   459.54516323753927     
   443.64359108387208     
   438.93243112402706     
   432.13503593787112     
   424.38551323939856     
   418.86098458400591     
   410.69621178417435     
   403.76611092384110     
   397.06244688795687     
   390.95298467059877     
   387.03903523957587     
   381.27553481391465     
   377.68376539678360     
   374.38067214792886     
   372.16448820538932     
   369.11059725457807     
   367.19256823786924     
   364.47532296832480     
   362.66831740352524     
   361.33473307566373     
   360.27542624265823     
   358.00809847146115     
   356.45103391549338     
   354.28592728157230     
   352.65984654668978     
   351.56927160098536     
   350.41128559842906     
   348.00315918436382     
   346.40290849344206     
   345.04531397536078     
   344.24021378892428     
   343.72743606326009     
   343.03982551151216     
   341.92738631950135     
   341.13447556324314     
   343.84442988954277     
   351.92490775595462     
   364.17812200133511     
   377.75316794105760     
   392.31948331958495     
   407.39708145366836     
   421.33888768533564     
   429.91194140478871     
   442.60206420441074     
   458.52026744424938     
   464.10122334074015     
   467.59731018561985     
   470.75772432206162     
   465.91049485096835     
   466.48399975650511     
   459.21700186156892     
   447.16422522562692     
   446.24813492084519     
   435.62129008406242     
   426.17004230312381     
   413.01793930803791     
   405.86629767230221     
   400.42879856903846     
   397.40967376883003     
   394.09611775878875     
   391.34820109228372     
   388.16830757630436     
   385.62694605048040     
   382.61348008181739     
   380.30364016370845     
   377.19637773158627     
   374.89714287527539     
   374.37443407176227     
   373.63646226290496     
   374.45932089165990     
   374.01622453493064     
   372.10462900786166     
   370.99769546463438     
   370.23529030995735     
   369.36613853646440     
   368.57919878419949     
   367.84465242228850     
   367.33485796609887     
   366.42935596139318     
   364.88259233905467     
   363.92695356625057     
   362.54456532897393     
   362.07491893615929     
   364.34114633244218     
   371.65590135339511     
   382.57388680646591     
   394.71537777309561     
   406.06840763419569     
   417.45042589706037     
   432.84964319145109     
   444.80816210617155     
   459.89881756090006     
   462.90586545005908     
   459.35009547370339     
   452.82661210521377     
   463.35776038527268     
   472.36791853733399     
   465.21327924869331     
   448.68825282268256     
   431.18794875333714     
   422.67943848560850     
   416.17833078246144     
   410.33984381875456     
   404.43490260518007     
   399.23137377677210     
   396.43859440477104     
   394.09858714851742     
   390.38970091367707     
   387.92074220645537     
   383.61928453240296     
   381.60234985681393     
   379.61303404266431     
   377.28801533632929     
   374.84882928896781     
   372.97674043235276     
   373.56965168634980     
   372.72641084306417     
   369.99357540363246     
   368.25055142859065     
   367.07819734646239     
   365.59621277609909     
   363.38970223070328     
   361.96764536672566     
   360.69073501370747     
   359.66101774478631     
   359.19097290622233     
   357.90488241106294     
   355.74150102990546     
   354.40793228764005     
   351.68422660980411     
   350.24351667458058     
   356.16232999934090     
   366.75748604359336     
   371.90198427199124     
   387.23171988794314     
   405.72280987994941     
   421.43037687112621     
   437.50642427105061     
   448.24000816270797     
   458.72138000348957     
   469.10821883639642     
   479.22497041822902     
   477.10726424658924     
   480.97645102222879     
   478.64938282139025     
   479.90624893529423     
   471.15190585736150     
   459.79057505145039     
   451.66414627810298     
   439.89792909043462     
   427.80582966353825     
   415.10378519470783     
   407.44526565308058     
   401.98009535594315     
   398.07962362481538     
   395.11414120604968     
   392.47159574292544     
   388.76188286786629     
   385.83792889184963     
   382.80023311502094     
   380.49890825232194     
   378.86101590109263     
   377.08170308485359     
   374.01007195360205     
   372.18669461302488     
   370.34694932565816     
   368.40626540909545     
   366.49818214120887     
   364.60861277620774     
   361.25748052043809     
   359.35941420810803     
   356.98804705967763     
   355.26682675772753     
   353.83763456693214     
   352.30362473276233     
   349.77320362902412     
   348.27705702531745     
   346.32144929610956     
   345.95916816227248     
   349.89330105197604     
   358.14384767284480     
   371.40178414145288     
   384.88702220124941     
   399.54954328725518     
   414.00612195965630     
   430.59497405592714     
   444.01913762026345     
   451.99713652423253     
   464.96491509958037     
   473.97258370904882     
   479.80346002510936     
   484.43364012446210     
   481.50436552775722     
   479.46276207638266     
   475.90226877399050     
   470.09388343559584     
   459.78831261019309     
   450.57548527291510     
   437.41913974543934     
   421.54950165293064     
   411.30439837417435     
   408.09145323289050     
   404.59971629600017     
   399.22633326918162     
   395.68303179505028     
   391.58742324946729     
   388.91400699226182     
   385.98612959803199     
   383.54570141676936     
   381.03330718448723     
   378.71513606182157     
   376.31790763698882     
   374.89186737353964     
   373.35078248693611     
   371.50346439568904     
   368.88822328956161     
   366.89019963996452     
   364.14849731270198     
   362.16194091231864     
   360.23900314034069     
   358.55532031402805     
   357.66043483393958     
   355.96891249492700     
   354.96267364275468     
   353.86936049063246     
   352.70899982171630     
   352.02431091205574     
   355.80799270570452     
   362.99893314181122     
   378.45221229633609     
   392.21089090403308     
   408.82748666673427     
   421.47115241506549     
   436.80719876437900     
   450.97847140153129     
   457.84732637740393     
   472.45065880989688     
   483.93518304239052     
   489.54154803294261     
   492.10228854740132     
   495.05646780994084     
   491.42898717248841     
   481.33872088539380     
   473.36055667217403     
   462.41629281785418     
   448.96684603830647     
   435.58717327765896     
   423.69623033685900     
   414.03567687579380     
   407.69567638368528     
   403.28562272739003     
   398.42398302590863     
   394.58053132905781     
   390.35778988657364     
   387.31860153439720     
   384.29514031747715     
   381.88858803711406     
   379.19220890927028     
   377.46323914842515     
   374.17371282236508     
   372.63378079750606     
   370.74153075903013     
   368.93521384713370     
   365.97159041739781     
   364.21164727985649     
   362.01720869987150     
   361.30824438383610     
   358.09763736530164     
   357.28010578552278     
   355.36278059654484     
   353.55985160101829     
   351.94009020832993     
   351.13212636895838     
   349.63946052395892     
   349.17134320209641     
   353.97477746429075     
   363.71964643757764     
   378.49715809654862     
   392.91564398292866     
   408.88681788663547     
   424.07856803193465     
   439.39704866257267     
   453.56754310558483     
   464.61398090604456     
   475.93763225325938     
   485.15941378406615     
   491.55322768258486     
   494.99589753978574     
   498.74182656119990     
   490.47530024184300     
   483.20658427045652     
   471.88540402356290     
   464.68954901627944     
   450.73640753276288     
   437.18538893815571     
   423.73885737672305     
   413.99483643040958     
   406.74935420759311     
   401.80903338367710     
   397.58316055110356     
   393.91231651528113     
   390.09897202186033     
   386.42737182991442     
   383.12180073414771     
   380.72485121746826     
   377.88288859696235     
   376.05910066674983     
   373.48130945427943     
   371.47576982654988     
   368.55872614497883     
   366.31044580230190     
   363.55818605071590     
   362.20418436336843     
   359.65553339212499     
   357.00691063845210     
   353.79540803538004     
   352.20224570929975     
   350.79710920466590     
   348.94141516725136     
   347.81778162715415     
   346.40711745324194     
   345.18227501270189     
   344.92107832480099     
   349.09760761391374     
   357.54254681912556     
   370.38683877308011     
   382.43934237257741     
   400.43477859008055     
   418.25655508492730     
   434.52190632695118     
   448.96220008550983     
   457.60518044024775     
   469.12362096324460     
   471.83059278380364     
   468.81165767170108     
   471.79417901658286     
   460.87490237175865     
   477.08789062831153     
   475.10933444916509     
   466.67392958240868     
   457.94561505576314     
   444.40266539180510     
   431.34686104260896     
   420.00232235632103     
   411.03125164870568     
   403.99252127757660     
   399.79672799535018     
   395.13317488180104     
   391.07823766910315     
   386.88564257447553     
   384.84919369944544     
   382.50637321312979     
   380.86406531093070     
   377.82783380325475     
   375.60582377849823     
   373.06085612886187     
   371.78066795906369     
   371.11944769132407     
   369.47365476006183     
   366.56046206205320     
   364.78702601523753     
   362.28199978307657     
   359.57649209936142     
   357.45196362788272     
   355.85032696209788     
   355.52918243977996     
   354.37276757449831     
   352.41795421157468     
   351.31588735603674     
   351.11474159406418     
   350.59354630134925     
   354.00011597054299     
   360.08181393531913     
   375.30422401645660     
   388.49534560098408     
   405.07965154035185     
   415.42855165758658     
   431.57305268766822     
   441.88843869675850     
   452.96762676313318     
   465.78728922053648     
   469.99700679322098     
   478.93664754812386     
   482.61656857630146     
   483.21414343178861     
   478.47746392965769     
   476.22243674067511     
   469.58871288271149     
   457.35993969782055     
   444.80408497210431     
   435.86300712135397     
   424.30858078879385     
   414.14218380420073     
   407.19003264503755     
   402.87099642135496     
   398.60866019660563     
   395.33581379492375     
   391.33721535326822     
   388.69862553684248     
   386.42622429616262     
   384.27859066734953     
   382.12000541763427     
   380.05130760346930     
   376.23658108325128     
   374.07485318624919     
   371.73634761526841     
   370.78389579798693     
   368.51944653982417     
   366.09883836240806     
   363.46843818100234     
   361.77314725422855     
   359.47461629386203     
   357.62548077494756     
   357.80442938922329     
   356.95642094393776     
   356.63887331447961     
   356.37829286229390     
   354.61617773648987     
   353.18215934283302     
   358.39733487307768     
   365.32953327220343     
   379.54114546933874     
   391.99373555206597     
   407.92973416563785     
   423.18342732235931     
   437.12761637787764     
   449.22050738806814     
   460.43973968419510     
   472.80870236511782     
   478.07734195991588     
   481.47920840419295     
   490.29112616506279     
   494.06858948705684     
   491.72891928373315     
   487.70819381263686     
   479.80025448817315     
   461.86341330669649     
   442.22162049429255     
   433.93491324005612     
   425.17112791128790     
   417.66430969990205     
   410.81903078458396     
   405.93059080206115     
   401.19639874207286     
   398.47432879572210     
   396.68866125593638     
   394.48959965938582     
   392.59684429704760     
   390.65332621604841     
   388.60487854742303     
   386.88884023378216     
   383.73912723745093     
   382.83323602761573     
   379.71117392233401     
   378.04358047590887     
   376.77245765018500     
   375.46853086225843     
   371.95089003653271     
   370.00877930219468     
   366.80126756980519     
   364.49843613110698     
   365.26562571369806     
   364.62351755350744     
   361.93087480100678     
   360.12877447471021     
   358.27000058267538     
   356.68280311093082     
   358.67660064508829     
   367.67539310228091     
   381.07328290844168     
   391.31803512101823     
   404.88767080691520     
   410.93135692410300     
   412.19637632988878     
   416.55266181780604     
   430.72832415247495     
   448.34315243008092     
   464.98954085894587     
   470.91734160028943     
   477.69781197810767     
   488.72860123754066     
   489.76470864491978     
   481.75338993484263     
   487.06952145993932     
   481.32560811418517     
   463.53459221667953     
   446.73073436106512     
   432.06487982035702     
   422.74889124991114     
   416.33043468290043     
   411.84188778483434     
   406.72980512842895     
   403.17658150129523     
   398.61758738280088     
   395.67906555240307     
   393.64801221602460     
   391.45718202023903     
   390.30397158348205     
   388.62175249344511     
   386.61104957046615     
   385.12142988912683     
   383.20083430090676     
   381.71015593220108     
   381.41787123718541     
   380.56658949932807     
   379.91945814160732     
   379.01797521790274     
   377.18410824348882     
   376.02903259053238     
   375.18072787936029     
   374.19743852843936     
   374.27618673829994     
   373.70524709746195     
   373.58909022425541     
   373.29190630067723     
   375.57646003374828     
   378.81063706925971     
   385.05921337211754     
   392.57221883874922     
   405.96878376637238     
   422.97288371064531     
   430.37808169938353     
   449.32178546145826     
   460.40229786645040     
   471.21986135931274     
   475.30059773073822     
   466.59321510447711     
   463.56764031241130     
   448.29296248773682     
   460.81997636405231     
   452.87485169047773     
   444.02730034718769     
   437.30709467746721     
   426.62717553826013     
   417.76670853155122     
   410.54606379119411     
   406.61521659575072     
   402.35102683108261     
   400.54539777312300     
   397.99808156163192     
   396.62048263553248     
   395.28378687165565     
   394.42509402276391     
   391.56364999697684     
   390.16389041764057     
   388.15735921302547     
   386.64727595177084     
   386.59438216152722     
   385.66565715617122     
   383.41183186723680     
   382.06358996895375     
   380.01510340908982     
   378.82680080962143     
   378.32544793077500     
   377.56203204099734     
   372.04387976001647     
   369.70357309126695     
   367.86748881446670     
   366.33349230860193     
   366.23169379215665     
   365.50488998898464     
   365.02270648422592     
   364.47634408391423     
   366.55246965444485     
   369.99843721362924     
   372.89044340642596     
   378.69466354096625     
   378.28399111161428     
   393.88409064434239     
   403.19824580878759     
   422.30589803159324     
   438.26071007130531     
   450.07594799336528     
   457.61049373786381     
   450.91854043043560     
   446.01870024235768     
   455.65729365633376     
   448.91469599032706     
   439.67217524824025     
   424.28644513883404     
   417.03169974809396     
   407.44966893081153     
   397.97667296425300     
   392.01752918146440     
   388.59577544135124     
   386.81177275414677     
   385.61119972960432     
   383.68239506121341     
   382.10851095101714     
   377.07039357495046     
   374.64701612776162     
   373.44004593034282     
   371.99039068062166     
   369.82766037103738     
   367.77830090962487     
   366.27955401766525     
   365.22822131397447     
   363.05681298363788     
   361.95947672099305     
   359.90801073404634     
   358.37196314461835     
   356.16195842426725     
   354.59007663914485     
   352.91523176374432     
   351.10685229607037     
   350.47913620179588     
   349.43360197775769     
   348.40703091831000     
   347.89194253612283     
   346.70480889999601     
   345.87616377161731     
   351.35963857590662     
   360.68982249329787     
   373.76882805445513     
   388.13144806658045     
   405.01773709345036     
   419.74394410699864     
   434.51013464897466     
   446.12606823756960     
   461.16362245294658     
   473.61022562494162     
   483.19211618377875     
   489.36882628935030     
   495.68513467086399     
   496.75039599665115     
   495.44812417849130     
   486.96112678983451     
   469.52030352604004     
   466.20616340941814     
   452.87067488175836     
   439.38867559102158     
   430.19453209045230     
   423.67862713451677     
   420.17312862397341     
   416.54763766016686     
   412.59527338626737     
   410.39734819794489     
   405.06030981304690     
   401.95334402105624     
   397.37062855126726     
   394.36258030484112     
   393.15388818656186     
   391.61168924470678     
   387.20174776863945     
   384.36901849217548     
   385.21245806022580     
   384.51633621635068     
   382.64604469901758     
   381.38153131019055     
   381.40249857290542     
   380.53227442161392     
   376.28277936843608     
   373.81622506287556     
   373.00416168430792     
   372.01184843023566     
   367.26339201202751     
   365.07872715166496     
   362.98485768077745     
   361.50445293507437     
   364.72272942907830     
   372.56915941013932     
   385.63881783942992     
   399.80685063941388     
   414.98199809205414     
   430.00112325257533     
   445.49287832796955     
   457.03283874630193     
   464.69267426027574     
   480.31724267833266     
   490.60756967549594     
   492.20422163322127     
   486.92813326172973     
   488.85435670766969     
   487.34167307371729     
   483.56681876167607     
   480.22131340425454     
   472.20892040694991     
   459.12842480894523     
   445.00716662681458     
   432.60850879436890     
   423.22072556548596     
   417.08898564974396     
   412.26421690650773     
   407.19300023922909     
   403.17745298244893     
   400.07359466292161     
   397.66928587752165     
   393.76909417925447     
   390.38320053108777     
   387.61242397484170     
   385.47930124875586     
   382.36935864976488     
   380.47958107588073     
   378.19678450385265     
   376.00805658006936     
   373.49047073605323     
   371.39702769879199     
   370.79445554899053     
   369.11296314756709     
   369.33690291656768     
   368.28153839327837     
   367.34441409503575     
   366.04296556715184     
   366.00920364430186     
   365.67541436391735     
   365.15016597425677     
   365.24033560422521     
   364.85771740851715     
   371.66846319025882     
   384.56500121394032     
   397.20592597534693     
   413.09884566544935     
   426.55905782753769     
   441.03761596482906     
   453.86453136641830     
   463.53433437549950     
   473.57148901336092     
   480.07446685756332     
   484.52537225584462     
   489.29689441268408     
   488.17585207445234     
   486.92390348714684     
   483.44338546262935     
   480.66650072921271     
   470.06558939511041     
   450.85721872970367     
   438.79782913537360     
   428.78573588708332     
   420.30020082380395     
   414.26325413400332     
   409.92249426541923     
   405.33633771284451     
   401.72849810225932     
   397.28680812992440     
   394.05850216198974     
   391.66796112792719     
   389.08268912120127     
   388.66159118582584     
   387.13413180496764     
   384.65067400341997     
   382.90848944611963     
   381.15773872835712     
   379.70761557689451     
   377.07049204270118     
   374.93471706614991     
   372.59017953027131     
   370.85014917901822     
   368.11831425699029     
   366.13786669818086     
   365.20819460427657     
   364.10408105745950     
   363.83760898424970     
   363.02833876715783     
   362.61900663512449     
   362.15669734427149     
   366.35485941712130     
   375.12766265983532     
   387.40094747201562     
   402.85831888391618     
   412.30182903661051     
   430.40360353946966     
   445.76994384353679     
   461.04091023165012     
   470.71607313911164     
   483.59301652853139     
   492.51587972469173     
   493.76005557918597     
   499.72635772886048     
   499.35523667558408     
   497.75148457410546     
   495.41518472175164     
   490.24593739593809     
   483.25503718027267     
   470.82862098415660     
   455.07135299514204     
   439.59479754491502     
   429.73366584766148     
   422.03469905179963     
   416.48680552794019     
   409.71160170379858     
   405.92422122248951     
   402.27313597359017     
   398.71361390677629     
   395.48974451858095     
   392.79640759900826     
   389.64732034608414     
   386.76555878156785     
   384.10958554692127     
   382.13053549381323     
   380.61316147238495     
   378.67138168921281     
   377.22457668639152     
   375.81980327441204     
   373.21876695367729     
   371.19665487485037     
   368.46996211269663     
   366.08796024352455     
   363.90989530920206     
   362.33050105021488     
   360.30999672055225     
   358.96557102744106     
   358.11815119441360     
   356.87192882109343     
   361.75780882626657     
   371.49092398333528     
   384.74115516689864     
   398.96425966122143     
   414.88991947558071     
   430.42167408703790     
   444.54625237285944     
   456.85096369956153     
   469.97595619180493     
   482.46562595650221     
   488.55916392241448     
   489.04650299169231     
   503.91723686407471     
   503.06052015064853     
   501.07433764963133     
   494.09123109417590     
   489.28281446142881     
   481.62116067671991     
   468.78071752287053     
   456.34290171734989     
   441.97920460149749     
   434.05338480088102     
   423.89263847351344     
   418.49945098177261     
   412.97094416730550     
   409.21692634469616     
   405.70531552422432     
   402.76835895057297     
   400.45184454603401     
   398.25784554451934     
   396.18062935492793     
   393.94772515079717     
   391.12772438785430     
   389.23323727489560     
   387.08781697719667     
   385.27394748601716     
   382.13509916328888     
   379.91136935243748     
   376.84586106820552     
   375.39150308122350     
   373.70991944736073     
   371.85770750045640     
   369.53515791296451     
   367.69619029854590     
   365.73102733259509     
   364.41425587797033     
   362.57918102546273     
   362.36234340950961     
   365.85879600510492     
   368.04150339058538     
   382.89981518651371     
   399.99406085345186     
   416.10101471931029     
   431.92866343591601     
   447.67037697260002     
   460.56038204109666     
   465.91708070576749     
   474.32109690236138     
   484.95984603691068     
   492.97506540623766     
   493.80612143468090     
   491.37490928828771     
   488.71090546825008     
   478.60032953451611     
   467.69659241086617     
   461.10096846132160     
   453.45664613847799     
   438.45188559177728     
   430.57776020546777     
   423.10176971149178     
   416.33337283312045     
   411.77273997807441     
   408.66170662991652     
   406.58404962014953     
   402.55068983675943     
   399.89136818633511     
   398.39800703109438     
   396.27509628717758     
   393.21238018159005     
   390.99669240946122     
   388.15548163189345     
   386.56635383527640     
   384.20057569813599     
   382.28074268342152     
   379.52550669791384     
   377.53558850685442     
   374.39775493547427     
   372.32340122112277     
   369.71642575866372     
   368.21256009324566     
   367.10807364787689     
   365.10812866469132     
   363.53276278279088     
   362.20468040029385     
   360.63707392689491     
   359.83819799136126     
   363.73071525421409     
   372.35999272065146     
   385.75378832669469     
   400.81266608501636     
   417.19387178091955     
   431.00578661908094     
   445.40529809532569     
   457.80135521989246     
   467.52060825855636     
   482.24741917065757     
   492.43827823674047     
   497.87065863639833     
   501.68287511080212     
   502.25939054502982     
   502.25809757410019     
   494.88042207266193     
   491.03868155785102     
   478.90664731025902     
   466.27561874762915     
   452.95104802464755     
   440.16693463327130     
   430.88368282352212     
   426.26731435802736     
   422.45889889257415     
   417.17235961213117     
   413.64918355958798     
   407.39247156792226     
   403.68471701345368     
   400.90656562081136     
   398.32940304543592     
   395.54070857571941     
   393.33131344589469     
   390.35883179763289     
   388.10425136684989     
   385.86896801193689     
   383.66924860359995     
   380.75647996261927     
   378.41469809606701     
   375.33427096924942     
   373.60430525176088     
   371.09668011272123     
   368.76652127456737     
   367.62093249534962     
   365.86975759244422     
   363.77864025329052     
   363.45846787917975     
   361.56779845444476     
   359.91117747735694     
   364.21842476862571     
   373.33909960505508     
   387.06819676510071     
   401.42122467905136     
   417.70087322778301     
   432.44359510633808     
   445.50576972403513     
   458.69094024460321     
   470.06985283776879     
   487.14761749643537     
   493.52127175730880     
   498.80364256614121     
   502.98175450564980     
   501.99509550331425     
   501.72922898593640     
   496.65094277839444     
   468.48253672675719     
   450.31282774769045     
   441.94912573315520     
   438.03831473207453     
   430.92637580139836     
   423.47748704861374     
   418.53021637999598     
   415.78223657678814     
   410.16682837339897     
   406.67065226409017     
   404.27539939741757     
   401.71972610840766     
   401.49021350059718     
   399.95413628211946     
   397.89600464942163     
   395.96877037875043     
   394.35788849686799     
   393.17673691108831     
   389.97488081055161     
   387.98222932918173     
   388.74517904107626     
   388.31140609742221     
   383.95148908156170     
   381.69991125952174     
   379.93583596470864     
   378.28974670601013     
   378.55535206471728     
   377.93178483762705     
   377.46419999463461     
   376.83916375292006     
   375.88599714954989     
   375.28851265640543     
   377.24364641437091     
   385.25233420383978     
   398.29802113654353     
   412.42131613235620     
   428.07388879174704     
   443.15939510601123     
   457.59800179955840     
   470.69468165529992     
   478.42358299621759     
   487.98795461639753     
   493.22470079676464     
   497.47816227679158     
   502.93232338652047     
   500.32255448333080     
   482.00454287615929     
   480.85923986785963     
   463.13501465888669     
   451.76119205943166     
   453.57461691477778     
   447.32115661802186     
   433.03216857903476     
   422.96497089475946     
   415.20289494145482     
   410.63852342192297     
   406.81540746452788     
   403.89588016622156     
   400.32541087443263     
   397.85433115395728     
   395.36962554236351     
   393.11487556549258     
   391.51217959493732     
   389.71725624516449     
   386.53275438318980     
   384.89168141350581     
   383.22459170557789     
   381.37350299312351     
   377.78203015896139     
   375.69049154336221     
   373.53125284214985     
   371.61202959252051     
   368.65092431691210     
   366.67872975365805     
   364.38472927611389     
   362.87157322329153     
   361.70961543578943     
   360.08087646861060     
   358.46655690309990     
   357.10031964418857     
   361.83207583323860     
   371.68543892272726     
   385.50250025165957     
   400.56547311333270     
   416.21723774256901     
   432.49035247725874     
   442.08795458372964     
   453.60679592321242     
   460.53973927169778     
   469.91624821382692     
   473.68168140443419     
   481.30803123168755     
   486.62253610065108     
   487.81683043590635     
   486.29540768981843     
   480.96261041940028     
   475.02290049638407     
   466.67340452261089     
   453.54501917390752     
   439.71193086986136     
   427.37776993127909     
   416.80921469525464     
   408.71339034227736     
   404.02488208480702     
   399.27240547312880     
   395.73943796087673     
   391.65374071810140     
   388.64319954581373     
   386.02541568108791     
   383.36677507856047     
   380.55082817354497     
   378.44979283474021     
   376.24684780873969     
   374.17860660892370     
   371.35002181642608     
   369.90365933907873     
   367.45341597869685     
   365.61109759881168     
   363.02145333975409     
   360.99504691819038     
   359.59580569635500     
   358.05155136752262     
   357.17840890510325     
   356.61655840387493     
   354.76255578537899     
   353.06219659999158     
   351.01946487311221     
   350.29099717241144     
   355.58837416490843     
   364.30082512265557     
   378.48469605714564     
   391.72539974062590     
   410.57015588678649     
   422.46244561032074     
   438.52162483848463     
   450.11295963280986     
   460.27323615716330     
   467.15664430987385     
   476.03172312455439     
   479.38185617635611     
   482.05776763851702     
   473.70926030379871     
   476.51767250863452     
   478.32343279208322     
   476.07611483186048     
   461.15055757692744     
   444.99732269275438     
   433.88152154798729     
   424.85709356665859     
   415.51618322116894     
   408.33177553918472     
   403.99451224780779     
   399.30753510689249     
   395.79134360888133     
   393.37664755565908     
   390.52991217243448     
   387.64832279466339     
   384.76492490088361     
   382.93643694352477     
   381.17878757753988     
   378.33666325337981     
   376.40948321310054     
   374.21025401141083     
   372.70448886832696     
   371.56029046953216     
   370.21489373781850     
   367.32627525166606     
   365.53904817264652     
   364.97837724927314     
   363.87860135890685     
   362.16155981200723     
   360.93464925332574     
   360.68535656711356     
   360.25556721624974     
   362.15193283594277     
   362.56567167020802     
   367.42218719370226     
   376.41816655294866     
   384.92663476300726     
   397.22398722468807     
   412.00683603141044     
   425.35936064697148     
   436.04688438478468     
   445.67456601548867     
   452.75878033425766     
   462.50848309786562     
   468.13338228078595     
   477.09919877752247     
   482.41840685838173     
   472.58763836461947     
   477.90770697172644     
   475.81924612427775     
   470.85003756352535     
   472.14766722478782     
   464.08722155664799     
   450.52868613547867     
   436.95925038937639     
   424.45433711095546     
   414.16418130416520     
   408.32021107050133     
   403.18880362978035     
   399.52083636904672     
   395.48503615740100     
   392.59111330741587     
   389.86847195659851     
   387.29210093756257     
   385.09068929074169     
   383.49257038537485     
   380.69628672397874     
   378.96494114153433     
   376.78500436077570     
   374.30507993929899     
   371.65495530636446     
   369.69926783278515     
   366.67662830097572     
   364.91304938495585     
   362.58257317524271     
   360.91448685537136     
   360.02454565537147     
   357.99510859462060     
   356.63382495986440     
   356.24100993902903     
   354.73652523889518     
   352.93337653575446     
   357.27781800320787     
   367.11117039008002     
   381.59494667299936     
   396.26742485606934     
   410.73809249731806     
   425.23076330821374     
   440.20022534644204     
   455.16480656317657     
   467.00540109817138     
   477.40710952066655     
   484.30154818348080     
   492.16968789711456     
   496.68947101728975     
   497.20451980486894     
   468.62987238207540     
   441.77334256638267     
   429.75775388438524     
   424.47369830047165     
   421.06348631898777     
   421.04624384460681     
   415.89449956209927     
   408.81580651348594     
   402.78888500514245     
   397.77160315308583     
   393.03925992207746     
   389.36418520857154     
   387.66207645304127     
   385.96789089353456     
   384.52706079170673     
   382.81908480551999     
   381.58422869458337     
   380.47651061440149     
   377.95206204637958     
   376.24815989919631     
   375.67980540117958     
   374.76127439846942     
   373.56915201574685     
   372.61453489818814     
   370.28064547120113     
   368.98851168026079     
   368.02098436417191     
   367.17830826537426     
   370.59217944039432     
   371.28320052188189     
   371.34291249404384     
   371.32153325772430     
   372.98572976075201     
   373.42800824653290     
   373.49853866715733     
   376.50940167823643     
   378.94608441277046     
   384.26010159869344     
   388.78345562211166     
   399.85834162068380     
   416.59169511198172     
   411.66930625807299     
   412.70130948237500     
   431.56200013060209     
   433.45770076017197     
   425.05179950786965     
   423.74754056082497     
   417.42860081629743     
   413.17162214622266     
   408.42625513607601     
   404.95451705752566     
   402.71666163676628     
   401.21321971341524     
   397.16965913127899     
   395.07060114905585     
   391.82980847212775     
   388.44181939412516     
   385.32877180416483     
   385.70493434375550     
   385.53672008697981     
   384.18455857012111     
   383.33759078592692     
   383.01273789817407     
   382.63505671457079     
   381.68348000102310     
   380.54425916082408     
   379.91553385913306     
   379.69194898358995     
   378.16420646411757     
   377.61820188984450     
   376.02391588532811     
   375.63899389548806     
   371.83103496453191     
   370.40851717074162     
   368.97554309649257     
   368.01378196004788     
   367.39792600431986     
   366.48848968858408     
   366.08954722572867     
   365.59631462899893     
   364.90950891608105     
   364.91692905648262     
   367.88693583649956     
   373.89852601308297     
   374.96454005038339     
   381.03293505049726     
   390.05173285671071     
   394.57794270441019     
   398.84217239470689     
   406.52334754365262     
   408.90279854759621     
   416.95239167078529     
   419.32497470070211     
   428.02945455194293     
   456.25394073154763     
   448.03502761047747     
   466.37751152064646     
   460.29094552136405     
   457.77734802231635     
   459.06829586206953     
   443.17988580126121     
   428.51915135298839     
   420.02543944804955     
   413.86226457204162     
   409.59505117501925     
   406.90547161469425     
   403.30410311915705     
   400.93528570740784     
   397.76694722634596     
   394.99624042423414     
   392.82310210777746     
   391.06246067739261     
   390.09391603337230     
   388.66322975608620     
   385.14470208212731     
   383.72048166821850     
   381.58997211572478     
   380.14986902456553     
   379.53573879368366     
   378.63488556548521     
   376.16292934806143     
   374.91558830033244     
   373.83140109628954     
   372.93011595737670     
   372.29149475802694     
   371.61460525805762     
   370.43971236150969     
   369.45012058350835     
   368.08545106284072     
   367.71182027026231     
   367.53972075164313     
   369.36420839784114     
   372.83690845685391     
   379.32724466376874     
   402.31739675084418     
   423.22693241066844     
   426.18639349876258     
   439.44878476155679     
   449.91367580964788     
   461.69015755150144     
   486.04377078670308     
   466.27509092378608     
   444.07835726494869     
   433.82688334252140     
   425.12290080999043     
   440.38556754272327     
   440.50915256619459     
   430.55918946068238     
   415.14015286142057     
   409.62741325709038     
   402.35397747810282     
   398.30066390888089     
   394.99416407827442     
   393.67564446502655     
   391.28099818973197     
   390.25636278842893     
   386.72292859165702     
   384.83622586235145     
   382.82746324313376     
   381.49239788867578     
   380.81660724553802     
   379.90030456704187     
   378.79324469972028     
   378.22229304977310     
   378.17648848749826     
   377.76200578647274     
   376.49912010090429     
   375.58310112898067     
   374.43973953928617     
   373.61822995156228     
   373.05402246478593     
   372.34388890806940     
   371.81093934583276     
   371.28014191242033     
   370.82530372716928     
   370.41808352910095     
   369.97671270482152     
   369.73714953030566     
   372.27438741872965     
   378.62250365705700     
   386.96666404176369     
   390.91298070632865     
   400.03204585790047     
   409.09846279691897     
   417.87253821561910     
   421.51240782213387     
   426.44955018053463     
   441.42125327383479     
   459.07702959212213     
   471.59256986100695     
   451.09872398453524     
   444.81269301332946     
   440.21210898966837     
   442.44545108133673     
   446.79224028129823     
   449.46479011051844     
   436.41505422218177     
   425.12812688728872     
   421.90891090009239     
   418.02703679084863     
   411.17667344239186     
   407.84529831306833     
   402.45736322072304     
   399.18027306942867     
   395.95321116276205     
   393.52394563763073     
   390.03227522293514     
   387.79350606546666     
   383.81204238824142     
   381.09377969641605     
   378.64180098413283     
   377.00542246934356     
   376.58226788643003     
   375.54419938041070     
   374.99229653544035     
   374.12093230294630     
   372.80364014766144     
   371.56960056491170     
   369.58119961179517     
   368.49267169403248     
   367.97943666110126     
   367.16204464299210     
   365.78742973970441     
   364.73620994902075     
   363.32908899060578     
   362.40157766871033     
   363.88381232611385     
   373.70101124603644     
   389.72337678562229     
   403.87617371553011     
   419.46939208730288     
   432.65452004474349     
   446.08035445664376     
   460.33873074396416     
   469.82029238335161     
   479.04397659564137     
   490.19239915312625     
   490.92664411917212     
   476.67721505308305     
   465.83148492402330     
   457.60300287739409     
   451.86215713990316     
   437.78478932598898     
   425.08581950861719     
   419.12106318584011     
   412.84894942857142     
   409.61162447003846     
   404.97436063737035     
   401.40004953282687     
   399.16530274904267     
   394.12251701271811     
   391.40709527397178     
   389.29760784678422     
   387.18767855031456     
   384.47726581159100     
   382.43832123863297     
   379.63324234540750     
   377.67987336443917     
   374.83771862990557     
   372.89665707006657     
   371.12417852685547     
   369.59305362060940     
   366.83159645236060     
   364.92073851248773     
   363.52523421341260     
   362.12537279738996     
   360.03814455056857     
   358.69465957091126     
   357.32175890969410     
   355.90513188298047     
   354.84897728069092     
   353.73483740299861     
   352.70834316419172     
   352.23988949026744     
   357.26136000116077     
   367.01362753124619     
   382.54602842090856     
   397.22215892015492     
   412.03058842290005     
   424.18759263067255     
   440.11988241836173     
   452.49520626734756     
   462.12361600316126     
   473.52973369721519     
   487.70198916086605     
   495.19300025834468     
   502.00191365258218     
   497.90614240858270     
   492.92244273812298     
   484.57502989718768     
   481.71468986694032     
   460.32118237256975     
   446.50688145176832     
   445.46727128573502     
   437.47063589170227     
   426.59670497980960     
   417.66700373421958     
   412.50979408374548     
   406.87815985815200     
   403.10276082850385     
   398.98227545457303     
   395.86422512347258     
   392.83028007858456     
   390.33997527685551     
   388.08466221549162     
   386.17447520626121     
   383.00936573343751     
   381.10388308450092     
   378.62079198740668     
   376.56728043837427     
   374.81523803386654     
   372.77726183614340     
   370.21131525899455     
   367.88207918760185     
   365.47052028047688     
   363.75008309365978     
   362.18382340413615     
   360.85620742368354     
   359.19369577862136     
   357.87400696382133     
   356.39793767588486     
   355.76989187075003     
   360.01368781134283     
   369.37620414677247     
   383.15402615305879     
   397.67669307906664     
   414.52923785382075     
   430.58898441735568     
   444.51596589310373     
   456.82296845993346     
   467.49913589536328     
   484.99102134885970     
   492.28874604074792     
   503.26524919038604     
   506.83897088153111     
   512.38712805801742     
   511.57601715657898     
   488.67648609793514     
   462.88108664361920     
   445.83769109672068     
   439.05562365956985     
   432.39506103193935     
   426.65104555486357     
   421.53569891615001     
   416.88270644296551     
   413.66522641499279     
   408.30699446576591     
   404.60215001409313     
   402.83755684256533     
   400.21814086839225     
   399.27353142075623     
   397.77016958387759     
   397.12543117558704     
   395.84869358806645     
   392.96744414534083     
   391.31546739466802     
   387.92821347757786     
   385.84920711643849     
   384.92680945496829     
   383.58182006897545     
   387.00752901946544     
   386.94964634313874     
   385.35187218357157     
   383.89186001756212     
   384.88240658624068     
   384.57779457642829     
   384.63482156366842     
   384.50316273749587     
   384.19162384016050     
   384.63085890593715     
   389.26614522895625     
   399.43256427721207     
   414.00016852942326     
   429.40390689006608     
   440.48070409824334     
   458.02467047920703     
   464.45350976834544     
   480.83020623745244     
   489.55506332174173     
   494.52602430097204     
   490.85513430498060     
   495.62845961615307     
   507.64418870595148     
   477.69076535364832     
   438.45987600778932     
   427.91603373811654     
   436.86582537297437     
   450.32430023188493     
   433.29542910077549     
   427.23174362910532     
   418.71599279451056     
   411.67406137052097     
   406.36080128059598     
   401.66479178665355     
   397.45692390048833     
   393.49962373318260     
   391.86541704588245     
   390.72148832531286     
   386.99563034308369     
   384.58522773802827     
   383.37255839886609     
   382.12266173442055     
   383.44819485558895     
   383.85815138202594     
   382.87071888199381     
   382.85973045051520     
   380.94015504584644     
   380.39652917979078     
   377.90561291269563     
   376.49735182002968     
   375.20338201079062     
   374.21823352320428     
   373.56507758810960     
   372.47095824583329     
   370.94282515263126     
   370.10501905952356     
   368.11760631867219     
   367.43194358108281     
   376.71570593988582     
   386.73825077082631     
   399.94107591582224     
   417.55836518189022     
   425.14767417811140     
   415.66110990027914     
   424.81196830592262     
   449.14342272864582     
   463.82444057465966     
   478.72959475473897     
   493.87950650120888     
   491.22000695313113     
   482.92774066167294     
   462.11308655159428     
   444.13059014232431     
   462.44827517155636     
   450.53955171650318     
   444.43136127616492     
   426.70309157941847     
   419.45284405613398     
   407.58325536717433     
   403.66901756165794     
   398.97727361600494     
   394.75058095818457     
   391.34507370205773     
   389.96479215997465     
   388.83111459097444     
   387.31208481851127     
   385.34092093670461     
   383.63806438705353     
   382.35296733089746     
   381.27626947878787     
   377.34540338991189     
   375.89247772381015     
   372.22704256851671     
   370.07933334094446     
   368.10240501329611     
   366.65267229072572     
   365.31222827365866     
   364.25440622208680     
   363.25514486352591     
   362.22180384515650     
   361.73344497748803     
   360.96760705122983     
   360.06992839579488     
   359.07843794108175     
   359.75642698507460     
   359.93047836271728     
   363.36921231874470     
   367.48143222098895     
   374.33094102299879     
   383.64341874437554     
   395.67234519643108     
   400.13153881634173     
   407.89545042154708     
   409.26072963749766     
   411.27891299468547     
   423.87412285701362     
   433.98599765634486     
   434.64027445963393     
   433.82672460195596     
   425.19302471725672     
   415.98466006972416     
   408.97808424893321     
   410.63139117367081     
   403.52565848524995     
   399.33845304375859     
   395.42483444720767     
   391.36839654268243     
   388.69843267546190     
   387.07129925045223     
   385.22580410953134     
   383.20876462199948     
   381.59314262196568     
   381.53599632874807     
   380.94966248325517     
   379.78526055760949     
   379.53898673774745     
   378.62066815707993     
   377.61009769287648     
   375.59069206583990     
   375.02453080421850     
   371.70546469590437     
   370.09371899914981     
   367.62654651279377     
   366.25953968619052     
   363.87606867830613     
   362.55046109253277     
   363.22893643822505     
   362.94684143238516     
   363.93413052451439     
   363.91420775724112     
   364.06097878843565     
   363.95634164033174     
   363.40451269769397     
   363.41595420817663     
   366.76668699827337     
   373.03424678884721     
   377.98031196536709     
   402.60944133384248     
   409.06297039784045     
   428.87924239579172     
   440.92576590814735     
   438.54599873681099     
   457.84819541029339     
   480.96686907779247     
   491.83031516758462     
   493.85735423628444     
   462.01451297033105     
   445.23695814761140     
   441.75119706714889     
   468.80984892361079     
   472.58371021876462     
   446.24893352734972     
   429.00893040195075     
   425.20028129844900     
   424.60860736459853     
   411.14647016092357     
   398.69429726947089     
   393.72008541339341     
   390.70126251380242     
   387.61244646114943     
   386.72120048470327     
   385.72291904361674     
   385.39075864264106     
   383.57492268661349     
   382.77013905169918     
   381.98745427137828     
   380.08038066563915     
   379.07983173409360     
   374.32675241224138     
   372.56870994763017     
   371.89707254224834     
   370.86024529717707     
   371.66596978148016     
   371.56768500200400     
   369.08371703206160     
   367.98926509104962     
   367.25807336911100     
   366.48002638082693     
   365.92121852119851     
   365.38055566098490     
   364.14476966416407     
   363.63073537990471     
   365.62373832669215     
   371.20232288167432     
   376.19318841092769     
   385.16163363792430     
   399.81040961286175     
   408.53569150465040     
   436.73438336173490     
   447.47964003609940     
   453.49374516188180     
   461.65426775161922     
   460.42940280157177     
   461.94067095644300     
   459.02049833127677     
   458.95019020472012     
   449.48889143147522     
   447.84136968675034     
   439.46189534683077     
   437.67500421855885     
   425.34515850216923     
   421.11627463285635     
   408.29149009715331     
   401.98964880614477     
   395.62809439015308     
   391.73274746061230     
   388.58028645849447     
   386.18391188789616     
   385.50168621462461     
   384.30021757537986     
   384.27576559842504     
   383.82563046282019     
   382.46924748730589     
   381.28194593041997     
   379.80826150792774     
   379.02871700484349     
   376.38009630857681     
   375.14330083877184     
   375.61207630860002     
   375.17970393765830     
   372.78975332774127     
   371.46005836747219     
   371.63440635042514     
   371.16493832547269     
   375.01556494989717     
   376.08258011858720     
   376.04148576386632     
   375.92975096493279     
   376.22171970719739     
   375.91492796853998     
   380.38243612323208     
   381.80373247665182     
   386.74481264875436     
   388.27991358790342     
   388.21764023726655     
   386.64338576319358     
   400.86094837999110     
   406.57873485316543     
   403.57490918227347     
   403.84530028096867     
   406.75971226929795     
   409.01655218385235     
   413.31666448153749     
   416.12646716051262     
   414.84302211017854     
   415.27468303231961     
   414.96165699739237     
   415.31215132732638     
   408.11731487728525     
   405.54330522124928     
   398.82610863512934     
   395.79904049369424     
   395.53294450088248     
   395.17021998585466     
   393.32756842009081     
   392.21812276114838     
   388.25903256598860     
   386.52253914088976     
   385.67885988907869     
   384.80815068185871     
   383.48277726648769     
   382.71021896927505     
   382.69560318275393     
   382.54352141180988     
   382.55679141798322     
   382.45790771410736     
   381.56935333632447     
   381.01404098781131     
   380.29133863755607     
   379.90991741604853     
   378.22219962575514     
   377.25496425079484     
   376.10675958660374     
   375.29749370164171     
   374.90742398395514     
   374.36932992853764     
   375.88902438794099     
   376.05644091104227     
   387.84508245498154     
   392.63420877542825     
   404.06535842844335     
   409.02254686583893     
   420.00102062704525     
   422.22657682956810     
   432.15940288929613     
   435.25380694339395     
   435.15442018228498     
   436.29296870456989     
   443.33100623634544     
   445.36612047994367     
   440.70052185401784     
   440.27759246487534     
   433.50197390875229     
   433.62262280092074     
   425.92379699453244     
   422.99403588068287     
   415.73471104531887     
   413.03359903763544     
   408.96446437736995     
   406.57191294874718     
   403.84325881662016     
   402.16520212169132     
   399.67687452291239     
   397.94349404073000     
   397.41902331558083     
   396.63953931395048     
   395.90289147961568     
   395.24296635317762     
   395.22971304734659     
   394.91107497194116     
   390.47702318093263     
   389.00514671884935     
   389.34104131312677     
   389.09110846131966     
   388.11880847642021     
   387.44147303433289     
   388.17088576219510     
   388.50057648755188     
   387.91688438413513     
   387.65148892134874     
   384.76753886304294     
   383.03805736697257     
   383.34799932500562     
   383.01662076611063     
   384.76380285119990     
   385.06116117228117     
   391.02019125725070     
   393.08779497214192     
   404.17721719871088     
   408.32749342266288     
   417.90744001693753     
   420.08718173078620     
   422.95421467661339     
   424.80872281229216     
   422.13434727217253     
   422.82018857050906     
   427.94699972612011     
   429.42625582406913     
   427.93286723530252     
   428.09634894201571     
   433.59933350422438     
   438.03226179149772     
   436.74088844673321     
   437.17092322181065     
   424.69242715832178     
   420.74897167789874     
   411.94095814221635     
   407.99628057638972     
   405.67153409696135     
   404.09233900559718     
   402.40030271315061     
   400.86401034271182     
   400.69556880589687     
   399.99817305076476     
   399.53651876054602     
   399.19191251766233     
   398.72983729745107     
   398.27688819401567     
   397.02338300598370     
   396.60369196923375     
   394.66316138634522     
   393.90570987893591     
   393.02627688437315     
   392.19542356325246     
   390.42232765819529     
   389.61643153232802     
   389.18171910791614     
   388.63361011096850     
   388.18303336785266     
   387.57484500582962     
   387.34146182705410     
   387.06132357824288     
   386.94059810675856     
   386.56527515227231     
   395.88074915569064     
   398.98188958457808     
   416.51209599325864     
   423.53626292575257     
   433.31446756216639     
   436.20645873949030     
   443.01341991437198     
   447.00442924094671     
   441.47184792150000     
   441.36559064554785     
   447.60849990214098     
   450.05267823761278     
   452.88078439222608     
   454.49262188618189     
   443.74835711600758     
   441.66508233995569     
   437.56054416262532     
   436.38124135976392     
   426.48312476159049     
   422.93710832042518     
   416.39587171800099     
   413.23084988851048     
   410.87368114500180     
   409.29087023787031     
   405.26198431206421     
   402.58552370258650     
   401.62432414735031     
   400.38058244181457     
   400.21400115555974     
   399.85684046897887     
   400.03962549122218     
   399.80445527843779     
   398.91868178479166     
   398.61901721399602     
   398.91500199334769     
   398.96815303490183     
   397.38138537988630     
   396.66127602749731     
   394.12954902926651     
   392.73223995531072     
   390.17068183813637     
   388.82717413090973     
   388.49748612057283     
   387.77588354847757     
   387.95283670295413     
   387.71227162277023     
   389.36849547434343     
   389.50889181001975     
   396.00762520703785     
   397.93865688130654     
   407.93675117035411     
   411.78944679885080     
   423.16024816545513     
   427.04682749736332     
   437.53076401051402     
   442.65146993760118     
   451.62765135969698     
   456.39368237634034     
   461.24174318798282     
   464.59644696628840     
   457.06095718875025     
   455.90491884760297     
   449.35897261899515     
   447.64830017610831     
   435.51308391331924     
   430.62027937461755     
   423.81448591897453     
   421.26011674763186     
   415.17532658406543     
   412.00976543018044     
   409.14878225149801     
   407.16969339086768     
   405.40696909532051     
   403.84716364648165     
   402.77492520899301     
   401.58716252315622     
   400.35830323057979     
   399.68365780137577     
   399.33530886930333     
   398.91709042335964     
   396.20796747943876     
   395.33835259259052     
   394.89718624184474     
   394.09991766676791     
   392.20332888951845     
   390.97331408655970     
   389.97455248086419     
   389.27463142672485     
   387.73420520431910     
   386.75415528439754     
   388.05004839786722     
   388.03517198482797     
   387.67739292696672     
   387.20376118574939     
   388.02072969056019     
   387.65021901402548     
   393.80871024780083     
   396.19831906412850     
   414.39974066028577     
   422.26228169714039     
   437.59044420442132     
   443.71309923946592     
   462.18360342273076     
   469.10113083377911     
   467.78527335662130     
   468.32098317611400     
   464.17351171049341     
   463.94091347334711     
   461.64042698181333     
   460.98160308203506     
   455.45377044493461     
   454.28469300989622     
   443.87906689287576     
   440.93565122133879     
   432.25528750678541     
   428.49281889368621     
   420.71916292320822     
   416.92991823007208     
   412.20317678538885     
   409.14999299424863     
   405.75760087711018     
   403.25971969842038     
   399.97447525572039     
   397.81761594954281     
   397.84409840444459     
   397.13129309800416     
   395.18073910207062     
   393.99741218948856     
   392.30828319428292     
   391.46985822161417     
   390.48790555544286     
   389.23917544131791     
   387.38031443706399     
   385.82539658932581     
   384.52449011038476     
   383.58012988503464     
   381.94780466514675     
   380.77933044620664     
   380.26311828515389     
   379.49651014662794     
   377.72477722960167     
   376.49819731776483     
   378.07828099781739     
   377.97125393578824     
   390.72949036288435     
   396.26390013478181     
   418.52006345159617     
   428.61099313852463     
   448.80249687769953     
   458.18474755311263     
   473.77062211254940     
   479.54609801935101     
   488.38777870513354     
   489.99568203215267     
   495.76929277834432     
   499.07201180143392     
   493.94799121787196     
   492.98817464240130     
   480.26320462248606     
   477.33427550441343     
   465.14506698434980     
   461.10173136158744     
   448.50591302865007     
   444.11400385928215     
   428.74665016463939     
   421.57078164241403     
   413.76542644850178     
   408.41907091323003     
   404.44121529128483     
   401.27860679054311     
   398.44649600026679     
   395.83402830716062     
   393.69273269954971     
   391.74484841551737     
   389.11227967933098     
   387.11242666397413     
   388.45515971742520     
   388.44545379594564     
   387.68746751574662     
   387.02018529199097     
   385.85267420588065     
   384.89678733956958     
   382.61366375989576     
   381.15623915642828     
   378.68779603601087     
   377.34084139213638     
   376.66001870223795     
   375.80174167547216     
   374.44249157427367     
   373.56718346918194     
   375.62934985426432     
   375.84005836323695     
   388.72987302490719     
   393.99177499980397     
   413.74894875166581     
   422.94805280722369     
   444.45710732062315     
   453.95751302300908     
   462.67414233150168     
   466.78897447797721     
   481.84066134624010     
   486.53816689832217     
   495.26850431992420     
   500.14601798402430     
   498.02184842225364     
   498.75030410784939     
   487.84208684443553     
   486.47560046553673     
   475.25803910826812     
   471.49236858519572     
   453.97921951365146     
   447.28748238430126     
   430.77183760336641     
   423.21474872455690     
   415.94014382092473     
   410.77902589407654     
   407.06258410593193     
   404.07426120344883     
   400.58296658103598     
   397.59611676759954     
   395.22343524609670     
   393.22003210650917     
   391.93001782284227     
   390.61546377452436     
   388.71837807626429     
   387.60724069213484     
   385.93393612758024     
   384.42874748209420     
   383.18393500901055     
   381.98389086734278     
   379.56675424978567     
   377.84295727598095     
   376.43235661184713     
   375.38088876744689     
   374.78758207409476     
   374.03837113094238     
   373.90313034841512     
   373.28643080277772     
   375.06788032485844     
   375.16356411651600     
   387.81982250685576     
   393.34261493551060     
   414.70195826644306     
   424.19808210609074     
   444.79418619148612     
   453.07205943187580     
   469.37021131344710     
   477.55423510795742     
   486.45889801724576     
   489.20794722244386     
   493.23624151958722     
   496.65867972716279     
   488.40622653341114     
   487.94851904022909     
   482.50535215961742     
   482.77361534622452     
   468.98345368388021     
   465.00053215489197     
   451.66804681903676     
   446.53183181827984     
   431.81751431740287     
   424.31850202833255     
   419.39468851872124     
   416.11224955925684     
   412.01387853030400     
   408.69732297293410     
   404.85218224478587     
   401.97660032371255     
   399.55720748202907     
   397.30210174816767     
   395.74632803318752     
   394.25365152878584     
   391.30056272906683     
   389.62348576346102     
   386.80370969747770     
   385.00777052101347     
   382.52251466578610     
   380.63915174816333     
   377.52050823033414     
   375.62074049744007     
   372.90160753285744     
   371.01349906889430     
   369.69308750789497     
   368.22872255940450     
   366.72902045380300     
   365.38952709724697     
   369.80564109687890     
   370.85967201218313     
   388.90947195409211     
   396.92928781125528     
   420.71820350568208     
   431.68640967666249     
   454.28065291840943     
   463.36881424824332     
   479.34130145881835     
   486.67502562918321     
   494.04500661611081     
   497.18694055418166     
   501.66085613782087     
   504.55193817796675     
   506.50038023936963     
   510.22199400930475     
   503.84071359302754     
   504.63576418533876     
   481.96114509382153     
   472.74604234316308     
   458.13834181192703     
   452.76907923254618     
   440.11520854890767     
   433.56075433910297     
   424.81422129301950     
   419.47449520779077     
   415.11639573028407     
   411.61493570094603     
   407.95813052932283     
   404.74556967125534     
   403.35050061155300     
   401.79339365811944     
   400.76879399050176     
   399.34755270525574     
   394.49035761862649     
   392.07047092412438     
   389.41435547920884     
   387.51950527101633     
   384.77802656606787     
   382.67476815375034     
   381.13549477573935     
   379.81257663714501     
   377.24793738924171     
   375.59350083037708     
   374.88282978496352     
   373.83667188622206     
   372.23209995133863     
   371.00322732115870     
   373.54138498792122     
   374.40465346657061     
   389.93788712602259     
   396.60665783459120     
   420.22623233277602     
   431.88891628565409     
   457.66080707477261     
   470.71492339070426     
   492.22425451479148     
   503.32397569817851     
   515.35325467131815     
   519.19259804465753     
   529.13044241614614     
   535.47815223148996     
   527.42484610180679     
   526.89806492080368     
   514.75313819054531     
   512.07071557087625     
   500.20954186685856     
   496.06596579713647     
   475.39520636589992     
   466.39875735283630     
   449.90194073334453     
   441.43153971642261     
   432.13741492797891     
   426.05929406701750     
   421.55488286472792     
   418.37268841036388     
   415.36793849600502     
   412.90527409017170     
   410.02368345421792     
   407.40894355000313     
   406.77884777663638     
   405.59907838268504     
   404.87311344954838     
   404.33952248324238     
   399.41308641579207     
   396.47907426770291     
   396.04767124018844     
   395.28047194103681     
   391.08306856541833     
   388.29894243964793     
   387.47414860074451     
   386.43140229418839     
   382.10619067904395     
   379.57332350354255     
   377.77399632370725     
   376.29923495551833     
   379.33787797313823     
   379.96367109511289     
   396.88499994157900     
   403.89008041198775     
   427.32545418673192     
   438.03501986048235     
   460.20913101805291     
   471.12506607286048     
   486.66673937330097     
   494.92093669434604     
   505.06397496080388     
   508.59194433278725     
   517.08242026416076     
   522.50957517312293     
   518.72543469690856     
   519.54872453784060     
   506.30603343294979     
   503.13851916852724     
   494.65494523047505     
   490.94463842600459     
   471.16570290523310     
   463.20255339792146     
   447.83290821544568     
   439.94647574238815     
   431.46393319144192     
   426.06398908820000     
   420.95055092331069     
   417.09549830271897     
   414.90086374193629     
   412.48159388720376     
   407.77310745681530     
   404.54929346658611     
   403.24598850910684     
   401.88284206255383     
   398.57806162514970     
   396.76925093887866     
   394.50725827045380     
   392.63073496787530     
   390.07149827103007     
   388.17675219526717     
   385.40980757243500     
   383.08180498346866     
   380.29869544191718     
   378.38140827771088     
   377.85036173780742     
   376.76622087731681     
   374.79217106529353     
   373.36100047385958     
   377.37244992478315     
   378.46537180448104     
   396.50898365415293     
   404.49512260524341     
   429.02537711127172     
   438.44945380949036     
   461.16200405264425     
   472.33494403777121     
   491.30453934503640     
   502.33745019655828     
   513.42032377071530     
   517.38059900394376     
   521.09689627935597     
   525.68511395084943     
   524.86031570787611     
   527.37002186459597     
   513.22664035707191     
   508.32735954094841     
   494.01742394877436     
   489.80533384949922     
   469.30492235084870     
   460.07125702250590     
   449.30675514971375     
   443.50986402980260     
   436.45268201513733     
   431.58163927095313     
   426.90716942186600     
   423.48276664678190     
   419.37705858346288     
   416.38025627209379     
   411.29091180085351     
   408.08220170513266     
   404.79286160321851     
   402.36610251961838     
   401.56342728826746     
   400.60641279994798     
   399.39908009210814     
   397.84724468426128     
   397.29443729270571     
   396.12104044277424     
   391.18793058036431     
   387.76322237510522     
   385.41664292449860     
   383.40515700313478     
   381.39399933946538     
   379.59140052465148     
   378.27564383301262     
   376.68658608010929     
   379.91944483662235     
   381.51396777938612     
   398.98974807766939     
   406.78560549047387     
   429.33037451219093     
   440.46853994923828     
   464.06355881531340     
   475.03808362048142     
   492.30366593374680     
   499.81887694121843     
   510.76035610109642     
   513.82397517270169     
   521.66307675537848     
   526.88765398761291     
   522.31695156359831     
   522.57172943958108     
   513.13678670385968     
   512.58219903261067     
   494.78113537260356     
   488.04374085433983     
   470.73950472865721     
   463.82727246433490     
   447.03397328368686     
   439.22051108351462     
   431.90553902623941     
   426.25576898311527     
   421.47065382356186     
   418.00731154407310     
   415.21179464780334     
   412.34153196529689     
   409.99509143863077     
   408.40105858862358     
   405.27770694846015     
   402.02110590136181     
   397.43216685407555     
   395.19995297166849     
   393.38620408300091     
   392.01578296541322     
   389.90457434981494     
   388.22114803912916     
   383.99285049320031     
   380.80438409243982     
   378.02103194317618     
   376.12707099039432     
   374.61263425368440     
   372.69697568918832     
   371.12375187238615     
   369.78080835129668     
   372.25213673601650     
   371.58910356485137     
   391.27401759078600     
   402.71737395275477     
   428.58486847781916     
   441.61036391625464     
   460.69040461855093     
   468.01719794689598     
   486.07147192622637     
   495.66912629575046     
   502.53693699411934     
   505.86172396595032     
   509.23202694890614     
   512.65387150429547     
   510.13185697632497     
   509.97735251004127     
   493.86968982956944     
   488.87023117849537     
   476.60562204538667     
   470.79180292608754     
   454.88679449409369     
   448.55880024853343     
   437.81085263133497     
   432.15867689751599     
   423.39564240999357     
   417.49707546569613     
   412.98457242753085     
   409.82105204531291     
   407.92473900806726     
   405.79789646063676     
   405.28667314562301     
   404.13917575797581     
   402.21370455964330     
   400.80196497762915     
   399.06652767857236     
   398.07468318034660     
   395.66093854318933     
   394.02911629996453     
   391.90187283948694     
   390.17692956289733     
   388.09611011353610     
   386.20108325016548     
   384.38661001759266     
   382.95851342361686     
   381.52239740766788     
   380.35025532646694     
   380.15640968487367     
   379.50213760582903     
   383.60853521532562     
   384.64579389923642     
   399.53252986471875     
   405.74469624977559     
   426.61974682486994     
   435.59183749628198     
   455.53442529410074     
   462.43812888575934     
   479.41710434339257     
   488.50825833549737     
   502.59296362051253     
   509.65543114397872     
   519.55060543903176     
   525.97044349952910     
   510.54649264617586     
   502.70793979285168     
   483.62428576423468     
   475.97375681320682     
   463.92678397239087     
   460.78714695843240     
   451.92807303613864     
   446.52147443265511     
   432.30899710372921     
   426.19480360792522     
   422.68925920565880     
   419.74849276495343     
   413.21180068353863     
   409.20301573157462     
   404.05152816752945     
   399.70629074449153     
   397.45313554843688     
   395.08433688101979     
   394.10062604730194     
   392.47320543752255     
   394.08573784228037     
   393.66576200914989     
   392.31066840200884     
   391.21113488981428     
   390.12270584251030     
   389.41214831527719     
   386.67259305973164     
   384.74537820284905     
   383.39932432567281     
   382.36711922819956     
   380.07274370760604     
   378.39595188336904     
   377.06764414823772     
   375.93888818326502     
   379.34491137029681     
   380.12051332798160     
   395.89193095114592     
   403.43094698619785     
   428.06110420605370     
   439.88271214982558     
   463.04942982370613     
   476.11253068416875     
   498.44637591273016     
   509.46578165885006     
   520.88650528735207     
   525.96547809933645     
   534.53598256581836     
   541.33911700305418     
   527.81487498364311     
   525.76727172751862     
   517.50023683259735     
   512.92880747610286     
   494.22954693739911     
   486.17359193918224     
   468.71420307165783     
   461.11913692469193     
   448.82228262503514     
   441.96659869470824     
   433.63697856049640     
   428.28037455754804     
   425.85986142892676     
   423.30445297800367     
   421.24644581222145     
   419.18391624609899     
   413.71758850952904     
   410.59611525356092     
   407.98551918539135     
   405.91762150439814     
   402.40283723395783     
   400.40891498714802     
   397.86595076691577     
   395.57363733659042     
   392.53514060231862     
   390.41267274067292     
   388.40908922576517     
   386.34653500177211     
   382.56314650848003     
   380.30839762183189     
   379.44671148422026     
   378.03939486518811     
   374.85570847346816     
   372.80921711540032     
   377.72938367357352     
   379.49928496876862     
   399.35450807018594     
   407.86662402387827     
   434.59852912690945     
   447.34592740607224     
   468.93816142903364     
   477.62891161929525     
   494.98482184954827     
   503.23961548834671     
   513.22129813999413     
   515.28867836058225     
   521.28075158084039     
   525.64544489890079     
   518.51775746719375     
   518.72036364579185     
   504.58098903545164     
   500.67711752769208     
   487.44158639750680     
   482.26593981634460     
   467.31007484137962     
   460.98541473428043     
   446.40308100066056     
   439.84589466207558     
   432.37956191845103     
   427.30329673415673     
   424.77165258837994     
   422.02167116807118     
   415.06464327332628     
   411.27081553598481     
   407.59916113815507     
   404.35355083297424     
   401.49318507623690     
   399.21727750980483     
   397.23559220164697     
   395.45059481850279     
   393.07388448127659     
   391.05130938036979     
   389.12292643939759     
   387.52231303846611     
   385.70373856511702     
   383.68820119872822     
   380.87235400417933     
   378.95834412196922     
   378.00684489186608     
   376.65831229033580     
   375.40199999675525     
   374.13775623440938     
   378.84451712148126     
   380.37085655611457     
   399.40091895220871     
   407.76296979755762     
   433.15776408095240     
   446.00686088121540     
   472.30172077421611     
   484.85416914636676     
   505.89665012270240     
   517.16488413306661     
   531.80837750365436     
   535.55689337104661     
   544.83185439952115     
   551.20232071486032     
   549.32237287728185     
   551.41397857275024     
   535.14338618447732     
   530.53447628813990     
   512.84939486948429     
   507.57717566034216     
   487.94603886659843     
   479.80572368417580     
   462.70508760350663     
   454.30240290931528     
   443.34069038124778     
   435.70758833563519     
   430.19439415447641     
   425.92565839563304     
   421.59107241091885     
   418.04044669942272     
   414.62069899769318     
   411.64369144308228     
   409.76161788879239     
   407.47703141692779     
   404.07109768197915     
   401.99032830434766     
   399.32564640243129     
   396.96227425416203     
   393.72017702275400     
   391.19051363331380     
   388.12392227062571     
   386.27443120584280     
   383.45388282697741     
   381.31555511233506     
   379.36283566033080     
   377.39589934026390     
   375.56561800041396     
   374.17849671220114     
   379.45958005765362     
   381.50586240665911     
   403.19011635361863     
   412.49905297619580     
   438.03271978153811     
   450.35145757578960     
   477.16476066032243     
   491.37483653734830     
   514.25329344207250     
   524.97489550307807     
   536.68372931442150     
   539.90137176017799     
   550.12754904901419     
   558.73692546142229     
   559.89707126604742     
   562.29720616796567     
   547.94418864488534     
   540.45868885467291     
   530.83895884226808     
   521.74130840966347     
   507.59114120047974     
   490.69635843591908     
   476.68615578073286     
   463.99025401015990     
   452.24069793209929     
   444.70521439637304     
   438.04775636746723     
   433.24574839232429     
   428.59722169415573     
   424.56356844136843     
   420.50184852154155     
   417.00412329831954     
   413.13135018898583     
   409.86324313365282     
   406.80423102929899     
   404.63418126869453     
   401.88230873289677     
   399.37072034696820     
   396.49077946216846     
   394.04448862801240     
   391.02305754501151     
   389.05617598381616     
   386.35573180478542     
   384.24910603778426     
   382.42422959984964     
   380.47117159845664     
   378.62792377533185     
   377.23419743744302     
   375.38497312035452     
   377.70944659566322     
   388.29067037679005     
   403.02930758019096     
   420.49780834651523     
   438.46665373688603     
   459.37970501640342     
   478.83713066317387     
   497.10487205711945     
   510.62140604817279     
   522.54346523668858     
   526.14843768354615     
   539.94213377612004     
   548.83706408473574     
   555.80986436240937     
   552.54281983919509     
   543.94124489764215     
   536.66821744683568     
   529.11951260114756     
   517.24509060386276     
   506.98698261715765     
   493.08622696353393     
   473.42351858475149     
   460.56690573918956     
   449.65761786808218     
   443.47269609324735     
   437.65508814392086     
   433.17586023811555     
   428.59029626748196     
   424.97359224800857     
   421.50491841759208     
   418.21850296524383     
   414.90031760273308     
   412.11696552163056     
   408.84789505950118     
   406.20742677129738     
   403.45648865558360     
   401.24482205733517     
   398.56657731876078     
   396.70222631111210     
   393.40504581097974     
   390.66842702826528     
   388.81686426563579     
   387.01563719017116     
   385.09098471791805     
   382.90820356073874     
   380.76507907049773     
   379.08376423666493     
   377.21741684968157     
   379.68114120450485     
   390.74242995003294     
   404.89188911565833     
   422.85534441075527     
   440.33227460796394     
   458.35660881230331     
   474.55247482771460     
   490.90194126650545     
   509.93536340679339     
   521.25862251581373     
   529.46581095434590     
   540.79639471386236     
   546.11721890495198     
   548.43138095732627     
   545.78522562111004     
   541.66520289586538     
   536.89104114186910     
   529.22676828439035     
   495.09928863170484     
   489.87171331133902     
   489.73113567463980     
   476.77622468275462     
   461.54585405206609     
   449.96875493855725     
   443.61726927905812     
   436.92171539747864     
   432.23623432304220     
   427.44721235028982     
   423.93740742977957     
   420.52967654733726     
   417.32489404231518     
   413.88017137535724     
   410.75956523367677     
   409.08342891395154     
   407.10265378934099     
   404.48847732291114     
   402.11781779779096     
   399.36501440416930     
   398.08639517641257     
   396.03268867220254     
   394.22262882903601     
   391.75456457758753     
   389.45517252617736     
   389.14414959437431     
   388.29993062065154     
   385.58334783171051     
   384.05587403541449     
   380.91811824574921     
   382.41632225530782     
   393.79687154325552     
   407.93951371057943     
   425.67777062819363     
   443.92439019936870     
   463.92295621922750     
   479.86620855114722     
   497.89733515415583     
   509.02444926824285     
   524.29826411611702     
   531.89922960712386     
   541.67611097740269     
   547.40505734182364     
   549.64215557551051     
   549.24603048423444     
   546.84511665069340     
   536.20878226878347     
   529.39580759161379     
   517.96503011657796     
   502.95342552270654     
   487.34540654941321     
   473.20214783424154     
   461.22553701864638     
   451.08036940757546     
   443.38984930387869     
   438.47951983322469     
   432.77369884352709     
   427.91744402409404     
   423.63756435278447     
   420.55543122805460     
   416.90559322437957     
   415.22905698700043     
   413.28439163391062     
   410.89775073679800     
   409.22965540001985     
   407.55303306846838     
   404.42955196986128     
   403.98484604211416     
   402.30545591022366     
   399.23511828122685     
   398.11855030441711     
   395.85383585909995     
   394.03057705786654     
   392.62915289205591     
   391.16108337838585     
   388.96509030613976     
   387.75718036434392     
   386.05102999141388     
   384.34280016017937     
   381.13173667975394     
   380.91837402776014     
   379.47937908642632     
   383.34280069619689     
   390.72942815587595     
   402.98768441382140     
   416.61111475844564     
   427.36044766373323     
   440.95485560568954     
   472.90265144461426     
   490.85163255808772     
   514.07852635745371     
   505.42119718374636     
   509.33597879988395     
   490.17503881930867     
   506.96586046384783     
   503.43490050480511     
   482.77648070741304     
   470.98750770974749     
   459.78516297914513     
   449.66536059313574     
   442.24791656382746     
   432.28025417537350     
   425.13427343208326     
   416.06360615735701     
   410.59007642395125     
   406.03776981958094     
   402.19220034353162     
   398.05652911261046     
   395.01391942573201     
   392.57459799753354     
   390.65794311349629     
   387.49925487883036     
   385.65225306259168     
   383.90367456840318     
   382.24708017355135     
   379.80565093562006     
   378.09559513583781     
   375.57333753883671     
   373.71147314935791     
   371.72288730415994     
   370.12616546085746     
   368.85677920448825     
   367.54827991345985     
   366.21536629051758     
   365.14971280006807     
   364.05711579051115     
   367.35330021889951     
   378.45322815215440     
   392.62753659785722     
   410.40537613091419     
   428.54483415954905     
   448.83092035828128     
   467.19847799265671     
   484.30109135420798     
   494.52101404155053     
   503.95397174118301     
   505.43609665963015     
   518.23417391050123     
   526.58440237971763     
   532.51066505677647     
   533.61844256360052     
   534.35513787977834     
   527.53832964187143     
   517.83163991385436     
   502.46888924245025     
   492.36993299766687     
   473.23301175986114     
   456.99903606848000     
   443.26858544620325     
   431.35278246898508     
   424.50469568868380     
   420.29974749131640     
   416.00229336346229     
   410.26176218146088     
   405.12278763983585     
   401.76602068509840     
   398.55363914455097     
   395.21045641379891     
   393.26626416559213     
   389.69067874318046     
   387.82490426846908     
   385.82648760478821     
   383.14511932845585     
   380.26491648294979     
   378.06806656397237     
   375.41678740609717     
   373.49985287801627     
   371.53111514522402     
   370.03921935407527     
   369.55868536527208     
   368.66740632324951     
   367.54234328336145     
   366.61176623816124     
   366.65187562500296     
   370.43827918788571     
   380.67378147171343     
   394.51348780033652     
   410.68944377408303     
   427.34366121537892     
   448.29767323762252     
   467.62899916270248     
   486.58933573945842     
   502.35806720402149     
   519.25683855223406     
   525.85197399650815     
   541.54763228446166     
   548.79424456471520     
   552.39532883692425     
   553.92000639340279     
   549.52196746724542     
   540.71232246749310     
   534.04376324455495     
   520.72408484061725     
   507.65240092936619     
   491.95952179063710     
   467.08995251229260     
   452.76603223050762     
   441.96369108201077     
   436.40923062642747     
   430.56702053928370     
   425.87425675600554     
   421.04858094219389     
   417.43366865822014     
   414.74254448454803     
   412.30321803007530     
   409.79434705367373     
   406.99302720605164     
   403.76723881644716     
   401.55823230452557     
   400.54449047332361     
   398.54127549191946     
   394.35678022780513     
   391.75908525443083     
   388.71284995800465     
   386.50665031651994     
   383.73125134607892     
   381.48822767892375     
   379.87384349045516     
   378.59188471068893     
   377.54088676247540     
   376.47595761467375     
   375.01269893425695     
   376.77063689722235     
   389.26435385555533     
   401.01768973152946     
   422.47214230170766     
   443.02869134025542     
   457.22753082512429     
   477.34465587004451     
   493.87073306148750     
   504.30177599780740     
   518.06904731922475     
   524.50344573583789     
   542.34047304260639     
   548.07738757373932     
   553.07499916883421     
   552.85480324131265     
   550.71575383274853     
   545.29497653708142     
   537.25764478609835     
   522.28369162754984     
   505.75527666909107     
   485.40796612308156     
   474.69024460398600     
   460.61523111036570     
   449.14114910553536     
   443.56961625467613     
   440.25381341760857     
   437.13738938263390     
   434.51353399174064     
   431.69397277149068     
   426.25727590481921     
   422.69319212519770     
   418.49011766443056     
   415.51745362380433     
   412.54936629209629     
   410.28207620840351     
   406.59683412642755     
   404.21452349704032     
   401.16812984076432     
   398.64030666277574     
   394.52242332023860     
   392.12707829340229     
   389.26205988172620     
   386.72233930935886     
   384.62399593816855     
   383.47815687190734     
   381.66776586997673     
   379.97528221202066     
   377.94457472916770     
   380.49609749852891     
   391.83763512289210     
   407.53719996449308     
   425.67662813175684     
   443.80585813250650     
   455.81681664477730     
   480.56362144701518     
   496.50571191007998     
   512.73747705813219     
   523.39608556934718     
   530.13950938604796     
   537.02659878871907     
   542.97005210604505     
   550.50961579666421     
   551.38237114003834     
   547.83618176060202     
   542.00126990631657     
   512.03825506814337     
   489.64788513190803     
   484.94690719461619     
   476.01300528337470     
   465.63186004810888     
   457.94738318522883     
   449.25938738504772     
   442.63142215812519     
   436.14703693395268     
   431.12054134555200     
   424.82124231300668     
   421.13381871736254     
   420.46189184702911     
   419.19669008658394     
   414.94722530782019     
   412.28712641103652     
   409.24274114129963     
   407.09228084217784     
   404.54696548866997     
   402.36503558124554     
   401.27822629889079     
   399.78632265744181     
   395.79627268629901     
   393.40634931503399     
   392.23251844112662     
   390.67283818603590     
   389.26438848087707     
   387.81820847750345     
   385.47792396927122     
   383.94549305075532     
   383.93767756957982     
   387.85025459839642     
   399.65698750057607     
   414.48882142407098     
   430.59920052485160     
   447.37974365556511     
   466.80513291463262     
   483.42555390859559     
   499.20611267322380     
   512.29640293246871     
   521.43220941641630     
   519.96263561101819     
   530.35732079261459     
   536.91720091117600     
   537.90336255225839     
   537.32916517741910     
   534.54925018106587     
   527.36575204187045     
   518.71903166583877     
   506.52187920224185     
   475.71681321414547     
   457.89776843308823     
   448.47498235635749     
   443.15768480390409     
   438.77881376103062     
   433.68687272154159     
   430.11555498908967     
   426.95676371636125     
   419.84588386214614     
   416.07767983124234     
   416.79324284965367     
   415.27831434337656     
   412.02211757013299     
   409.75447183877077     
   406.27497389720156     
   404.54753594644177     
   401.89517534905576     
   400.55807168069526     
   397.50282515379041     
   395.27379400914685     
   393.25097722309573     
   391.41025882278177     
   388.09884545703602     
   385.95965564195490     
   384.24755271640657     
   382.58965714815781     
   380.99930809234348     
   379.80645069345456     
   378.02658460330127     
   381.51049433016908     
   392.85330676412474     
   407.19306396236959     
   423.77951814681660     
   441.17397984260839     
   458.88194944102264     
   477.38377709369183     
   493.93736414394544     
   507.81095744092170     
   523.71365482441865     
   531.04962859839384     
   546.75133266636226     
   557.03607266671247     
   538.63604266052869     
   511.86743061219028     
   495.67021666297336     
   505.58278598467848     
   490.79305806208583     
   477.74722904794066     
   467.99449183909445     
   455.82724055723298     
   446.31373358054924     
   436.32732248791558     
   430.24359848828237     
   427.74275863788307     
   423.90090032188095     
   417.53685239874966     
   413.52145232496957     
   411.77204768981181     
   406.96690714739049     
   405.03707837102854     
   402.85416482525090     
   401.26738124522831     
   400.48275432035126     
   399.63778997545751     
   399.65985414199849     
   398.74787724017375     
   396.52805407422363     
   394.73405200091980     
   392.14913339486378     
   390.43919297770725     
   388.73872015659850     
   387.41298087957364     
   387.38056851485084     
   386.48433110572074     
   382.63799972817088     
   380.65807303317138     
   380.62472275633439     
   384.49987403023658     
   397.05491848090594     
   410.22373479774654     
   426.83236319401306     
   445.66616754360223     
   462.40500390185900     
   479.24312190791568     
   498.28259762560106     
   512.66658776285533     
   530.48632667088498     
   539.04437801628865     
   555.03131047502075     
   561.99881625520720     
   568.59826403885700     
   565.68397936781798     
   545.26537333662054     
   513.41782569418069     
   489.82891932575285     
   463.96741913042086     
   449.08754545013323     
   441.74894271450171     
   436.68032844909169     
   435.56565245531203     
   430.56661584467145     
   424.56108983580430     
   419.38293261958631     
   417.67690765061235     
   413.35971842084405     
   410.41748982222589     
   406.35103500817223     
   403.74747117233778     
   401.06174452999778     
   398.43331008799311     
   395.67281865696617     
   394.08394614962185     
   392.54575104878251     
   391.01675197038105     
   387.91027568868708     
   386.08186150868829     
   384.85882761266168     
   383.42377513679764     
   380.29091596257609     
   378.42313856876348     
   377.95200776648949     
   376.84117836483603     
   375.29386968091626     
   373.94445846955614     
   372.31545447502180     
   377.56575740094053     
   390.57400954509535     
   404.90903024405895     
   422.31077986268127     
   440.94089485128353     
   458.80402333599955     
   477.44462402824973     
   490.95507951639746     
   509.77258177354207     
   520.65783080514223     
   528.08327027368102     
   535.06500324826811     
   534.28753924292914     
   546.29092779217399     
   539.95027586749859     
   549.52189582387950     
   539.84751208654848     
   530.20783182865136     
   498.96231853478281     
   482.03105320763206     
   471.30024356825936     
   462.28075304842679     
   451.01127417700633     
   443.94843479129923     
   434.99984789078991     
   429.19199049305945     
   427.18747843451990     
   422.54162852946149     
   418.44788636015312     
   414.12894335871175     
   412.56744880729150     
   409.61464195121999     
   406.99421969120147     
   403.28928115922281     
   400.79091146260129     
   398.81201445278288     
   396.77100732869496     
   394.82893774638342     
   393.28267744241657     
   391.64866532494511     
   390.82017105139869     
   387.80354068260618     
   385.85022003136135     
   386.23283248843524     
   385.41823502802816     
   385.44791654219591     
   384.97751648201051     
   383.46779228231384     
   389.13897162301760     
   400.08246209884447     
   413.75928269054845     
   430.03742081878335     
   447.68691095220800     
   463.08861539927079     
   479.30243381950584     
   496.37666444956034     
   508.05736783740554     
   521.02915105004820     
   528.97045140090563     
   539.13330216358361     
   546.96268485830342     
   551.27068202691567     
   549.44223042633269     
   547.93957113222473     
   540.21304454218500     
   532.59201303829855     
   509.09031302002683     
   485.73289634752177     
   470.78350370512874     
   462.62141058784698     
   453.07486680336200     
   444.88599875626329     
   439.53383830618282     
   431.51205210821888     
   426.92529040849882     
   423.86209675143755     
   420.77929031957956     
   415.97546981547623     
   413.01859581027952     
   409.99491613436322     
   407.43438931325443     
   405.54227947726872     
   403.36464721223064     
   401.13824361652462     
   399.32476551448116     
   396.89194569977070     
   395.39825470891589     
   395.12176956357780     
   394.04482350842369     
   390.62055130425284     
   388.77753281298806     
   388.27296259065076     
   386.93116874443047     
   384.09796012482281     
   382.05132880257082     
   382.03953157531623     
   388.56990769612656     
   396.06978897752049     
   409.42435965181113     
   422.96954273493765     
   440.74023054082534     
   460.63572818342175     
   475.21060068232185     
   494.60795223048274     
   508.29313420471794     
   518.58175912415720     
   523.83625189204611     
   536.28442171975519     
   533.68378451578440     
   533.43115191728248     
   530.74726872655231     
   527.03902156824483     
   518.89805914258659     
   514.16539877692014     
   499.88495081048262     
   487.76752927698698     
   474.78609294738436     
   460.07903288516297     
   447.16923980767973     
   437.73581106179688     
   431.30572889176733     
   425.23968439058007     
   420.06816333995113     
   415.61509797858196     
   411.28303730105682     
   406.20479975374047     
   402.78459372740230     
   401.34191743951845     
   399.25448490689070     
   395.79602573436904     
   393.75953469119048     
   392.71729694745926     
   391.31225464130569     
   392.83761907169139     
   392.79845248394275     
   391.09496947884355     
   389.78506880110041     
   385.22679275035944     
   382.84449527977324     
   382.92503375800339     
   381.71469330949571     
   383.51130263847017     
   383.63717390038005     
   384.76924287776319     
   390.06408010043094     
   399.54784968118855     
   414.55404189370694     
   425.18674097671055     
   440.53726686158359     
   457.57820139863531     
   475.23115576619477     
   491.09395456080119     
   504.80948616494214     
   518.29570173294246     
   525.81393727550835     
   539.20725380675924     
   540.45434385065607     
   543.29461190752124     
   539.90216227812334     
   541.81947352105476     
   534.98827040334527     
   530.05008229512657     
   521.19036278582541     
   502.05410243563949     
   488.27657716435237     
   470.68588367756911     
   452.32930660050454     
   439.72330975104848     
   430.15263422164554     
   423.60678623378101     
   420.08678138091432     
   414.98841267502678     
   411.56461105260661     
   408.62426308753754     
   405.87607754869867     
   403.62340551756409     
   400.87668564711197     
   397.66819536064804     
   395.30158799139241     
   393.54238795171977     
   392.01463073778712     
   392.25872922034944     
   391.34447341110274     
   388.65397193191524     
   386.95170430589400     
   384.11632405725794     
   382.03405872322088     
   381.32429136481517     
   380.35463741634572     
   378.98924127874312     
   377.77164160009465     
   375.88992777311620     
   380.30377540337662     
   390.87658005242906     
   404.98321208979775     
   422.22626452049906     
   439.51867977431749     
   458.74657746966051     
   469.95505502062207     
   489.56916394040894     
   509.74927340013744     
   517.63861541406789     
   525.63339249222361     
   533.91294763387316     
   540.60182902582335     
   550.89734297305745     
   550.39476511186467     
   531.11955343059935     
   500.34734239489626     
   484.88211048893811     
   470.96787459642542     
   458.38842912145537     
   451.62845293298096     
   445.96220378920714     
   441.41578017536312     
   433.56410266937405     
   428.78688154775239     
   425.91789110854717     
   422.25240272411617     
   417.44388315111229     
   414.47903558510848     
   412.29524128453403     
   410.18468663321278     
   407.42237245974809     
   405.23746470685268     
   401.11960164576465     
   398.55767977788872     
   397.36108646363886     
   395.58662807757815     
   393.10717494035856     
   391.23871051683739     
   389.06465401078412     
   387.39625506850911     
   385.03807779055683     
   383.52673553841367     
   382.31690716712865     
   380.89103793763383     
   379.27967651978395     
   378.15542507568557     
   377.20214225933574     
   382.24161069631577     
   393.52647895863424     
   408.04740115771841     
   424.21188820652026     
   441.65607705852483     
   461.78333583122418     
   479.73465754598345     
   501.12942929949213     
   517.78304085859588     
   529.13171662148397     
   534.63059531029319     
   551.32217548671065     
   547.25233484422165     
   556.99639478259496     
   540.40124798006070     
   525.95554612765739     
   517.68097900006637     
   500.38661785870659     
   493.79303145604700     
   472.47487378800525     
   456.09185633222165     
   447.39577533527114     
   445.45742066332843     
   441.56140223849769     
   435.91648148604202     
   430.49979244401038     
   426.48075779911767     
   424.98623756350389     
   421.35254791517661     
   416.35126378124141     
   413.90997736871742     
   408.99859920413138     
   406.43871477962847     
   404.92015737076878     
   403.10972439252009     
   402.27319380388479     
   400.92125879706646     
   400.21148387032474     
   399.16966656184371     
   397.44449066984356     
   396.13750202410461     
   394.42411859910015     
   393.00954088737529     
   392.12993518590855     
   391.13653319315659     
   389.76479027832448     
   388.51414275370206     
   387.49121865870092     
   391.72924571801360     
   398.77911565170518     
   404.17905163013160     
   413.48695328896684     
   423.62057935833150     
   444.87280967408765     
   459.53500829434591     
   473.47675441301169     
   493.10643250759364     
   501.18646479873649     
   507.43643314954693     
   533.01768707332167     
   541.32302046043139     
   526.74375215881548     
   502.20861212036220     
   476.68541602005524     
   467.56209397810471     
   467.92348018738198     
   467.10543886436017     
   462.52796358236401     
   454.77568779219951     
   450.40693620630998     
   441.82609730311339     
   432.06596197761024     
   426.85239615183622     
   423.66548960444436     
   420.75015091543162     
   416.57592186201111     
   413.59886234201190     
   410.20934310938367     
   407.57198144696355     
   406.26390226039723     
   404.64948281604279     
   402.75128674199067     
   401.37621558986200     
   398.77462290585339     
   396.88647537585740     
   394.50582853849824     
   392.60185706930196     
   389.48387973284491     
   387.82274304513385     
   385.50295383370644     
   384.19588782589733     
   382.86569245126668     
   381.32856086225058     
   380.48316105811239     
   379.14938928100304     
   376.59957569519531     
   377.22083634098959     
   380.43943681191615     
   401.76493552168955     
   426.43654384093645     
   445.81740460200865     
   448.91908561341108     
   475.93293511841620     
   493.81208627681309     
   493.63515887531264     
   501.66017585615930     
   503.45930881715168     
   530.32859799511516     
   544.58293978140694     
   545.96149715372667     
   546.83390885059919     
   533.74638083408308     
   523.37842504946582     
   523.42660180061296     
   514.74229128085256     
   499.02615882092675     
   484.13812036341420     
   466.21930827640449     
   449.27003732940398     
   436.53196459088576     
   428.99566692376345     
   423.50236727915222     
   419.28537806065617     
   414.42654152469453     
   410.69041937493699     
   407.32141847764296     
   404.42957763541688     
   401.29362566114025     
   399.11435552793449     
   396.25513469927773     
   393.90411161503482     
   390.80853189174388     
   388.19921632608481     
   385.24711564197020     
   383.09632315658121     
   380.08018977124186     
   378.36577146849731     
   376.09932289901963     
   373.50969644041379     
   371.94199192244616     
   370.09235365394824     
   368.51641491872283     
   366.55814507302091     
   365.65294292509759     
   369.50965228099187     
   386.96736092449248     
   404.73989242761900     
   421.59268527950985     
   437.95555340899733     
   454.19782783127266     
   474.86637867538985     
   497.33833038096128     
   512.43875048358427     
   509.67476956689353     
   511.33268711212736     
   522.45486693898761     
   528.03071713733902     
   532.69852258158346     
   533.07752415384903     
   531.78347964493162     
   525.51407483447849     
   517.55045905578277     
   510.33023392558937     
   497.68189020130188     
   483.58956068223165     
   468.84116089424037     
   451.47609951138077     
   435.79426295801477     
   428.45521555910199     
   422.13820259163907     
   416.79640400107775     
   411.40309207029173     
   407.47524611566212     
   403.95885727649238     
   401.05243268932020     
   397.31994735429049     
   393.94020291837444     
   391.28569464327279     
   388.80821160135150     
   385.78344206921901     
   383.29559362261068     
   379.81676929701581     
   378.26440514030941     
   375.47665476892428     
   372.74389765957943     
   368.92623212314976     
   367.18484060069039     
   366.12085908372427     
   364.48078232265931     
   363.18794377041735     
   361.22567190568049     
   359.87665417862638     
   364.98959923353431     
   377.63843243156361     
   393.18496941234281     
   412.33751737244438     
   432.52074703046401     
   453.80445877502115     
   471.44716673420004     
   491.49921600665033     
   506.94891100720076     
   522.39384707602096     
   531.16101057226433     
   532.70223139562859     
   535.76270975935768     
   536.33566936484817     
   534.58844458830254     
   532.76397821280955     
   526.35372972811490     
   518.63026188946333     
   507.06346310779770     
   493.15158507513723     
   479.24310201604078     
   464.31286403887128     
   449.74066105617010     
   436.65174515450565     
   429.59919828062203     
   424.58632159581055     
   420.23933611661573     
   415.18313036889577     
   411.66828158115754     
   410.28841899864204     
   407.93039161001582     
   405.83838712962245     
   403.50845435852932     
   398.27412759151002     
   395.18331440878097     
   393.30892435383845     
   391.06982263704168     
   387.76428047550581     
   385.01236484419042     
   381.18742642532038     
   379.46746952675500     
   376.41300490426249     
   374.14157488867141     
   372.57505495231726     
   370.62414368648444     
   369.46084479141086     
   367.91725325040346     
   367.19079045019856     
   371.86289383043737     
   384.18958633453667     
   400.09098754456215     
   418.76033628374881     
   438.85772796625122     
   460.12360653189108     
   478.43803859945160     
   500.03061008749069     
   517.54047081437079     
   531.18983373234164     
   539.62582455232439     
   548.24941576938386     
   556.04553818380225     
   562.99387756276019     
   566.93924634846667     
   535.29673282620479     
   513.89527430583428     
   523.99303792969010     
   491.71246125577397     
   471.14009778248635     
   476.77924819337585     
   467.93345406541908     
   451.92890426267343     
   438.93533422385855     
   432.23042639580552     
   426.35889106022182     
   422.31934276218357     
   417.79469514224849     
   414.06534892049865     
   410.72970478225699     
   408.16790825685797     
   405.20015787238924     
   402.38182500777145     
   400.33836752038468     
   398.72343843885551     
   396.11141589894362     
   393.63181347517445     
   390.66130383803534     
   388.39177235198844     
   385.73059301321950     
   383.66828114859146     
   381.29047807850390     
   379.22249660128375     
   377.37012059137237     
   375.85303673782084     
   374.35268300548950     
   372.71751406455758     
   371.52781633774913     
   376.49845430643705     
   388.05667862805262     
   401.66653390290793     
   419.85386833370148     
   439.64047035461380     
   461.17760912957618     
   480.36944549227809     
   499.09520860609865     
   516.32823245906968     
   527.59776157948011     
   534.29574097004036     
   543.43363768908239     
   549.09279388232949     
   557.89428059341310     
   557.09786034151591     
   522.36492253587494     
   494.75489393650139     
   484.92598286444371     
   487.43437509361155     
   475.62657584615573     
   458.61015480960816     
   447.86515306963190     
   440.42486762737673     
   430.66117864971073     
   424.67218336103031     
   419.56161731743089     
   415.53032459784970     
   410.58541364659243     
   407.03350001871542     
   405.56055511073589     
   404.07941406112519     
   401.29640778818083     
   399.33193088526565     
   395.78696702606533     
   393.87962237123674     
   391.62246988981161     
   389.52858435947417     
   387.54391170618430     
   385.90968500835504     
   382.67308148488547     
   380.57673792394752     
   377.93434335502542     
   375.50520052697289     
   374.05998478687104     
   372.71218807650223     
   371.08693199298864     
   369.61720331594626     
   368.71149101667129     
   373.77853808028607     
   385.24860395611921     
   399.76647005954408     
   418.52320248200596     
   437.28620245053224     
   457.92951083692975     
   475.72314014336831     
   496.24513475293008     
   512.85143993051179     
   530.03430949521112     
   534.18894616913644     
   555.71878298655986     
   560.10053205475583     
   565.98291454719788     
   565.13989002654250     
   534.76917758258037     
   512.51907424307740     
   483.44447697086952     
   469.07179961105834     
   466.00825974561121     
   463.64525169998694     
   455.69693677753048     
   444.86635480695469     
   434.91084448502198     
   429.49401001219411     
   423.55343657326534     
   421.49704356198049     
   417.89007791840856     
   415.15991926642391     
   413.32103035037767     
   411.53181379622970     
   405.22656022081827     
   401.85358467295305     
   398.14132551354282     
   395.73073227562691     
   393.44765310357332     
   391.17858844728221     
   387.99689902983619     
   385.52432921220952     
   382.15362707560234     
   379.76845147256302     
   377.12527217147920     
   375.31492974738507     
   373.70944956444993     
   372.41255620733727     
   371.69750314104101     
   369.50420692529872     
   368.77762299471249     
   374.42758375864440     
   386.00999075195267     
   400.59476066934462     
   419.67893771717553     
   439.41424116068316     
   459.95664343618785     
   478.52205158545331     
   496.13256650216385     
   517.19175549541831     
   524.55428312509298     
   520.16560047449241     
   528.96132775457545     
   533.82964282445789     
   541.10821562053206     
   541.21381582014521     
   537.74177122526055     
   544.16756546110844     
   542.30195570882893     
   528.78283310058100     
   506.52005224590670     
   496.20186675571154     
   469.82229170966230     
   452.15952681769949     
   440.65001178146241     
   433.46266502898459     
   428.91686603693722     
   424.79626069610572     
   420.47822051226177     
   417.20427788001030     
   414.40267070494468     
   411.58833890133093     
   407.57388809103173     
   404.54953010333367     
   400.96552147432260     
   398.57354548101353     
   396.50203746378406     
   394.47954071350046     
   395.58321279639387     
   394.71611906018552     
   392.00404937380745     
   390.26391304109956     
   387.97086069810683     
   386.10390989534693     
   383.86126586786543     
   382.45028217469911     
   381.95112666933539     
   381.01681291657809     
   380.47146436291479     
   385.54142005581008     
   397.15004836519745     
   411.03448424796784     
   426.15685892515876     
   442.86534665200185     
   461.21162653135104     
   482.23193531308146     
   502.15844268473535     
   515.66857951424129     
   522.52189211332313     
   534.43852252343083     
   549.28496185023153     
   555.16293714983226     
   563.58433003358653     
   548.64310798269503     
   500.30397499472639     
   495.45856411379015     
   484.72357271790526     
   479.10740421317507     
   470.81686014271475     
   461.35904811847439     
   452.44304775191074     
   443.72518856940212     
   435.51631712935352     
   430.64793810696403     
   428.07153340891119     
   425.11798279822489     
   418.65838456405038     
   414.40754844414278     
   415.04189217370538     
   414.44915451215411     
   413.98995190744654     
   413.06261348463238     
   407.96931955060779     
   405.33706316511200     
   401.47691239119803     
   398.80596355513165     
   398.99586948385195     
   398.16323083802257     
   395.53275612562061     
   393.95696418421568     
   390.08628733376889     
   387.70567006846125     
   386.63273718700088     
   385.54139015534042     
   383.27934402220126     
   381.23458468592264     
   380.59790940859926     
   385.75418048298400     
   396.57697150348696     
   410.62643414190541     
   427.42455190727185     
   445.39797046875827     
   467.08262580725000     
   484.00397038111089     
   503.84937885795239     
   519.15128853092040     
   537.63786967503313     
   546.05862374422236     
   562.51547442400295     
   561.09565022170500     
   560.29103840207517     
   534.33433002758068     
   507.02850465490781     
   483.71061833073838     
   478.85163589563649     
   470.16450074451035     
   456.26727137426201     
   448.44371998369900     
   443.25034759843766     
   436.97794785507858     
   433.73270568922277     
   430.83103613568244     
   427.64938340185375     
   422.27413543575625     
   420.40195829124588     
   418.61792063968505     
   414.75295335728657     
   412.73264645952742     
   410.65167268451955     
   408.40316274946724     
   403.72900761299735     
   401.56599975261184     
   399.04932190671269     
   397.50640318863083     
   397.55510612634640     
   396.84825890082942     
   395.54206352216858     
   394.44030553274939     
   393.59786024181125     
   392.49155099148010     
   390.60083541935290     
   389.04990308992757     
   387.52215607512130     
   386.23304204731204     
   386.91618851270943     
   392.68721724992974     
   404.42269383213727     
   419.54448696559541     
   432.86192264538550     
   449.53621515402989     
   466.85193226491901     
   484.78806297100181     
   501.59313002200804     
   518.40817050029727     
   528.34617420526570     
   535.65912771065814     
   550.34000159403342     
   549.78539090076367     
   547.60681596817960     
   541.19712818765572     
   514.15581895352034     
   501.24409151806077     
   481.84839411616474     
   469.56760277401867     
   451.49859454385842     
   441.09547582913649     
   439.69412942871401     
   436.24239783966243     
   428.02853949095066     
   423.36262008505594     
   420.88884565119054     
   415.45256619098262     
   412.51553945977463     
   410.12031258873702     
   407.15097771037870     
   404.73533475755983     
   404.73900879444983     
   403.32059250558137     
   399.67570923260467     
   397.93578922363491     
   396.13539952866404     
   395.03848890401952     
   394.95212977450223     
   394.14093662340866     
   391.60814475105803     
   389.96712855127532     
   388.08556305857508     
   386.50953860111190     
   382.72465361769861     
   380.55278214913108     
   380.57480309311967     
   379.23016978481348     
   378.67184071467398     
   380.78877510400378     
   390.41254730425078     
   406.77915045379603     
   423.74829000362530     
   436.75470441340809     
   453.59981660471345     
   477.76046829620276     
   490.24606925791443     
   491.62366386314710     
   481.76719016861148     
   494.64080025362472     
   518.23542159793556     
   508.41432039449984     
   492.18377017502752     
   476.55930154922720     
   467.25313966496026     
   462.50707943536912     
   441.82070929479522     
   462.12867375515981     
   466.80490664464611     
   449.63585858795904     
   435.53132903220097     
   429.25312574812261     
   422.13414459660402     
   417.76192063290830     
   411.92358947138388     
   408.50707882263777     
   404.10127599720249     
   401.22590895094618     
   401.49568953429645     
   400.55632849329203     
   399.52901441398410     
   398.50525898496261     
   395.55630274934578     
   393.95649781421019     
   390.92705670291571     
   388.95740886781027     
   385.74233431179221     
   383.38093328958269     
   380.82107751259917     
   379.17906041519677     
   377.63531715482361     
   376.12113961125738     
   373.92216321038472     
   372.55898837066997     
   372.30342033848802     
   370.56458341742552     
   369.77962279697510     
   375.83412454695394     
   389.83767281857860     
   394.66100979787643     
   418.05289899359161     
   438.58538617454758     
   455.34907522785380     
   477.83061477312458     
   494.07098248395795     
   493.76476650088006     
   509.41149751279397     
   526.08742745731126     
   527.76288319892581     
   533.77098737927759     
   528.79857823684642     
   515.71993842170514     
   497.32017684235029     
   481.20203244432321     
   473.33569247127616     
   464.99043996247559     
   476.22212625893303     
   473.06472664615455     
   458.23019084182130     
   443.44202775226569     
   434.54127017389794     
   428.94228682641534     
   422.13105122887924     
   417.72684270163813     
   412.27635574777253     
   409.14019805517114     
   406.73684264199670     
   404.66810785780268     
   402.53488962303459     
   400.36872754891317     
   398.32827718709592     
   397.11072490221653     
   394.43549740028567     
   392.33270577128837     
   391.06005320013827     
   389.67257777128896     
   387.60560630397180     
   385.80232344106633     
   383.69483695898123     
   381.93264253794933     
   381.24395239342306     
   380.60485011479312     
   380.29941892297876     
   378.50436376640141     
   379.46519208885968     
   388.26636717928818     
   395.61660601099572     
   402.40783416585936     
   422.11595484079231     
   428.89498470111789     
   437.13454013647851     
   453.42516266830677     
   471.24647623195489     
   486.12751805056433     
   489.22281379162661     
   493.76915126160907     
   502.04189262498460     
   516.54640103655015     
   522.75834074346903     
   498.69419229017734     
   486.11309096238034     
   474.98491277954429     
   467.12839591418344     
   463.51503807687573     
   459.68248872435601     
   457.62799725137228     
   444.41913414744113     
   434.89144496387985     
   428.84704297086415     
   425.33716247169855     
   421.92863567198691     
   419.00078895232741     
   416.06628347267304     
   413.83564151751915     
   411.74709731984075     
   409.80656480810114     
   406.78587114434907     
   405.01252061062104     
   400.91949014569627     
   398.86340966327225     
   398.62424613612410     
   397.54787106821072     
   395.56805795286829     
   393.86057958218777     
   391.47866484973861     
   390.04723014683213     
   387.84149516897259     
   385.94704478222292     
   383.56780896486549     
   381.51797211768485     
   382.91074961335278     
   382.16919241062004     
   382.12966562377255     
   385.26701001425027     
   396.79471079647260     
   417.87858246684237     
   430.49155855129857     
   438.24561592035013     
   457.26130053488288     
   481.80584615523298     
   494.36861708908816     
   484.43873002329980     
   493.92530887094199     
   489.05845660160708     
   496.23675393338874     
   508.86376461186921     
   520.49913598907312     
   522.13829066758603     
   524.22653656485795     
   518.85120229638767     
   517.10694870797624     
   502.63401237041484     
   482.64980592676318     
   468.34422063589943     
   455.74552647176142     
   448.15864422672945     
   436.11203239473082     
   428.76284516102072     
   424.35380944123602     
   419.89323638608772     
   413.00149961704500     
   409.52103336922318     
   405.69196460432750     
   402.54728685595103     
   399.99741073366317     
   397.60024442215928     
   395.39918300367884     
   393.90402890039979     
   393.05666721917271     
   391.38962001365780     
   391.33079992532640     
   390.59803217446347     
   388.08681194808076     
   386.18393679119185     
   386.37003438078779     
   386.01573973388332     
   386.05476962784763     
   386.00916168400494     
   385.60513145867696     
   383.97608289503148     
   383.88492949091597     
   390.49716704189746     
   397.61213411389934     
   401.77031648505118     
   420.44748799345365     
   433.01308447070284     
   456.36391391250828     
   467.68346846893866     
   471.91646204095980     
   496.51895847636553     
   487.72403495204696     
   497.90220377571444     
   515.55614857395653     
   504.58102553402784     
   490.33182229994424     
   494.85040639404701     
   501.12564819098725     
   506.45389325161648     
   505.13301739457523     
   498.59494563896413     
   491.17941665970773     
   478.42118693731629     
   465.84533494882209     
   455.59272475558924     
   437.64744494732588     
   427.82088153610101     
   420.97816480413104     
   416.95200872584030     
   412.16604585830356     
   408.41470462380062     
   405.28230685407715     
   402.42308394845736     
   399.42215235296680     
   397.50861071077259     
   394.20002007925956     
   391.43969983135145     
   388.90391385149286     
   386.60308619739402     
   384.59241945145857     
   382.37191519333754     
   379.73520544169816     
   377.81851086451456     
   374.29144130640788     
   373.03984686492589     
   372.03780775057965     
   370.50400687649255     
   370.68335298904691     
   368.71283564905053     
   368.11349797195078     
   374.67758081899899     
   390.64237743493476     
   407.64091108428727     
   426.89920124321117     
   446.70700799921462     
   466.94978408790286     
   483.24669641198585     
   501.96681664631836     
   522.48331629432175     
   537.66401458404357     
   545.87171759964451     
   560.10336958099174     
   566.38906564252341     
   571.32788182351555     
   573.60590478252936     
   569.00037908238403     
   563.56416951971607     
   553.28623242319782     
   534.80128599276168     
   525.94412832951730     
   511.70914251446135     
   491.28628176646049     
   470.07403354462457     
   452.61814026501361     
   442.72279405374030     
   435.44728938148273     
   429.73135802467192     
   423.95761138110430     
   419.61036496331690     
   415.91552515056725     
   412.89300496759023     
   409.88410534325203     
   406.79157604745308     
   403.74718176254083     
   401.21845555852946     
   398.36654358592290     
   396.33084142795906     
   392.63826257799730     
   390.54494794178697     
   387.61243550944039     
   385.16163098993445     
   381.96868635521309     
   379.05726179823012     
   377.27881506755557     
   375.51626091124427     
   375.74752022542521     
   373.31287710903359     
   372.88433191169901     
   378.46166127469553     
   393.44164402693508     
   409.23684326508248     
   428.50208912078131     
   447.98811487361559     
   468.80187570590226     
   485.57961916960102     
   505.42174499655812     
   519.77771612808613     
   529.96538256894939     
   540.77166289685147     
   549.18390539628763     
   555.29224450082847     
   561.01252510423774     
   559.97690909908749     
   558.82539363357068     
   505.94853575513639     
   486.39560275891250     
   499.71827973500729     
   481.73569653602459     
   473.48127618753142     
   467.90552671968567     
   453.15114877234606     
   441.33782785273297     
   435.13496684337446     
   429.68791691839169     
   425.39259451260506     
   421.34628038650345     
   417.93461748613595     
   415.28735986092835     
   412.55854680037623     
   409.43644878430564     
   406.81267037741918     
   404.11894989527963     
   401.77047372691351     
   399.49400348877384     
   397.55764214791685     
   395.13057889969429     
   393.18098992061459     
   389.81077763537917     
   386.86606557403371     
   384.67528907831706     
   382.59577905882281     
   382.99846041753591     
   382.09481146352658     
   382.53059584287121     
   381.37125550911128     
   381.59642488248005     
   384.71060386266402     
   390.29478359097027     
   393.42484266990090     
   403.25307957208707     
   433.79146723790342     
   440.40675380324546     
   461.23021467837941     
   468.85299300532643     
   479.22889289840458     
   492.66724909347681     
   498.87630263415218     
   513.66412142886986     
   539.17441877137401     
   539.10476595302578     
   532.06737642773658     
   515.46942058951845     
   510.25716589034653     
   507.70978122986213     
   506.52377053498401     
   478.36411865893649     
   462.04343009103098     
   454.25840741953220     
   446.63422495934333     
   439.98542700793973     
   435.30003233920155     
   430.59263509162065     
   427.35038104449887     
   423.68082738518871     
   421.01653458011168     
   419.55196058113188     
   418.55330039126784     
   416.61190531687885     
   415.00156078968951     
   412.42404218989117     
   410.81633753176544     
   405.24692120587912     
   398.98509736148685     
   396.35597163347836     
   395.12975595615177     
   394.93790094718747     
   394.02857881325809     
   392.34682427599580     
   390.92954827297189     
   390.04320503914681     
   389.15093800852094     
   385.93102177339199     
   383.12285406314965     
   382.02525626045696     
   385.82770979853092     
   392.77526241769868     
   402.87420749357074     
   423.42057356529517     
   466.33868062157171     
   456.13882161284499     
   481.03162941915406     
   494.59367567560952     
   489.22539989869006     
   494.69832436661738     
   478.12511170221723     
   504.47481201345937     
   479.84149908110669     
   464.93643947917002     
   461.65119653206528     
   471.19049945911513     
   458.44855386461063     
   449.76583111289830     
   445.07637372528558     
   440.77037276598935     
   439.47926703449144     
   440.38462356319474     
   434.92076287289609     
   427.05697639645820     
   421.64878364327029     
   419.03378716747289     
   416.67967872229991     
   413.22482986405942     
   411.61187779000466     
   409.17005901947539     
   407.29490439139312     
   404.92088168401381     
   403.05729566500605     
   399.21803660284860     
   397.25980113064315     
   395.52705663829812     
   393.16485238517811     
   391.99127803800758     
   390.92499692083663     
   387.37961475844793     
   385.43813632746691     
   383.67684109296209     
   381.73016824319086     
   380.01933637589900     
   378.39305254583167     
   377.59604109395195     
   375.93580996498241     
   377.12749743669809     
   379.63872434995159     
   396.76207218011149     
   414.75490970479120     
   434.31865606743321     
   451.96020279617863     
   472.18024070330330     
   488.86887488897969     
   509.82455661570486     
   519.90493397896762     
   526.60185120231108     
   529.30106153141435     
   542.59135159958669     
   543.87763481450691     
   509.88406937622119     
   500.12005506952812     
   505.82711181908820     
   528.03343092692933     
   527.53446313088307     
   517.22924355092209     
   502.97802842447328     
   486.78976365599203     
   471.11811834705583     
   455.87572405811966     
   442.85345645142257     
   435.94450088670595     
   430.25242549045743     
   425.99076818294037     
   420.10484474988755     
   414.81852440030008     
   410.81375779099847     
   407.78466984009128     
   405.36116745839416     
   402.85383775298533     
   400.15581120526559     
   398.32906812409249     
   396.35151300906722     
   394.97487882474616     
   392.18895390030866     
   390.17024625835910     
   388.68116830265819     
   386.89835730665834     
   384.74108476706363     
   383.03800783783407     
   383.56523989364644     
   383.01912911345482     
   380.99165761554178     
   379.92935298408833     
   381.52223093479085     
   384.40636367135551     
   401.16545193284804     
   418.59707128974259     
   433.87719378115531     
   452.13928873155459     
   471.36115613643676     
   488.78470347988718     
   505.95526895039967     
   521.74883811074903     
   537.52712737725312     
   549.30852028317997     
   525.67359901379950     
   507.91065580453881     
   493.26690865067530     
   479.27755783332231     
   501.40236738432532     
   512.39794906806094     
   475.76486508736241     
   462.95473350821692     
   457.18282070841144     
   455.68965102013181     
   446.87917977391828     
   439.74142370886671     
   432.68263579821587     
   429.08781893189735     
   424.52848477011901     
   421.61977728968867     
   418.56033809626035     
   415.70253458887618     
   412.48594993437518     
   409.78716043089850     
   406.38889419963124     
   403.98420410974290     
   400.04860001486617     
   397.85519552705989     
   395.98719323260303     
   394.20781052303943     
   392.21401301983479     
   390.53734229971468     
   389.41342865433927     
   387.88423873941036     
   388.73549875870640     
   388.09973090277975     
   390.80099940286817     
   390.62622760272967     
   390.37502287393175     
   390.15077505075891     
   391.43615578818714     
   395.37954115838829     
   403.17808537999218     
   421.32042972264691     
   435.82320486468154     
   452.50798594383127     
   471.02111416710079     
   487.58870354186331     
   504.82034850308889     
   521.15116635003528     
   531.11304321145906     
   533.97014432785625     
   526.72604258104218     
   516.56530947943259     
   553.50080108089549     
   526.50832853416887     
   512.94262576114238     
   508.32150486368823     
   498.37820787112196     
   486.50646732440782     
   499.12228267905044     
   482.56490143087058     
   465.64216046435934     
   452.75920576717613     
   441.62640898741802     
   434.70207524076653     
   427.92894650519321     
   423.17111391960441     
   419.79788766416351     
   417.18261592677936     
   413.25831134313177     
   411.33127988094770     
   409.80690754486966     
   408.19332879819086     
   404.00746353528473     
   401.43472520178625     
   401.19150503520291     
   399.76769890051207     
   398.07258700146662     
   396.39816279045897     
   393.94069171559477     
   391.89610337102431     
   390.95411358349014     
   389.88770097224852     
   388.14409655198199     
   386.80897093191646     
   384.68371117309078     
   383.11689680955180     
   384.16477206561797     
   388.51052447286651     
   400.96040667546657     
   419.42643767495377     
   436.15833195817311     
   454.35979196397619     
   472.76597312240921     
   489.69547359714193     
   510.42460859881135     
   514.53841773522186     
   524.58778135660816     
   530.57093178255764     
   530.19825821659038     
   532.87721734762249     
   488.72032740082295     
   476.45381156790626     
   468.34116509190318     
   456.19174919608912     
   469.50483532534957     
   502.00414665641125     
   484.95370907819972     
   461.10657747175071     
   451.53214655376729     
   445.12562704217515     
   435.18844253402852     
   430.06795106922158     
   427.50088189392295     
   424.23953734585996     
   416.98453195236840     
   412.10353858921263     
   408.42490089858313     
   406.70923208232585     
   404.64826564981399     
   403.30919536465865     
   401.49323874154402     
   400.62599054210693     
   398.06264128829969     
   396.46099492927993     
   393.18852371849488     
   391.43499214654452     
   388.86836719652729     
   387.40904559321734     
   385.85162237127508     
   384.94189691952363     
   383.79504285696800     
   382.11090762290030     
   381.01712512216397     
   379.87703808667158     
   381.78230338741196     
   386.02573759592809     
   397.16174204428728     
   414.12681560208972     
   432.23464677436135     
   450.48494763852233     
   470.10332960746513     
   486.83998888555618     
   503.99738752536587     
   512.69439653988888     
   518.59910798906139     
   485.28652819657640     
   456.40735467768542     
   451.24319469778584     
   452.81246045237748     
   477.65597333427337     
   510.48831859790107     
   498.72784304033763     
   476.17732273095265     
   479.78715329305584     
   473.91949319305348     
   464.09297348395569     
   451.57549023997478     
   444.34069867214947     
   435.92950518543313     
   431.38394253505521     
   430.19271003716790     
   426.63633695453973     
   418.50783291654204     
   414.02920110284515     
   412.73120112108478     
   410.36540719261978     
   407.39708557266022     
   406.07880045801539     
   402.11304630891283     
   400.64921670764511     
   397.73489241464745     
   395.49849139617618     
   393.08281257311489     
   391.12880691184557     
   388.36351190575783     
   386.45979304594914     
   384.98564843859964     
   383.20311875636975     
   380.78428284995454     
   379.86940251004438     
   377.74792737270400     
   376.07915896693254     
   378.39342986496723     
   385.33720334980410     
   392.00207390769623     
   411.41084966877639     
   432.58971283246842     
   449.88160935714740     
   471.15568567717349     
   491.93647685820110     
   510.23683149410289     
   524.64618578682735     
   540.30002760338334     
   547.57027822731641     
   563.04041762113809     
   553.80560442497881     
   537.28564279498960     
   527.19016542296845     
   523.92766111566425     
   492.85281925257135     
   490.65432876737015     
   496.36734843757984     
   477.57629925925119     
   475.59029397974291     
   469.29781253725969     
   457.80362327013080     
   444.05337087204794     
   437.40351177752638     
   431.66874047833710     
   428.11220243778450     
   423.91609371390257     
   420.22439550169355     
   417.00054817114614     
   414.65050507709265     
   411.93487668721656     
   409.50950581200129     
   405.89147013242621     
   403.83447472938758     
   401.59828375036756     
   399.75818051198956     
   397.53329128102195     
   395.30262691225749     
   391.85226941700876     
   389.52577353915359     
   387.07484607765321     
   385.90037027840901     
   384.27839189504368     
   382.65727609296391     
   380.75320418989730     
   379.70874565665224     
   380.92876809983386     
   389.28848723246693     
   394.43504876645846     
   413.85518170964349     
   435.73193966560967     
   454.25323043239757     
   473.84493970529530     
   490.91414292957609     
   506.07058673569702     
   520.94675121916578     
   537.83203301969536     
   546.71918260895950     
   553.65722303796360     
   545.27253050566480     
   514.85891528546051     
   480.68095494142773     
   459.16395352236998     
   447.87533865602626     
   443.29169180132578     
   440.57855997523643     
   437.26897845554703     
   434.26450126157954     
   429.99307752419293     
   426.16303711374405     
   421.50092777029363     
   417.47231091641868     
   413.85969301745297     
   410.28816793531507     
   411.18052731863742     
   409.56095141732777     
   406.94781588959972     
   405.31212629542381     
   404.01465776104004     
   402.79636108267835     
   401.77558113535252     
   401.15363865370421     
   397.57241245205387     
   395.77198911323910     
   392.09377004508531     
   389.91655635706138     
   386.34955893435892     
   384.17186330415143     
   381.38035091313259     
   379.35350901719721     
   377.13358670786738     
   375.37139411824398     
   374.10840418010122     
   372.53603066105188     
   373.01880952636230     
   380.84937507827550     
   385.35876154270483     
   406.70406404159962     
   427.71576042096495     
   446.21886711767547     
   464.78087354093554     
   484.78954583168940     
   502.33827549261912     
   516.49676506328763     
   530.73277882663490     
   535.00333448209494     
   549.43482656174888     
   541.80990124324785     
   520.87774162755738     
   517.76500796603455     
   484.79473293013911     
   467.21410134746475     
   455.84330240948429     
   447.60607177838949     
   443.88612521485464     
   441.61303691438138     
   434.68818752880071     
   428.59238650257959     
   425.65292613611717     
   423.54147469684034     
   420.16104619530296     
   417.65134565837724     
   414.75090828564964     
   412.28153255807814     
   408.32858441878648     
   406.04539244724748     
   402.99573901505613     
   400.89313825096593     
   398.45394345711060     
   396.40572396327326     
   394.35601204695672     
   393.11038993943725     
   389.05062878839851     
   386.25595854505991     
   384.40863294580606     
   382.16500434036050     
   379.00497637439730     
   377.33339781595811     
   375.37654067935051     
   373.64417914868375     
   372.96792536256322     
   372.21634044790090     
   374.17206582654137     
   381.91391275970068     
   387.13233012005742     
   405.66809271131507     
   427.39953979125312     
   445.37317473738796     
   463.94035147610219     
   484.56332990967184     
   499.69570303438780     
   514.85025525696642     
   517.81772184175588     
   525.02910986565212     
   515.64126020338711     
   527.73025111978143     
   503.74354859444048     
   494.14330761214734     
   501.41339907592862     
   514.02835489733252     
   511.18447931121352     
   494.09412272230088     
   496.80701200606973     
   473.36296880588912     
   464.59155881020627     
   452.91050964640044     
   439.94093760082666     
   432.41765147221884     
   427.98565611574134     
   424.50898543181864     
   420.46210444379733     
   417.36470334772082     
   413.32183475996300     
   410.40152096751217     
   407.34488258974659     
   404.78697597534364     
   402.66452030013068     
   400.59478838071647     
   397.49056327287462     
   395.03650484627263     
   391.77507257672119     
   389.15287968377362     
   386.96914087512215     
   384.40485132389472     
   381.20707634484290     
   379.08475279949687     
   377.74294136232265     
   375.79239267112155     
   374.23013040074835     
   372.69092203278825     
   376.06592171433613     
   385.29805653553711     
   390.55296089019077     
   406.14950244657575     
   429.61440407035417     
   449.24946274702916     
   468.49069426754903     
   488.44095774017262     
   507.03911122592160     
   521.06336109212793     
   535.12540159259459     
   539.56528405732922     
   554.34699811370740     
   561.23863860114830     
   552.11692644984612     
   525.37928995213485     
   501.65965085633604     
   479.56938976618335     
   483.21291577348961     
   469.30464049167580     
   462.78272128613850     
   463.45350640460958     
   456.11797408978350     
   447.18724321092657     
   438.02172042399690     
   432.65235992452580     
   427.41442284961818     
   423.80974552372095     
   420.33408960662513     
   417.19035063357603     
   414.27220328578443     
   412.12357989550094     
   409.69249479673641     
   407.35442765275974     
   404.98701393220057     
   403.23255432278268     
   400.56163037789617     
   398.29811233173211     
   395.51261738287235     
   393.69544678911575     
   390.11697044016671     
   387.88741355392068     
   384.64795784630269     
   382.58634894678931     
   381.40835235030391     
   379.85296844088458     
   381.71846380139255     
   381.97763949282455     
   385.40650736839473     
   394.43382813374456     
   401.39579708802972     
   408.35083107353506     
   429.99065463123645     
   448.72188694192863     
   456.72932980438219     
   469.83504540805842     
   487.80431527007528     
   505.77269820760324     
   504.98389466435253     
   521.48545033011499     
   512.50633331156303     
   521.36639859476554     
   510.54644225234591     
   502.13290191607786     
   496.79463583689767     
   483.93218853595954     
   469.11165846970698     
   460.39742643630399     
   464.76958428490531     
   455.25198621367008     
   438.37742825953302     
   429.07438005823872     
   424.92173582087065     
   420.43618912798712     
   414.16255544343778     
   409.55762203433756     
   403.04457373043192     
   399.56009010052185     
   398.94040110411703     
   397.20898405058733     
   395.15078010007545     
   393.54981423904485     
   391.28430056596994     
   389.83338041887816     
   387.49222580745220     
   385.78705546301012     
   382.99386172175815     
   380.82597697117927     
   378.09924904556044     
   376.01456745459001     
   374.03388754062490     
   373.06586359340616     
   371.88739532497209     
   371.02026771826519     
   370.49755960883209     
   369.39244371735145     
   372.62390434111984     
   378.38592623953627     
   389.32705055917785     
   393.97002501426641     
   418.99995847466147     
   437.46364795183973     
   457.24350763648062     
   474.36695821868483     
   493.09081499454618     
   507.42470108258289     
   524.91530934423918     
   530.91085621051911     
   543.75967075937376     
   533.52432846883528     
   531.30602052164033     
   547.50436314025399     
   556.28000529414248     
   529.44065455219356     
   506.88320165238486     
   483.11749339111094     
   462.68097146006750     
   445.90938686480848     
   436.64460344471433     
   434.26954751455861     
   428.13544983323845     
   422.89448989151737     
   418.55845789020100     
   414.83945131622698     
   409.82335179237668     
   406.58523800163908     
   404.84278589216842     
   402.80848923938987     
   398.74915828031209     
   396.43796928688789     
   394.48610183324587     
   392.92580261317448     
   390.76221182776601     
   388.71565893151535     
   387.82622456565161     
   386.36024260671917     
   382.41093099707001     
   380.30588515381800     
   377.94214179574135     
   376.19090996192216     
   375.10011369760599     
   373.78427490818041     
   372.28740263759329     
   370.92852027211455     
   373.48808321730519     
   381.21616628665248     
   393.46319696994073     
   396.00921585653168     
   421.89176633082934     
   443.33404064559028     
   462.92638394003677     
   480.05005502182507     
   500.18085108928869     
   511.11064166526478     
   507.75387117187802     
   496.23579264002831     
   491.66042339540388     
   495.50121876317087     
   498.00589175373796     
   490.97455533561316     
   484.46265804886548     
   466.43343817527955     
   475.30907944571101     
   486.08215968982256     
   459.55508131537994     
   448.03347695149785     
   442.44377213475923     
   437.79686515330297     
   427.52083799689865     
   422.35972327326010     
   418.12093886045989     
   415.29138311522945     
   411.36993450716693     
   407.69005626765363     
   406.07965389621961     
   404.95358895143113     
   404.50672656539638     
   402.79618877762027     
   400.48779971562578     
   398.93126266701631     
   396.65536475954912     
   394.19915785242364     
   390.80147270778969     
   389.37559850919655     
   386.22857877606776     
   384.23439363355772     
   381.53367437241610     
   379.59933492375598     
   378.39636503162615     
   376.81579446774913     
   375.21304268920608     
   373.89392232409620     
   376.33385769833109     
   384.52302708240285     
   398.07569759056719     
   397.62383332301636     
   420.93124455037088     
   439.59533269492533     
   457.54825839198656     
   471.73014998289682     
   492.01263630770438     
   507.33980654428836     
   514.69509961766471     
   521.62614577867998     
   526.11759670601373     
   542.40875216922029     
   498.30731492010779     
   517.60649458114744     
   511.02384653907120     
   490.43093914887169     
   486.58003865284456     
   488.24574020853470     
   494.14222915855021     
   477.63340600920100     
   465.94150984563868     
   452.73270310768197     
   441.87855158123381     
   435.34337882345199     
   429.42566626344569     
   425.72295791606325     
   420.58729684564099     
   416.31540209303137     
   412.50299918745191     
   409.51389751890110     
   406.65226803427862     
   403.82243844702657     
   400.61400731939761     
   398.89575037114361     
   397.16078194312308     
   395.01246106225727     
   392.66842128844974     
   390.61545941810442     
   389.43770078854209     
   388.55453931036243     
   386.67805790798934     
   384.82387996368544     
   383.79804164105042     
   383.12888078338733     
   382.28956442501232     
   381.17927754496100     
   386.26850193942221     
   389.50036167419921     
   392.91012061212319     
   397.34439322174990     
   412.81906059542263     
   438.17007534163383     
   464.86344251678929     
   482.12706389311433     
   500.45921186597349     
   504.13679395151200     
   524.93022323992420     
   537.71018012858042     
   552.81607544432893     
   561.19189786631478     
   531.88454984834516     
   519.14071400748776     
   540.02898757821060     
   541.21590911255998     
   533.20659854517044     
   504.85964188547428     
   497.39834441587192     
   478.23040105056714     
   463.06380670985880     
   454.47476456298085     
   444.59817338474039     
   437.67646002599474     
   429.90366947568936     
   423.97482684102761     
   419.96554611734655     
   416.39980129586019     
   412.35828653575658     
   409.66955560965584     
   411.03935996322338     
   409.29693277264869     
   402.99933268183509     
   400.06431656741262     
   397.31353769322061     
   394.99893388186825     
   392.56680391426420     
   390.33348820801882     
   387.28757150058232     
   384.96145664454167     
   382.53554028885895     
   380.56347467093582     
   377.89877236571601     
   375.92261998468888     
   374.83746187878478     
   373.94710867336778     
   379.32441226735705     
   388.79239788974525     
   400.09326780872635     
   398.83654823266801     
   420.06767221348281     
   443.73983447492958     
   462.23754172725700     
   477.17071220418092     
   494.63936984927221     
   500.56351968171236     
   509.83209156688429     
   513.16543088831042     
   526.72144175217068     
   526.19326793177743     
   533.91580860255988     
   533.17384925837780     
   528.78818238283043     
   522.37675689325033     
   512.69119591488470     
   498.79643846289878     
   488.25043307101606     
   475.71442416144322     
   463.24566506686159     
   449.22411273637090     
   434.44322096248334     
   425.13393869692374     
   417.53020460984823     
   412.37070415602204     
   406.94181887211016     
   402.38420041054945     
   398.82703896028607     
   395.79267686722358     
   392.48864376447204     
   389.56289628559739     
   386.64179673806268     
   384.30422960285154     
   381.52475290001087     
   379.27448210653591     
   376.18650117474868     
   373.90157955638131     
   371.01523090276856     
   368.91953599708791     
   366.30067958422643     
   364.40367306556766     
   363.08944235422825     
   361.57594870247527     
   360.20546996520318     
   359.13108591194555     
   363.06119423380562     
   371.93323681878815     
   385.65493704600698     
   389.18516308644905     
   401.28460692781420     
   430.70082832071495     
   452.67499299268479     
   468.29641198747396     
   486.06356797881591     
   495.32361232750350     
   510.74447789171643     
   518.55674620413072     
   521.97267833332694     
   526.37832861164873     
   529.44091058759352     
   528.78584000451440     
   526.89654717138751     
   520.94621406667829     
   512.35855320527196     
   500.78287175249119     
   487.82275912713732     
   473.26975884129035     
   460.10129542695176     
   446.25689560927646     
   432.55832051774922     
   423.52106458404228     
   417.82082510059297     
   413.37611980543403     
   408.16274556175642     
   404.03051379537084     
   399.72379503759271     
   395.96145692608945     
   392.55700202944865     
   389.97613384223979     
   386.52307079857815     
   384.09644764683537     
   381.20616011331640     
   378.78043751156298     
   375.47723427183513     
   372.96977415386732     
   369.84368438293495     
   367.78800664607616     
   364.50112595823504     
   362.15405640948705     
   360.48376391929355     
   358.21130753607594     
   356.94489013982792     
   356.37646674680576     
   360.89636525728372     
   370.88310980762469     
   385.51997546229177     
   393.63360536217994     
   398.03789100176544     
   430.78396048874981     
   452.09589710014058     
   469.23486993532322     
   486.59153297808297     
   494.68291538861183     
   500.21778550506588     
   500.18408782125687     
   510.76811435169458     
   519.18005444718074     
   523.29891854953632     
   523.28272365654834     
   518.93408121203993     
   507.21067884226750     
   502.42772748118807     
   491.14021651200079     
   478.26435970653483     
   468.36541968240851     
   454.38683745627452     
   442.06618072100719     
   431.56857921100033     
   424.39090219752882     
   418.58465357131303     
   414.16439192119617     
   409.47467484980086     
   405.83602446445298     
   402.62581862157987     
   399.76750691852521     
   396.44312572839584     
   393.52981911534926     
   389.85096440890919     
   387.30882887619561     
   384.27315324432487     
   381.85290532676669     
   379.28750135299640     
   377.51260401922536     
   375.64918408166017     
   373.97119261422188     
   371.62766630990365     
   369.60019212180390     
   368.71350969141702     
   368.07711926507579     
   365.68194825753932     
   365.25191126997680     
   368.48077313067239     
   375.73946522241772     
   391.29852278610747     
   407.91802021189233     
   403.22315180577067     
   437.78811885166448     
   457.23293804732720     
   468.18988359516635     
   481.04063251996678     
   490.77605874793767     
   500.42848954454251     
   505.93404631306765     
   516.19667551342638     
   521.08084608760362     
   523.32666490236556     
   522.26069027349229     
   518.63445558953731     
   511.86864162679115     
   505.10969587648452     
   496.61512103752165     
   484.22901298421033     
   471.13753704096621     
   458.58916334998071     
   445.21889108003523     
   432.56359436843860     
   424.51459979489482     
   417.68747361399801     
   412.83803482062308     
   407.29968979547033     
   402.87689849540249     
   398.17303219621766     
   394.44937965089463     
   389.73594804126083     
   387.57449114991255     
   383.10381506144199     
   380.06760581364398     
   375.68872289880517     
   372.48584614910590     
   369.45289450376561     
   366.83159900651026     
   362.51215612290650     
   360.66302059047700     
   358.36881307060952     
   354.96597420059942     
   352.28196180043182     
   350.60206203826209     
   348.77352683595825     
   347.92411677992567     
   354.12467446008333     
   364.96567319984376     
   380.85932608329091     
   397.35714781699386     
   385.69635375375742     
   424.25907977651082     
   452.18295885427045     
   468.80786724212743     
   484.19734022116586     
   496.94313675717001     
   506.63250756270980     
   511.56273850619687     
   523.74748479678351     
   530.95868215409803     
   533.53355068936730     
   532.59067572274080     
   529.42749338654346     
   523.06194988198524     
   516.28185126951257     
   506.88154007396975     
   496.25949771467401     
   483.23705800352263     
   467.63087955459275     
   454.23536301943523     
   441.07318453876542     
   432.95163982984201     
   427.30617428225435     
   422.14896762093304     
   416.67637799106268     
   412.68549819568426     
   409.38505314762244     
   406.11007558980344     
   402.82529109561858     
   399.45338965030794     
   395.72168384831440     
   392.40623917954468     
   388.58446516566562     
   386.82411821693637     
   383.38703219737414     
   380.86491820381497     
   378.86705688609447     
   376.73233366629057     
   373.39057290494719     
   370.64882640672198     
   369.09779523523673     
   367.87059507828695     
   365.76675936336642     
   365.27942044349510     
   369.95319096366779     
   379.75857567343780     
   393.62580564908001     
   409.57324357869487     
   401.97676094957404     
   433.78010041320562     
   461.36346069504759     
   482.48483807973150     
   502.36257342347085     
   514.84652138118361     
   530.62451526674499     
   534.94919515570382     
   542.56420007172335     
   550.06331240000679     
   557.05736594709265     
   559.06355993321938     
   560.04405062373428     
   551.71015785320867     
   546.71228398057735     
   533.71393197285261     
   513.16653214220855     
   490.37771000031876     
   474.53758648174562     
   462.78432161637511     
   453.99992417510413     
   446.41636405794753     
   441.36194382467096     
   436.97640503176848     
   432.42440951448822     
   428.66490519206474     
   424.21565295268391     
   421.14956741124985     
   417.03466999765794     
   413.66147957337512     
   409.00760978721962     
   405.97675036297562     
   402.48906482558135     
   398.95120412957834     
   395.26138138211059     
   393.69722682981632     
   391.19797977425213     
   388.63916705050508     
   385.67044338291208     
   383.58200825379299     
   381.20130004788393     
   379.00687659470628     
   377.12587909004327     
   375.90850559005622     
   380.50789168077654     
   389.72747816622461     
   404.49039295004519     
   421.34964183333591     
   421.80427794492914     
   442.35639678671265     
   473.74702803631601     
   493.33644273581604     
   511.47302633373874     
   522.60947510147253     
   540.29580972001702     
   549.85816907551896     
   562.15035863873777     
   575.51129320190864     
   566.43849890220724     
   537.76638970434601     
   533.82509106361010     
   519.96274851330350     
   507.36558177493521     
   496.78609547350402     
   487.81536452607787     
   480.91499317057122     
   473.30235349267258     
   466.58011689908460     
   457.02579060357436     
   449.68374623236593     
   442.63617546715420     
   438.65667852915368     
   434.22143759678085     
   431.21554924443024     
   428.62524795869246     
   426.36781827883988     
   424.22781002364479     
   422.16375757589168     
   417.56975539948837     
   414.95393737994374     
   412.08492458856182     
   409.70537150532039     
   407.55295554157294     
   405.59164195374035     
   404.21917476306868     
   402.59090362153950     
   400.71933741799427     
   399.31193821174378     
   398.91649273376305     
   397.60974827952060     
   396.10977059158472     
   394.92765410423129     
   395.78088316423759     
   405.55940371501413     
   419.82952345728836     
   425.25954366646363     
   434.89291252887693     
   445.67625208378007     
   479.35156183092278     
   495.15886082908844     
   504.64005203942151     
   528.66370086693405     
   549.34882746611129     
   560.63627813895221     
   581.03152246152877     
   588.78927009196423     
   581.58120874642213     
   578.12274702383286     
   565.06484121049152     
   566.04511839228883     
   561.93279072335190     
   552.26487861330827     
   530.89968865549633     
   497.79924133504096     
   488.48754273155959     
   483.43710134887351     
   467.61907890365137     
   460.61029339085962     
   454.78645134803457     
   450.20162165190646     
   444.41515902307384     
   440.41109398313699     
   436.67007244157196     
   433.44415682804191     
   430.05949132385376     
   427.19825552948703     
   423.60537101716267     
   421.03420321058036     
   418.17598798372944     
   415.59130009369187     
   413.24118331310592     
   411.12694788159240     
   409.70242587131798     
   408.23269107486072     
   406.72124009361858     
   405.03927504484955     
   403.99107721205553     
   402.87320277221374     
   401.47921031808198     
   400.87503298607328     
   403.63605486406158     
   411.65366553528617     
   425.75882242016769     
   441.78697920850703     
   453.37914986180778     
   450.94559982116817     
   485.71570187913426     
   506.18320801651794     
   526.40694308027457     
   538.05035314519250     
   551.34203502273544     
   548.72971239572269     
   564.76489576814890     
   570.33048956846812     
   577.40501632437224     
   580.63198709708900     
   577.65645421631029     
   568.07258407076517     
   526.07240568099257     
   498.69592048937227     
   484.81390876478537     
   475.96006127769465     
   468.25794843079319     
   460.04977438946781     
   454.12349332143231     
   450.57783315908176     
   445.97432697625760     
   442.75981641632626     
   438.89421955104791     
   435.81075212154252     
   434.04974169158260     
   432.18947507041827     
   429.57491328378040     
   427.47074366846414     
   421.17599930560817     
   418.02081329367212     
   414.83303681959723     
   411.63208733330140     
   408.91241109066397     
   406.75206185820434     
   403.43867567685010     
   400.97406231420496     
   398.11677859665082     
   396.04791689380136     
   394.36561457671371     
   393.01146160687244     
   391.77228569302395     
   390.63970371683206     
   394.51316538391785     
   403.24896188977925     
   417.63369018436833     
   433.23177222727259     
   450.07255982271380     
   439.36698332377426     
   477.20263358822564     
   494.82413214022910     
   521.37483964007299     
   542.36276686636450     
   558.61400824680584     
   568.63912015385449     
   585.61806026422380     
   592.33977292910174     
   593.14901993592866     
   592.92554425357855     
   588.96942501384069     
   582.85400849436962     
   555.80577930044547     
   531.93884739494445     
   505.93104753801845     
   491.38853197062332     
   481.47545122310862     
   474.56679471859445     
   468.63114396715747     
   462.89964099355723     
   456.93593032703859     
   452.01294181799358     
   446.30717081342544     
   442.85537367245104     
   439.63913090322001     
   437.69288641548155     
   434.39656402033438     
   431.86618063599093     
   426.02561415448901     
   422.79834504321877     
   419.00370151691476     
   416.33481580965093     
   413.25984110657322     
   411.23334125772948     
   408.37774920877763     
   406.06329555611495     
   403.33952588225327     
   401.01246647853515     
   399.30911515666952     
   397.54727337168481     
   397.57748163188847     
   397.51215935477609     
   401.84245244531826     
   410.69137493579819     
   422.42856985686740     
   436.98904808550952     
   455.00138082139080     
   444.78879039851012     
   480.14962071791894     
   493.16882558652810     
   519.96676217268691     
   534.84222861450007     
   553.92600617888763     
   562.10953165875378     
   577.88009010734777     
   580.63421057896949     
   582.97423245991695     
   575.38218671529376     
   549.81690183839498     
   554.80986799661127     
   514.42566203698323     
   492.36034326343946     
   478.74792176854584     
   467.72830237744364     
   462.92425736899645     
   458.13152805735967     
   453.41771622833949     
   449.39435041363748     
   442.46619306833321     
   437.74905390668505     
   432.07163242212056     
   428.45651469781996     
   425.88873182183733     
   423.91403325001841     
   421.40776280558805     
   419.29326547417816     
   416.93357180710240     
   415.07192045536885     
   413.49098819938899     
   411.63891141611469     
   409.57871117759970     
   408.18885658982401     
   406.50794387426441     
   404.67415603447654     
   400.29237762146153     
   397.99399814047615     
   396.01361310010168     
   394.46584978314195     
   393.41604896579270     
   392.97629846785020     
   395.51011632252209     
   402.78960076880242     
   415.44356557676616     
   428.60497381381100     
   441.30268246317297     
   444.96701718298038     
   470.93399329615460     
   480.49364467633683     
   503.22743611040750     
   525.19787206874832     
   544.97478068369878     
   554.61766606801075     
   568.86960782093388     
   576.61987198936129     
   584.95825807813696     
   585.48545377944231     
   584.40571810454742     
   565.11958779746408     
   559.74084413567050     
   527.14124405372775     
   507.55557605736516     
   492.21903817347209     
   477.01131648378674     
   466.50585674372593     
   459.98380109127550     
   455.30071983801304     
   449.82330747248125     
   444.62938053297489     
   440.68447429227621     
   437.06705992237738     
   432.04164795277376     
   428.59826928062955     
   424.67907480601190     
   422.27986604606207     
   420.27752487482718     
   418.66724445372284     
   417.52758033548673     
   416.88020762288374     
   416.11879980076196     
   414.66608354855339     
   412.58392740333773     
   411.18440310576796     
   406.95740369803332     
   404.04990313136619     
   401.94247809435279     
   400.13973988625031     
   397.69786368460285     
   396.87469033304694     
   400.09461210037438     
   408.33594444139038     
   421.67053715442540     
   437.91590942200224     
   455.40034136387413     
   457.49820769910815     
   477.89971203375484     
   483.02142036502886     
   515.45793978704080     
   537.64770431872398     
   549.73800972906804     
   555.86672943321355     
   568.89942271490850     
   574.10300837321267     
   574.52138891628624     
   580.13156162628059     
   566.31180930802486     
   563.35887001817366     
   537.60294976674334     
   513.86613313970736     
   496.59925476748850     
   488.51883451361101     
   480.49860377516546     
   474.15547481848620     
   463.02347594039105     
   455.81055821752540     
   449.59130265409703     
   444.99413826793682     
   441.21510311692140     
   437.63500095519612     
   433.74922229469945     
   430.62975449765230     
   427.75804351361955     
   425.29264269129851     
   424.06622770925424     
   422.70618479907358     
   422.39410432712384     
   421.52495958159381     
   417.06370325346484     
   414.52518180266190     
   413.87729834481223     
   412.61149708863258     
   407.77516084257741     
   404.75146689121624     
   404.59751195088455     
   403.52745008831459     
   400.85856397934799     
   399.54577487067502     
   402.88522980045337     
   410.41972879799630     
   421.37167039141610     
   434.65157830126884     
   451.51452361673370     
   462.64325570356590     
   477.01644675657070     
   484.12986864017483     
   516.69199387342235     
   537.93037464298607     
   552.97902931455394     
   560.65594321844571     
   575.83898519931256     
   585.59508503262555     
   561.40537847859673     
   531.25960662801674     
   530.42808269577324     
   525.18412686875035     
   493.38004230131577     
   479.88694811882965     
   469.58293299700455     
   455.25209449349938     
   451.67366080883090     
   446.51118107652951     
   441.73886786614503     
   436.62878073388441     
   429.69453570730082     
   428.63251223242008     
   426.41658655157221     
   424.68700401433398     
   418.97209862411728     
   414.82501203072798     
   412.05424140410821     
   410.29913093698423     
   408.43724306409649     
   406.54381006700709     
   403.84021713535964     
   401.67143866206413     
   399.49282281515485     
   397.84829186689825     
   395.45531340976919     
   393.64205601021990     
   390.86665476499110     
   389.42650033648351     
   388.40478979726333     
   387.00335925750232     
   385.67689187525906     
   385.40870791540266     
   390.37467017889850     
   399.09021071397467     
   411.54581706943259     
   426.62758609218275     
   447.62468072538468     
   466.91661756854194     
   471.92516981488262     
   472.26734680031859     
   509.42412121844251     
   528.02595245903262     
   540.27022414384192     
   547.95286297340715     
   558.97470263302102     
   534.93326853921621     
   538.68615067852932     
   512.09435451573904     
   469.47285550171182     
   465.66755319384316     
   476.61400295822278     
   492.13714419600609     
   472.70348092027928     
   457.44442921549438     
   446.40795489381890     
   440.01601793608756     
   434.93555874255560     
   430.87103412045673     
   427.59541952500126     
   425.34577287529078     
   421.09275799530286     
   418.13338893394661     
   416.66928505988062     
   415.08795428059511     
   411.26317450461914     
   408.81229520961523     
   406.39055133742386     
   404.81013046664395     
   402.45860227911425     
   400.74033318299433     
   398.22227057089071     
   396.42332617733751     
   393.71238105930200     
   391.76732663009301     
   389.00093577034966     
   386.96534186777052     
   385.88640660852440     
   384.47303323718080     
   383.09789060581892     
   382.70869593721625     
   388.87677146050771     
   398.09102102563969     
   411.39871119940074     
   426.53834969204502     
   445.95359931199766     
   462.98888805397019     
   470.82548590061748     
   470.62560381137246     
   511.58185867984110     
   530.69069129887066     
   537.49424006965035     
   526.86088179617923     
   526.18602083034216     
   503.32861331433452     
   513.26040033064021     
   492.33910682857857     
   490.01620120409279     
   521.64478065579726     
   499.37275280746229     
   483.52022090230963     
   495.24775232647494     
   486.42268809518146     
   468.03944990753388     
   457.11663145835405     
   450.26499171753977     
   446.61963097315214     
   439.40403224436307     
   434.69487842271366     
   429.98745600933250     
   426.66454506535558     
   423.00660180946596     
   420.80984498171955     
   416.18459288606289     
   413.59473821984255     
   411.73052206998659     
   410.03797164688575     
   407.92852565722632     
   406.22011940979439     
   403.13019199538866     
   400.81581205817696     
   397.96176601373662     
   396.29571994108596     
   393.98632310578756     
   392.36032190088184     
   390.62923746008306     
   389.44274326904196     
   390.11792981473275     
   389.39439598232309     
   392.05496319546796     
   400.55013459240530     
   413.58320139437768     
   427.62134252870146     
   445.77276563807544     
   462.06403260214097     
   474.07859113320035     
   474.72060950305473     
   504.39034267834614     
   518.28374101340012     
   486.81004553696113     
   510.60384136683535     
   517.20467926554215     
   520.25066658283879     
   525.18636080276917     
   519.69269063612444     
   519.30390560216074     
   528.71765726299191     
   508.43048535057545     
   507.02243809712019     
   485.72637826623668     
   477.97248210916950     
   467.20531239814193     
   457.42953901733335     
   447.84939410934089     
   442.97635587203143     
   441.55028749732600     
   438.25223086890855     
   432.68417312091970     
   430.16730431840028     
   427.63199887228353     
   426.35174045329501     
   423.59300624890034     
   421.59991681217093     
   417.18854008386802     
   415.23491050915180     
   413.58282693074636     
   411.85754005942101     
   412.31141000344229     
   411.44940198819637     
   408.82833628607875     
   407.67237501781045     
   406.32724667953204     
   405.03210876250370     
   405.08093589102953     
   404.23639099172988     
   402.38699176747872     
   401.58632547106657     
   407.71956374473172     
   413.69365432423729     
   427.53651770697866     
   434.74134565333208     
   440.76418734372697     
   452.19489107315735     
   474.37564588775092     
   468.68238763253567     
   475.71738511084749     
   495.68591558431507     
   478.24863511031731     
   487.38666836470276     
   515.48284693664971     
   498.57057166296380     
   467.90093033978553     
   453.10738431808164     
   447.29577548181868     
   448.80203391446980     
   455.02131200083238     
   460.75594707880060     
   459.37815860189903     
   452.10287080022948     
   445.65056512559624     
   437.05064898186731     
   430.53107579487295     
   427.50009594837098     
   423.55958846750292     
   421.21932345952644     
   419.23218130235125     
   414.80807377951879     
   414.39945813623660     
   413.71845807835103     
   413.15710277555985     
   412.81914342403013     
   406.37799487296866     
   404.18315238258657     
   402.65861069054256     
   401.10100053731605     
   401.69497797794878     
   401.41865357675971     
   401.39322196002070     
   400.80497882890199     
   400.25893253105880     
   399.81917494883248     
   399.66586167271817     
   399.25600042578264     
   397.41054032535772     
   397.48024604479889     
   400.25418519446146     
   404.08116287915254     
   413.29334732267523     
   419.04642640288142     
   427.56931235826727     
   448.81365418181792     
   470.97228784593125     
   466.56036670052293     
   497.17640762364931     
   506.75033206014041     
   502.74417888576568     
   504.43021611194240     
   494.71917930614546     
   474.17336447587240     
   493.25084314408787     
   493.27348918455357     
   481.23597368605436     
   468.88379319350446     
   462.33365198545675     
   468.28712397185956     
   464.28338896977874     
   457.51478367251451     
   449.57292929903855     
   442.66447503696929     
   435.10228678161320     
   429.94745777741360     
   426.67032662334378     
   424.09184111434689     
   419.93484929286745     
   417.26983979156250     
   414.42301793465504     
   413.00723634850306     
   411.40286854992775     
   409.44374555139160     
   406.78290972105992     
   404.44013908405771     
   401.17176718868404     
   398.84887682990615     
   397.57566917501913     
   395.89840664306513     
   392.45157833911890     
   390.26831922536758     
   389.15957040296951     
   387.59621067187737     
   388.16455516344178     
   387.48043375120045     
   386.81119594271541     
   386.36308391838890     
   388.72593034133195     
   398.14225782043093     
   412.10797286253404     
   428.18061427685848     
   445.50891305502847     
   462.64178210825094     
   482.72995173306003     
   470.12588423196195     
   499.32464794471235     
   526.62273291262602     
   509.30927501460224     
   515.83269439788228     
   537.68432696389505     
   518.24020192863657     
   515.28797783822529     
   522.02993695494729     
   519.36638132121334     
   506.26612385073128     
   501.78159502327753     
   487.65071398031324     
   474.88265650192074     
   467.32606363890204     
   460.43168100907826     
   454.45761912983681     
   444.44331958211899     
   439.73968657070793     
   433.79592921647236     
   430.05845238305028     
   425.02987836839930     
   421.75495194210657     
   419.82586690236337     
   417.23279989758083     
   416.25305053851980     
   414.70804544550441     
   411.61138371617710     
   409.52093821711748     
   406.97608138448754     
   405.17679967676349     
   401.96650915845686     
   399.53366486520929     
   396.89958765837770     
   394.89503282626134     
   392.59146573542978     
   390.70042759317676     
   389.75720646065292     
   388.81677461664282     
   388.38853803668616     
   387.96426384504645     
   393.10642793968361     
   399.98972821684060     
   416.17212750661514     
   431.99808372282683     
   443.68140792591714     
   456.60661031482016     
   471.15819257256982     
   475.45926013438697     
   489.50824759987256     
   494.26926253713088     
   508.90891549304177     
   501.98603247369755     
   516.36368106470877     
   541.04310583405459     
   513.95652142231461     
   519.58994562706118     
   487.00007981730960     
   471.94713616495926     
   464.97249460209116     
   458.46132881406072     
   456.68598281384942     
   456.55134246886519     
   455.65923168098197     
   443.41347060062060     
   431.48905477106808     
   425.21792806563224     
   424.27459937254048     
   422.36971705722254     
   420.14200244364093     
   418.32946440600250     
   415.63682239672693     
   414.85003673932277     
   410.47311086067879     
   407.98586317636739     
   409.85021930244676     
   410.05578869439773     
   409.82889925599642     
   409.05396436458267     
   407.95543337235762     
   406.68852655219069     
   405.19266509744017     
   403.84105654902544     
   399.86859823371867     
   398.61041896191819     
   396.14704716959142     
   394.71292556473412     
   396.25510368865594     
   396.37166037316285     
   397.36755957653861     
   398.81403835671887     
   401.39644474419987     
   404.61849126048526     
   404.79847447890700     
   409.50653694911313     
   414.03400434415573     
   417.11629332706877     
   428.04956915532233     
   437.59450552739713     
   449.97134720218526     
   446.23476507269152     
   448.51269221804978     
   455.79054023556358     
   453.51677554447230     
   449.39044976400436     
   442.01225506851432     
   434.70791982388477     
   433.83014084240051     
   435.58339007501297     
   439.25420348505463     
   434.88655665744824     
   425.96285937516774     
   421.10594415227359     
   417.38581587082984     
   414.75239039076769     
   411.97247790309910     
   409.94103827326421     
   406.85192893191942     
   404.73457913762070     
   404.24879585704520     
   403.55928333686461     
   403.46646173469253     
   402.69666941679708     
   397.26040497485906     
   395.02198697036101     
   391.18951334069118     
   389.16923616572979     
   388.34033689631332     
   387.35053249315564     
   384.47546584365551     
   382.76194558243202     
   380.39944151651827     
   378.98131187926128     
   381.82284716929161     
   382.34451630284894     
   382.57506882649506     
   383.07428139186192     
   389.33201788380120     
   398.92912023539657     
   402.50690993591388     
   415.00530108720619     
   429.65764148666676     
   441.80964383314256     
   466.65503349023902     
   449.66626703138479     
   476.18748851189781     
   493.27771982671840     
   504.56000439899344     
   509.62157453659677     
   519.33289112508362     
   518.83035881004946     
   531.06312397394299     
   536.76665480692100     
   522.21289045890194     
   526.59728591242219     
   524.64094503274305     
   502.54310181457203     
   486.25067155515706     
   472.29591905225027     
   461.47360166363171     
   451.15490459888247     
   441.04446549004365     
   435.02178620772355     
   430.32300175200959     
   427.16969615065170     
   421.89265843754237     
   418.22365394941011     
   415.91513877405424     
   413.43863109989985     
   411.62733188139191     
   409.70647888341949     
   404.27102289711843     
   401.40813818428450     
   398.76113143753173     
   396.58995541912878     
   393.92591624480269     
   391.78794829948936     
   389.13878554627775     
   387.19737393771646     
   385.11939876163348     
   383.40273678248622     
   383.95467179353278     
   383.47207879612444     
   383.30075636913244     
   384.12596640524231     
   389.67242175583777     
   401.66036731326432     
   408.24694539486831     
   424.66374803269952     
   441.91125458711997     
   454.71441587183801     
   463.78758367624647     
   461.25563251678125     
   492.29049596504569     
   516.28391300238866     
   523.58572463132077     
   540.28064684166930     
   549.07651219141508     
   558.94642287180500     
   548.76326933088239     
   527.02532991253031     
   529.22638728588106     
   506.96094509800349     
   524.54143215025545     
   517.82893206863332     
   506.41485667945494     
   495.87431251410152     
   481.68748414496940     
   464.71814260456722     
   451.62583147611372     
   444.60273071310553     
   439.52202631944903     
   435.61432116105976     
   429.89875254258732     
   426.28319946824740     
   425.33016500680048     
   423.45774834855638     
   422.62137225259477     
   420.26812482709198     
   416.62037903459043     
   414.21704810186816     
   410.82938880674277     
   407.69802097134300     
   404.51930963014809     
   402.05648268921914     
   399.43730807771675     
   397.22700019521727     
   395.23919702523051     
   393.72424360410542     
   393.81304445692382     
   392.93455955060676     
   392.92819774914119     
   393.00086147796270     
   396.41027250696544     
   406.57889916484260     
   407.65753872687304     
   408.16203767446797     
   416.88997323459029     
   429.39889658293367     
   470.11589682837695     
   467.06520181316597     
   497.93154189444181     
   520.27055433303030     
   533.46325297628186     
   541.45337872789003     
   548.48992407856542     
   562.21856226696582     
   569.02350997020346     
   556.78275520818067     
   537.91694928393144     
   527.72558267126442     
   519.27603884069902     
   489.19751385735168     
   473.15746747163155     
   460.89466768608759     
   453.20483657836741     
   444.88479150689295     
   441.95146642377853     
   436.47430143777865     
   427.59969607612419     
   423.25085080333560     
   418.38375476922954     
   415.57464831207284     
   413.23452528486348     
   412.54679591415362     
   413.84866656534507     
   412.08127146812200     
   410.67102052588348     
   408.59538060364150     
   408.50592734083455     
   408.91701504680088     
   406.74058585502439     
   405.89395204017478     
   404.10211983475364     
   403.11966532854137     
   400.49988795785043     
   399.11984309566742     
   398.53767951961612     
   397.86453973298950     
   398.12078870558565     
   398.03226737408920     
   399.02333850844957     
   399.40266974342671     
   396.99051393112131     
   396.83731939046567     
   404.96264582594989     
   423.34756236422646     
   438.05396389094454     
   441.31056100853368     
   479.20760351065007     
   512.69966390347213     
   523.16585273791179     
   496.33113998331464     
   490.65243716536838     
   515.61552367162767     
   524.29038935045673     
   529.89094570713542     
   535.90151481688417     
   522.70012928238464     
   520.96941836796759     
   511.70402300605724     
   487.51733352608790     
   478.19105397469031     
   471.39272192490836     
   460.21376035197522     
   449.83140280390637     
   443.97271923066796     
   439.43222172508433     
   435.14653971461837     
   431.06510327639882     
   428.01137091681119     
   424.02882081778853     
   421.10980706290576     
   419.05128597944901     
   416.09422107873377     
   413.79180744397200     
   411.31282068911526     
   411.33458214874184     
   410.47279677664653     
   407.61711373251410     
   406.46666426038223     
   404.10561303316427     
   402.68527629201088     
   400.38240031588555     
   398.65557411102964     
   395.49273510841380     
   393.68207517302739     
   395.91465588116108     
   397.25585773296467     
   402.61225876398652     
   415.56474828815766     
   422.74723015705450     
   432.59749792340631     
   446.84814456315985     
   461.06885018726024     
   476.26996438070177     
   470.69995156024112     
   500.14295515107381     
   520.28793168837194     
   534.78153938486412     
   546.73001915266343     
   534.21150432459569     
   541.29200419030565     
   542.83069515717955     
   540.59362522320566     
   539.56286961217677     
   535.74497773488520     
   530.30519651403131     
   521.89253281845151     
   499.56114731290609     
   494.51628408674230     
   488.05311450549806     
   478.71145179805580     
   462.96479816836580     
   452.70441049914615     
   444.96310659263060     
   439.91695619515849     
   433.18022708239738     
   428.71834844704131     
   424.27528583601276     
   421.44447787031515     
   418.01008086144492     
   414.91450669956038     
   409.64928772223334     
   406.91188451177351     
   403.88297667168575     
   401.01614257064676     
   397.56023303962718     
   394.84891795542211     
   392.41741298735758     
   390.04260196382398     
   388.11938870406885     
   386.73316322365696     
   384.98661664187432     
   382.87472754416837     
   381.76463929005342     
   382.01182296157526     
   387.97865119736798     
   398.16651061159661     
   412.17745981019652     
   427.53100184150406     
   445.43748034357429     
   463.87307349147142     
   481.68297388234549     
   470.78185894577473     
   505.62322665954304     
   522.97998074410282     
   534.28245689070059     
   531.54379011301330     
   533.19727930886575     
   542.55981321712716     
   542.18004658681980     
   534.66834720610814     
   538.55573658784226     
   535.82803333095740     
   530.06267538323152     
   520.58057579397257     
   502.42552912448593     
   496.66444174931252     
   485.20619288595617     
   471.27024104375283     
   457.52157644148349     
   449.01627092735521     
   439.32070412376743     
   433.66379396933417     
   428.96090466419633     
   425.39759628683152     
   421.69590479847216     
   418.49996350215173     
   415.63549694062453     
   413.03674524203666     
   409.13386143665628     
   406.43108719361101     
   403.64439938725371     
   401.31920132776361     
   398.26257450962606     
   395.67328940750173     
   392.22536591624419     
   389.62475973386000     
   387.79969388885189     
   385.63282745276769     
   385.53771649199535     
   384.43924126396968     
   384.10421955333135     
   384.11847758999289     
   390.78300471575028     
   402.12653794545906     
   415.10034837968033     
   430.20358319644259     
   447.10082073303994     
   464.24168096722906     
   483.68164249201385     
   475.39060322782200     
   503.33838151684506     
   509.99701282420705     
   516.18441398206267     
   522.10772905641886     
   519.86155315608994     
   523.25034512691127     
   517.62827904727612     
   518.18022767978016     
   523.60602215914423     
   515.12689792281139     
   513.52622279044158     
   502.91378094394696     
   493.50948359796973     
   482.16648338486567     
   470.83093152591528     
   456.35727298593150     
   442.34211371120972     
   432.00362552375822     
   425.16183158402521     
   419.54676957302740     
   413.76331634131236     
   408.86440289609732     
   405.29593078355276     
   402.31976042929091     
   400.91488180321301     
   398.88994637000786     
   394.68179657346786     
   392.38258247925467     
   389.69658069726449     
   387.47512951596354     
   384.10394511556370     
   381.77018202117756     
   378.46051292181124     
   376.21614428707409     
   373.46028924982579     
   371.34477335610899     
   369.42865293857636     
   367.84211575030434     
   367.86513999826406     
   368.75918524279740     
   374.10525461338477     
   385.93149164063715     
   399.69762157474548     
   399.09204772618443     
   412.70353320042068     
   424.35634169316620     
   452.80815152942102     
   458.14223902771590     
   485.59743911081137     
   501.72059566071130     
   513.59967225012031     
   514.61375785223640     
   516.30148662155614     
   525.67464379797423     
   531.01865695632182     
   536.10555415933459     
   528.50733560148160     
   530.73325253689438     
   499.46960886067114     
   493.61036742899114     
   487.43307485694277     
   469.48401991966983     
   457.33609434531985     
   447.27212952707072     
   439.73010894337835     
   431.88326981905618     
   423.43220495406257     
   417.67306936886240     
   413.68746256902710     
   409.82603054523128     
   408.91271879180908     
   406.79111724066723     
   404.02553132999924     
   402.30361146250561     
   402.71408244215507     
   401.90308158972744     
   402.40441512070174     
   401.21306273238184     
   398.92373135163012     
   397.55508774877103     
   397.05864361897807     
   396.24071834813941     
   394.31171163822319     
   392.93748750151912     
   390.49479163869449     
   389.23771102146571     
   387.03813648785660     
   386.21676037722654     
   387.24465360042831     
   390.73370484548570     
   396.06353426852797     
   400.73440190712427     
   418.88022994955395     
   445.50544226990803     
   465.68768549894730     
   472.41298845521942     
   497.83773418376666     
   511.50541765918285     
   528.95168536142216     
   541.99366141022585     
   541.42139506357421     
   559.98032103927846     
   565.87346640586679     
   565.74946608677749     
   564.46418095583681     
   557.70703997310159     
   546.84156915066058     
   533.39610897822604     
   519.46771981818586     
   503.17685464906026     
   488.12170238745216     
   471.70195460312817     
   454.64523541703221     
   445.12613503077421     
   437.89777254716665     
   432.38341319465025     
   427.22907720612164     
   423.65685678114841     
   420.35114917805737     
   416.95114320986704     
   414.07569174452777     
   411.41930363259564     
   408.02320968260466     
   405.95579192612388     
   403.38058709165000     
   401.19840884833633     
   398.18070760329169     
   396.10187406390418     
   393.31246891293483     
   391.04296542078760     
   387.61787866894008     
   385.96584434594126     
   385.08823584212331     
   383.69496042122404     
   381.95658020572722     
   383.04599472158537     
   387.12018278262229     
   396.13069395160045     
   406.40208407251055     
   423.85830797874002     
   444.17636678979932     
   459.79063492880783     
   476.09930399633902     
   480.21892023379360     
   486.01415743882581     
   506.82550649024057     
   504.25321232004762     
   515.89077947332635     
   531.80291366566246     
   539.74628842761979     
   547.25820839096718     
   504.35714475627765     
   509.74811873359363     
   532.65802590755106     
   545.91704157295896     
   521.57813797795279     
   518.35840463721013     
   495.64565393009195     
   479.07347137441928     
   466.41841366414388     
   456.11853932805320     
   448.45454327755283     
   440.65372682033961     
   435.76334194168624     
   430.67818498381803     
   427.24784420615651     
   423.49042194976579     
   420.06506922918675     
   417.83955734941827     
   415.52744318519365     
   412.32159947776364     
   409.36517891163930     
   407.46971406068485     
   405.53605918913087     
   403.37296821780114     
   401.01684812550485     
   397.91002454457248     
   396.04406776709857     
   393.46977841489871     
   391.77690047616710     
   391.47639150886300     
   389.80329992431524     
   389.25453875918060     
   390.12190306273322     
   400.49589186523093     
   412.44071684177095     
   424.30135364447386     
   437.25340512477339     
   450.62450483242134     
   469.24831525056720     
   487.83001717066878     
   498.54345786021491     
   517.11416104253533     
   520.71439228939255     
   528.04794044898517     
   534.52225849190097     
   521.93757269794344     
   534.75294794878039     
   531.14725938029449     
   521.38461918676853     
   550.29566259373416     
   524.36323621311033     
   506.61290523880865     
   493.03625847136851     
   480.48835330065936     
   473.19244966483137     
   465.40985707405673     
   456.16317677068190     
   450.07849476388566     
   449.66146038053051     
   442.95214209530133     
   438.86867453500383     
   433.60432258689565     
   430.18760307355564     
   427.89054212024399     
   425.57702366682861     
   423.27079139575682     
   421.31713350806365     
   419.91373744118016     
   418.54791494065250     
   413.73613373602996     
   411.43501680858043     
   409.29693361706796     
   407.38999412212655     
   404.64388532632239     
   402.39862128115357     
   399.14757861676480     
   396.84712208748573     
   395.92068449412153     
   394.72281044528154     
   393.60205643983102     
   393.03246008101098     
   399.64165511234160     
   410.34968810503068     
   424.19819651624010     
   438.16795117493211     
   456.22525642320431     
   471.31304060036138     
   490.42839163444103     
   507.57895368627135     
   530.03235816384222     
   544.93537117232688     
   558.80036503792201     
   565.01750312985075     
   574.56784316021913     
   581.90995337288507     
   564.30643902341933     
   578.57915342167189     
   564.74010064997742     
   521.32499854361515     
   498.91862233329198     
   487.06686013152597     
   475.15658364107151     
   470.80767871784678     
   473.92421842140089     
   464.27451763810484     
   453.35067737795146     
   449.04968468021355     
   444.50240567313955     
   440.84319073173231     
   438.75138519424530     
   436.14828976270985     
   430.43778238605063     
   426.98522347890076     
   423.29504903190377     
   420.24967375525847     
   418.05053698653120     
   416.19237197072385     
   412.22728272535210     
   409.40747554062540     
   406.93402188230152     
   405.08307488745737     
   403.41120196300074     
   401.73576320845086     
   400.03169310263058     
   398.27089518272652     
   397.43857839361374     
   396.28839246078047     
   397.62551053606899     
   398.80785265069397     
   403.42664881981074     
   412.86284318149569     
   424.97918147743599     
   439.14572153681348     
   454.32740630905124     
   470.25213102488419     
   487.05459759276152     
   500.27854839559683     
   518.38431873677951     
   529.61558551617270     
   534.19184435331329     
   536.82557264529373     
   539.76701177192831     
   547.46391316675408     
   550.65830165380953     
   550.19781299428018     
   548.69794643378043     
   552.28184344147746     
   549.90828297103667     
   544.31784326099717     
   529.19350914953441     
   509.78553192463062     
   496.89445621145455     
   483.69733987419733     
   467.38893463087834     
   457.80653268778605     
   452.67829033492075     
   447.98702819369788     
   441.60986242327948     
   437.76178030700862     
   435.42815033772928     
   432.96070286161586     
   428.53375188052865     
   425.36181442817372     
   420.96421549492123     
   418.25203110496801     
   415.31307635405369     
   412.75630513523691     
   411.51399247102074     
   410.21351777207769     
   411.03045690429741     
   410.44819753034051     
   410.58242059465357     
   409.97071615559270     
   407.83357470067637     
   406.71648390823168     
   407.76821621771063     
   409.71937149779887     
   415.17325095755820     
   424.29228463679459     
   431.85914491942469     
   435.69005224980157     
   452.23511575412033     
   478.06992565133385     
   487.74532595587414     
   506.29849811420610     
   521.01779277376772     
   524.07043429945941     
   530.74974664629656     
   521.08962506350088     
   535.64574879732095     
   538.32425047203151     
   535.78979249895258     
   538.79332735341438     
   538.80595110058937     
   532.77642944942920     
   530.26975934516224     
   499.15918164764571     
   491.60176544953339     
   492.53696522843848     
   484.56123303887722     
   471.89319709328083     
   457.76971054189272     
   449.75492133426076     
   442.68927800188391     
   437.71632482586051     
   431.78399415702472     
   427.69519288494968     
   423.67700798891593     
   420.10154162693641     
   416.45137138671555     
   413.28612472705566     
   409.63093418687515     
   407.14193289367608     
   404.24285065956479     
   402.26514375732961     
   401.18293731440497     
   399.47628545211802     
   397.08098074837829     
   395.31436086319405     
   395.69881704070986     
   394.79689481523053     
   395.78602332373845     
   395.15867852087229     
   393.95356398970750     
   395.06884583368043     
   401.35804618625787     
   411.19600838607903     
   417.55057078928007     
   431.00679183159883     
   448.63501503453233     
   462.42244558151310     
   474.13868671145877     
   491.99017414976134     
   511.01983637437343     
   523.10974188953196     
   535.24966462694397     
   547.27817068898969     
   549.65839204830763     
   557.78150443756124     
   560.87321415858548     
   561.17330568716488     
   558.73427005926840     
   553.69802452626425     
   546.18790888417425     
   534.90587142547463     
   521.90650158978929     
   508.21798900022446     
   493.77335405456853     
   478.81100593078975     
   464.27192013491157     
   454.15958383222943     
   447.82562454080164     
   442.40481345537972     
   436.74134225967242     
   432.70477499715986     
   428.99981725591334     
   425.59464133387883     
   422.17582501472526     
   419.01493395984153     
   413.77968113807839     
   410.48398433648771     
   406.57987284224004     
   403.88981828261461     
   400.95746591851366     
   398.08084075498812     
   394.41159993832156     
   391.67505428734745     
   388.59301632406482     
   386.21687188428041     
   385.28621687921185     
   383.14997539897564     
   382.90761324217692     
   384.12614560431325     
   390.79540456019976     
   401.29238681589470     
   413.24159929372843     
   429.04149950492086     
   446.31338935422758     
   463.17779978002756     
   480.76076323918068     
   497.20809156627570     
   513.21244139646763     
   515.90992950049497     
   519.87955550158620     
   528.18298053225772     
   528.96536544523030     
   537.78901538104037     
   540.45755353106222     
   539.69296927086452     
   536.36229051462374     
   530.23283721148096     
   523.17148565887589     
   513.99723516887332     
   503.85246283761359     
   492.84683131765485     
   481.58102407783724     
   468.36291293391861     
   454.95615922239642     
   444.95793289256437     
   437.70723089113244     
   432.96611700450518     
   427.61758190215704     
   423.10275070871921     
   418.58538354434324     
   415.33406775082989     
   411.54191940349153     
   407.84926436111175     
   403.98557415170490     
   401.22158182866013     
   397.40602125922481     
   394.42186980738728     
   390.58500652032234     
   387.86257745459818     
   383.30233184251392     
   380.51423053244997     
   376.34191374109804     
   373.70359728466161     
   371.93066831313513     
   369.80341562094031     
   368.35519333952868     
   370.09340586385088     
   377.29649925836509     
   387.54841444137622     
   401.43319384310200     
   418.24558606458720     
   437.48158862602509     
   454.85409063476914     
   475.78229228704856     
   486.89818792038295     
   496.78402602594878     
   506.33717299144018     
   520.55386096781501     
   527.45019708101370     
   530.93247325156040     
   541.12333474131776     
   544.40773578007861     
   544.30848706542326     
   541.61359216109076     
   535.25112728664556     
   527.91826714526121     
   517.93085282394475     
   506.89207325736237     
   495.16323921034831     
   483.26978128480084     
   468.73750010768077     
   454.51221055064821     
   444.73436656053400     
   438.04206876531794     
   433.34184067083544     
   427.38172077680736     
   423.32455552646024     
   419.47930436795122     
   415.49789483580133     
   410.45579257386333     
   406.24559744587935     
   401.63736739381989     
   398.14463648367399     
   395.73419075915831     
   393.25885611798651     
   389.55938667124076     
   386.61776171155805     
   382.40127601747406     
   379.66141737023418     
   378.29765858028611     
   375.75963040628801     
   373.39835694101566     
   371.98594917733192     
   371.62995866531259     
   372.60242412761801     
   379.05076532960044     
   390.56070775353442     
   407.70103367455062     
   425.01684521657296     
   445.95328219183330     
   465.60747565492636     
   483.76800457885207     
   499.05412888950093     
   512.96604458542242     
   521.01907188715438     
   529.59266197439877     
   535.99795104634825     
   539.52342479053118     
   547.59464913969634     
   547.62067100581260     
   552.02196885355647     
   547.31962533813294     
   534.07899803222494     
   514.89663356533890     
   505.72333864228364     
   503.93949420030862     
   488.57397861052004     
   485.14369275307928     
   474.27990415756881     
   460.15747088506146     
   450.42549965790937     
   442.88628263815599     
   439.09300157608635     
   433.79832884837776     
   428.88124738972084     
   425.88187467704751     
   423.38969548261417     
   419.58451587014628     
   416.43671309956909     
   414.61642140785358     
   413.25704187161864     
   410.91816957107574     
   408.89416836405286     
   407.02410487182323     
   405.39428242528413     
   403.18225858984920     
   402.15812085908101     
   402.34557095823101     
   402.16946953968312     
   403.19066408446002     
   402.89222596112023     
   400.70196904234757     
   401.86357493346458     
   411.39829099653906     
   415.99160004976619     
   417.54814736595841     
   442.12774845794456     
   460.81431533632610     
   475.45092619862487     
   495.85014676211796     
   515.92473733406462     
   529.78349424731164     
   541.37510037669983     
   556.09475551057983     
   570.09177481674055     
   575.63393507874628     
   585.02943073706513     
   579.61785037625907     
   545.01799511489355     
   523.98489705719169     
   522.35088668349101     
   504.27415845840022     
   507.41938892143224     
   482.88972528337092     
   470.02096026678902     
   459.59203263445607     
   455.49596285342335     
   450.55805878099392     
   440.39806754692717     
   432.83716623671376     
   428.70240947230917     
   426.02109180212386     
   425.21158971241636     
   424.47584967876713     
   424.76248090383586     
   423.88876406896713     
   420.78013120954188     
   417.13002582515003     
   416.24530585060734     
   414.16926290589652     
   411.00620149243656     
   408.23439278966231     
   406.53149675858532     
   404.87497558030583     
   403.74713121221600     
   400.51869814808344     
   398.34882811338679     
   396.51408794679594     
   394.95869956190967     
   394.04768409867256     
   395.10458680320357     
   396.10304814875883     
   401.67723402143406     
   419.49497322579163     
   436.00578064635658     
   452.34721550849883     
   474.44698075039997     
   487.67101435425633     
   508.23952289878542     
   529.49867034991098     
   543.86147325593902     
   561.70062638342552     
   575.44450616859513     
   549.99383040698115     
   536.74742306756491     
   525.39445181430938     
   550.44603493652755     
   562.71677421817128     
   511.21637921129849     
   491.62453487566626     
   479.65154496336032     
   466.17241902261213     
   455.27154434826087     
   442.70701324805299     
   442.27245051822257     
   439.43372434443637     
   438.34496109165821     
   432.11110652815609     
   429.05223818445734     
   425.23172537774877     
   422.52880559759456     
   419.24638706924037     
   416.15132079530150     
   414.67393926439564     
   413.12878066400174     
   411.44742822494857     
   410.38302988400744     
   411.48897630294948     
   410.62249562542593     
   406.53058972328864     
   404.29695982531308     
   403.26583384685409     
   402.10035567644240     
   397.84063501945514     
   395.69475754572636     
   393.31224622134545     
   391.72013068422666     
   391.03775248714800     
   391.98288650646612     
   399.51224900557611     
   411.45316414054980     
   424.14738889502905     
   441.30105339692329     
   460.13230807935668     
   473.33673846250582     
   496.30117754349357     
   516.49664749870419     
   534.67299964083782     
   549.97564322397955     
   568.13081640695020     
   572.46396370150171     
   507.46256853103984     
   485.50561497717837     
   470.05217766216225     
   458.89724550911404     
   450.78476058791045     
   446.65830558241993     
   446.63610439677745     
   446.61744370552572     
   443.14716867273182     
   441.26108664062872     
   440.14138611348540     
   437.03469340050134     
   433.34614303387229     
   431.08703723226654     
   425.64103289221913     
   422.82478528625967     
   421.29162764960114     
   419.44682531607162     
   414.56900760143679     
   412.08690642615966     
   410.37351606487374     
   409.22364912668701     
   407.43072017549582     
   405.67453282343308     
   402.14164563567351     
   400.41310929526543     
   401.22754929652467     
   400.78370045004829     
   396.83614201723577     
   394.86365321900138     
   393.12237126212915     
   391.84839844539243     
   392.11621387144169     
   391.71000088121713     
   389.24004226466178     
   388.42136092966587     
   389.42222759331929     
   401.53618684896617     
   417.58867071999020     
   431.27818398880038     
   448.10074085977504     
   465.10076906742574     
   487.34176122325846     
   502.54368230912723     
   521.30444005024492     
   538.15791886441502     
   550.23724174141410     
   561.26256023541418     
   525.61686766297851     
   519.15838601323003     
   543.52444393198550     
   571.23223511751530     
   576.15687160903803     
   547.91837302559190     
   513.23591606737170     
   488.14877512142675     
   467.49489859688089     
   459.70806646334546     
   447.70690695254820     
   444.27351599891188     
   438.75954059598735     
   433.01346354930456     
   428.12970554518978     
   426.15068007444461     
   423.49402554496311     
   420.57043421933838     
   418.83066295029624     
   417.56456014401380     
   413.30317477688391     
   410.79027680759896     
   408.47963552955696     
   406.82099026899846     
   404.31656231210172     
   402.28651965719911     
   400.28041848685655     
   398.42677791722440     
   395.63807510651912     
   393.72706530266254     
   391.96809314660214     
   390.19933708168224     
   388.18833397847703     
   386.42156430020566     
   384.82572475120872     
   385.30429186314109     
   391.50705154819133     
   402.03738743935770     
   417.21770951527373     
   433.08135468071254     
   447.90426162577268     
   465.65384988293619     
   483.38886547876245     
   497.16865468591789     
   515.89114600232426     
   531.85462592479882     
   545.48099488038656     
   520.87664999508775     
   483.74087697303349     
   458.70350589431490     
   457.10553840691051     
   483.75648649497600     
   462.01718280174930     
   450.80893509233817     
   445.47667078696094     
   447.55683276543772     
   447.01738573384824     
   445.16357106907702     
   442.94901004651297     
   438.40298880670036     
   434.90278002311129     
   430.02584661185631     
   425.40942208564627     
   422.62058613886734     
   420.66227497046958     
   419.13952383541096     
   415.96393104525703     
   413.78116540263233     
   410.03543480156549     
   407.82360555377318     
   403.90453161056985     
   403.07298819917941     
   401.17306474942211     
   399.30768394675317     
   397.15899631718480     
   395.05588008779432     
   392.10229829564992     
   389.90570309401289     
   387.34132084215071     
   385.90385501450947     
   385.10661481017110     
   384.14430090891932     
   384.09413673954674     
   384.15189264180447     
   384.66500197330498     
   386.94728730908145     
   393.04236355911092     
   396.21176368959891     
   418.54176821552312     
   453.39695665483197     
   468.08567052193587     
   481.43046826500984     
   483.06025489588762     
   521.29578876633946     
   536.52695087540405     
   550.39862151658872     
   547.81563891295934     
   500.60753955302459     
   479.84171043924243     
   467.34871925197217     
   464.21184715092068     
   457.02404062797865     
   448.84964121688978     
   443.13999845453731     
   438.09023342723140     
   434.85023548542767     
   435.09963755977759     
   433.49602563564002     
   428.41913518422012     
   422.80255022773440     
   418.33805085777254     
   415.87828798051783     
   415.13207190823817     
   413.58141052301301     
   411.48846120416891     
   409.76600418159910     
   406.82408312923849     
   405.06702924574194     
   403.56106763262937     
   402.64936274683743     
   399.86829716575267     
   398.13439654622715     
   397.41290387174359     
   396.60589304553872     
   396.90117788415171     
   396.42953325085585     
   394.37949386914443     
   392.65023287071421     
   391.83756959431724     
   390.43547399244045     
   388.17597356376331     
   388.85979547152959     
   394.59482154039830     
   403.79080412763312     
   408.88730237875774     
   423.38424403903457     
   441.55827028465183     
   458.64834776530881     
   482.58468658898698     
   499.47049294190452     
   515.19774759434540     
   534.86912758689948     
   548.93033332397329     
   562.07906507632936     
   542.84763026692099     
   510.88114006804034     
   525.86503154539184     
   514.19828789027383     
   500.42743662278855     
   515.06569822975052     
   494.98797573756315     
   483.36902133201295     
   469.13006125304361     
   453.92769904654619     
   449.28190843385300     
   447.82360270842469     
   444.77356534430243     
   440.96832248166339     
   435.01019734080552     
   431.03430710226087     
   426.72048816755330     
   423.19552053654701     
   422.46855374715653     
   421.13146820096182     
   417.16326627043361     
   415.18081553577429     
   412.63540168530278     
   410.59064194351379     
   409.44033207188642     
   407.98703260460070     
   405.11772363008470     
   402.55816054426708     
   403.13292324038525     
   402.45754813892637     
   400.50304751647332     
   399.29029242931398     
   398.37896023382461     
   397.70174386836436     
   395.61157854119710     
   396.65792642389772     
   402.96757334644366     
   412.58480921680109     
   425.98531986060618     
   439.62945690828172     
   453.26203068128518     
   470.57721073843300     
   488.78082575372690     
   502.21407244120525     
   521.81626365984050     
   533.74630815602507     
   552.42271355062428     
   563.05560876387256     
   562.13182266054037     
   547.69546259787160     
   545.13442258658426     
   525.94580741435720     
   519.99916628567894     
   492.49230567094713     
   474.74693052939250     
   464.80605817091060     
   458.88838440862150     
   459.10762141805583     
   459.64617594686854     
   456.70508466180013     
   446.95155381121344     
   440.21999606669453     
   435.98198588894115     
   433.11144819673189     
   427.82063560429634     
   425.16788297084048     
   421.87053171875021     
   419.71227597059470     
   417.61333605686775     
   415.69280151471708     
   412.31422330847045     
   410.51317702916441     
   406.88484838650993     
   404.56021686260669     
   401.28098443626283     
   398.72441440929003     
   397.37246106338802     
   395.45876686225824     
   395.40351089795644     
   394.96131437422821     
   393.81004600889480     
   392.38529690052400     
   392.15663003943916     
   393.03695933395710     
   400.82573983775580     
   411.63110865327008     
   419.02600799314058     
   430.80538161849938     
   451.92180810653753     
   471.32073849574698     
   485.92902520480266     
   503.89563468716847     
   523.35083319211481     
   532.36655060582245     
   546.32853715227975     
   556.90863138741668     
   546.12555115168504     
   548.48048266080446     
   538.54318106749452     
   545.48731849224441     
   551.34664216367730     
   549.15398856668116     
   544.49449611668956     
   536.02282440699912     
   527.31946756025241     
   516.89593358164143     
   505.45118854615527     
   490.92331181215906     
   473.20126630047560     
   460.60147061758238     
   451.86899028944424     
   446.06844565977929     
   441.40788729207475     
   438.38087554748421     
   433.73379060179127     
   430.29279843119338     
   426.32442471246935     
   423.53593816225259     
   420.21954342752190     
   417.68630344750790     
   414.08916814977465     
   411.16640586461284     
   407.44798306372189     
   404.65394301521667     
   401.48738835713232     
   399.31382748294317     
   397.14014346221359     
   394.91480281789580     
   393.20728834087561     
   391.59128243344145     
   390.17241665496493     
   390.91124930750595     
   397.89941125246452     
   409.15421662443873     
   422.92832142996201     
   439.41494954523637     
   458.05713916428397     
   474.59024473581223     
   493.59847610644692     
   511.39719123748995     
   526.86005546051820     
   542.98429348542209     
   555.34255660763688     
   562.85545179626706     
   563.98201456234051     
   563.06597859202395     
   560.45569219332162     
   558.25549197635701     
   553.91683642069324     
   549.30205948330547     
   541.78696523477026     
   530.95698444258119     
   518.99637211883373     
   506.43258216403660     
   493.16777351093833     
   479.99522692801531     
   462.56908370231235     
   452.83638468484446     
   448.12977641028368     
   443.26315180293642     
   437.32631911337774     
   433.03057021317352     
   429.50732278564954     
   426.46355119071626     
   423.45158562011483     
   420.83137780646484     
   417.00683556396984     
   414.45515342328292     
   411.92533279003970     
   409.73387656620764     
   406.43088700917059     
   403.60133133277674     
   400.34955263006628     
   397.86131823957567     
   394.50964306623331     
   392.55712979991705     
   391.10888941521245     
   389.78185753787830     
   388.23608635279123     
   388.69840544178402     
   394.71323278346767     
   405.43063078553251     
   420.13241732067451     
   434.95670863328155     
   453.93829384057722     
   471.71793972944369     
   488.84565137252878     
   509.16254253662157     
   525.87354236338865     
   540.22510419055368     
   550.27969555136747     
   555.46984419489627     
   560.13027342437692     
   569.50177936866623     
   572.37741037075637     
   573.40306021995150     
   576.31689961522238     
   573.06949697173013     
   568.23096999232871     
   544.67726297002878     
   528.53728515370176     
   513.22900898558476     
   500.76862789254807     
   482.86246846065995     
   461.63973934279210     
   453.13748384006686     
   448.67688020980381     
   440.89504879884248     
   437.40592985342198     
   434.99836705012552     
   433.88205043621446     
   431.99226116688317     
   427.70897080815195     
   424.95321407765971     
   422.69720633762137     
   420.69706122711221     
   420.80828032229908     
   419.74442749742155     
   416.01716642165900     
   413.64882541871867     
   413.66817122573207     
   412.70063928116087     
   408.55976560989905     
   406.60899110236022     
   404.41043532027737     
   402.77142140408591     
   403.97802693569622     
   405.38182413929371     
   407.77817842398571     
   416.25699488989164     
   429.77260863095745     
   446.11413524598692     
   462.59505163041848     
   478.87507616901064     
   500.49884610768333     
   515.17356128923109     
   530.93731428457124     
   549.77840505677636     
   562.89341870673957     
   574.46083433531692     
   578.06577047666462     
   577.47720485289665     
   584.48214574233396     
   561.89593942850115     
   568.81399434762568     
   551.24106847362498     
   519.52058255373265     
   486.14998780036211     
   478.77908697156028     
   475.68246113071217     
   469.55752541641738     
   462.97254790034992     
   453.31249639653151     
   444.00779152901356     
   438.92367373284293     
   435.42538766642082     
   432.85349960480858     
   430.31624362420536     
   428.21602824753728     
   425.94620215428523     
   424.04281005537581     
   421.73123654360990     
   419.16300434302735     
   417.54219585598622     
   414.49784350690464     
   413.02074346037097     
   412.39910223653840     
   410.58222317690826     
   406.78857780367548     
   404.54460031744890     
   401.88033446027436     
   400.35246255616880     
   399.37957467587103     
   398.42423286345371     
   395.83546900349489     
   395.73764011944138     
   399.55726849549035     
   400.52057300286896     
   412.38622068133105     
   430.14864754023768     
   450.22705519317623     
   468.90590422352255     
   483.33667302095330     
   500.18896099327338     
   523.42864457582050     
   534.26996497447703     
   549.18771198813226     
   565.82458983664617     
   570.18624087184071     
   579.92667410306149     
   583.72097706346062     
   582.78024307217356     
   561.22802371805346     
   538.13231408164359     
   531.46299926756205     
   508.40961311226459     
   484.71840239546890     
   480.02016090594861     
   469.91462441407162     
   461.61600940341725     
   450.34755067690770     
   444.43565873116319     
   444.19844753838248     
   440.57032741288941     
   434.44386688410748     
   431.23783031895994     
   429.63845558925061     
   427.40083631214344     
   422.90083820393653     
   420.43274606860916     
   417.42946851728954     
   415.69235490283057     
   411.21523062056940     
   408.60138262064538     
   406.30225483515289     
   404.07756215684259     
   400.62827010511853     
   398.27252435162910     
   395.68131198422282     
   393.84547041578719     
   393.54849239586855     
   392.43364952953050     
   392.42102824781284     
   393.39982977810166     
   400.15535358551949     
   410.81860082958929     
   422.99527038132948     
   436.67938275365282     
   451.09823756908628     
   467.94387720418439     
   480.49833793897881     
   497.07505513914685     
   514.40204487248570     
   532.90545403806777     
   549.67043935264212     
   558.09103463991585     
   564.72819542736329     
   573.01822020278530     
   576.88473556328768     
   563.89030879166921     
   530.70363838441654     
   513.60568340655755     
   517.86873443233662     
   517.24864717589082     
   491.37889486803266     
   483.29073873324069     
   476.74920479424622     
   459.56971496059106     
   450.79366814340995     
   446.78963515724547     
   441.75155724041741     
   438.03138082591727     
   432.50013865230363     
   428.69530818893213     
   428.62257697306183     
   427.44262628767240     
   424.67088812554124     
   422.67131941485604     
   419.25376038258150     
   417.29540255152273     
   413.32611872220588     
   411.04952361986091     
   410.14040403883428     
   408.37748063953433     
   404.82990158816403     
   402.55353796887584     
   400.97060617049618     
   399.38486494682644     
   397.82850029728382     
   396.53832292296892     
   396.49975705552112     
   397.57626250844555     
   402.48991311799165     
   410.54985530865446     
   424.90075041223008     
   435.52405088877322     
   445.77622912809920     
   467.08425621229009     
   482.58351919754767     
   496.82179836761219     
   512.47655568619041     
   513.27268404861047     
   536.39444406510722     
   544.26655113103163     
   547.36942172774513     
   546.98658643832164     
   527.43892651893475     
   488.32482063034087     
   471.69485594934349     
   471.18216754999912     
   472.87429536990635     
   460.81591156221737     
   455.42573004532272     
   452.22769528024247     
   451.01200844157671     
   445.40903450007482     
   438.53678718444621     
   434.33239005705263     
   431.17916908617042     
   427.85624823652398     
   425.83826758929723     
   421.15360824246426     
   417.79086705343417     
   415.32945253140053     
   413.74011603753900     
   412.30511997824942     
   412.62284226242889     
   412.42669464399017     
   412.88489232674794     
   412.15858473016664     
   409.22002204516269     
   407.81562153188645     
   405.27371782321944     
   403.98718656178227     
   403.97194130869781     
   403.25508916873980     
   404.87664372322325     
   405.27155587728504     
   402.12816161257587     
   401.28050608859161     
   403.73185386407727     
   404.27137397429436     
   405.69802715402227     
   407.21679452914873     
   428.02246410722483     
   436.13891486193796     
   446.92664814659759     
   451.07820940050470     
   439.93501770755307     
   438.65018260735599     
   474.81631388211775     
   473.15817768182973     
   464.74830827058673     
   468.53809171007333     
   476.46183206603774     
   481.68879121238416     
   467.55493704870804     
   459.20765953111129     
   447.18494142003493     
   440.94740211126305     
   442.53472837985288     
   435.66139931675934     
   435.43415862552388     
   427.52489458334531     
   423.01251753924657     
   418.83355055177731     
   417.08966369363668     
   415.93856663478988     
   415.56137878677083     
   415.26593558529913     
   415.47823328134155     
   414.93272473230149     
   415.03804312019707     
   415.88152115140412     
   415.35632090029776     
   415.13032893744656     
   414.95786860059366     
   413.82976168962830     
   410.09212405607013     
   410.20158533795700     
   407.79849780182616     
   405.02841776477533     
   402.62062985619588     
   401.39173220027152     
   399.77732164425203     
   398.64901704430076     
   400.50978328666275     
   400.79944135633400     
   402.17380632582484     
   405.32953999425428     
   406.78438833967931     
   408.87151243769648     
   412.11176610732934     
   423.61985398299828     
   429.20534973906746     
   432.73866102950973     
   435.26601430403792     
   431.23606267496945     
   449.22836640446570     
   449.77637673551038     
   470.47145835221079     
   468.50961215140990     
   458.66194377218073     
   455.63392730611832     
   455.65841143813674     
   449.12333321201220     
   455.33559502057460     
   448.38524865157012     
   439.50201254734867     
   428.62988495565725     
   423.93568360446579     
   425.43085185902771     
   421.71819268685772     
   418.29190934068725     
   414.00890303597612     
   411.87356120278582     
   410.32382401046112     
   409.11479727703681     
   410.31198952192858     
   410.10015377674631     
   409.94400148244819     
   408.54254381840497     
   407.05806592367276     
   406.82335378284643     
   405.99540646691423     
   405.44669262800932     
   404.83732081530320     
   404.07277237748661     
   402.79121913768006     
   402.46249007625380     
   402.34218256318889     
   401.87422899780330     
   402.61242495614681     
   402.41454216075169     
   401.07594861121612     
   401.18561331978549     
   400.72258455299408     
   405.22139858267531     
   409.07048119968744     
   430.54996122833427     
   447.60541306970538     
   460.69716880671831     
   466.33496568325796     
   472.94103010875057     
   508.40331745091305     
   530.73903380155434     
   547.24370251803771     
   549.77385441495949     
   541.68064330973675     
   557.29927696694335     
   566.75220545146294     
   573.56537476174310     
   574.72994826059778     
   572.03097287501339     
   554.96590329898925     
   518.51059667561765     
   494.75538571843117     
   474.21799918000511     
   460.88040712053225     
   457.14978676973323     
   450.98254896711148     
   443.48207459589969     
   440.55330551063884     
   437.37222743797514     
   434.77850038207475     
   432.97907636025286     
   428.60687628206847     
   426.41801104790278     
   422.75965380867495     
   420.42078551868514     
   421.88449609184596     
   421.01046021273487     
   419.36920025518401     
   417.85010504300226     
   411.90236762768234     
   409.28683232895492     
   408.89518434375128     
   407.81018145399202     
   406.89090682250969     
   406.00179279250233     
   408.17091891642968     
   408.25716277333618     
   411.40217610787460     
   410.92128676322017     
   413.50748422118511     
   415.62535345018472     
   419.45788117018054     
   428.91167048386507     
   447.10074564104565     
   453.18642968206098     
   461.77976872613777     
   472.03247203544743     
   473.45697858765595     
   461.75090438818961     
   463.66752035228222     
   464.38253014904615     
   458.70916444542456     
   454.87937081046044     
   456.24863174698282     
   451.46250550822987     
   442.66443852900187     
   433.48832548995762     
   453.79367969509337     
   454.40058236479092     
   450.49891670185707     
   438.96889432832177     
   435.31267969809613     
   429.38731219736957     
   423.76424198870524     
   420.31688208359861     
   418.82180839659674     
   417.41476735814479     
   415.13280006925305     
   412.97895848682981     
   412.33085129376207     
   411.26888260384368     
   409.83913277082797     
   408.75832284078484     
   409.37182774833542     
   409.12684211659160     
   409.12042342101165     
   409.24609047367733     
   406.68210069611268     
   405.18239685776922     
   402.31056646565202     
   401.91938505594777     
   400.03680841339963     
   399.33101481606212     
   399.62402049745259     
   399.11544488784750     
   400.41907137419975     
   397.81187086793705     
   399.22298987306783     
   400.82556176007756     
   402.01738937979036     
   408.28738971557925     
   410.92035554024460     
   415.02917617709994     
   418.20633234168844     
   418.06738375933639     
   417.00706217641158     
   430.82195115086205     
   449.68870486904518     
   450.52178314877244     
   439.16072643748606     
   443.75834504297768     
   455.28049023695394     
   465.27664375916663     
   469.31131613908229     
   460.78802050358331     
   448.73093556249472     
   438.38863262465935     
   435.05165412215740     
   432.07166842356247     
   428.34689242164990     
   425.25228415824046     
   420.83605339618106     
   417.79531213267489     
   416.00976578790863     
   414.85253888785121     
   412.59231041810955     
   411.25484307321733     
   410.70499273161619     
   410.09222936427017     
   409.15699291406946     
   408.12923155258534     
   408.45486046820031     
   408.81787895070278     
   406.60880946752246     
   405.14665732257703     
   402.99456654531110     
   401.76092642654760     
   400.19560193059482     
   399.10840960146038     
   395.13494937971296     
   393.17042708787869     
   389.87544040496448     
   388.06867453817557     
   391.80012448343308     
   389.27940356029359     
   390.71034911485384     
   393.95241463631481     
   393.79080027852427     
   395.34381865297087     
   399.18047806603090     
   406.95382011114941     
   419.12268453996683     
   429.83630051051455     
   444.16893018422223     
   451.40870418989522     
   434.36079632748744     
   448.34920522566347     
   471.95556649983354     
   478.49870561478059     
   459.45434345706701     
   469.21564216035540     
   466.83694060420191     
   463.24205856887824     
   459.41628455870767     
   456.82908190977787     
   444.30875833218056     
   433.20915957698293     
   434.83220997432403     
   437.75695113556043     
   431.44011702824855     
   423.54408029217865     
   418.51486805039616     
   416.19173334370015     
   413.31902637428914     
   411.32219493581266     
   410.38723322714054     
   409.17176965716794     
   405.16819581122923     
   402.92730335532838     
   401.57093660916951     
   400.05939556965359     
   398.51067912529078     
   397.50231724497280     
   396.61293060715832     
   395.44339909533755     
   394.45107683404126     
   393.29404989261764     
   390.59654744604126     
   389.06806601575590     
   387.14110984250846     
   386.05919770573445     
   390.47201027739698     
   388.85506051925819     
   391.70342178156170     
   397.94979522138721     
   416.14554304384143     
   418.40596346057032     
   429.21324867754424     
   461.79060753057212     
   477.85169338695550     
   496.88450282067578     
   516.69856336043028     
   519.25873914643023     
   507.91854019592864     
   526.77506810918624     
   546.55496344983339     
   547.38522374633590     
   509.97491158658539     
   489.14037191246445     
   477.83571801442179     
   496.37404556282746     
   468.24945908468828     
   458.96618195789091     
   452.41265678573791     
   451.13005070342894     
   444.07989984291720     
   442.38965080957598     
   438.34336223830962     
   435.88011861088046     
   430.24514959102095     
   426.76417773961691     
   425.90899874519727     
   424.81535008794719     
   423.61436423629505     
   422.18885813256946     
   421.73468063675301     
   420.90477992836225     
   419.43223162646240     
   416.47158173174552     
   415.94657305557160     
   415.15652198360942     
   412.63687329390609     
   411.05224027982376     
   410.11526457490294     
   409.16068774259492     
   405.44889053053328     
   403.65336908785633     
   405.30170208752412     
   405.33823862220072     
   404.12199355974616     
   404.02521548923335     
   403.35226763845935     
   405.79917329603182     
   412.11464123159152     
   426.26724034096873     
   439.32779863565446     
   453.14706630854903     
   442.54859562636130     
   467.03405636249425     
   499.38058727869799     
   517.35756595794351     
   528.06196477516812     
   517.29291330649039     
   537.11786524714262     
   540.65199933101246     
   544.25322134820340     
   555.84527739698888     
   526.81663318280789     
   499.42697754952786     
   502.88588774896226     
   483.03462786136600     
   467.81303037693851     
   456.77426452631528     
   453.25438557753995     
   445.57434272840680     
   440.73750975616719     
   446.89254619555237     
   436.48696983458905     
   431.26007777743888     
   429.73320599115965     
   427.02010954881899     
   423.69255275356284     
   421.67898824948253     
   423.09852100788100     
   422.58203359725462     
   423.95171407626202     
   423.47514921743402     
   420.33106232125260     
   418.34382502998363     
   417.61020029203911     
   416.76321312602221     
   416.86494030699708     
   416.21579697063521     
   415.79869032369754     
   415.13811747064545     
   413.71191316946818     
   412.75324943545888     
   412.88516947586288     
   412.91198222587860     
   412.88047389101831     
   413.36488336814222     
   416.72275630674653     
   423.69204999891087     
   430.13570668216067     
   451.68166170783928     
   483.19663649288054     
   509.56258760309186     
   529.18706420555509     
   506.32257867846079     
   538.08274593764531     
   551.69895045269459     
   566.49630472816875     
   548.23636919369051     
   567.82529802758415     
   591.40703342566076     
   551.24346266318105     
   517.99722931263148     
   502.39264824906695     
   486.38727005150690     
   470.87812990077725     
   467.28102268264684     
   457.13650560018357     
   451.73200615476912     
   443.37723129831721     
   437.86036630168178     
   434.40057656541205     
   431.19858514152361     
   430.31474485727449     
   429.05231196693308     
   429.36848993963019     
   424.95815873105033     
   427.08928080941718     
   424.54102636424653     
   418.18475558826293     
   416.15301235306401     
   413.82142595389587     
   412.43078274366025     
   412.74070264652039     
   411.83161475262813     
   412.25625602626059     
   411.71514584522862     
   412.50394904794888     
   411.85811557522140     
   411.12367310535643     
   410.34957865104974     
   410.95781125555095     
   410.18583560326260     
   413.05870255196265     
   421.39629598616096     
   430.14581208966899     
   444.62172613663893     
   451.89452335301041     
   470.70118344430159     
   472.68344750534391     
   500.62500000521823     
   516.49431842992215     
   533.19311476662529     
   536.87833504665161     
   534.88545533911747     
   544.07103674475343     
   558.72376570986137     
   562.68652557796997     
   557.84203060124628     
   533.84636302649278     
   541.63253531692112     
   544.41561947070386     
   524.56458379358980     
   517.14855135960954     
   509.34521536792244     
   485.69117631721298     
   473.77001165871309     
   457.99469569851351     
   449.01042501445556     
   444.93660562491459     
   440.53059854449214     
   434.14929757555285     
   429.88934136538717     
   427.36508013542527     
   423.42713870668365     
   422.05932197185979     
   420.93991911883541     
   416.79796636896413     
   414.02130075196010     
   410.51688776827490     
   408.28108347273223     
   407.99587869315479     
   406.35937306169598     
   403.85834425013689     
   402.50065986109860     
   401.14745275103195     
   400.00693116271816     
   402.10877543668948     
   401.68156065055541     
   406.38217457793229     
   406.21391100193557     
   410.47474515679886     
   423.75245862201746     
   439.25366312393675     
   455.55073680633808     
   466.19044422920598     
   479.38617453238959     
   492.25427659319058     
   504.68754274880177     
   522.03305348774313     
   535.46734960814774     
   539.98020777304771     
   539.20559000334572     
   530.94115779454205     
   543.67665921663286     
   564.89747331002286     
   565.73264413405127     
   544.63923232835486     
   520.14520912186674     
   507.43067436139205     
   520.51255098462309     
   512.08369674202629     
   493.75411595455893     
   479.65025865441271     
   466.00545037114449     
   455.74093979179361     
   449.90535670673336     
   444.75444140299948     
   440.82173459501814     
   435.92696082196386     
   432.18720265170180     
   430.07802525982470     
   427.79143026677889     
   425.42081242913969     
   422.91426802464048     
   419.56393356287168     
   417.90269415592400     
   414.38888704371885     
   412.75630604752644     
   412.20198367822695     
   411.14726844374371     
   409.34395449012055     
   407.77305754334998     
   405.11332484445552     
   402.72898055792280     
   403.91064293153107     
   404.10514633051389     
   404.22666456513184     
   401.00931467704913     
   405.53998734842082     
   409.11829732701028     
   416.81208238803907     
   428.22197980122127     
   447.92372783426072     
   474.18224361021305     
   492.54150203911439     
   494.43883929907963     
   509.78732361331839     
   533.26590635847833     
   545.73979326721496     
   563.87186641641426     
   561.95231625663030     
   505.35337465697961     
   483.72555209226846     
   480.59258436076829     
   490.01910992539626     
   499.15902355174330     
   497.54004425436312     
   495.11749350746578     
   489.18753580251825     
   471.33490912593658     
   462.64119903477621     
   457.42953747637631     
   449.28059400723060     
   443.99859816368263     
   439.05604851088327     
   435.93391517655743     
   431.15499886669159     
   428.19132506775969     
   426.21420672679045     
   424.57091369913257     
   424.74210128715492     
   423.14821055556314     
   418.44171229316413     
   416.08700663892699     
   417.39718198267190     
   416.20310934491289     
   416.23069549682282     
   415.73751338899729     
   416.03807547229724     
   417.12552902384482     
   415.13926469729279     
   412.89616623173981     
   412.85926755209590     
   412.65537625768434     
   413.59602253610376     
   412.47725367605011     
   412.50428910092154     
   416.52134354500203     
   421.21320773005613     
   428.90899544042958     
   435.87987481235888     
   436.18951124038739     
   452.95115888689054     
   473.98699565518922     
   504.23106925798857     
   504.21662147717331     
   535.16981516937813     
   558.41421171461445     
   565.29293913595029     
   564.83987108269866     
   570.91182304408085     
   574.58227501125339     
   571.76114148017962     
   521.21168157313321     
   499.11044070953568     
   488.86312800468102     
   478.67042454346637     
   473.80074941676662     
   463.55269613732452     
   458.14285463013590     
   450.53055885958571     
   444.16196266146943     
   439.17272025279289     
   436.80229880459513     
   432.99215496998806     
   430.05696003736654     
   432.46851390187180     
   432.05738066891121     
   431.57050107798307     
   430.89641325399066     
   427.40485877873954     
   426.53858130480921     
   424.25333728429433     
   422.14523092055816     
   419.12132841428826     
   417.10244796048966     
   416.07893337863817     
   414.09938324154871     
   412.33029480303776     
   411.39067287113647     
   411.80336067534398     
   410.37473778195158     
   411.07386031450920     
   410.08804086472810     
   413.20301922793107     
   418.84841029891015     
   424.78214293212903     
   438.60841422206431     
   456.57991567790987     
   473.84433145356400     
   473.79249901486622     
   492.78638980472351     
   504.51816863730892     
   526.07380094957728     
   542.91614258990705     
   544.20318691024261     
   544.85361631187254     
   561.45646178707807     
   571.10872490527913     
   544.56740686051319     
   538.49184033786526     
   510.40641406956701     
   500.34530362231249     
   491.39563412816619     
   488.60979220606299     
   474.70274855218275     
   459.37637753939094     
   454.12193513322751     
   450.59826973459678     
   445.41278431831375     
   441.99528671932444     
   438.46884747513064     
   434.90659136734234     
   432.57007211700574     
   427.79898024435317     
   424.89092806166735     
   425.48062300698439     
   424.16261024710104     
   419.79709411786348     
   417.78050265613234     
   416.81727337009755     
   415.88707106459140     
   418.15905863133031     
   418.03534633925102     
   416.70380221855419     
   416.37449078630721     
   417.06817573272235     
   416.35457114257463     
   414.04738603122684     
   412.48783741466730     
   412.76727579156346     
   411.66205952029628     
   409.94672143539236     
   409.82980154351787     
   409.68658750251331     
   410.49160767545209     
   413.12414301196270     
   422.40685745237300     
   438.07782726050038     
   457.33824179604966     
   469.46514122473809     
   470.36134079067466     
   474.99343190224670     
   492.22345218403603     
   494.07570191203286     
   526.77394583322302     
   538.64284803060673     
   533.50271641911365     
   521.93276506785423     
   494.92071798187703     
   481.71817766657023     
   457.23298800289268     
   450.81688160992024     
   454.06422314103929     
   450.91750424108039     
   445.05963381883498     
   439.80631555635563     
   434.47544031759412     
   429.18948483464067     
   425.88713715730364     
   422.88178494654358     
   420.55951755562023     
   419.75964630595684     
   418.76202518346366     
   414.89350535678585     
   412.67148665857474     
   413.10392648468616     
   412.73593583050553     
   409.11698538470989     
   407.11758524083331     
   406.47608200686528     
   405.98615268870225     
   405.87530916881741     
   405.42147069582541     
   405.87403966597776     
   405.62836302173184     
   405.52599821334718     
   405.07123967891408     
   407.90243005880563     
   406.95436572269404     
   408.14050138075066     
   412.34538116086810     
   427.72465704746821     
   425.59851711620587     
   428.64179892413347     
   443.99289250423652     
   459.21350427826957     
   473.11081327244779     
   506.95383787136433     
   534.24021721899112     
   507.25114078717871     
   469.55680121307364     
   445.51643913816730     
   437.25307565381257     
   432.52914668858335     
   430.38955264547502     
   432.07617690777187     
   446.74018329265311     
   448.73323376838749     
   446.91080028929656     
   442.67231627310605     
   438.29102430396307     
   433.02631214438293     
   431.20543576546362     
   422.73818048070876     
   417.09024274746639     
   415.73615041712344     
   414.39834231868150     
   412.77456916754943     
   412.06018769906979     
   412.96899612128146     
   412.40579264536763     
   411.89664209640586     
   410.39172118841338     
   406.15753010607347     
   404.26192384110550     
   405.21844207409043     
   404.88949145775484     
   403.71084146591505     
   403.15503553198153     
   398.37979275777678     
   396.40171261468424     
   393.21956138527622     
   391.44072020104846     
   394.79793475294724     
   395.35194801372478     
   399.19705156744129     
   399.79363962564690     
   405.06833783324396     
   413.59832565084406     
   419.69137256367299     
   440.50638374096127     
   461.08263661747071     
   466.91141569829898     
   473.42533767001686     
   471.39593965071566     
   492.31244732342816     
   510.58366215941692     
   492.91677234327904     
   497.81844171417862     
   511.90668832289202     
   538.06462201984675     
   507.65560007717926     
   475.71546919220162     
   488.85771848088280     
   482.02230191091923     
   459.95722340444797     
   451.29052083604188     
   438.43175765767700     
   431.41187462016006     
   428.63370441132128     
   427.27340374848478     
   428.89959145577177     
   423.84227831599247     
   418.91085268339214     
   416.10215518936616     
   411.67230240319094     
   409.49484316201398     
   408.84058167600131     
   410.64480019700949     
   406.77064972398227     
   405.18662745543185     
   404.06271356371673     
   403.24857303313007     
   400.73235457675850     
   399.43507871898782     
   398.40142568749354     
   397.56054952905612     
   397.84839947325514     
   397.37510722532210     
   397.23430649020185     
   396.77552156356057     
   395.40292746293045     
   394.28221762693374     
   397.52261637354007     
   397.68644871719920     
   400.90584868345906     
   410.12275060560603     
   421.03020760688867     
   438.61636564996320     
   438.51586640187946     
   460.08525334855938     
   478.98273305178299     
   484.96824688341439     
   501.05803033164369     
   491.15302566354637     
   501.01398641606426     
   515.24976195962392     
   538.84385108835750     
   546.70315201692836     
   522.25549715011937     
   489.14111524557501     
   476.96827585055331     
   464.84189072551231     
   448.27725749922780     
   433.91288791861274     
   428.42534229917374     
   428.28696498305897     
   427.71064772794574     
   427.19721465982155     
   424.27073532153679     
   419.34451294703746     
   415.63770699672426     
   413.30856876944449     
   411.86084839991315     
   409.86854141233653     
   408.38002785488476     
   406.89388148882972     
   408.24570730371431     
   408.47495649867358     
   408.64422194695879     
   408.22879657260262     
   406.22070404975403     
   405.03230036525088     
   404.31316394502045     
   403.55352969189312     
   401.75048748569827     
   399.99551474463067     
   399.35246255456843     
   399.18989700950817     
   399.92946482772209     
   399.15727575819437     
   400.44516783165022     
   401.26596633345218     
   406.33842215063072     
   415.36137816638814     
   425.92359617850627     
   440.12171416615104     
   449.48055581009874     
   463.71785851467274     
   478.73987051383995     
   490.65130913260037     
   478.26165218496925     
   513.36557644249160     
   519.32213026046543     
   502.44483953149432     
   485.93329249958333     
   499.34490339875828     
   496.46289505419730     
   498.43918069646037     
   473.69215235335548     
   467.11411418365736     
   488.75555228219974     
   477.27011826128455     
   463.81368520151057     
   466.98667003611718     
   447.78232945039434     
   439.43190769352509     
   437.21303551937029     
   432.31800967349102     
   426.02530669022406     
   423.00700867126181     
   417.76452436539307     
   414.93643605231921     
   412.57430334037701     
   410.36609507308754     
   410.29772572611984     
   408.90973196448664     
   407.84209878564224     
   406.78976342522225     
   407.86497807180990     
   406.65831566217838     
   407.77689957122317     
   407.65657671238216     
   403.81127994267467     
   402.45214251560225     
   402.99392244940515     
   402.63559345729152     
   403.70819077693642     
   404.03990635614105     
   404.03771406185984     
   403.16597435486699     
   409.41869081584468     
   411.18348881015311     
   411.47634567083423     
   422.42720532167351     
   428.74125847509987     
   428.44618597153027     
   437.42064237635378     
   455.91310786338374     
   496.43386853005876     
   483.60541061552442     
   499.19998354972881     
   498.70570469957545     
   505.60273237233343     
   510.89906133703255     
   513.25575885711623     
   505.39200228207380     
   502.05810594236948     
   486.42528659641499     
   475.88047969818280     
   464.60926759091632     
   451.36251962768591     
   438.71833634599369     
   436.67573484592106     
   435.89047886578896     
   428.67770530315886     
   421.88790950831594     
   419.21246013831455     
   417.33239602962891     
   412.70126804108867     
   411.07813803926808     
   412.93407957166232     
   412.08825836904754     
   408.17065453942593     
   406.63110167748096     
   407.57803967320575     
   407.30267481201957     
   404.26204368797613     
   402.92047620991775     
   399.33135590218927     
   397.61076307163097     
   396.96069793189969     
   396.05201736773978     
   396.41308193774040     
   396.15368121270745     
   395.62014532715153     
   395.24098700228365     
   397.10657501110188     
   396.13192274737645     
   399.99945521373354     
   407.64421557223136     
   419.55069797494741     
   427.19352909088593     
   435.46094822734545     
   445.60000418071257     
   442.53766786407124     
   469.30771662665632     
   492.71900305748306     
   517.56609186056926     
   532.95976324777962     
   534.25288861152046     
   494.23012127452967     
   471.82503035450958     
   502.83406089794528     
   504.26723734426008     
   485.08251245647108     
   479.53946307799703     
   462.76690738134596     
   453.61610411599253     
   446.37524520003967     
   442.65311460264763     
   434.69442660511248     
   427.04217484808407     
   423.01341550560869     
   419.27817830963352     
   415.65843045390756     
   410.91060929261607     
   404.64348951816794     
   405.32457040258686     
   399.62976231335915     
   397.47990891766125     
   397.64518777002513     
   398.11928563433310     
   397.75942816575252     
   397.36860080131589     
   400.36716275931536     
   401.27940235743665     
   399.80327538615404     
   399.40832377763189     
   398.65009921317386     
   397.87945020571476     
   396.19513481533306     
   395.83006245383740     
   396.58070457210010     
   397.22863151472171     
   398.81379885136579     
   399.04372861423326     
   403.30137487999974     
   415.52082234826156     
   418.02702067251391     
   429.45876190097601     
   439.40993714616445     
   463.66456889384972     
   480.77464986449382     
   498.00469262716211     
   514.21447920923367     
   526.02121766604057     
   537.81573108051816     
   546.23596519994874     
   558.97187715147948     
   549.44791811774701     
   559.33958394051911     
   575.05066985650865     
   558.34408602513417     
   528.77665530729826     
   512.26437116399075     
   471.84554004122191     
   461.26868978990456     
   454.87034263222256     
   444.92241305904184     
   439.27299599270430     
   434.04521092108428     
   428.31689239510473     
   424.59655162731525     
   421.14136061596275     
   417.88782680957473     
   415.52162129787473     
   414.27902924906766     
   413.04595799973254     
   411.89506723673423     
   410.39923427417051     
   409.58487278333678     
   408.95190860049917     
   406.16653112413258     
   404.40658269776640     
   403.04271027505530     
   402.08052089906136     
   401.79261769844902     
   401.32121226931298     
   399.60603471221617     
   398.35623869989286     
   399.79098386536884     
   399.69552096053116     
   402.96379661518523     
   404.02111043963316     
   407.85764262078908     
   417.12378363330879     
   424.25215082199827     
   434.99232377301638     
   442.44445854377960     
   438.25534304901458     
   478.91315640376934     
   495.40386563885056     
   516.81950425737932     
   503.76154222161074     
   529.92532601309119     
   535.46093724426112     
   555.30846041683606     
   558.76828527959890     
   570.67588161590663     
   567.27871789131325     
   553.97450409158853     
   531.81731059167896     
   512.73564817852252     
   488.27897069633190     
   467.08129595718441     
   455.18635647374640     
   452.83720754143854     
   447.51163031441598     
   440.96305098101021     
   435.05481051386096     
   430.36200792575892     
   425.84184210202187     
   426.00119183724451     
   422.10671231191645     
   421.65498335600290     
   419.43663875242049     
   418.64848966965485     
   417.38730162789454     
   416.50996951313834     
   415.25711136851930     
   413.95533584557086     
   413.42905610870127     
   411.88356296829659     
   410.91462817477219     
   408.89043777702921     
   407.82287055254375     
   406.59365117806516     
   405.60552656151742     
   402.09806633967105     
   400.54120572470390     
   403.48721259376987     
   402.99282428700064     
   406.01724656483088     
   414.01573313056866     
   425.53209886437253     
   439.20198549360470     
   454.74138127419673     
   477.99277828857828     
   492.16495848698474     
   506.02342214300171     
   515.37345607252371     
   522.13899511488432     
   505.26776210539686     
   507.64198600996860     
   497.46087304769395     
   500.77732716097296     
   512.12768414317190     
   521.26937912070150     
   499.09245491518044     
   477.27875113170808     
   459.70924914986898     
   449.16994043289861     
   442.58812369316854     
   441.22566249805806     
   437.44249187472883     
   435.00425937902821     
   435.17317746307856     
   432.82370604700708     
   427.09611450076949     
   422.19201429580266     
   417.64328680428099     
   415.01480936058033     
   412.74981773240364     
   410.26746878848934     
   409.31781068834556     
   407.46211137113204     
   405.59248583216436     
   404.76687942041434     
   404.63454726140418     
   403.73707438111376     
   404.60696143403948     
   404.42704649168383     
   404.80470348513427     
   404.35758835993340     
   403.55151222479213     
   402.99157462060856     
   404.52496204627988     
   405.08260140622053     
   406.66841195339964     
   407.34844085805918     
   404.53766435810275     
   404.72001026608712     
   405.15287520808369     
   408.16092212852959     
   416.82380049058139     
   417.46761692971984     
   429.76477490961054     
   435.66205594605316     
   443.74205829899682     
   476.91758948764027     
   498.63183250219561     
   514.50779792532524     
   514.24708881099559     
   508.16456529695660     
   492.32552219485802     
   467.04153634269807     
   506.88031795651904     
   526.05609591005395     
   500.02426071929375     
   471.52721186612649     
   455.61388287848115     
   458.29945901719901     
   458.18178385922096     
   448.32913168051635     
   437.13740729613090     
   431.71141413936340     
   431.59584541490273     
   429.24302915924409     
   423.13971550846674     
   418.37838139325851     
   415.04386169668578     
   412.98554016194686     
   412.37171443454525     
   413.99725898984514     
   413.56821190070758     
   413.31042465992925     
   410.74999933283755     
   408.70640319567065     
   408.17974904860569     
   407.55201468951384     
   407.76526806217669     
   407.04498779525551     
   406.70504137816289     
   406.07938183336950     
   404.65798856903530     
   403.59584065905733     
   405.67469577344951     
   405.80297830511489     
   409.71110939376791     
   419.86774456706667     
   428.47007367630300     
   435.08235767189905     
   432.13091813440263     
   428.12968338871536     
   431.31438526737008     
   462.09056876395437     
   499.98547487207452     
   520.06872526419158     
   498.62666164494863     
   490.80807775269335     
   501.91473970748058     
   511.06280876344368     
   512.63253387109910     
   513.10621943495573     
   514.10545198599959     
   491.66441693966840     
   509.23862032655029     
   503.78635249536444     
   491.97239575444331     
   478.63459939218887     
   461.05404591199647     
   447.71549704288577     
   442.16731188820273     
   436.61037745741197     
   430.74892145880455     
   429.57167887592539     
   426.40961691090575     
   421.11292228187654     
   417.69145366515147     
   416.16120863335141     
   417.14630649759118     
   417.39374271325499     
   414.76465466928181     
   413.57411074774313     
   415.92804395767229     
   416.33637816780697     
   414.68917653270506     
   413.32352988718856     
   409.68170235569141     
   408.30662790519978     
   407.56978759026498     
   406.83949583265979     
   407.71774164033917     
   407.75380114560340     
   409.24234588589127     
   408.40824917111871     
   409.52148599460202     
   413.88518676973268     
   416.49974270711078     
   419.97317459552687     
   415.19300630101861     
   416.35023285889520     
   433.58647991683603     
   489.45834166152804     
   486.94935241652200     
   478.68164707759655     
   489.61815755810716     
   471.33619473437648     
   461.49848967930956     
   505.05104042707808     
   504.75661024014602     
   535.38454325909231     
   545.73425092179900     
   524.41557991666116     
   503.56621376820721     
   481.57657004124121     
   461.90859714095336     
   453.39340124422563     
   447.60321388833108     
   440.79513549932034     
   436.44653085907282     
   434.19374895442633     
   430.47685012653841     
   427.87614768106334     
   423.39023992143319     
   419.75474995734407     
   418.19719668204880     
   416.97060951927494     
   415.31292533785432     
   414.09133013765216     
   414.33701606830510     
   413.74625447091876     
   411.79501123611607     
   410.57404908282098     
   409.15377682968415     
   408.19340697242126     
   406.50502871615868     
   403.75120892420546     
   401.42103679680116     
   400.59243137902718     
   400.47454365441649     
   399.89734030825190     
   403.49002696516061     
   402.83251439386754     
   403.99396773469994     
   407.10255441949471     
   411.27762377337274     
   417.92970397679221     
   430.24696714308413     
   445.35261015935760     
   471.53210449303634     
   493.81921650775081     
   488.23522415800187     
   502.81493203208413     
   498.15501032792673     
   483.48178953524911     
   463.88222708185185     
   444.74068158504866     
   434.48321605885496     
   432.73780223544429     
   435.74209372060250     
   439.74888526385979     
   438.26087404568153     
   438.26557984764213     
   438.64724096835630     
   435.96089428151458     
   434.06562381456257     
   429.50697628681320     
   421.34212650498364     
   417.91677240156503     
   412.76179489106516     
   413.63032455726227     
   413.51662585141941     
   412.68234082639441     
   411.50925396347560     
   410.56842125955353     
   409.60069059303584     
   408.80127996694523     
   407.15357099018928     
   406.30015139238378     
   407.20340116323501     
   406.75612640989112     
   406.43533498482532     
   405.63404033219774     
   403.66344935497102     
   402.95680225142860     
   401.53188373264987     
   400.69349329677709     
   399.42754697640794     
   398.68969268492924     
   399.76105277433669     
   398.07322360059601     
   396.10566837216851     
   397.22928107757974     
   403.29465777690672     
   404.86845948613637     
   405.21643876347525     
   405.49744939798512     
   407.65880313833253     
   407.07978890579801     
   409.73649039378842     
   410.25012441553758     
   422.65309443538968     
   447.59791060167748     
   443.67257717475491     
   443.31818043839689     
   430.40248079076179     
   430.04784858654926     
   442.89148478407867     
   461.26855067864187     
   455.83456990413447     
   443.09438259501991     
   432.13668958388621     
   427.03835790605257     
   423.78141005762586     
   417.91477950492697     
   416.35623691049898     
   415.20779432091581     
   412.75929809238431     
   411.14649590858346     
   408.71497369990465     
   407.05818921900976     
   405.12676502226083     
   404.10124325508423     
   403.59313571144895     
   402.89677400205915     
   402.03745025683014     
   401.31896380917772     
   400.46240773029331     
   399.06886027845599     
   396.81495501383586     
   395.75811457874465     
   395.43162974073977     
   395.18159614993544     
   394.31268980452643     
   393.62614706188572     
   394.17252629146770     
   394.02813968605750     
   394.82833213525180     
   393.86048032014304     
   396.87292937923866     
   400.88635746094189     
   405.76809195091744     
   412.20421868385108     
   425.45926828111874     
   440.87000510635858     
   447.07315116695577     
   479.86992185521211     
   509.44000637001608     
   507.68486821297137     
   496.01610964424708     
   482.09585824409777     
   466.35829382508433     
   451.20846592468706     
   448.14437937843923     
   453.49563958533287     
   460.85038369131587     
   464.89327113423860     
   471.81296918087861     
   458.33359273949065     
   449.80589189720115     
   440.16365077520044     
   435.53740059204097     
   426.92765936420841     
   420.13203153700732     
   420.45143235451349     
   414.29742682823530     
   412.13588246305687     
   411.32376841897144     
   409.16369520594952     
   407.61963669605728     
   406.39452613139298     
   408.15789121387570     
   408.58563748089182     
   407.76392537398436     
   407.65690768437787     
   405.86440332266847     
   404.93452455232250     
   403.51827810911016     
   402.52438364447386     
   401.32830740025429     
   400.44861559531574     
   397.51573808594532     
   396.37233313437912     
   397.76879334315214     
   397.97324335747123     
   397.90564422716739     
   398.15986188083980     
   404.06854773776604     
   409.32224144179708     
   410.88197984068609     
   424.67337413604554     
   449.81071872337480     
   461.50385993654459     
   476.86613015256614     
   493.94499281787421     
   514.25151686523577     
   534.28869920371289     
   534.20388661507013     
   521.25612975430340     
   495.37453911808018     
   487.15855777044845     
   477.79367336014059     
   463.66924267925287     
   469.63563901945957     
   471.64847913179091     
   470.39938360444097     
   465.00984679367417     
   455.52873212838909     
   444.12033428949053     
   431.83674337766803     
   429.38213426098065     
   424.11441358767337     
   418.46707215194590     
   412.19070463793298     
   412.20191459015206     
   410.01357728768323     
   407.99891938934559     
   405.85145801908408     
   403.94985507719286     
   402.79387139706506     
   401.16863780139056     
   404.00056116541970     
   404.94651376601672     
   402.46378117378424     
   401.35582227461799     
   401.53620999195601     
   401.30749990895117     
   399.74204214181543     
   398.78866742257276     
   396.66498432454057     
   395.38172360778987     
   393.71013716490233     
   392.68630839796919     
   395.89579275562312     
   394.72875463443131     
   396.99912786345095     
   400.41340089709388     
   405.30750968003753     
   412.74772060910908     
   426.57961679178396     
   443.25499318032877     
   462.37855792884608     
   468.78663027646519     
   466.24975821339189     
   496.16820729259490     
   498.96528481516668     
   480.02050571148948     
   492.13709593509145     
   503.08383775088328     
   488.51618233084088     
   460.33635700520898     
   453.75661317887898     
   455.86369824052917     
   454.77645016753689     
   447.34163302095260     
   431.46329634654387     
   424.71636002034228     
   419.59750852083300     
   415.77276972602340     
   417.25952481335116     
   414.45042748029579     
   411.31126338936826     
   409.04517867084093     
   406.61391973918506     
   405.02565706001883     
   405.54739585146518     
   405.04930480316204     
   405.00132047117148     
   404.09805140354456     
   403.50061949544437     
   402.98069815704503     
   400.15755942765770     
   398.83042202965913     
   396.98006052772763     
   395.90825221867925     
   395.47870860298912     
   394.86344449241841     
   395.39339286170946     
   395.30380096339479     
   394.03145614013698     
   393.15506580605069     
   396.04775019752088     
   396.12773888196688     
   398.05820541525981     
   402.35684942852379     
   409.73823291822237     
   415.40872210782788     
   430.82783068844094     
   446.26973223364217     
   467.79496397012196     
   487.15434468064529     
   476.47357479015591     
   465.39905447061170     
   451.79522621200960     
   435.14425900138326     
   422.58515514381293     
   421.69241131218990     
   422.56531924184065     
   425.51678105693480     
   433.64975124820654     
   435.42048840625858     
   428.76341112233092     
   425.31474668755476     
   420.37855787915532     
   419.54277231138002     
   425.26604712931129     
   422.49673790474691     
   416.20532900636698     
   411.59900255510064     
   409.30626417836402     
   407.77704187472278     
   402.70654518630647     
   400.19042018331072     
   402.35333396845715     
   401.89840691600210     
   401.08093478519282     
   400.61679451171204     
   397.82702400536954     
   396.75220372758974     
   398.74630606481264     
   398.85579206368931     
   397.63981101436764     
   396.79409211079945     
   396.74063623171446     
   396.40998985291890     
   394.65052989200530     
   393.81580234616450     
   392.96136796899685     
   392.42342262998233     
   393.96075613064500     
   392.49290878606382     
   393.50500068533961     
   398.91152730767499     
   402.36621456130587     
   413.69080315111484     
   439.50451267990837     
   452.58563836290324     
   451.50491089138711     
   446.45252618655400     
   448.66377308737560     
   472.62990310778190     
   498.38744206135431     
   496.05278724634974     
   492.07222343864754     
   510.76578588912463     
   502.15465727968422     
   517.33907095343704     
   529.81400878100465     
   503.29775783529533     
   489.47108505900127     
   485.64930847728158     
   481.39822671349293     
   472.48780879736745     
   466.49093112254144     
   453.35733759363353     
   444.81259637865793     
   437.64384278401269     
   430.91395557872858     
   426.46035000951844     
   423.05583380876857     
   419.71392336393654     
   416.01428076968887     
   413.40301605951316     
   413.57766024609776     
   412.66443844735119     
   409.82343044934242     
   408.29904531417549     
   409.12917267949371     
   408.14704412700979     
   407.82347952042232     
   407.37984610871985     
   404.62691891112183     
   403.38088728516601     
   403.24891164636966     
   402.29924933747134     
   402.59380373748695     
   402.26820247446386     
   400.76027884849498     
   399.73871405954037     
   402.64211013688646     
   410.42300781921273     
   421.48977625958378     
   434.12354025114064     
   443.28344085086985     
   459.10364970947205     
   465.28288880125956     
   494.09966272901363     
   502.88876058135224     
   512.18899218565275     
   516.40758111983473     
   510.25684326033121     
   506.51528475332429     
   502.48087393346458     
   491.97687960295013     
   461.65978356148696     
   448.68101214469067     
   449.69418731813715     
   456.00524618289086     
   462.84461283131901     
   453.61805769627148     
   444.18281113938974     
   438.48667903651551     
   436.28370584917536     
   428.60684946356929     
   425.44154014052981     
   420.60192945461239     
   417.65109746814494     
   413.76646821846612     
   410.47255849857743     
   409.66194260894451     
   408.24080850754581     
   404.48219779098633     
   401.87261046399294     
   401.51747300369050     
   400.64244390020264     
   399.74916118432134     
   398.96581765532022     
   399.98181929050327     
   399.49412936397113     
   398.24046397765829     
   397.65866634885754     
   396.10559825501537     
   395.21200724393157     
   397.44051524878012     
   397.35737530114670     
   398.08216842135465     
   397.55338401940662     
   397.19969442807826     
   401.00339396395083     
   410.32903070116379     
   424.72240066340208     
   445.78325234082979     
   466.87568287628409     
   469.52667531947998     
   479.78155075591735     
   490.42352039313545     
   518.06430815516057     
   532.02783370727798     
   546.81352623006103     
   559.91464942682478     
   566.52389438083821     
   557.99984187365533     
   542.50735540281516     
   541.54569752243663     
   545.82370074699179     
   524.97258177429205     
   512.61898270546533     
   498.77897351574393     
   482.27317646506998     
   473.57266174941770     
   466.27532005817551     
   457.95018364868866     
   447.34362581557946     
   440.50508508238602     
   435.23182451858048     
   428.35486155376486     
   424.58814410610881     
   421.30199530772774     
   419.05624335959027     
   416.34401683001630     
   413.27375455239132     
   414.62808621602068     
   414.15390346960987     
   413.33814645690518     
   412.32086822178474     
   412.45911477794920     
   411.31515301164245     
   411.13902699668523     
   410.56999920517001     
   409.38113530896152     
   408.85049292867632     
   407.76229526479847     
   407.12002826923901     
   407.50384009256601     
   406.53983991485603     
   410.17872225057499     
   420.41805376022324     
   427.05451165574226     
   440.34748349196599     
   448.57208062447182     
   447.10071708578255     
   450.66334989221497     
   483.80105971384569     
   503.88544673399963     
   498.97583582493507     
   502.64998620822820     
   537.82935131503518     
   546.26975713489992     
   538.20081586643846     
   536.29341301852924     
   533.06188189621025     
   514.96774493212718     
   507.55153520685212     
   496.56762243101906     
   467.34235991602907     
   466.70525387603101     
   453.24355900590768     
   446.04136991578457     
   438.53510214255050     
   430.02700878632271     
   426.31739439849679     
   423.48439039504552     
   423.78731612773709     
   418.35017750743560     
   415.24295652951088     
   415.23321876644178     
   413.73918047832899     
   411.39078022541196     
   408.06442414682829     
   405.93775524205279     
   403.71188554548240     
   403.95046405999017     
   403.62374549223426     
   404.94963854127963     
   405.14878778419205     
   402.09895527898203     
   400.40725532426234     
   400.20528815039268     
   400.09243167494219     
   401.33721382652260     
   400.87943761373651     
   402.87482779059991     
   403.21033019306395     
   407.67081252515123     
   415.13013510519590     
   420.61788740784175     
   435.08572055780684     
   454.49204634434432     
   457.83764962821033     
   464.03781149680469     
   480.01680749272668     
   495.79955520991945     
   525.23124268639458     
   539.64193532625768     
   523.53228355264775     
   511.21116530869995     
   515.74104517662920     
   518.95345768231505     
   526.03283232582271     
   517.52356859397707     
   514.38164912558523     
   489.44272789541685     
   478.79712167974708     
   466.79970821994164     
   462.24123245407731     
   454.74145338764333     
   450.53954900350243     
   440.52112302429970     
   434.40797242860447     
   430.65593738167860     
   428.05213071263580     
   426.47871493759766     
   424.74951872758760     
   423.37594296238518     
   421.32338593013748     
   420.09291299408511     
   418.70583110365544     
   416.67141255563661     
   415.58847313933478     
   414.81877581758363     
   413.81815578538772     
   415.44899307432348     
   415.38868477228641     
   413.61725094643009     
   412.44662233778359     
   409.16712643561721     
   407.45347483520055     
   406.51717018566421     
   405.32293345697025     
   406.48658506633490     
   406.79946726504534     
   414.79953139067987     
   418.09034383907726     
   434.62216834264098     
   441.63506859251066     
   461.06500278775360     
   470.00041362443017     
   484.95383312044720     
   492.63995200534174     
   504.48141749267808     
   531.35192098258085     
   551.72747870676619     
   553.86934138884408     
   546.99367779572560     
   535.37998799345826     
   515.06990200907057     
   497.70508312170932     
   482.75376911970341     
   456.97708754996881     
   456.11260570869138     
   456.75736080441169     
   452.02126035479796     
   456.17315454448544     
   451.22736789371629     
   448.35753113585389     
   439.42785490285905     
   434.72563613782415     
   428.94223470718913     
   425.82546863934601     
   424.93628704052873     
   422.85076994705770     
   417.93858814869742     
   414.99474834678693     
   412.14947436074885     
   410.14142501436658     
   410.98769552882442     
   410.63814711568995     
   410.99069572353028     
   410.54456273290992     
   409.47237497688616     
   408.32240238957388     
   409.29525605259090     
   409.40084935663185     
   406.83942301677536     
   405.46494532972685     
   407.04444036902345     
   407.22198067593416     
   407.59575526833152     
   407.59016677302230     
   417.35567444792883     
   421.35707507992100     
   441.83740675792950     
   450.67861584868967     
   468.24558894680644     
   476.58613079290893     
   503.29162250739148     
   516.49360878418145     
   527.04114128734682     
   533.31182171778676     
   539.42386994028084     
   543.01708371137477     
   535.77964912789309     
   538.84608061139647     
   527.17114174803862     
   522.93661847728413     
   508.73359976528201     
   504.74546964638790     
   486.27198560387046     
   477.65124011627375     
   464.38547756324886     
   458.57357598934618     
   453.04038158063616     
   449.32203684487052     
   442.30573615861732     
   438.08892142439055     
   433.10680568142232     
   428.88902007518806     
   424.14310212756544     
   421.23250523554850     
   421.58571847680184     
   420.10260192186149     
   420.00653044598812     
   419.00477955271538     
   415.15835208989353     
   413.54302082190304     
   411.70331631408709     
   410.20261271704118     
   409.51018043903633     
   408.28448717717123     
   409.36065045124826     
   409.46029153030213     
   408.14904450044571     
   407.49296371910020     
   405.73130475083110     
   404.60766303963260     
   407.29869575004801     
   407.92285363014793     
   417.72569467064346     
   421.68907565365492     
   441.03922177647871     
   449.34576233332319     
   471.66749766023850     
   481.88271589338643     
   498.01538723443861     
   506.39007633850821     
   519.91050095735784     
   527.20723539480923     
   528.01456971248501     
   530.27533444524886     
   518.92780136101237     
   523.13293018164995     
   510.91701283035417     
   506.03787758808494     
   502.38648429547334     
   500.01992858077961     
   482.28400960364468     
   472.88442508439186     
   462.31268872106062     
   457.55063705566135     
   451.23608241706893     
   446.57759903282073     
   438.32626054858889     
   433.82922459890182     
   430.58357983101331     
   428.51164887027153     
   425.95163684814781     
   423.71121167247122     
   422.03894834123616     
   420.01916092435829     
   421.81300533834337     
   420.20667129905809     
   419.18256741843840     
   419.03685791244646     
   418.12999071249209     
   417.56521868361312     
   414.79952005768638     
   412.82965865772570     
   411.61816780088702     
   409.74109764817513     
   406.57655346848657     
   404.85195468004713     
   405.19182743521611     
   404.86547815519083     
   405.56612912561297     
   405.56822822015721     
   415.09182669339765     
   419.25197066267765     
   438.92737129481361     
   448.08862883568685     
   468.07687106655925     
   477.77749387194666     
   503.31345835254922     
   516.78145225695982     
   526.64865258350324     
   531.79852572255015     
   538.59906045127263     
   541.57263052170390     
   544.60646218047032     
   554.76403119790132     
   559.96644506831967     
   544.69189711848219     
   509.24325289340459     
   509.38694243361118     
   497.55483118019373     
   488.91618159395489     
   470.69256187143685     
   456.55682118067602     
   445.11287327972559     
   443.04747489221933     
   434.74524644860139     
   430.96705514372223     
   427.65060440215922     
   418.70575009378422     
   421.14906502654236     
   420.36215519778369     
   418.43435649440556     
   416.52386736718495     
   416.73350725844358     
   415.94551833473992     
   417.55021742120260     
   417.92034825316659     
   417.87599913722983     
   417.34415510522251     
   412.04154422935710     
   409.34192075407282     
   404.19356429488079     
   401.13887177562736     
   403.71681055872330     
   404.07836807426378     
   405.52237706946454     
   405.43821450452759     
   407.55721017052764     
   406.57827208831674     
   410.94785692091551     
   418.44270048178726     
   428.76264958773578     
   444.18813925160418     
   452.15520220637666     
   463.96097904691788     
   483.57682679562436     
   486.30000581680559     
   487.32510492688209     
   493.88478472315393     
   525.49742904069626     
   534.87704102664725     
   514.77888941364245     
   503.55763089838536     
   504.22007690166237     
   498.54251334421417     
   475.83766116792134     
   468.21918260740057     
   455.15699297208948     
   444.27317144625641     
   440.96933486183644     
   438.90865971545702     
   434.36100779824278     
   431.23669364335359     
   426.72420679990046     
   424.48831498423391     
   421.57060998429989     
   418.58548207640104     
   413.90404549242459     
   410.95297338901486     
   409.43730285510509     
   407.26019972761480     
   405.27011748564314     
   403.66806080488988     
   405.14137621040362     
   405.39910111993021     
   402.78311000162523     
   401.51405123880545     
   401.44535712418815     
   400.63961197929495     
   401.64949833547104     
   401.43022608205376     
   399.03340599689164     
   397.92913190645697     
   398.08525785975206     
   398.15042665173235     
   401.74769741785246     
   410.64022344245870     
   421.47030247291985     
   437.67098818189237     
   454.30267903116311     
   470.65686885315785     
   485.93053684955947     
   488.38898823257858     
   479.33898232952680     
   509.42528505251852     
   525.12886360972823     
   528.30375460237849     
   528.10929761898365     
   556.07674884342794     
   539.74702447092716     
   528.25822683579497     
   544.85336273446319     
   535.83531340211277     
   513.80750593605785     
   478.71372504725878     
   462.74454108054738     
   453.66732682150410     
   447.87307447093877     
   442.43129004286283     
   432.87471184209301     
   430.90056996912750     
   422.95361302091385     
   421.52905727492714     
   415.45551307507958     
   411.82816235425224     
   411.26815590990668     
   409.95511399875983     
   407.81258727956168     
   406.58508613969389     
   406.69249827359340     
   405.88568186539845     
   407.81556907330980     
   408.24193875091260     
   407.75481470617990     
   406.82001056828454     
   405.26185355979692     
   404.36651867529343     
   403.35904544195000     
   402.76556123532617     
   402.27299755164091     
   401.52966326065939     
   401.21019762123086     
   400.41117330560422     
   403.79028656629242     
   407.44219226808593     
   414.18762383148470     
   421.06617730035231     
   425.12175207808235     
   456.96854118174014     
   483.95772720049871     
   487.87518073145492     
   480.46865050373992     
   516.48260237501563     
   535.29929232720292     
   543.98038732420298     
   550.81252595677915     
   559.77023261826139     
   546.88534662794063     
   553.61702685471266     
   558.23282924019884     
   550.84878965773771     
   513.75009055423880     
   490.64792661315391     
   479.45455043679738     
   473.18945565796230     
   469.20537850096071     
   466.64848403183242     
   456.88322330563261     
   448.85349568429211     
   442.97687505927411     
   437.32009692903551     
   431.31843763761151     
   428.30812997205254     
   424.96166392116942     
   422.22614570730070     
   422.88393540623917     
   421.71399549507601     
   419.13952389788392     
   417.00040094298703     
   414.03630821501622     
   412.87582704283187     
   411.24367102190638     
   410.43202583911233     
   407.89073188494763     
   406.28016506249725     
   409.00177682110910     
   408.74155205815094     
   408.64939779626661     
   407.76451625306123     
   407.39944067464859     
   406.89350387776398     
   410.24693283383272     
   418.70466834457494     
   428.52420311681061     
   433.30813049912848     
   448.63689028818328     
   462.63876268497535     
   479.45650551694729     
   482.05971452675567     
   487.39143351136045     
   504.53712484579785     
   528.05766652214527     
   532.18050568171145     
   542.82571375609712     
   557.87664396933053     
   552.07841391329737     
   547.76845777121537     
   529.83002562632441     
   515.22268172893564     
   529.64586227986752     
   504.17444039665838     
   493.95731707110940     
   481.76151935663336     
   478.27676021865381     
   467.86810612881652     
   457.35474364736746     
   449.59769324319228     
   443.22163357909858     
   439.46782338689138     
   433.96594208340315     
   430.56577173412268     
   425.57108145536091     
   422.12631692913197     
   419.66541966863224     
   417.66413858943275     
   414.87734193237515     
   412.46155371680055     
   411.29380967725893     
   410.90339217297236     
   408.64564486109174     
   406.75954152672028     
   405.86578687000525     
   404.49417201726658     
   404.10925841583759     
   403.64726258819439     
   404.76712789709069     
   404.35270072891694     
   405.84653403513909     
   405.88158953307499     
   407.72616390379920     
   417.01804583949382     
   429.53550817442897     
   444.52466180966098     
   460.96268106673074     
   477.63234959729374     
   496.77158005547017     
   488.38349186208546     
   489.72821161059210     
   516.80565092303289     
   537.25435352804811     
   539.07187147549689     
   550.91087878934411     
   558.43923166371007     
   549.38392173741647     
   545.09502519587829     
   556.46648032258156     
   546.39777849803897     
   544.41958664219806     
   525.95285512488192     
   507.28139283469221     
   493.62878904197794     
   474.25359277850657     
   461.58405402556076     
   457.21192346879661     
   451.15288035441472     
   446.15822761908873     
   442.02110263462532     
   438.05344764494134     
   435.01443918153927     
   428.49446166949724     
   424.90533428451693     
   423.67149975932654     
   421.23685293020469     
   419.74901668092076     
   417.99978518526905     
   412.86149167469125     
   410.64185092203871     
   409.52159442540562     
   408.00276936660720     
   404.88174347129865     
   402.66950950670878     
   401.66491147199446     
   400.43176338963195     
   397.47311272921519     
   395.62297320426160     
   395.74427685236725     
   395.10742010802647     
   399.58189912504236     
   408.42544856406852     
   414.85217092170581     
   428.39247792305190     
   442.94509670561831     
   456.91607607919605     
   459.51092136163885     
   461.87028491630292     
   488.73086706039658     
   499.50396148072821     
   503.58145944790533     
   518.78602543360512     
   537.85511281326126     
   544.57725226378886     
   541.49582761304316     
   548.40434522002636     
   553.46615932687428     
   532.05088330058550     
   537.94878673590574     
   525.42561390851097     
   510.95584082608190     
   503.35506854248115     
   484.64170885267254     
   472.41529328813351     
   459.58756466479281     
   450.24725402476935     
   446.23817925743680     
   443.56849116233184     
   438.01885123708058     
   433.26696360909074     
   429.56885039060086     
   426.28048684872647     
   424.80682768922338     
   423.04337639986016     
   422.50880861594038     
   421.25260911599236     
   415.17755132477248     
   412.66174391935829     
   409.78939672403675     
   407.98068426842991     
   407.91128432783705     
   406.67677814160282     
   405.22489481133283     
   403.91051887393809     
   402.77546802602728     
   401.67890590699352     
   404.24431653699719     
   404.63612981717080     
   406.84932317283256     
   412.02982254712197     
   425.03813675482888     
   440.80368896349529     
   455.08699440198933     
   465.78105088805876     
   480.77666540466180     
   478.03346693441807     
   496.24871988089609     
   520.85694874492401     
   523.80392444519134     
   523.84928935457640     
   492.89539738025422     
   517.08064582916688     
   529.13829178279343     
   477.56783935919827     
   470.41095045624496     
   460.78714456431300     
   453.75986275610626     
   445.88560416443460     
   449.72689396139049     
   451.59856229224795     
   450.52491512068156     
   446.16780563689787     
   438.57388921258303     
   431.39485442490462     
   426.44774629919476     
   423.59821326395627     
   421.47709839913637     
   419.73899933954965     
   416.68245397648968     
   414.66477636342751     
   413.30754617804723     
   412.14422867042794     
   411.78723180392626     
   410.88855024250415     
   410.49810100527174     
   410.23775275822919     
   410.75152074267902     
   410.50126859365787     
   411.73716469752503     
   411.83496112989218     
   411.04603273107648     
   410.53024538480605     
   409.25743112188178     
   408.28374820943213     
   407.21912457274533     
   406.27960618792167     
   409.74071918301166     
   416.64074909139157     
   428.98048183301847     
   444.01237156584102     
   458.13204251687046     
   475.98856390408690     
   484.07682705284219     
   486.66561225918849     
   490.74265364982080     
   499.57153409316879     
   500.99676844662639     
   537.75470763471446     
   507.37180864572514     
   536.56049283727873     
   501.33874300052241     
   487.60468627821092     
   528.09407665140759     
   493.03057727171108     
   467.02505834729823     
   458.32983833940483     
   461.25800252818402     
   460.57523670703648     
   452.97218390014342     
   446.13001562869641     
   440.07983158232599     
   436.30348927313730     
   429.03899955103947     
   425.88586444796960     
   424.55254073207908     
   423.75259782152659     
   419.23443543593953     
   416.65793890449572     
   418.13258794161686     
   417.11725508875747     
   415.43393247549767     
   414.04608103791440     
   412.04238791096174     
   411.00758069647389     
   411.10333086377375     
   410.97377146270992     
   408.77595606319130     
   407.20638387516476     
   403.10340138447901     
   400.90399595988634     
   401.76246658757674     
   401.40028675613502     
   403.57630643081620     
   403.81862122792342     
   405.30512278111502     
   411.34667829960387     
   421.12000971090822     
   427.79306462798490     
   433.71624206476338     
   450.99995402422059     
   446.84605785874356     
   471.63911987581213     
   467.35126972585351     
   465.83039941077118     
   499.63539140845904     
   510.55900159385783     
   519.85785579244350     
   520.23112927578700     
   487.08801831189970     
   496.22595319220409     
   514.72996291481195     
   511.72529962511311     
   516.99983561455588     
   496.80188808223937     
   482.26646859617517     
   474.63286476344410     
   459.03750584812769     
   446.03598189445995     
   444.52323604592374     
   434.82936431889038     
   428.58159563209449     
   426.30108011042671     
   424.98071759593114     
   422.67290168482600     
   419.65763744779395     
   417.29950457763931     
   414.08269247724115     
   411.54251651991700     
   413.98514273933205     
   412.80592420683053     
   411.55015031614079     
   410.70847703759290     
   408.28761294280781     
   406.82981735759432     
   404.98548223038341     
   403.61812539717738     
   401.64751600082207     
   400.24776826936721     
   399.17393982408782     
   398.32174877414059     
   399.08696387480819     
   398.93391598127312     
   403.15819380312229     
   411.92660135458823     
   424.52073721480014     
   439.38584542509977     
   451.51074933329960     
   466.61352812453418     
   469.41204378537014     
   482.23277340008707     
   498.69884928473283     
   524.79293930552387     
   538.09149787994397     
   537.77838952295895     
   550.71805026148581     
   534.65790695639816     
   549.59359616947404     
   546.30756057156475     
   530.03930864702988     
   541.25436466279700     
   495.48485833845649     
   488.66923012415720     
   502.23659375132678     
   497.75660854008044     
   474.82846679549021     
   461.64360663483529     
   454.47442568825306     
   443.91422677104282     
   436.70504371897397     
   432.69361206542271     
   427.74994308341979     
   423.96363809268757     
   418.87590878167060     
   417.45512669935027     
   418.27466970798395     
   417.44557506836270     
   415.90878083615644     
   414.54889031019621     
   411.08711233680845     
   410.09279946038544     
   408.70826521693215     
   407.09531169965732     
   404.04206273298695     
   402.26505135299817     
   400.00588090816370     
   398.20160760413285     
   395.99151817483278     
   394.56678799657175     
   396.49993792208318     
   396.61025767381153     
   399.46046066428391     
   402.06128962108670     
   411.53385084816358     
   430.31782145258762     
   439.99792420324650     
   433.63662258535265     
   454.45085780427536     
   484.40433532371412     
   497.59704546709520     
   518.45811745012873     
   523.38165364393114     
   504.31391495528311     
   510.10707708298776     
   515.67674504508284     
   522.68727778676657     
   525.68421840652366     
   521.98910837816220     
   521.25180921005449     
   519.72669653883099     
   493.46260641778088     
   475.92441064938669     
   467.28591607491501     
   461.36024963548653     
   452.69915483230983     
   449.25202518509928     
   446.54943289963404     
   439.77591220441786     
   434.63690933318145     
   430.46419470899218     
   426.88258128566866     
   422.08942625866098     
   419.05326911553425     
   415.49108152694265     
   412.83665520353611     
   412.20702493450256     
   411.53823234846868     
   411.09729127974771     
   411.08854520827924     
   411.60329074952239     
   410.54135448642825     
   405.68739513569813     
   403.54945234244093     
   401.06816311756654     
   399.58311691444601     
   396.56364560993211     
   394.84778233360748     
   394.84837989382339     
   394.27943198241672     
   402.27059623235095     
   413.11812958313914     
   426.55521084835425     
   433.40309902303392     
   452.31812381412294     
   460.09534771671798     
   464.43868004173822     
   483.28075456525352     
   497.90102637576416     
   519.59832285558537     
   529.33269739115258     
   539.14740814833135     
   539.68042410783062     
   543.65605166772480     
   542.95849457412646     
   545.15684496361837     
   543.63561554484909     
   527.61020920418503     
   518.60949540572597     
   510.04898537250097     
   490.64312051354057     
   471.49054120479411     
   463.41949790015491     
   457.59418175941431     
   448.81660607354297     
   446.11653036836105     
   437.43464415378088     
   433.16375166095810     
   426.22904369480347     
   421.87124856346401     
   418.56620797465666     
   416.16212172733037     
   413.31557458502192     
   411.13909446015037     
   410.05750086449171     
   408.29969200079944     
   409.30317159749507     
   409.21691320861021     
   407.35519497230410     
   406.12729868802069     
   404.00973760930634     
   402.26557358865773     
   401.57858100147348     
   400.73373835771702     
   399.86306720589414     
   399.03607244359904     
   398.24231362200294     
   397.50904254288145     
   398.91300976456165     
   401.91458352854801     
   408.92434725962693     
   420.28067502938501     
   424.59345707390264     
   434.47140154622116     
   439.36231962594138     
   442.13200253134471     
   442.11574154420367     
   435.77023918995633     
   435.49993943575214     
   448.11971001321319     
   445.45477524077722     
   435.07832405470947     
   435.77163464109532     
   439.31108367867915     
   432.57155343349541     
   431.20694200514981     
   427.30463382070832     
   425.24544845504926     
   424.61412094668742     
   418.98113509933086     
   413.43189138258856     
   409.88980088339031     
   409.21359691876529     
   407.98450744583511     
   408.16049014095921     
   407.78233376664576     
   406.27116548329690     
   405.76252373901571     
   405.67976669247139     
   405.79783746906247     
   407.06386049672352     
   407.39433213409205     
   408.38270822115572     
   408.58741795467978     
   407.80567400301214     
   407.75115379922897     
   405.41763267519917     
   404.69340298862795     
   403.62885304005243     
   402.97076964668605     
   402.27454439217962     
   402.16668085518319     
   401.53217365614489     
   401.11380992374916     
   401.92954272186881     
   401.87590205748836     
   402.30125453761980     
   402.28413479374029     
   402.63310857669393     
   404.73763132193278     
   411.96545989457888     
   421.54475605330941     
   426.49408547516009     
   425.48588997671612     
   424.46692507649971     
   424.82652201447826     
   421.62131251982248     
   421.74346800744490     
   422.22773642319902     
   416.01207596204080     
   419.10165657981742     
   420.52534829982386     
   420.27002695912711     
   424.73549709119072     
   463.59711672215064     
   443.16631657524408     
   428.17433134970366     
   427.85619962343179     
   426.91104025507769     
   423.09104862255327     
   420.27826823634803     
   419.50640800453107     
   415.39499054109967     
   413.96312095694776     
   411.65757166844099     
   409.87580186347441     
   408.88114226584810     
   407.86663420108198     
   407.09802349967629     
   406.62934881926316     
   403.29104241351411     
   401.31397753947397     
   403.67985313060808     
   404.11785231786126     
   402.23760607803735     
   401.34734391706667     
   400.48230091846892     
   400.13560931279642     
   398.92992459608945     
   398.09674389102764     
   397.55515750319444     
   397.06216850418696     
   397.39415459964295     
   397.25818113464993     
   396.76585130804733     
   398.12564607031800     
   402.36341430792703     
   409.32041561423483     
   416.28625005277542     
   422.14429454651855     
   416.25343176801442     
   421.58167522634335     
   442.65350584267543     
   432.36687897741774     
   426.23869987968556     
   429.77024914060087     
   443.03791342099714     
   433.51577315329530     
   427.93692881081142     
   437.29175246117575     
   449.02102068848546     
   457.61672307159847     
   466.22833596953097     
   455.10227290954623     
   431.95923302563563     
   425.79881421609070     
   419.16056756418260     
   414.95988980463068     
   411.16861858798535     
   409.08644635993085     
   411.24059697903357     
   411.08326511661568     
   408.44224949344198     
   406.95003922153580     
   401.79104780229699     
   399.40147733292787     
   401.11140988554791     
   400.86172491946888     
   404.01983078374815     
   404.90625910597231     
   403.79150320606630     
   403.36206458799711     
   402.98247130223831     
   402.41313276132911     
   401.38746495426670     
   401.91398524345368     
   401.25823560865024     
   400.81536531313321     
   399.17534770195465     
   398.65302097473369     
   399.13492444516004     
   399.24411264388846     
   400.33632156117483     
   403.21785459316936     
   408.04106574606635     
   410.93383110610756     
   411.79686260699197     
   411.14436443284978     
   413.73530720174801     
   422.41117483817663     
   437.92964537565035     
   445.04867051791217     
   461.09723272148597     
   469.23920912617825     
   460.97979580479011     
   463.03463348938806     
   460.80565573680497     
   443.01409542320891     
   436.68143213499872     
   438.83921698327049     
   450.24392439707043     
   453.04292945747983     
   453.98119217462153     
   443.89488625342557     
   437.11695349421166     
   431.54598347667570     
   426.80289655132077     
   424.94565044424581     
   420.33164583638671     
   417.19688820208677     
   415.32454622901582     
   413.40268490777004     
   410.37378667346394     
   408.37279888628160     
   407.16779666691548     
   406.06616569874222     
   405.54111164835996     
   405.00113231694468     
   405.56985685286230     
   405.68791887276086     
   404.59859166349565     
   403.92938784043207     
   403.49717891056378     
   403.46930853634007     
   402.83658239982179     
   402.38087177406254     
   401.18945858505549     
   400.08731215206228     
   400.81181441236680     
   400.39751412345049     
   400.99212082108841     
   404.60984240965490     
   410.68351269058587     
   422.38815054443018     
   427.30534798877670     
   432.41451131907269     
   432.17085434692967     
   430.64851350434822     
   429.01652013396819     
   441.20215427169688     
   494.72149582860965     
   501.14039628310712     
   510.79385273051264     
   513.46259514805547     
   523.06742632469229     
   473.32019003550334     
   454.63426177982711     
   454.78196549579195     
   449.67139133149442     
   450.68000938307705     
   459.50364203042778     
   459.34553114543144     
   439.14675674339293     
   429.81505650132414     
   427.89593374988698     
   425.46645022168519     
   421.35059900392991     
   419.52528211467444     
   415.41054922919682     
   415.45304214048463     
   415.46248797037583     
   414.54527690478409     
   415.16825360106748     
   414.77638049714244     
   416.09620369715964     
   416.21852285841476     
   416.17944288862282     
   416.11067931274420     
   415.77460599636106     
   414.14773445352660     
   411.87610636410216     
   410.76520174910820     
   410.84445154830297     
   410.52853015168790     
   408.54077242763094     
   407.32660390497688     
   406.90345438386817     
   404.92851911176552     
   408.26346723920102     
   414.35459294277672     
   427.47150247513065     
   443.27558515036833     
   443.71465250121935     
   446.16045327933921     
   463.45014139722645     
   475.16094163504664     
   492.09230991201446     
   499.09376632762098     
   498.40445587627397     
   525.98308896597723     
   542.62392132441039     
   546.56202871282551     
   547.22204935939124     
   555.24976013857565     
   557.33493006893127     
   551.31103757427616     
   534.74397191113792     
   513.49272543764471     
   497.29623964085209     
   494.40468492608568     
   483.28292751669568     
   468.84806483506708     
   459.32936322628041     
   454.15008295566867     
   445.16022179688889     
   439.28404115423211     
   435.59869212782883     
   432.97836146657710     
   430.07513822098605     
   426.61839980452356     
   425.45677182959207     
   423.33285454279223     
   421.40016255464468     
   419.72579520266919     
   418.03976350518030     
   416.96582374683715     
   413.37675299698560     
   411.20130924459448     
   408.68556246073712     
   406.75673361475316     
   405.46317299239672     
   404.03846839180585     
   403.06052792195379     
   401.53166461889799     
   400.07946346440957     
   399.12792969546177     
   401.83115794216997     
   411.25778122836454     
   421.91159813679184     
   435.62170149899669     
   431.80885666525722     
   459.34304627466480     
   472.06343705438394     
   492.48651686062766     
   511.14102861468660     
   526.41840513643444     
   535.71468711885916     
   550.76827039354487     
   556.51118213434768     
   550.72427442030391     
   532.22068204293362     
   553.14039786359922     
   547.55508618100430     
   553.81323045349404     
   536.49771686400129     
   509.82546984421469     
   502.43652679515833     
   490.51264209001999     
   476.17643809367951     
   463.86323156439158     
   455.62700122852198     
   457.33851691648476     
   446.52088732655068     
   440.89206755429984     
   435.23707194316955     
   431.75079184645210     
   428.35763770126528     
   424.06128615596026     
   422.69882033714322     
   420.88018191487140     
   418.43267853822960     
   416.36839918627294     
   414.53301757044801     
   413.28039012667165     
   411.31197808634465     
   409.98617938752744     
   409.36185190204066     
   408.27450968804374     
   405.48289646908063     
   403.83794542610337     
   402.10163427780600     
   400.67574219196752     
   398.39016355490611     
   396.95526615671793     
   399.65950699864021     
   407.26203418341908     
   418.08696223101060     
   430.61781304790554     
   425.42656427377699     
   453.15112006203185     
   475.46451358188392     
   490.90074509482804     
   509.05332097892273     
   523.55036106465150     
   545.25176423485004     
   543.06606399833959     
   541.69223585981831     
   549.80090732828887     
   551.27035823549284     
   506.82647621423916     
   508.35060426416265     
   498.27867672010780     
   499.41830469723760     
   498.23564451021980     
   485.58888324388181     
   481.35926870845736     
   472.76507888998475     
   459.58898390884065     
   447.91301203714465     
   443.17839289427752     
   435.23715561149714     
   430.71858698645480     
   427.13528140369789     
   425.79144533902178     
   423.19668088345264     
   421.66683250932749     
   418.94346530057419     
   416.90964029500702     
   414.43748419889909     
   412.00139441160320     
   412.87132579822998     
   412.51741036460231     
   413.68941317270128     
   413.44052635015748     
   411.89178979561649     
   410.75666223976947     
   409.83173535554181     
   408.87626147846260     
   408.56847801688201     
   406.86202336697613     
   407.27486740942237     
   407.76413090652710     
   408.81256607678222     
   409.96810973195676     
   414.57318420776039     
   420.28711773563964     
   433.83659414547515     
   451.19453618747309     
   446.20661655141805     
   449.23866056359071     
   451.07333537738833     
   443.05224839599543     
   441.15672768213648     
   447.36124032376932     
   437.23793452853090     
   446.46631090193546     
   441.65697322364855     
   446.37057853697070     
   433.09296842795419     
   436.53170175657385     
   453.95402259553202     
   452.15041793548562     
   447.83012103766009     
   440.96288164893605     
   435.70741359619183     
   428.20128226633017     
   424.27388082408197     
   423.99865072823030     
   418.52486631412620     
   416.28576204389452     
   412.15300172612604     
   409.74923079487593     
   410.83398906946826     
   410.26535868244520     
   408.93318904071015     
   408.08683732374533     
   405.39849217940741     
   403.80102775786224     
   402.02297702237229     
   401.08876786450622     
   399.54572777188037     
   398.53083812220871     
   397.16966251264199     
   396.13587063530207     
   396.49756882189416     
   396.19765604944530     
   396.61840763770391     
   396.38066910600799     
   397.21804304653267     
   397.21254353110504     
   398.95561908006749     
   400.17123157714030     
   402.47754393206941     
   405.65478311860534     
   412.10512615886188     
   421.37284063882345     
   427.86209351581903     
   430.12657553693504     
   430.37109860755868     
   429.77423656643049     
   432.08284144966183     
   439.41609756058483     
   436.79357414020058     
   431.78615760332002     
   440.86863157145757     
   455.56068115934193     
   455.08208643076324     
   466.67563879704250     
   458.12142873742499     
   453.36634044655773     
   447.76411658930971     
   440.43822140525657     
   434.72066781297485     
   427.82050264661791     
   422.34444572834940     
   421.02332093604025     
   416.83356291491651     
   414.71339022025228     
   412.89877459297531     
   411.69950415254937     
   409.45371554941346     
   407.95350256418942     
   408.93422083394972     
   408.53881189104368     
   406.42989073017179     
   405.38976140990269     
   407.32452104374045     
   407.62376034139743     
   406.57801830336456     
   405.85287970620311     
   404.02199461400801     
   403.20423435651577     
   402.54387466555534     
   402.02029927437320     
   401.30184108593090     
   400.71116105752236     
   400.02139144910171     
   399.47446191645298     
   399.50683994656657     
   400.43702477788077     
   399.66841035691084     
   406.43734336549585     
   420.72765966153315     
   431.66217153194543     
   435.21080172405487     
   426.82620336222203     
   432.68085459784515     
   456.31794528774122     
   457.43065975129997     
   453.11462879211427     
   484.79474706698244     
   475.19145036449743     
   497.75396969617003     
   495.00184942361676     
   471.83308685464817     
   452.61597014401792     
   451.67227421236157     
   453.98969967054518     
   453.17198826608649     
   444.31499815116814     
   437.57758220450160     
   434.74761706254191     
   431.54215407495889     
   429.78515260676636     
   422.31361083452214     
   417.69771313476002     
   414.69848326869214     
   413.51284441333917     
   411.10188897487018     
   409.26382419603033     
   407.23166229694840     
   405.71156895313828     
   404.66919321075773     
   403.70051539566987     
   407.07085171089273     
   407.89589023334008     
   406.92792170793672     
   406.41395231174488     
   405.86995236464270     
   404.87757909020519     
   403.77050886653410     
   403.11867320741436     
   402.74963160668995     
   402.21808519379181     
   400.93578867437253     
   400.21939393334873     
   400.42767003188703     
   407.50118904778560     
   417.56441371478672     
   420.53731820953004     
   435.36466283180783     
   447.25239247952493     
   452.84685131401341     
   454.98671434937876     
   459.46032766444188     
   443.73682588091032     
   436.42803608644726     
   428.51528799109417     
   429.78495958904455     
   428.77945041324125     
   425.89620009185717     
   426.24156114008923     
   428.74307026395724     
   431.29943727709002     
   432.53436937403137     
   433.71986040301363     
   435.37507543290837     
   428.41469713645694     
   425.25598643462644     
   422.49331902270103     
   418.31468538722856     
   418.01972589519596     
   414.79429069953500     
   412.99610789327130     
   410.51206534402542     
   408.00852724147597     
   409.03581252988573     
   408.44139145399504     
   406.99509758569377     
   406.08347402663043     
   404.88054138121413     
   403.85657373109814     
   402.40477537648559     
   401.87503782823848     
   399.73439564521522     
   398.39716879300994     
   397.93419461971695     
   397.17367498413432     
   397.52905296004809     
   397.25883688817009     
   395.50724355887911     
   393.81332741082224     
   392.61985508887506     
   392.06974380806315     
   392.87053047784082     
   394.42846821034601     
   395.92942202971267     
   398.24708468642598     
   406.07975458738224     
   408.76403629755555     
   406.60059984357736     
   421.61417838462074     
   434.96208645200159     
   445.19148137118634     
   452.26938421823434     
   448.23292162834059     
   450.80879375941163     
   475.57706692678011     
   474.47720669355414     
   453.33051216341033     
   447.67269430624395     
   440.85643138616581     
   433.69802986575985     
   431.07211286013148     
   438.51909483793702     
   435.05174398664877     
   421.30820358546225     
   416.76911574468488     
   416.61350719292818     
   417.30661823526913     
   412.85002304181933     
   410.48992033341062     
   408.64216823707608     
   407.30351680739574     
   407.66609810265959     
   406.97183669564896     
   405.62293518530441     
   404.21771853026439     
   403.79059131235647     
   403.02844681381447     
   401.73794385614275     
   401.45916962458733     
   401.25132703607517     
   400.66560623348818     
   400.73495420629234     
   400.34957546172421     
   399.61310876351126     
   399.12515404789775     
   397.68021264559826     
   397.02893928977085     
   395.82087020251055     
   395.22695665942399     
   397.63477172888821     
   405.57510857762338     
   407.64364901755914     
   417.40231807901603     
   439.72993742405771     
   452.65651418115499     
   473.14251031662457     
   464.79394860839284     
   458.62081845539274     
   466.87813910827924     
   465.34891981149002     
   452.54452864961553     
   448.59100128090745     
   461.65674142636715     
   469.41565596534758     
   483.68443773858974     
   484.98035828534796     
   486.45440131817702     
   472.63657932665819     
   480.15817939492644     
   468.27949422820450     
   456.51284387832584     
   449.61024645817901     
   442.67318296741314     
   436.93625960380666     
   435.84531732868692     
   431.51783088326232     
   429.19789970728300     
   426.26856506460854     
   423.92237220784233     
   421.61509398286495     
   419.04252697505086     
   415.76227902827208     
   414.16683246673398     
   413.15854176639112     
   411.67222349351755     
   412.58150840405807     
   412.49296915713910     
   411.13797882194507     
   409.66956642866825     
   408.39689060436388     
   407.32434206421328     
   404.51983577709575     
   403.32081910525858     
   402.73415444578791     
   402.00143992212151     
   401.47508254891756     
   400.93407374156533     
   402.77765715913438     
   403.72662969609314     
   406.93380977200400     
   408.20042607414564     
   408.64171274063199     
   408.77538943958371     
   414.57402998670528     
   444.02935390526648     
   449.12093879806469     
   446.81529002414595     
   500.79449224785361     
   479.10639097028434     
   476.67950137902812     
   492.99083811049417     
   485.82304342881224     
   449.99102508322727     
   440.68531322125096     
   439.36010704514314     
   437.95330389215570     
   432.61234161777656     
   431.61123652959145     
   431.53020394742583     
   425.88075830994723     
   422.48185298034952     
   421.04846965313027     
   420.85511482038027     
   416.44041059959670     
   414.07655992398702     
   413.39059586368569     
   412.41455166647432     
   410.85493106897144     
   409.52020724937336     
   408.35806720046475     
   407.24813415138965     
   407.00724855269209     
   406.40139996993031     
   408.04291251234713     
   408.37660137778676     
   407.46329944604651     
   406.92377101772416     
   405.87612569146751     
   405.09729237776753     
   400.60701387482777     
   398.49735269702688     
   398.73962483168953     
   397.95573691986181     
   398.05306047124390     
   397.79266141678960     
   398.77505761068755     
   400.89852064538684     
   403.78922487631058     
   407.47487299601238     
   410.71306753318237     
   417.67118157667670     
   435.56495021293887     
   464.67961308412760     
   461.11222652678674     
   506.69792575644027     
   505.23751044505121     
   480.09848639667075     
   457.42430221906801     
   449.52946632348733     
   446.20361516166605     
   436.71620781912941     
   433.32646311520756     
   427.99439393579075     
   425.29731736619453     
   420.82468072185605     
   421.82347352571207     
   423.21205170396195     
   423.29245557974679     
   420.44551638530538     
   416.12751034514940     
   414.72824586114831     
   411.83528313896096     
   410.34957975527419     
   409.10850562730417     
   407.84054891214879     
   406.55244165671076     
   405.42050877678474     
   403.79529618212808     
   402.61548257610724     
   401.64148996643121     
   400.79187595821656     
   403.96196239781062     
   404.72502143591907     
   403.98698123359037     
   403.51147870273996     
   403.14635183196788     
   402.75716843764894     
   398.58123439110528     
   396.89575317445804     
   398.70479292734848     
   398.80504914977502     
   398.74833474724795     
   398.56711864137873     
   400.76753086181009     
   408.84728079698169     
   413.90929685586548     
   408.07958597247858     
   410.85427474352088     
   422.20704320831618     
   458.46817300056915     
   474.71410636180440     
   500.74155216819298     
   506.47017242801570     
   534.74319715663603     
   552.49061080518675     
   560.08380101700186     
   517.63705207438977     
   505.09404013762986     
   504.09715223775208     
   498.38218956568466     
   470.80752707841344     
   460.86694884400390     
   453.90177417037501     
   443.06498775487694     
   437.27256488907005     
   433.80634341599648     
   430.15088478959319     
   429.35369178316830     
   428.54894246314007     
   422.83855824384284     
   420.25725096179912     
   419.40287925412071     
   418.21044957580602     
   417.99901981423812     
   416.81044531431166     
   414.13281311091259     
   413.12749763338024     
   413.93194415069075     
   412.72283154431148     
   411.07842682073232     
   410.08867912816947     
   411.06466345286907     
   410.30840617419113     
   409.86281453598855     
   409.75407489104975     
   407.61716432903557     
   407.26293338765402     
   405.05672115379076     
   403.59398435074803     
   399.54197227285567     
   397.68219757357775     
   398.14129345588822     
   401.39555916018645     
   413.81889356100015     
   427.65340367183535     
   441.89256168767275     
   450.06457494653858     
   460.05681701935646     
   481.07236414048305     
   507.97853740883278     
   530.12369271901900     
   528.67204090714461     
   533.25481244863215     
   523.80090254189884     
   531.03217965724980     
   526.85888508061907     
   494.44175882861703     
   477.05368565515499     
   468.33499897245463     
   457.88789705651936     
   459.93355529702166     
   458.85374823375992     
   452.45802349741638     
   441.68252535764725     
   434.18234407890981     
   429.21362471963721     
   424.48158846400804     
   422.31585910954755     
   421.58549379508082     
   418.02985951800702     
   416.25394143302407     
   412.60031499468266     
   410.18708449188483     
   409.15698459862574     
   407.82007250047286     
   407.51917365684955     
   406.83296951936757     
   407.17852894644136     
   406.87915927965446     
   406.53758003163222     
   406.32609847207436     
   403.69129804791947     
   402.36688125284041     
   401.21508646943334     
   400.73138731807973     
   399.98122077089010     
   399.31851699414318     
   398.84305916394447     
   398.08294893936647     
   400.97063459919309     
   406.35460432332417     
   414.19486679543519     
   424.35516393136243     
   433.42651975762232     
   445.59506664663530     
   465.76387212734670     
   477.80114120222953     
   499.79350307191055     
   492.74494928785487     
   506.08165239201446     
   514.91499563681316     
   527.06011828055296     
   530.08994741861522     
   522.90000194310937     
   510.34360161975525     
   500.98697890260433     
   492.52593203177094     
   492.68659272360594     
   482.81034384211409     
   485.53101637709636     
   468.31799082914227     
   454.02145898767014     
   441.88749912659887     
   433.47043680861367     
   428.49396638178774     
   425.11006714236487     
   423.59445854151329     
   420.40055951611163     
   416.99764441066196     
   413.67491183767277     
   411.36587276502343     
   410.26164214088243     
   408.96466448935666     
   411.96739478507726     
   412.23024735075472     
   412.77392516301319     
   412.46754230728152     
   410.80057202878731     
   409.64871621527493     
   408.00599245888765     
   406.72931798497575     
   404.91260556067647     
   404.18861129660809     
   405.01928731511276     
   405.06612807499164     
   404.16970341693258     
   403.64566312234285     
   402.69142030964667     
   402.16816330432755     
   400.66352877456455     
   404.32912077502442     
   406.31128562543819     
   430.72557970762870     
   471.43472179510536     
   455.30177480537816     
   460.23088021368989     
   503.57303758265260     
   499.90592193097399     
   520.58062408664250     
   533.06941123750630     
   532.81404394522895     
   525.85208280400718     
   525.65509129784550     
   522.01790447622989     
   498.68399841171470     
   478.81639911619322     
   474.93450412512152     
   467.77185546017870     
   458.44354827255569     
   452.91535864461019     
   448.81585315831114     
   441.68410219592704     
   440.07194163385520     
   431.73874829210331     
   426.67496244970363     
   421.35464575065566     
   418.60479813975411     
   415.64193979354957     
   412.41657071068482     
   411.65074516243919     
   410.33637741890510     
   407.73617101450520     
   405.87007818045350     
   404.46355320075742     
   403.49265372557613     
   403.20187377510030     
   402.42052636481895     
   398.79371561164646     
   396.51160342951567     
   395.02112360664211     
   393.61880051662490     
   392.98461786973957     
   391.90669277644014     
   391.45723214232282     
   390.96523965127363     
   395.67591453087482     
   401.78427673574333     
   410.19077531428155     
   426.10860414855983     
   447.23421618110058     
   465.76008196766855     
   480.76087589856456     
   495.19596892921669     
   503.51067941247334     
   516.53623202979168     
   522.00027676472791     
   531.92149896896012     
   542.07864508031469     
   544.58015533102832     
   551.02729168743690     
   551.90425413365540     
   551.59495316810808     
   545.90371747328300     
   541.18243107728586     
   530.67938853753481     
   502.35436452057775     
   489.50098543948519     
   477.40638541805629     
   468.08422445936674     
   457.41749627869279     
   454.60475394820878     
   445.53915005294277     
   440.56173074879433     
   435.68031250199499     
   431.97273696576019     
   428.10365142226897     
   425.11666617328495     
   422.49839020478385     
   420.13586005399310     
   417.47944816741995     
   415.27112596467407     
   411.90437102003983     
   409.79040669013523     
   406.66010028823479     
   404.45213207029462     
   402.22731828942233     
   400.14690885481667     
   396.75238026506895     
   394.63781527835062     
   392.07097660384881     
   390.24173229134942     
   388.56907828103652     
   386.85748427878235     
   388.04461440916367     
   393.40411037832166     
   402.06476415833004     
   413.30772134715460     
   418.87286574888844     
   425.17353579035256     
   460.83941025034693     
   478.37366773211750     
   502.48603854801320     
   515.19150986493867     
   524.13518863203035     
   530.37578649340651     
   530.54003939503923     
   524.88362438833235     
   514.35390909948046     
   517.95729538319415     
   505.56286031343012     
   490.14757853971776     
   478.11832253703312     
   479.78340024994958     
   466.57292049892635     
   458.43792139410260     
   452.69645327732644     
   447.01641039668232     
   441.11279108378807     
   440.39006506806101     
   433.93447903215565     
   428.42139685295604     
   426.64855606863648     
   425.07065154200006     
   423.12649221943883     
   421.11418945987714     
   416.60557705163114     
   414.11272619177868     
   412.74046732932135     
   411.45351057375217     
   408.62290106134793     
   407.01911037990897     
   405.34548619201399     
   404.09496249453736     
   404.48149841901574     
   403.42905018125686     
   400.84597653428710     
   399.42784206071519     
   397.89341488769458     
   396.90463008142814     
   400.55322560725449     
   401.09730823696640     
   403.33553062204356     
   409.21853755953674     
   416.68485101492479     
   427.08553292560453     
   444.39627285949098     
   462.20127588166491     
   479.46943230231312     
   478.81348987887924     
   475.19224693665961     
   491.20689106580738     
   498.63591927290599     
   507.56998748535483     
   498.48496433142350     
   500.02461691826102     
   490.62212330844136     
   515.57755832340990     
   525.56409720650367     
   521.77708985552420     
   507.98036509604083     
   505.01955151954201     
   479.80069467643693     
   464.33367702915467     
   453.93149261359389     
   446.28200060611579     
   440.38453755407278     
   439.09970795398556     
   433.51607461092834     
   429.35485821159949     
   426.47715046094646     
   423.48481791515889     
   419.58712178407939     
   416.87667031872996     
   414.00561798306734     
   411.78957345044557     
   413.17655685605428     
   412.74574325528476     
   411.10703409397479     
   410.34784457682900     
   411.27021517844736     
   410.75228945607563     
   409.36500762954336     
   408.30102538732893     
   408.53049588866452     
   408.09034400641650     
   406.63350457158157     
   405.99291723082246     
   405.78804762714401     
   405.35416905632604     
   404.83466434112813     
   406.10375654156610     
   413.21259733279300     
   435.87078440709263     
   449.12465260774434     
   463.92368568173418     
   482.24315673070112     
   494.94493646700386     
   488.90819249199831     
   475.47582525500451     
   474.72583235417409     
   477.53075358919205     
   483.20452982392129     
   472.49967810182198     
   480.40695237807051     
   492.65097742533180     
   487.66891824917315     
   469.49061919898793     
   464.74842110647450     
   460.67662350737311     
   451.48400313686057     
   448.97635553714946     
   438.61166139931333     
   431.87609003747644     
   429.18956976338194     
   428.98669258887372     
   425.34589056526198     
   423.48062395554746     
   421.17360457974303     
   419.49925410049934     
   416.47853852116538     
   414.86078741021964     
   412.14584441500580     
   410.05467585421343     
   408.54076231660275     
   407.30972774223244     
   407.67583714468066     
   407.44608626521313     
   405.15785438499762     
   403.76079091117242     
   402.90940704779439     
   401.92175662356004     
   399.24164216311965     
   397.65362204774942     
   396.62183763884002     
   395.35047112679763     
   397.16612595238240     
   397.44156811108530     
   400.19467989617664     
   402.25973460610220     
   416.01555779324212     
   432.62636254574068     
   449.72004572336851     
   466.18931687927051     
   483.89669253651800     
   501.40421706876623     
   519.68076666102809     
   534.03027181887001     
   552.47033120859442     
   565.84270869689419     
   566.37588436677970     
   554.27447130409860     
   536.92114202943355     
   516.70846264715021     
   533.26013408189363     
   520.71627981463416     
   529.77531108987205     
   499.01393344173806     
   480.85130822536604     
   470.21761042402625     
   459.66828271596370     
   453.53642279750517     
   448.06212815281759     
   447.80559899139809     
   440.85133698286728     
   435.57479108120043     
   430.38888135728342     
   426.60093843122877     
   423.54239128952059     
   421.10890683462958     
   417.58761523708762     
   415.41907450281150     
   415.47397826071131     
   414.50008376690198     
   411.39283233147160     
   409.63982608141612     
   409.99652938448554     
   409.14539256367402     
   407.51509630905122     
   406.11812412170303     
   405.58324387701043     
   404.90294350000721     
   405.60822923720059     
   405.61787792891670     
   406.14390519446181     
   405.85977220936206     
   409.26647359213587     
   413.34005953171595     
   425.50552866223541     
   440.89989005525166     
   458.28724393286194     
   479.42146729435837     
   472.44322627446888     
   472.48882639995441     
   465.12661485586506     
   471.03228449958283     
   492.79050902956459     
   519.80900544475605     
   509.72566461021501     
   534.79164582907106     
   536.98665232475855     
   529.23069807961281     
   525.81462478197091     
   533.18023794330725     
   523.88672547109775     
   518.80046144639016     
   490.32943035962597     
   480.08650111696727     
   468.42036820715219     
   455.85156903331756     
   447.87659332526243     
   441.65188858851792     
   436.95699044127332     
   432.86545393584072     
   428.20876087262548     
   424.81284299379547     
   420.78256269051474     
   417.80067835279982     
   415.95356851758271     
   413.72397271850650     
   412.40250715442846     
   410.73253764868298     
   410.70235160007155     
   409.87655823313537     
   409.09777419467332     
   408.03583240907460     
   409.11000594379573     
   408.53160530576719     
   405.96009576979452     
   404.14581319410172     
   402.42381026149758     
   400.85221384513375     
   401.74727987508948     
   401.74481368031365     
   403.10953763977261     
   407.00496500964471     
   420.40501793499743     
   435.49819492026552     
   453.54487391834635     
   469.17381024385617     
   478.42599806479717     
   490.21381089094524     
   506.01540814914051     
   516.68411089864924     
   499.44603269752741     
   529.08005961184085     
   531.08339709373456     
   524.18993470784676     
   528.95169786709960     
   538.95472014413281     
   536.29298332047370     
   537.35258992299168     
   537.70779074111590     
   501.97265170987237     
   474.33057208837477     
   465.13941708345669     
   454.54348778067964     
   448.28027354279016     
   449.05680513269942     
   446.22324346880026     
   437.97140300936110     
   433.43954081345669     
   429.21945895712270     
   425.41038302154544     
   422.26312676321447     
   420.13492277189624     
   416.08491948278618     
   413.12590560358154     
   411.30599824434722     
   409.23322767589070     
   405.85651597942370     
   403.72753400603790     
   402.20662949095617     
   400.60501641064440     
   398.74658191398902     
   396.88669134639662     
   395.93721514369850     
   394.65676794582981     
   394.55917000257409     
   393.94449252812535     
   395.32465065291723     
   395.38050216970771     
   399.37138455583005     
   405.16172725231723     
   418.39692988037643     
   433.65701653291313     
   449.64999407611037     
   466.90847467744720     
   483.49781594676739     
   500.77181064139228     
   514.69411802398554     
   530.07943421647963     
   541.86316577088462     
   549.25178533824999     
   555.71728060200257     
   559.12564368832352     
   554.99505570974509     
   550.02340885062722     
   547.32793216099844     
   540.37142090700456     
   529.42780697719957     
   525.41788780350851     
   518.52837443037276     
   489.61205344666070     
   473.90743612208178     
   463.66764237184628     
   457.40670612381115     
   451.83441480807443     
   446.58280288279229     
   442.47817210836689     
   436.92656988056899     
   433.64557483675225     
   430.29208719685641     
   427.52512340827144     
   424.81711395617219     
   422.31291119776705     
   419.76763163193203     
   417.64551612815524     
   416.05959483437408     
   414.94386182052381     
   414.02462640252276     
   412.87283434066376     
   416.46222517368187     
   416.90430544652776     
   416.00291957350521     
   415.11886101664220     
   413.60978787393748     
   412.28149631554754     
   412.38645309857907     
   411.58731114972596     
   411.10820241356140     
   416.79505512821441     
   431.01142308124082     
   446.53532498320146     
   458.01147161091296     
   471.35938466781676     
   485.93007370913506     
   501.89113685553758     
   519.55336700801274     
   533.66851730851340     
   546.02038210336821     
   550.99166568917747     
   558.99421293852936     
   558.97347375788104     
   565.15288177590060     
   563.89445999490351     
   560.32899121131447     
   554.51927221118672     
   539.53082121795524     
   528.20582099018668     
   518.13271053488404     
   499.64594613191588     
   481.06472648649998     
   468.26857450536721     
   458.20545903500101     
   452.72512114599249     
   444.78897748720931     
   440.27689768193721     
   436.64467217339336     
   433.08870252505255     
   430.46128505689518     
   427.03794028038919     
   422.81766550142964     
   420.15753936907663     
   418.57061451322915     
   417.00167970969039     
   413.91918852434833     
   411.92050031239035     
   409.39760371550210     
   407.48395028369532     
   404.20735286738687     
   401.87665594978614     
   399.75833540871605     
   397.88398075983048     
   399.92456896359931     
   399.29709465246384     
   398.78805312887812     
   397.95139782382103     
   401.47575083998328     
   409.89656256200897     
   425.08679011867440     
   441.48735935575780     
   457.79652200376802     
   476.80917287484505     
   488.66419798557473     
   504.39266897272034     
   521.25816671052849     
   531.66567141516703     
   538.21540551099395     
   542.06992984712531     
   542.67741899861664     
   542.08165752084642     
   521.63380598850176     
   530.94975579503546     
   539.59693730458275     
   536.13443443243716     
   524.21122004308813     
   513.74867866847899     
   507.18778911882345     
   494.44635969052484     
   480.55945955783585     
   466.82246700366420     
   454.92787383567986     
   450.94265228515388     
   441.15830759007741     
   435.70799231570948     
   431.95858028167697     
   428.82930801804969     
   425.36324512330123     
   422.38989914907859     
   418.96141305800950     
   416.17073311156639     
   414.05567431380479     
   411.90466852226967     
   409.05941009382400     
   407.18638552854600     
   405.24438912994236     
   403.47945673381838     
   402.09204975315930     
   400.92591525967413     
   401.02502026208310     
   399.89600661084552     
   402.94833820436435     
   402.96559713453280     
   402.60549852441687     
   402.01630397223488     
   403.53311273972730     
   411.39526479351383     
   424.11834897624601     
   439.43527747034511     
   450.61205144138154     
   467.69882926495194     
   483.62460301291804     
   500.08979324433153     
   512.97511940489369     
   525.20851970913191     
   535.32355163867862     
   539.01330939556999     
   547.04232863066397     
   549.22433778608945     
   516.20378730384516     
   517.19982672857532     
   515.66624330811283     
   499.43232488189568     
   493.97316900225502     
   483.92875340401503     
   480.43417246670083     
   473.68735479375533     
   455.29488370067759     
   446.05553822073887     
   442.55764362712523     
   440.43074777388290     
   434.26343347574527     
   431.12962893783970     
   427.28389637285386     
   424.66330980197375     
   422.16962807002267     
   420.70066287370690     
   419.50855873725027     
   418.03679835449827     
   419.36218159249825     
   418.50285071360332     
   413.44037992709468     
   411.83343678076670     
   408.87047033031143     
   406.15187758963970     
   404.29356013938474     
   403.11673394996433     
   400.28855433651506     
   399.88767249119354     
   398.97507968972275     
   398.44449335270804     
   399.28434420263591     
   399.04210671212206     
   401.66986125525142     
   405.52358305151154     
   418.90748674700694     
   430.10609079558287     
   445.44109609548241     
   456.50313841147090     
   486.90261476503088     
   494.94382785221427     
   504.55906515381469     
   503.20656833009252     
   493.52318007420229     
   502.67857074002740     
   542.49839509494507     
   533.50221530404826     
   532.17435573201783     
   478.66749908037428     
   467.93916857802367     
   492.71431152959673     
   491.62926730272511     
   472.42984715605695     
   460.54118857915745     
   453.54295824207412     
   446.93707966638726     
   439.56317991601776     
   433.78952091351505     
   431.57187571702684     
   427.06409036352528     
   424.29537455735971     
   420.43588104450635     
   417.82370853101656     
   413.42615299018951     
   410.61277482760011     
   409.01639916124316     
   407.16127821246482     
   407.68964843210790     
   407.12385783348083     
   408.99113642752803     
   409.20752654357557     
   409.64343353182051     
   409.39524648304217     
   407.21118849907077     
   405.70967164805108     
   404.87612469726895     
   403.64742307288503     
   402.24433709831413     
   400.94800696994309     
   399.95356896299410     
   400.04538642826532     
   400.66148946415194     
   409.73246746588865     
   421.64921971947246     
   427.13778474901676     
   421.31071828715613     
   430.35504901881711     
   434.06772279198378     
   431.39616805633977     
   445.33815651512043     
   463.53390984066368     
   511.59939132044622     
   512.16119884755312     
   515.12079253741865     
   535.94033157924730     
   507.87042531164218     
   501.30314884943556     
   503.69794772053802     
   512.69661249232001     
   496.58993790301986     
   472.89229962024132     
   458.71467741438619     
   446.39371709439018     
   443.89324359522163     
   440.56393630027753     
   436.95068972320757     
   433.89036669637659     
   430.89209189147294     
   429.01191715309602     
   423.09925029731215     
   419.75185372655255     
   418.22090924049235     
   416.14250946655750     
   413.44026340991320     
   411.59956712768400     
   412.06639258473774     
   411.57343847730999     
   413.71674962825102     
   413.38370168470107     
   409.89692991965541     
   408.53185332920850     
   409.50179845244963     
   409.01013914150701     
   407.02958542097775     
   406.09175598129849     
   402.44752680391400     
   401.00752409443203     
   399.83964650955693     
   398.82858615109978     
   401.69892797013392     
   404.93276012120498     
   407.52984598752096     
   413.45881732272920     
   409.87732393450511     
   411.30620809413648     
   423.87149820299612     
   443.30715572076122     
   472.52226001983053     
   498.46031073846979     
   510.51951663164266     
   525.31183723889467     
   526.33895789884195     
   507.06543050766294     
   490.79178505527995     
   478.06042925675763     
   486.47524114183170     
   501.35858552296202     
   513.54244796498438     
   510.60818648098581     
   490.23455982928959     
   468.73818074535831     
   453.05000319625066     
   442.83123336190573     
   437.86108318403421     
   434.45528550506594     
   433.06243218710267     
   431.12220019723958     
   427.62220000395672     
   425.99598552244748     
   424.58168234411266     
   422.96532962400130     
   421.26433361568371     
   419.70221800473718     
   418.24202538610132     
   416.94195997424202     
   415.99894329939724     
   415.53402481000478     
   415.47089071054887     
   415.82326343455532     
   412.38594593884272     
   409.97411592064583     
   410.90078239262664     
   410.79398818961494     
   408.85834965975920     
   408.00546289268414     
   407.97001495994050     
   407.80510788040129     
   406.40285205102816     
   408.49240639627595     
   413.93873255280994     
   425.05745460863091     
   445.47636675030662     
   472.72436625207507     
   491.94645759820207     
   500.85257156498938     
   505.41763597979752     
   491.74795446446183     
   487.74897380248387     
   475.39643485611612     
   454.12028830458013     
   443.05720288474492     
   442.25020926123767     
   447.93247676737309     
   441.80163201601789     
   434.50981958744580     
   427.37930297119851     
   427.62267550712090     
   427.59906199051392     
   427.79114957419029     
   425.97041852331250     
   423.58757381544012     
   420.74219601951580     
   418.76807033438365     
   416.01990785434964     
   413.87040658028940     
   410.47750275143420     
   407.57017184489257     
   406.03999072019701     
   404.87906647510812     
   403.53928411984344     
   402.38996038996544     
   403.03060052004480     
   402.72371815493960     
   402.16573715763576     
   401.73628316032853     
   400.38351765750025     
   399.57645857736793     
   399.33969822727528     
   398.64064568582324     
   397.27322064510099     
   396.38710811758284     
   394.69170520339947     
   393.76519191802913     
   393.40024785173068     
   392.94295782603530     
   391.55976204464571     
   391.58867110764754     
   396.53172828222915     
   411.15588594166377     
