   379.87636600783867     
   375.65759416447582     
   371.95626596472346     
   368.33567371481860     
   365.26973127655253     
   362.81484242889303     
   364.02823173434075     
   362.46717211342616     
   362.97573085342248     
   362.28726431531072     
   360.53030677636093     
   359.64140512993362     
   358.37064577451292     
   356.19312651535597     
   354.53165253154862     
   353.37246627220736     
   352.13449601830763     
   351.64041312207985     
   353.33968143554057     
   352.56839331412874     
   354.83039338826745     
   361.51583706519830     
   369.10540111127409     
   377.46732155267676     
   386.00030941772530     
   390.86600248623438     
   403.57915400781150     
   413.96527271748761     
   413.60522125007367     
   407.12067379263425     
   413.77120359047603     
   422.24980955408250     
   433.18013361317600     
   427.82808047972804     
   427.37871846790745     
   417.81825478611290     
   415.50969012259526     
   433.35314404000860     
   425.28051177939147     
   422.65690374937509     
   418.98348580329611     
   434.98151512717578     
   429.53886441515539     
   429.29693956242602     
   424.61064558588430     
   417.73747619191244     
   409.85806637076706     
   401.42831323612324     
   392.87734654395638     
   386.26404060006809     
   381.56521798669144     
   377.81729080552259     
   374.07551166009307     
   370.77751479186907     
   367.90881439792196     
   365.84458898948805     
   364.05126824983142     
   362.46396049620358     
   361.19747258121288     
   359.60922416332573     
   357.97460469813097     
   356.64985316706020     
   355.60738868533963     
   354.61814903675577     
   353.97512479926388     
   353.37011459737164     
   352.44063907226513     
   353.46732061901190     
   356.86757097188467     
   363.10249338890873     
   371.60109097233493     
   376.85897515744642     
   386.63253648543042     
   395.12681157889574     
   405.05443385834394     
   407.00873183381105     
   399.19249859855540     
   410.05884808484535     
   408.52857431713727     
   414.53049495568655     
   424.22614246722668     
   430.37169680800793     
   427.13930499011371     
   424.29509054313354     
   420.82486807993183     
   424.75978331006417     
   421.74004682120346     
   420.68868882366036     
   422.10894067565727     
   428.10901046953819     
   432.47862902872009     
   430.38821050628189     
   420.68432984785971     
   411.35160956507292     
   409.47177495958988     
   397.33335423011084     
   390.12221541369951     
   385.27139764401744     
   383.16497652467342     
   378.26516371061541     
   375.00378125790979     
   371.37378945253073     
   368.37712915813603     
   366.32501378401372     
   364.67942520803723     
   362.85116281881716     
   360.76069674439549     
   359.07470072112187     
   357.43623641221626     
   355.40639155104964     
   353.91318688189483     
   352.62470080675541     
   350.96645147471799     
   349.00801095122426     
   347.44526682309390     
   347.73721818846246     
   351.86050131411110     
   358.48381266817404     
   366.94307737106834     
   375.98281599688482     
   384.93557401926802     
   394.49840526765661     
   398.03469554886669     
   401.95484877770400     
   398.89071028797673     
   412.24172699799328     
   416.97938683451923     
   427.29411027005744     
   436.97660732814433     
   435.96646494773108     
   429.23538955398607     
   439.03763838735938     
   437.39207918181529     
   446.34544516966179     
   442.67478496122868     
   435.72543471927861     
   429.02393904136881     
   427.68492600410650     
   419.65680217303407     
   417.24321446057280     
   409.54116082619657     
   404.04928036513684     
   400.10478024030073     
   397.57229767507761     
   394.16043702013434     
   387.12550538479809     
   381.92249860692141     
   379.49478462361702     
   378.66714470068473     
   374.66766881388946     
   373.38330992091051     
   373.42655897842593     
   370.91605170081294     
   366.68394149205756     
   364.19623034580684     
   363.19930446087596     
   362.15963045015593     
   360.93276025322899     
   359.01178369368995     
   356.65263290659743     
   355.47409955918607     
   354.22594416239377     
   353.48805185343491     
   354.41506829152405     
   357.94983287339193     
   363.26795571765820     
   370.43330837441590     
   379.02063717631580     
   386.43942235905519     
   394.83518797402155     
   403.80981847314530     
   408.26931764519759     
   406.91248772254056     
   406.84406993718670     
   412.09767095207559     
   419.52929456787831     
   412.45901075523255     
   409.82304166386768     
   414.45182628172637     
   423.43152722445529     
   420.84355869580651     
   409.49453817960853     
   405.15930260306607     
   406.65863972399762     
   415.56589257638245     
   408.65363043708265     
   406.81836591594447     
   414.97374153019820     
   407.74567048727062     
   400.19988944744716     
   396.66406501507254     
   391.29314596413928     
   388.24426107743676     
   387.52374607224795     
   386.26132870769254     
   384.92008817644103     
   383.67317181530393     
   380.40940255706141     
   377.26366284072748     
   376.12302564417632     
   376.30406353683424     
   377.37871373659783     
   378.36625832702344     
   379.37612285604405     
   379.46773969494922     
   379.86352075513895     
   380.27065973198046     
   380.42626740720942     
   380.05343449982911     
   379.57498509550214     
   378.43338790871826     
   378.74531027313452     
   379.32144045465890     
   380.31479041360922     
   382.06571689748114     
   384.79587442337464     
   386.82879307659562     
   392.22567992269114     
   395.40959217408761     
   393.88841008899357     
   394.89820554184229     
   398.96571160505704     
   408.99589801570244     
   427.91830167085652     
   433.48725423437588     
   435.96045568473636     
   446.98611654540099     
   444.07059475757268     
   441.59429660215466     
   433.28411000987762     
   430.19047640116725     
   433.67453067037184     
   434.10107071727634     
   437.57033537489491     
   437.05491570175883     
   428.85360056292200     
   428.05255772335556     
   418.41014517894286     
   406.90745892637216     
   399.65108576088647     
   394.57167484476611     
   389.60869160443480     
   386.12977120022305     
   383.64628662239630     
   383.11948983068811     
   382.12143216882424     
   379.89219046890787     
   377.68576741393019     
   376.74320241951477     
   378.17454940786257     
   377.80280432548261     
   376.55480960532213     
   375.59815819755073     
   374.93782911702738     
   374.52209966340490     
   375.32789928876622     
   375.38852101621148     
   374.89283058508863     
   374.70400979977796     
   375.72641690620753     
   377.11088016666815     
   382.06443538408826     
   385.59057177000665     
   389.89532089463029     
   396.02387429026231     
   401.09839824127022     
   412.87229238612343     
   412.11257115143360     
   416.48686643151183     
   420.26148318521007     
   431.60451667246605     
   430.75287241607498     
   417.00925998875147     
   411.30438771460609     
   408.13801301762624     
   419.97090540059389     
   426.50262271717008     
   433.56965908702171     
   431.76906477740351     
   426.48870963150699     
   420.89522669931330     
   425.87335971845101     
   422.60076802474316     
   417.10764642911886     
   409.89279067346172     
   405.01751562671421     
   401.33443439791256     
   399.34691975133688     
   397.58193484320782     
   395.71081773566755     
   393.77078229285280     
   392.30450509302830     
   391.18723368861350     
   389.75587632929512     
   388.60099172708738     
   387.60380039554161     
   386.83645246762177     
   386.52794501293005     
   386.01760540607034     
   385.67892247040993     
   385.38336076558102     
   384.98392298575124     
   384.30634367712327     
   383.80323132759787     
   383.64497128661287     
   383.47952791807131     
   383.06979688338521     
   382.49104280921324     
   386.03076873928183     
   388.94854487570183     
   391.33783701935607     
   393.09780853083026     
   393.95212535750557     
   395.67601184469271     
   400.57759124093735     
   404.29577375746112     
   405.62951980283617     
   411.72357740098550     
   409.98025565237469     
   410.09592546250360     
   410.35673590743636     
   414.60563249779807     
   410.54555507832396     
   409.47695622305901     
   418.10624986718545     
   416.01438523893177     
   423.77158176080206     
   426.30952850045315     
   419.99289863012086     
   412.27203606211339     
   413.63101029190369     
   414.56093760097019     
   423.59461838543058     
   417.36246001663602     
   402.81351772467337     
   398.09549887695329     
   393.33236444891946     
   388.43714360736010     
   385.36816470374976     
   383.05596756545640     
   378.77821258781535     
   375.15415047332317     
   372.04544326082470     
   369.46836401566242     
   367.32026127072589     
   365.16934575097332     
   363.41078998858927     
   361.85495490132917     
   360.29511765578110     
   358.67116192734596     
   357.21832645144730     
   355.78060971022973     
   354.31235810864200     
   353.10315005532135     
   352.45491746148684     
   353.10965142824108     
   356.54455227261604     
   362.03670156129198     
   369.83495947040416     
   379.35899173613387     
   389.44492483030933     
   398.52236457641646     
   409.17491894512909     
   422.38994679439315     
   428.13117639849355     
   418.37943289446252     
   442.10649212499942     
   443.13982466000977     
   441.43319823207491     
   450.80888020434276     
   453.24193981907393     
   444.73281582066994     
   445.31663292508193     
   454.37316340187004     
   456.99189074293560     
   453.87866473965641     
   440.04605597003609     
   447.83483649014323     
   446.18432034155626     
   441.15690980259131     
   435.91482458762152     
   430.59101432001989     
   420.88813620988736     
   412.09425489775856     
   405.89584609925652     
   399.28065491412320     
   394.24358183802059     
   390.07513301094991     
   386.07051278325565     
   382.19578548567313     
   378.70607680607009     
   375.80230541557034     
   374.25155899310647     
   373.15244382372293     
   372.65022632558453     
   372.91145365884364     
   372.45000475550381     
   371.65944982873646     
   371.01314050659499     
   370.41695220809481     
   369.38253288134189     
   366.99550884325856     
   366.10583755269266     
   366.24317398937075     
   372.02681208387639     
   378.99216469437732     
   383.39842340319842     
   390.61579002381319     
   400.63774135813509     
   407.07558727281264     
   402.43737255570966     
   414.94073770382079     
   431.44936043220360     
   413.76288043923262     
   412.81783765008481     
   416.05187738793677     
   429.72150594790537     
   436.19568702530120     
   434.47950157731441     
   437.15812683599381     
   435.19738835884704     
   447.12609953323926     
   453.15524399772033     
   452.90002629077196     
   458.49143963948347     
   452.57175902915372     
   440.93742612815691     
   439.26862987125241     
   434.61558842266726     
   427.63130688390748     
   423.73959664995755     
   415.20655531028433     
   408.89377689939710     
   401.43746045523881     
   394.91426500805068     
   389.78701517524286     
   386.03445981461141     
   382.69867663627463     
   380.03942034171899     
   377.63643698009656     
   375.00644928556352     
   372.65500001083575     
   370.77920557768073     
   368.86974977330669     
   367.43594253473623     
   366.15988179550061     
   364.17867234002091     
   362.24173525846891     
   360.72665819874760     
   359.38001460620922     
   358.56321207258293     
   359.82445081729531     
   363.76059619001114     
   371.07623320310591     
   378.88449454504251     
   389.65930526069695     
   397.47513047265267     
   409.03098651691249     
   416.72608212374661     
   427.38647252478313     
   433.63463357080457     
   426.04759760176233     
   434.85869340502074     
   437.10848670199812     
   453.04441616812164     
   457.80517382585089     
   456.16902947900292     
   464.37732090017187     
   459.65741698684559     
   465.13677279338668     
   448.26907454392534     
   441.65828110362474     
   450.32697219848029     
   452.52541350867540     
   452.20892027783890     
   440.95683771597101     
   434.82876765569011     
   434.69862315508175     
   422.78092479417359     
   415.58262860374327     
   409.23177870179700     
   405.56474058210159     
   401.48451978310561     
   395.68448581692689     
   391.52938217936492     
   389.59541264827578     
   389.28856386397007     
   389.14003254389218     
   388.79913292646995     
   389.44786103476844     
   388.24782367331727     
   388.33240833491055     
   387.73564422833476     
   386.77216172292407     
   382.84353164984628     
   377.92769895980990     
   374.53265148656124     
   370.16871388431491     
   367.88234166316147     
   367.44138293870748     
   370.15553632940430     
   375.68884608709777     
   381.68670422561269     
   388.81310689478727     
   395.37178638356846     
   397.90850818995960     
   401.13486306141181     
   402.46828809732165     
   406.84327901813123     
   417.09792040664377     
   421.65643670378785     
   427.98631990924480     
   436.82416742325728     
   435.11772980787856     
   436.35382567120070     
   436.98078302981071     
   441.09643874631809     
   444.36017403277333     
   448.73171361687838     
   447.23524352720597     
   444.53241285916306     
   433.73255473988763     
   427.30611360743160     
   427.10588683688081     
   423.78946730347099     
   418.46715879578966     
   411.13997768994176     
   403.80003523574396     
   397.79670667536391     
   391.12783737259542     
   386.29901985545797     
   382.92042191195827     
   380.24837179874066     
   377.94056413328457     
   375.64068128570403     
   373.65670332839073     
   372.87771670898690     
   372.25326717465634     
   371.84137342969194     
   371.36854909702146     
   371.17503984811009     
   370.75886265673768     
   369.96245660868436     
   368.52957237529466     
   366.00954523338936     
   365.83785218902460     
   366.51967559069374     
   369.25593469185497     
   372.29224283517340     
   375.25897218602432     
   380.13361061965492     
   383.92434185347190     
   384.72838837223139     
   386.47450800318711     
   389.64591203071251     
   393.27142828150278     
   403.16920490625159     
   414.63735370225521     
   429.04081597475295     
   435.98325430259752     
   431.63091663841504     
   419.82959676188733     
   410.81473782082753     
   408.42468318463278     
   407.33793148491230     
   405.59858090816141     
   406.51008056136891     
   406.83854182088135     
   398.60250053333027     
   392.77700496410318     
   389.25470902717473     
   386.81398431586615     
   386.68839114617015     
   390.18924799024245     
   389.97339550262410     
   384.96696008303763     
   381.84825984258168     
   377.98428729375860     
   374.14006191200252     
   371.06759339816665     
   368.18531973106298     
   365.90492849479125     
   363.85860900737435     
   362.43286919318052     
   361.10503059354392     
   359.83132643688458     
   358.68713829802385     
   357.69013768011399     
   355.93335888170952     
   355.47939328040013     
   355.51420244894462     
   355.20610658670404     
   354.10603895223517     
   352.39225863122823     
   350.79229426747736     
   352.80702443668815     
   360.32988068546496     
   367.11031995156162     
   372.75914845295040     
   377.34830737647820     
   384.45624014861511     
   391.21024387945221     
   400.02594272850990     
   409.00129707344718     
   420.35466838362129     
   425.24745073016652     
   418.64901411361939     
   422.49836815278934     
   434.10907839261461     
   432.31348073364552     
   444.76907023926850     
   444.74752817899525     
   451.28413414714919     
   452.70944632697035     
   455.32950722770812     
   456.77666043295579     
   453.42033351731459     
   449.89170559441277     
   445.85995821415798     
   440.33596411101462     
   434.28936225597448     
   427.38621602929567     
   420.82502656199347     
   409.23585665779160     
   402.35232433675736     
   394.36703461098364     
   388.76832658162101     
   384.41502076220519     
   380.83234138020293     
   377.84100492164180     
   374.94980836216763     
   372.40298733455961     
   370.29557021471010     
   368.30488318945186     
   366.38520311225909     
   364.47134027328713     
   363.07315777005635     
   361.41552669345913     
   360.02002916896214     
   358.88299698397242     
   357.63966851372771     
   356.19765823389952     
   355.00285686185987     
   356.15021082651054     
   362.72151999166613     
   372.70025799701540     
   382.07402507619469     
   391.56862189928887     
   401.35109875357205     
   409.41965632339952     
   417.21475654764612     
   427.31067840212972     
   434.65658978481230     
   436.36656871576065     
   446.37893476041484     
   447.18842968224050     
   454.26644992736129     
   457.31081384691851     
   462.75335093879778     
   466.93185091913460     
   462.00598182664373     
   458.57913765694826     
   455.21861439126354     
   456.71569984746202     
   449.00593350470007     
   443.71602884951869     
   446.18611651848641     
   446.66748759451565     
   440.23026740592053     
   427.81235776531076     
   429.04406634807788     
   420.69020075645642     
   410.52055911182106     
   403.05847409602347     
   399.18563213541682     
   396.18260743372855     
   394.95462542003725     
   393.42840667450037     
   391.29262727539736     
   388.65564694223531     
   387.18403808291600     
   386.67267272569768     
   385.82830378657980     
   382.28816391873625     
   378.51723622487810     
   376.44232855181519     
   373.93955679122911     
   371.99115537285240     
   371.68842477559639     
   372.93904366278986     
   373.63990942614896     
   372.96286701381331     
   372.82633888643352     
   375.19389708070815     
   378.62276373644306     
   382.75358845654858     
   382.29278580175765     
   384.18887373711368     
   387.16524143433901     
   389.67792389100583     
   394.96617475258330     
   398.69919159621276     
   397.64228526754732     
   408.89259341999696     
   412.15800109412464     
   416.02277728063831     
   415.72239880566957     
   417.14950872334771     
   431.17990789768891     
   428.23536393440850     
   422.97137599967601     
   417.65376265991017     
   425.57343637511161     
   419.64566229677013     
   411.62373487626445     
   412.02069203681378     
   407.66197225645959     
   395.22149586914111     
   388.93174040323322     
   390.66568247063282     
   389.78576908168583     
   386.90450136657159     
   384.91247746734018     
   383.39176238762963     
   382.01058733358173     
   380.74791539295222     
   379.75528952130833     
   377.54029990995292     
   375.96619946109593     
   374.07828163303572     
   372.99373480034080     
   372.75135993219692     
   372.40910694033374     
   371.79045456763225     
   371.24382191050927     
   370.99293152647317     
   370.59496477690629     
   370.34594944633841     
   370.51190111365310     
   371.00651883778062     
   371.40350935133591     
   372.01013862563246     
   372.28629195348583     
   372.76012249770287     
   374.62577379636070     
   378.53676543631013     
   378.45597141541180     
   385.07094416359485     
   391.60918707933240     
   397.95253918047678     
   403.83648447223419     
   404.67823982095058     
   399.89819945351695     
   406.31256064728171     
   419.57474034658543     
   418.62629895375227     
   418.83045481576409     
   422.76102882830259     
   425.40752965413981     
   425.23619224567841     
   419.41884309464086     
   424.74774435161783     
   429.86107019594232     
   432.41364181301208     
   429.59291012440372     
   421.82977485896572     
   415.99688977919601     
   407.33640975650746     
   398.19316568037726     
   390.67731513930073     
   384.66667595453549     
   381.52708195065912     
   379.31679020758401     
   378.17935515521498     
   375.82131251737309     
   374.78907799250766     
   373.04702357954943     
   372.26560723445795     
   372.21095059356890     
   371.71175565982327     
   372.45405963951208     
   372.21465484177213     
   369.46735205112685     
   369.63713993853383     
   370.33574145005656     
   370.78339056481002     
   369.86698670992695     
   369.60764942245441     
   369.85376625190383     
   370.20396240496660     
   371.05372929865018     
   372.04303520855444     
   376.16314568928522     
   380.24991600359431     
   382.28754229572667     
   386.52398398704031     
   390.77024378952564     
   389.34513833457123     
   392.53419657414554     
   405.39373742605170     
   405.10865795835792     
   402.16929937398305     
   398.05014309504065     
   397.64373390831133     
   404.31583264197781     
   405.54623078562093     
   410.95008484967553     
   416.91666878789005     
   425.02123124874493     
   425.07369971395048     
   423.17190136990445     
   421.94027805133175     
   419.48647485549247     
   414.05889625500799     
   406.32653491325857     
   400.16071868201016     
   396.38984511343074     
   393.83869449604049     
   391.16376637147067     
   389.66118255889040     
   387.05601241880737     
   385.06652478201340     
   385.52083099423288     
   385.70777052749969     
   384.22882194288098     
   383.28139585182049     
   383.03439032717091     
   382.34301599475299     
   381.87406131235446     
   381.77409035906726     
   381.70567788123020     
   381.59329034528020     
   381.82253935039353     
   382.04572971786712     
   382.35174969929830     
   383.14875007527638     
   383.76120101075054     
   386.31490865924576     
   391.60444693171826     
   394.18488590188201     
   393.78150149112952     
   394.02945351916298     
   400.04923602066049     
   405.13178419491169     
   404.22943447059578     
   406.30474411799469     
   404.27238659155518     
   404.12701470550513     
   404.74617114801197     
   409.62246515415035     
   411.74814750704252     
   415.25736456266560     
   420.48799289975284     
   440.91699101904823     
   437.27603684797208     
   431.75230959867366     
   438.79312627279586     
   443.56071920944106     
   441.10356468910220     
   428.57752936890091     
   422.50818536469842     
   417.07680626119816     
   413.28678650954157     
   409.15371095751783     
   405.20695359168855     
   402.03242898224670     
   399.78243145177748     
   398.30832158845925     
   397.17010431050130     
   395.28646114829286     
   394.02527838673768     
   393.21217495459069     
   392.72878563432982     
   392.10666175354987     
   391.60681322529183     
   390.87036386472181     
   390.21375942393468     
   389.90374361854015     
   389.17094547106376     
   388.58775411316560     
   387.91642799821841     
   387.92515373248040     
   387.85428749480445     
   387.65513451812052     
   387.49542724221641     
   387.92118083011587     
   389.65016941828145     
   389.69987262321860     
   390.78725005390947     
   391.80200910630305     
   394.06672972579275     
   394.87247157306638     
   399.63650698524242     
   397.07165817418047     
   396.88310421982646     
   398.01612403207292     
   396.15905057162064     
   394.15212181468814     
   395.91747601549491     
   398.30500378335574     
   395.97190847396610     
   394.91764310631430     
   395.80689007110107     
   395.29700168479269     
   395.42476353370500     
   394.50544398393754     
   392.06200744721400     
   388.32123607723923     
   386.80051120221776     
   391.47410514980572     
   396.87505464527231     
   391.95077280319748     
   387.16266059728605     
   383.67878529547960     
   380.13690213205155     
   377.13785493901025     
   374.09154231713319     
   371.56379064032831     
   369.65730664371603     
   367.47219530971677     
   365.46116318244430     
   364.00621498106489     
   363.04408766013427     
   362.24219001640250     
   360.91713958123489     
   359.16392952789579     
   357.75269362481470     
   356.39565767223445     
   355.13260622719019     
   354.08069514026414     
   353.84838927623906     
   353.80864669935812     
   354.91533793567976     
   361.35159298285078     
   369.67106640046001     
   382.13069917677649     
   392.21456957351370     
   395.54175232017121     
   396.09672082161478     
   403.33534807451252     
   410.82251417847795     
   413.22133931137671     
   422.93973211257412     
   429.01101785634461     
   442.85845975998200     
   450.73397610573642     
   445.52020042126384     
   452.29012469948628     
   450.18321996015129     
   442.83507586067202     
   453.93837760338687     
   442.03511528185771     
   437.02457164725251     
   424.54740249043800     
   435.29013700246645     
   419.46439684923007     
   412.17712507940024     
   413.54950097868749     
   413.66727838357048     
   410.10604153429603     
   406.40858816301159     
   400.05294660603522     
   392.05434770855754     
   386.35745932980075     
   381.93553246934152     
   378.35617046517024     
   375.09350739467351     
   372.56188532367281     
   370.26905214741271     
   367.78094452401069     
   365.75932498764303     
   364.21837713778700     
   363.00203590380545     
   362.02189220355626     
   361.03328594301502     
   359.89066819621138     
   358.65328812002923     
   357.64098756524714     
   358.05723856771601     
   360.01608134560740     
   366.14374896331651     
   373.98097930519197     
   385.25770859504075     
   390.37832232716380     
   398.20615939349068     
   400.01082177280455     
   402.07933320193121     
   402.73831205895505     
   405.62806999278166     
   405.95150659666740     
   411.16280319280133     
   407.32904895461303     
   405.76239742568646     
   410.22683005985851     
   424.16827743564016     
   436.07487980465783     
   445.49290858028934     
   441.07096819321055     
   443.31784763265057     
   442.90468981833317     
   448.06565764002494     
   441.48489137062541     
   443.20150821435004     
   446.96392575362393     
   437.76603286803129     
   428.17953774494339     
   427.65993294634922     
   421.83821755311931     
   413.67451181773589     
   406.64387352649254     
   400.56875664765931     
   396.33687111181007     
   392.70359686662084     
   389.65493204047408     
   387.28637543353972     
   385.01611696652390     
   382.84543840946890     
   381.00480707514146     
   379.24970087146619     
   377.79462853284451     
   376.24645773362192     
   374.37901060595004     
   372.92777842898840     
   371.59059818313011     
   370.28761596167652     
   369.26844455668942     
   368.97485906664946     
   369.92697262063024     
   373.89735543166415     
   379.33774871608534     
   388.87890572266599     
   401.72787286245745     
   412.78022819694178     
   423.42406364852968     
   433.12377572051599     
   443.91699012338955     
   455.07280329234442     
   466.66129254123263     
   471.11472456373923     
   478.24443295549560     
   494.48848725653079     
   490.24513669587105     
   504.88833811421665     
   495.95918971658813     
   483.70469491641040     
   485.62203886690810     
   493.92384251419190     
   498.37890202197150     
   493.12114315979852     
   488.59421701138149     
   480.75821961205548     
   477.28415282421014     
   469.16433677287006     
   464.95101484616674     
   461.88210891871626     
   454.69410991243194     
   446.72608779044356     
   438.85486900027502     
   431.69916887935665     
   426.59258646794757     
   422.25678953569638     
   417.51863817101145     
   413.09968641621509     
   409.51572731822864     
   406.36619699700691     
   403.47535881050317     
   399.92542482330958     
   396.06016111462014     
   392.83838756850918     
   390.84389382155263     
   389.39298519544127     
   387.82089432674672     
   385.98595694688612     
   384.10250492534499     
   382.97174650766402     
   382.87093624952536     
   387.49821573458615     
   391.66990490519265     
   394.64958669538112     
   396.04278899231713     
   401.08065703940639     
   411.51930240434376     
   430.03361821034724     
   441.48569286285868     
   452.09056969658099     
   462.18181261503065     
   470.68345074057765     
   478.36493407557907     
   485.15564398522963     
   491.12622409711480     
   496.08571709494555     
   498.19711136204103     
   500.17084215586402     
   503.31225070085202     
   502.20867862528024     
   502.76670934828007     
   502.19740840687547     
   497.66132908060945     
   493.63404778386985     
   488.81469546007213     
   483.54368402962814     
   477.13869358560896     
   468.72409768450348     
   458.76144918194279     
   449.82272941658039     
   440.95063210258883     
   432.80489338489292     
   426.36033498667103     
   420.33378241628594     
   414.96411657701969     
   409.96625973795688     
   405.34446373522837     
   401.30759312301171     
   397.76029244969982     
   394.41820046888074     
   391.55979040720916     
   389.14528799102749     
   386.89903699131389     
   384.55035319748941     
   382.29396211590148     
   380.59376701989623     
   379.08321666113994     
   378.27153790733337     
   380.08378429435658     
   384.99063821749303     
   391.11541250614107     
   397.61859541967789     
   409.28364839558833     
   409.94803452922383     
   408.41856864272398     
   405.88017335550035     
   408.02412953420873     
   427.62568868455384     
   451.09569121248023     
   463.24083675161171     
   472.65144095959801     
   481.06258827504894     
   479.66413692023951     
   471.30284098390524     
   485.14117168911548     
   487.83096213565881     
   484.13307230006131     
   476.75550711591160     
   473.65457733011056     
   473.15889388883210     
   465.03295608399856     
   455.47886639727005     
   452.09097512006855     
   447.65792172988580     
   443.26164675673687     
   437.72239602917364     
   431.41171286611257     
   426.17194820195550     
   422.10896969856623     
   418.06970528738270     
   414.02028748611684     
   410.59444641308920     
   406.38260999800877     
   402.62379032004156     
   399.40357690576650     
   397.46894765333343     
   395.98687023384724     
   394.57206626973908     
   393.28699452347468     
   392.05582019462855     
   390.62415131525086     
   388.97884473436636     
   387.12292486102990     
   385.16198151604971     
   383.94003718547714     
   383.05063270003438     
   382.15090042620761     
   381.46775809480283     
   381.72644030956599     
   382.98380327485904     
   384.03038072782357     
   383.21749835901943     
   384.33504212696073     
   389.19051701981135     
   396.48484908920329     
   404.08361079020847     
   416.37735246001313     
   423.64414846882818     
   426.72813022856940     
   426.84267015348462     
   420.66972277886549     
   413.92648396621860     
   407.60380693420126     
   405.65370256107428     
   405.34883161313337     
   404.70795517643586     
   405.31274016062395     
   405.88676806634084     
   406.61737041266724     
   408.35811856707005     
   408.32240847745749     
   406.37722748745921     
   404.82229157964497     
   401.34182021864314     
   398.37712167743473     
   395.11795899506564     
   392.57993378231907     
   390.41205678787094     
   388.52652171366316     
   386.76009896689004     
   385.27857939703642     
   384.34450448599262     
   383.63136086583370     
   382.83298870644114     
   381.52315806543089     
   380.27749595612971     
   379.29861062478096     
   378.61682413878583     
   378.28563988681032     
   378.12761627381082     
   377.83370404584019     
   377.26386076601449     
   376.92707044642157     
   377.19873794746314     
   377.54369296066602     
   377.45955179704407     
   377.60144755234614     
   379.32511657911522     
   380.19330687687722     
   382.36410146646318     
   386.35705084168319     
   388.20916263666368     
   392.86645312716234     
   393.24783168233404     
   394.93229379609727     
   397.32930336340024     
   402.59808930706299     
   422.23363006091301     
   429.11747773502100     
   438.87607668100190     
   444.88497231871645     
   437.48956414189394     
   429.48498642176446     
   423.33027819184127     
   424.89477696060635     
   439.37910788753504     
   444.11308261495725     
   451.01947098233234     
   440.98619204314008     
   437.10194466123909     
   431.92636391050587     
   421.46278691278820     
   414.17311840077411     
   415.01644092414421     
   412.57172687238591     
   403.33553237633004     
   396.65211093011357     
   393.64018960727981     
   392.18705208603052     
   386.13572603975103     
   382.68616407141593     
   378.89364446318245     
   375.36057126321504     
   371.85687409754297     
   369.33697736266555     
   367.53757667354097     
   365.93592352761499     
   364.95126107637100     
   363.42884750540946     
   361.54355487000714     
   358.92682492708332     
   357.79904839894374     
   358.96496079613991     
   366.33007894541771     
   380.66236306004629     
   383.23961500961354     
   390.14633053227942     
   399.45898259153171     
   408.34766400650369     
   412.98423529895689     
   406.47213318239454     
   403.65422519956695     
   395.48378913281363     
   409.90650921072455     
   425.97626386952368     
   430.73073160653956     
   430.25530303493900     
   411.12584239355897     
   427.06913032163078     
   428.52726197395322     
   412.82548247837354     
   430.09017026400369     
   420.50481605715402     
   425.95391454317354     
   423.18561916972214     
   428.86177914485779     
   415.28861341667010     
   411.76430150117858     
   417.07114968735414     
   414.26885138477314     
   408.96958344607037     
   401.68388912580832     
   394.30157892276753     
   387.72635544101746     
   383.70233814731250     
   379.93899715294015     
   376.70723093404092     
   375.15396524375029     
   375.35117915352117     
   372.10324432961301     
   369.70605927589082     
   370.23095013643757     
   367.83458758892885     
   368.16295345049258     
   370.24220648284876     
   370.39366354386470     
   369.13155930671400     
   369.82213675039634     
   368.48143054416528     
   366.15218558052402     
   368.38319930724788     
   372.21128800010865     
   376.10999209592399     
   382.08726095375124     
   393.84045144415984     
   400.56240509048536     
   402.57782346378644     
   400.42904247649062     
   399.77928049192315     
   401.05421716590303     
   418.42171129856030     
   424.25237058639186     
   420.78145827289762     
   433.09516553980069     
   437.74243743631962     
   433.69930473832079     
   445.32494969460254     
   445.48823235530909     
   452.84212141230398     
   444.72619069467510     
   444.71297974869810     
   443.89530694949775     
   445.86036336471739     
   442.06516754168996     
   435.74673666910746     
   425.08482333916567     
   421.60560749582623     
   417.36696468239705     
   406.65384858072849     
   399.81916945090092     
   394.66800903163420     
   388.82632072437497     
   385.03334578460027     
   382.12995570647564     
   379.79309379438382     
   377.50233066801837     
   375.33183222644243     
   373.81885395769007     
   372.32597140093714     
   371.19911267823380     
   370.33048547320055     
   369.16453995911223     
   368.86296216232029     
   370.25476302904394     
   370.73916871926673     
   369.56674955358812     
   367.58570176934552     
   367.97581107203399     
   370.43387334601033     
   372.44934119165856     
   373.88932558353412     
   377.49907596789740     
   383.29566821183477     
   392.68076648611213     
   404.55241765452774     
   405.13542815237889     
   404.05831672310694     
   412.05348051709376     
   413.48938527159214     
   420.31027626542846     
   410.70582105755909     
   423.81284132479948     
   446.66776609587902     
   433.84342783057332     
   429.51703086662184     
   425.72850238958506     
   425.31402087994059     
   417.52979601304258     
   413.56786366444999     
   427.24106752814885     
   428.30837339646092     
   418.28914100297447     
   412.14375752221326     
   410.63347993213767     
   418.67474808889563     
   412.22978537668001     
   402.68609409046860     
   398.44770727386634     
   393.24273647669077     
   390.15727440897467     
   387.74622776439497     
   385.19646095196504     
   383.62948348476715     
   381.92111237986785     
   378.91435376350182     
   377.78896010200009     
   376.36414982003367     
   373.27891700787660     
   372.95278695957575     
   370.97152107177914     
   371.38614438452430     
   370.89382182823067     
   370.27806712886490     
   370.04039543481230     
   369.87751147490229     
   369.58528254725638     
   369.85621483318442     
   373.53658514417094     
   378.78879022961991     
   381.68593088910484     
   382.22880734945977     
   386.38296262075147     
   402.55801528510017     
   404.59140640011958     
   406.62220126126806     
   411.28850933839516     
   408.65538692239448     
   409.74161226024285     
   397.98751043651424     
   393.87754924437496     
   388.47919172430670     
   403.22967927703212     
   431.79638086871023     
   451.06878233629726     
   460.69148557184036     
   453.74511735029614     
   435.94773079446935     
   420.68822355674592     
   403.45958958613045     
   398.30920934241840     
   404.16580770789881     
   405.55970417625224     
   401.35398662003360     
   397.38277908828638     
   390.77875449637202     
   385.88217350744134     
   382.84159480605683     
   381.20377679740056     
   379.63850115262869     
   378.35794574709888     
   376.59497164184398     
   375.09316069668699     
   373.50220597562907     
   371.93921717269194     
   371.06159692058372     
   370.70090385167259     
   370.08313645249035     
   369.25343364375578     
   368.44813539289783     
   367.64785609773617     
   366.97950568294283     
   366.45923200679277     
   365.33386256044491     
   364.49326936852071     
   364.78134932320256     
   366.33428155091508     
   371.77630658549856     
   379.25092142083741     
   390.34222517097419     
   402.15443850331610     
   413.06006935419174     
   423.44784025261976     
   432.90735650507281     
   441.91834945804266     
   449.92685905036313     
   456.86882245801826     
   460.64950089580299     
   458.81649875852730     
   457.75210001050033     
   463.50370268893232     
   472.76262292576610     
   465.79616540657491     
   443.16584476126116     
   447.41061757883722     
   445.10767973153628     
   448.67104971238200     
   446.90779305126887     
   447.76862739058777     
   446.87451715930104     
   430.12578635335370     
   431.16412136818246     
   427.46582214773616     
   421.46486278504773     
   410.22107191850426     
   404.21540352241726     
   397.16980775106106     
   392.34467445940066     
   388.43601894709536     
   384.54707352691389     
   381.16251156154499     
   378.10061687512234     
   375.38102032896813     
   373.08024315119826     
   371.29116934846098     
   369.34367090094895     
   367.79440684847248     
   366.20389217017578     
   364.32906854406440     
   362.20598856011594     
   362.15265435777400     
   364.03601912012761     
   366.59296848861402     
   369.30792330555738     
   371.33110019141691     
   372.01712717446514     
   374.10189916763170     
   375.54464301148840     
   375.57605274727365     
   375.49751088265475     
   377.21772239231177     
   378.89390138562050     
   381.75295042700878     
   386.83620941520343     
   388.45034591690495     
   387.23719791421121     
   387.61722313273464     
   389.29995338675974     
   387.65343838930801     
   385.72704745613504     
   387.89800314672698     
   387.97648475163265     
   389.15336978674077     
   389.90086821913258     
   388.83429541807516     
   388.62758421908097     
   391.15234392517743     
   391.63262409392149     
   392.79169266950112     
   393.55804129993220     
   393.34848512592441     
   393.56777365319942     
   393.48016864918213     
   393.37528788813131     
   393.48743439471616     
   393.76108482533658     
   394.08725452582883     
   393.74429766938215     
   393.30862337348481     
   392.77382565565330     
   391.98713143497582     
   391.40672717241182     
   391.10532977265837     
   390.83949136153569     
   390.73790189147059     
   390.83879020197588     
   390.94133206908180     
   391.07649891594002     
   391.12922658662069     
   391.17349777321624     
   391.52146407472134     
   392.12675434146473     
   392.75517431616072     
   393.52746120319057     
   396.99217590477934     
   400.03100541457184     
   398.64440324539828     
   405.71280683003715     
   405.39134507943515     
   418.29995786796354     
   427.00658841662471     
   429.89847930010302     
   422.07716542014595     
   427.05960429588720     
   430.58914811406879     
   420.90597717161427     
   428.75693122189989     
   434.87055409749320     
   435.41441812161315     
   438.15830583214279     
   441.11493166428181     
   444.87514389175584     
   444.29488556212129     
   448.98586093132525     
   441.74105049626172     
   442.65177546563183     
   440.98608608278539     
   436.31842174745628     
   428.34686699553993     
   425.04246272678080     
   415.90342706347298     
   407.29089326945922     
   401.32519283344675     
   396.70081490932716     
   392.32938892464875     
   389.23654602123258     
   386.57796233961824     
   383.68873539584808     
   381.63868074244573     
   379.16755555541636     
   376.99143579194140     
   374.98045447430081     
   372.85739039944656     
   371.38321649782205     
   370.08785322473159     
   368.92090290784870     
   367.59942245436417     
   366.45430111217797     
   366.00123493814840     
   366.87245051963902     
   373.97158850823837     
   384.73321629215678     
   394.63038059925265     
   403.97612723849272     
   409.37848122239222     
   417.62943968348429     
   427.05459886135941     
   436.36019770713631     
   450.29744537710280     
   457.54834574072402     
   461.11727742064778     
   465.36525353971871     
   476.46470493440825     
   484.24932825451680     
   482.42983975344862     
   487.68825471429449     
   494.80190658774575     
   491.16077591850478     
   487.31614123027418     
   479.41191983593717     
   474.25192094489563     
   470.23432212631991     
   476.03610002430918     
   462.31697191848252     
   456.65790152748201     
   453.35276370661529     
   443.41293990714803     
   438.14881953313613     
   432.20741819415031     
   427.28470494528750     
   420.40365661994770     
   415.08182119528220     
   412.96455836051820     
   409.94644979779241     
   407.37913731043682     
   403.45617097245128     
   399.61529403262170     
   399.04756429548297     
   397.72553300582473     
   396.84946991274433     
   396.83798681278984     
   397.08984768194949     
   396.47251155026720     
   395.17361209934961     
   392.89960825392257     
   390.05538067930451     
   389.49052788251566     
   392.15592545401080     
   395.77864111367478     
   398.16331539856105     
   401.04522333163385     
   403.84764964834756     
   407.12665668583043     
   410.71450041673239     
   418.15245539214220     
   422.06882550140654     
   424.13211224836664     
   424.08503077194052     
   419.03449194850720     
   416.61211301286448     
   427.12255460833723     
   435.69857454994786     
   439.55178798215400     
   437.14996231207317     
   443.81451194684502     
   447.67312932700179     
   458.01094415223008     
   463.71791312613738     
   449.30510990345539     
   450.63361470411809     
   447.99805230096854     
   438.74456736540520     
   439.41884776919665     
   430.97977826065272     
   425.50063168168549     
   422.23368273741670     
   416.85208086059441     
   411.65957567418712     
   407.51738850330980     
   404.85571077373271     
   403.56500725182838     
   402.69494304885899     
   401.23405717500907     
   399.35633215785384     
   396.95900598054430     
   394.81130798019785     
   393.10281657928346     
   391.47034981640508     
   390.26457891913782     
   389.69161575422538     
   388.82953324324291     
   388.12830168515438     
   387.59156651703989     
   386.99004339379883     
   386.79363953720548     
   386.65710788210191     
   387.90820570514848     
   389.11821060168603     
   390.27771642684655     
   393.28001553624995     
   396.79504910583324     
   398.10364342115639     
   393.30563069601027     
   400.52906394030168     
   418.28748212133524     
   426.83296849735251     
   434.83387444135110     
   444.18872650037582     
   436.17993626633449     
   448.97827611087547     
   463.14013329181836     
   464.86974754090545     
   461.82155879574350     
   468.44027128540921     
   466.42139956146883     
   457.43082246697833     
   447.69044679358205     
   443.11848708579038     
   432.43972077630997     
   433.40023873288823     
   421.69500484681470     
   423.35077556522594     
   413.62824589450878     
   418.23237929518143     
   411.11735604974962     
   402.49321192554078     
   395.43631103439759     
   393.12281270721792     
   390.51487327775448     
   387.44160583988440     
   384.35028002884883     
   382.34376412684156     
   380.33534897321505     
   378.05725431647636     
   375.85583784153857     
   374.77445877057477     
   373.39974678598213     
   371.36003889089829     
   369.79895643453295     
   368.84329405168825     
   367.98510177808208     
   368.13878106544519     
   370.32718411879711     
   372.78744276073633     
   375.50701137520741     
   378.38354358592289     
   380.92825462305962     
   384.24575810076374     
   387.65731476093811     
   394.70630839959449     
   404.35567725577857     
   404.37051787670407     
   403.11969510999666     
   406.13021918816600     
   417.35835513558612     
   412.88469196038585     
   412.56429065510821     
   414.17772844867937     
   421.85888947892909     
   425.02606565485269     
   413.98694464363496     
   414.45730188225269     
   411.41920570934013     
   410.75818061902993     
   407.74532404236282     
   405.81492442696714     
   404.77626572316535     
   400.54196739530300     
   399.13449749718433     
   397.80013289989785     
   395.74929386204388     
   393.79896364322468     
   392.46067539007811     
   391.23593240773573     
   390.44062642576864     
   389.58455896312211     
   388.83672183219306     
   388.07068987462202     
   386.74873272356086     
   385.53127613693266     
   383.55482620045365     
   381.04694068006609     
   379.24746957213824     
   375.24025595033191     
   372.72015161639865     
   372.81473311463890     
   375.68863172903087     
   375.40716234127166     
   375.12588103546938     
   374.38745453876493     
   371.74651109229438     
   370.46845040257841     
   375.44889766375059     
   379.60962227097923     
   381.17619205602927     
   379.50975951047366     
   384.69133320600372     
   397.87931055591673     
   396.00400185795564     
   393.26128965246585     
   403.01055242473723     
   410.93229496034519     
   410.00337794734156     
   429.17816531542979     
   428.54411976622578     
   439.31109790926297     
   438.55545321321051     
   441.78665901176214     
   449.54800308637311     
   432.24238765395961     
   435.19532173364212     
   428.60613235155449     
   427.72786984287995     
   426.37636852109290     
   425.63182349009190     
   416.37594187711954     
   411.44794053216435     
   408.93546709735961     
   404.97908044195651     
   401.15719981123897     
   397.65577765171270     
   395.33424673035614     
   392.56617644258216     
   389.09015531631383     
   386.58408516418820     
   384.35936010769291     
   383.88187458078187     
   381.57130460447428     
   378.78177431369613     
   377.93659582932770     
   376.76411387662716     
   375.27897809129172     
   373.74945797426199     
   372.32011011724222     
   374.37403221462262     
   375.54427785346547     
   375.48606434020161     
   375.18318922816150     
   375.90335824663640     
   376.79000944169957     
   379.55241894422937     
   387.09541399509743     
   387.76554772911334     
   390.95421855980305     
   395.33129830913919     
   403.95852265769292     
   416.85818631750720     
   424.17972257580323     
   429.64506354051514     
   427.19988665894107     
   423.20573078862435     
   423.77185244841536     
   428.31352043146512     
   421.45116159376283     
   427.92906278359777     
   432.57184613941803     
   437.67040451886697     
   439.43426769448047     
   431.53371955868221     
   432.97000261396215     
   435.69695714120621     
   442.50349908939188     
   443.60917957366746     
   439.38664536961858     
   441.52839613995843     
   435.85320115569795     
   431.62128363877633     
   425.92148962547287     
   418.43984552795143     
   411.00393452101201     
   404.14097699022443     
   398.51640949899377     
   393.57708393979101     
   389.61683241845742     
   386.45409429096298     
   383.42870712633959     
   380.85777815188749     
   378.83056486341496     
   377.02762387701296     
   375.50670059214303     
   375.50134329006966     
   375.61450668634143     
   376.00316388008793     
   375.08786531093904     
   374.91917167759431     
   375.10962141589596     
   376.17159262692314     
   377.73341305180372     
   380.89741753873221     
   385.15969740548519     
   392.31397746353889     
   398.20286125110903     
   405.21542480370022     
   414.66729647366986     
   422.70831617441712     
   429.42110966947035     
   432.27398481978815     
   439.67331572547164     
   445.04344389477876     
   451.06944988659683     
   462.27815804582201     
   468.50189272403475     
   478.75427768170158     
   487.59560258654864     
   469.88340316291271     
   455.54559755305831     
   455.34512437422194     
   451.92971659090921     
   443.26123199032673     
   439.39576086583452     
   430.95750583518242     
   423.13513594961876     
   417.55332112478465     
   413.89747418128240     
   411.70630072322120     
   409.43467044505348     
   407.40464275731523     
   405.33225699088428     
   404.27698667394054     
   403.64713505824813     
   403.03510965708739     
   402.35076047804637     
   401.25224685553263     
   400.08334211521759     
   399.65395509245656     
   399.33655852036463     
   398.95934637219949     
   398.21693429976904     
   397.74059506320100     
   397.21680409962443     
   396.15259958220031     
   394.67051908698386     
   393.38933377129251     
   392.40969526177918     
   392.02774090267781     
   393.42111415610896     
   395.97863726345565     
   399.61399193338559     
   407.94320885154707     
   413.60788764364997     
   411.60882059901377     
   409.09288005537974     
   418.50722218269914     
   418.79837425171701     
   428.24449413154355     
   436.42432152688576     
   452.07094017257009     
   453.27661411809896     
   446.04895852234529     
   447.55832499450457     
   435.70132915775031     
   443.15496167168385     
   457.82724350193138     
   461.25798082674436     
   454.66037901429490     
   441.75690732181818     
   436.43252537270655     
   442.55839814337634     
   432.90791247064914     
   427.57960051218402     
   430.08080079868120     
   421.87576987598192     
   417.01360858476710     
   412.36102643740850     
   409.60648052002705     
   406.10969714667368     
   401.84837479193243     
   395.54626722243790     
   391.65584830042269     
   389.33838358926499     
   387.07409484285631     
   385.44068464791718     
   384.05336720921844     
   383.06560807823337     
   383.30220283302390     
   384.63626059841562     
   385.57316248012376     
   386.05493351422473     
   386.59511059251497     
   384.16663334042266     
   381.44585572223667     
   380.14956685171404     
   381.63636773420819     
   383.74818090392120     
   386.19769682608285     
   388.55551459741179     
   392.70563413279933     
   395.52264155713328     
   396.10025002817008     
   396.14946839309141     
   406.76627326858392     
   420.66415889123067     
   426.05645974368110     
   420.41685227569428     
   418.28470984496823     
   423.73077510673482     
   444.56922922702688     
   457.25196823478859     
   465.55452275604779     
   471.99746447550859     
   470.39867622768759     
   475.21720271311392     
   476.28859830655682     
   475.64924465027138     
   470.42495176278572     
   465.82426368223781     
   458.87944821539622     
   458.48180408875027     
   453.70639561702114     
   446.32137211338829     
   435.01598773185498     
   421.47667475680822     
   417.58157890896359     
   410.67649201518196     
   404.56786615528898     
   399.54221034455134     
   396.02068101343093     
   392.85507834914051     
   390.43319502417853     
   388.63160319055902     
   387.03284900221212     
   385.34534136093623     
   382.98868782743546     
   381.02547165750968     
   380.19554599168231     
   378.54666606480572     
   378.64601072844789     
   378.06740538575497     
   376.78766236512445     
   375.39965880437666     
   375.21060547188387     
   375.30091623683194     
   376.55581819968427     
   380.39818310625634     
   391.70824577848788     
   400.03308899583283     
   407.73166298623624     
   416.11520917751642     
   424.15007746360624     
   430.23593310099801     
   427.70493487718676     
   419.82568245582200     
   407.85467637163032     
   411.46710804782373     
   425.06202768357252     
   440.32319213079006     
   441.54846758534364     
   434.31961634679931     
   428.90277526920403     
   429.71792165432561     
   419.26779041976863     
   422.12664008415635     
   412.35977781450185     
   425.58066096525863     
   422.96111881936599     
   414.88600907902213     
   413.30227772453634     
   410.58204374381313     
   407.96742800604557     
   404.79211776150959     
   400.61165814162052     
   397.49197591934694     
   393.89141967218393     
   392.30625301776740     
   388.98771190921633     
   385.71973723487730     
   381.63448696913775     
   378.05921430731865     
   375.72449960487057     
   373.63365050037334     
   371.88925506288660     
   369.85420873501835     
   368.11876375030278     
   367.29391485808247     
   365.97897612075616     
   364.41077611004152     
   363.07638421112449     
   362.09075186193985     
   362.37579175743883     
   364.22349366121091     
   372.14877890313153     
   379.24495341228999     
   386.33456341559565     
   392.53443216687566     
   403.57678097937253     
   411.16052137349982     
   425.17165392405570     
   429.17627146366539     
   431.69664617051609     
   439.68045319471094     
   448.77724006803925     
   453.93260988955956     
   454.27088911667437     
   453.84008265113363     
   452.29594379080561     
   453.78396074461335     
   456.26654791389473     
   456.17932711586087     
   447.09690608788532     
   440.68781902363907     
   434.10173327756269     
   422.02364640392261     
   416.62684638897969     
   414.85262544615000     
   410.12354703139391     
   407.86398647444292     
   405.62200897372315     
   402.24684427281079     
   399.43290332579704     
   396.52007669041768     
   394.61825407881815     
   392.95418310771021     
   390.76310038886055     
   388.54548452730376     
   386.58090091184232     
   385.19443740873731     
   384.80678709225720     
   384.98531884890298     
   385.66582999022734     
   386.14017422869597     
   386.59426474848709     
   387.27321303985553     
   388.21989244744850     
   389.37329970009239     
   390.09766589599798     
   390.65547515905934     
   391.00923974597015     
   392.04010010082942     
   393.32811572730026     
   394.31486324222459     
   395.47669310336914     
   397.19020210591975     
   400.54639778607316     
   405.34177512887044     
   408.38313902353053     
   410.80047937009869     
   412.19857192940663     
   416.74021523870607     
   414.55538800189146     
   414.42643255854313     
   426.32621275264194     
   435.52357708763884     
   437.49501523671739     
   430.68233460440547     
   428.11009020793284     
   439.42122120483435     
   447.76521133866282     
   449.47381738604531     
   457.97051017191336     
   451.12441811266314     
   443.36359805542855     
   446.42227620392782     
   442.57625835957577     
   434.91573213651833     
   426.70422609504192     
   425.15610664728905     
   419.31517661857697     
   415.82638671040974     
   412.85134706350539     
   410.16631388904904     
   408.36828681941540     
   407.02231928420554     
   405.43415434126450     
   403.74468491889087     
   402.56242456242251     
   401.04743582796937     
   401.52712676600430     
   401.38357641035742     
   401.16643394762531     
   400.86057908358009     
   400.18574205192198     
   399.50900770960084     
   398.99115986604124     
   398.24304158307461     
   397.68640647118121     
   397.73409917857799     
   398.65578177406377     
   399.69873906749285     
   401.64181542550858     
   404.49517032572891     
   409.68906863482681     
   415.88170057837630     
   430.82672357044544     
   452.09288290105053     
   467.68860751408778     
   480.22470215673968     
   492.88572073343357     
   503.17587485486740     
   511.54977243349776     
   517.59314962145652     
   521.65580255462294     
   525.45876056694794     
   527.15535508618314     
   528.34088610386380     
   528.56403965889683     
   527.51503501069419     
   525.39827540241913     
   522.34952759543228     
   518.50579094541217     
   513.80108919253894     
   508.44772040187502     
   502.26523468833807     
   494.78112384555931     
   486.47479938977381     
   476.97041072764739     
   467.79612850705405     
   459.03722842324186     
   453.10400558433236     
   448.02205222002038     
   443.90911395323627     
   440.61486528430589     
   437.52607746835446     
   433.83489613752135     
   431.14970621991682     
   428.69157298176691     
   425.59164199072609     
   423.59560314809005     
   421.78079159458969     
   420.81235572425715     
   420.87611104063365     
   420.56807337131255     
   419.43872740344153     
   417.20878350613617     
   416.22180201854053     
   421.24253926821149     
   431.06425490012612     
   441.19354253644735     
   450.71396852185347     
   461.05862460682425     
   471.78840750735947     
   482.72859950570330     
   493.11851735021378     
   500.01101662068822     
   510.76672151631965     
   503.71275006119538     
   494.87408417598539     
   489.26334572504902     
   477.23558753878240     
   478.31812769133387     
   472.19126757935919     
   470.95905449756475     
   475.17568962996722     
   490.30381054019801     
   483.35307477073303     
   469.11649434883702     
   462.93407256452082     
   465.98898980777994     
   476.49046808606670     
   468.63157071123038     
   460.38101140660149     
   453.60953122364509     
   449.11322407443043     
   445.75406428639309     
   439.05144391344800     
   433.00314089768426     
   430.75511960660651     
   427.55199741815926     
   425.43060115607113     
   424.33458141866993     
   422.13528283719694     
   419.44788771941387     
   416.21123510086812     
   414.59087981558849     
   414.61750383627867     
   415.01438182075890     
   412.91354247516171     
   409.16112102766618     
   405.68985374736184     
   404.40831000366813     
   403.25591063678087     
   402.27602456013011     
   401.28647654318524     
   401.06227243997790     
   401.38367197097097     
   404.73392270789071     
   408.52389492244663     
   412.41636639124033     
   426.19634590677583     
   423.31045988641210     
   431.94248693739968     
   434.53075263538659     
   437.10523776030527     
   442.20693037435802     
   457.26961918204910     
   467.22350236187555     
   474.11565283273472     
   472.31057890639386     
   473.28435405012311     
   454.35961818394497     
   452.96822641628330     
   455.87578441387217     
   453.21865763052273     
   449.34691318897006     
   442.59341398684359     
   438.84096956238295     
   446.38773143599752     
   445.10762193423409     
   445.41764891718003     
   442.07877237247624     
   435.94947391413842     
   427.91327695203432     
   419.16244014222156     
   412.59470688191402     
   408.07092644799258     
   404.52170348150509     
   402.65419188798808     
   403.47163035803118     
   402.89998706775668     
   401.76514138665112     
   397.29500226896062     
   391.14638694785452     
   385.96524469941670     
   382.16336091453456     
   379.19463801786162     
   376.82908346260496     
   374.73971454512952     
   372.47570767478038     
   370.24735501261722     
   369.76895365056254     
   370.24484741008519     
   375.95213067292275     
   383.10986659008398     
   391.97467762616230     
   402.27793723155935     
   412.36542033085658     
   422.18177535426929     
   432.87706758512007     
   440.97998461110058     
   452.60710915598935     
   456.69441377141061     
   440.33288130772104     
   457.85739795348888     
   467.00937274622038     
   452.07778941016215     
   433.46261620959791     
   446.35986991769187     
   466.64026241026789     
   452.48846107051753     
   457.93444286883141     
   477.58862571220448     
   468.50321710612070     
   451.98248916300270     
   446.67602992380876     
   454.19924608779587     
   445.97760149359698     
   444.32081812601552     
   437.77759501050650     
   428.66176550379288     
   420.26446532289401     
   411.58074939696667     
   404.92705206742085     
   400.16834920692770     
   396.16959756545515     
   392.55611569170151     
   390.17127861831352     
   387.28719031132852     
   385.26822949734975     
   382.98767925018075     
   380.68395947641613     
   378.28825590677877     
   376.26600903151115     
   374.33275109612202     
   372.56122315554506     
   371.06011375250876     
   369.44162804493675     
   368.21935934578761     
   368.21431723315203     
   368.59823695150317     
   374.66971004937710     
   382.34155155805871     
   391.77036114767202     
   400.72792333005219     
   410.81698754399406     
   417.43827303252948     
   429.66808768764452     
   447.10801239642251     
   454.08812940608550     
   456.35643608319486     
   446.08991246976791     
   450.77612632066905     
   459.57570578770878     
   459.51521000273277     
   451.99741246770850     
   442.47317334739574     
   449.96274878013014     
   437.58388016764468     
   438.05523041833965     
   443.39647988144867     
   444.18447961004381     
   457.07269015591083     
   465.77128401858516     
   462.04939508220809     
   458.47590893716858     
   453.36930233664265     
   440.62128339011969     
   432.33961774805675     
   426.31543062018767     
   416.40102120093565     
   413.32091554166539     
   408.85903943544008     
   403.96213646550171     
   399.76970636580279     
   396.42173165042567     
   393.10069186908817     
   391.73424608672923     
   391.93260397198185     
   388.03935620148394     
   384.79964261414585     
   381.69755292622813     
   378.64145941314388     
   375.79382932098787     
   373.86570351165733     
   371.78879805354882     
   369.62069338673086     
   369.58927433610120     
   370.23694112801064     
   374.95684215057821     
   382.43003357123774     
   392.65930012821212     
   404.14352297727015     
   414.01298055886485     
   424.08103890597710     
   434.04984143690086     
   440.45473411035289     
   456.00566113314096     
   459.45227637715703     
   452.18818254183958     
   455.28712160224006     
   459.48058063778302     
   463.58407848878039     
   457.31744643005874     
   453.88807760438084     
   462.85339685119521     
   463.44113291283702     
   467.49373627230364     
   466.64587110578884     
   466.37299950018866     
   452.22789375504868     
   447.48790681953875     
   447.95204317316774     
   444.44250835046904     
   446.23867664132376     
   441.97299554988012     
   436.90199667236215     
   433.05024400389755     
   424.46507652813904     
   421.59508029718160     
   419.90081351021297     
   417.43519790147138     
   415.79649760325236     
   414.05105285994227     
   411.30909928576318     
   409.13135109135339     
   407.20976844136464     
   405.81087997723739     
   403.33733248427671     
   401.82512550761675     
   400.50483697729976     
   398.84661102943767     
   397.30036850858113     
   396.28647453548433     
   395.17477493208338     
   393.84573894088351     
   392.66099528389429     
   391.92161586473941     
   393.78855116970504     
   399.74913305925031     
   402.74704200079555     
   409.35056517816651     
   429.01939295555661     
   445.26759165036515     
   456.32652121995716     
   465.96343967078047     
   467.34544836168931     
   471.45252000189743     
   461.22024689881681     
   454.60243810070250     
   450.23046393008929     
   445.00512786724664     
   444.43494817727691     
   447.81054729727134     
   451.83001208353329     
   455.22106973290875     
   460.21570316972321     
   465.51242465627314     
   465.80646978277258     
   462.19608498395252     
   456.83722381890112     
   451.73907625898431     
   447.47875579762882     
   443.75585450445567     
   438.46027102672417     
   433.53674001524706     
   429.97408539018073     
   427.32307583637316     
   425.47896046608435     
   423.89975820403998     
   421.30170540741454     
   418.28109839886525     
   415.45023330364808     
   412.65594242152230     
   409.86798619102586     
   405.45882153014509     
   400.92764792759618     
   397.45149752949266     
   394.85848727982579     
   392.82241367635811     
   391.08119907986662     
   389.11104643743084     
   387.25237003363515     
   386.75860214900604     
   389.36979840544041     
   392.62284889063062     
   395.65779371348168     
   399.48335729045465     
   404.90768233956192     
   411.48869704314751     
   417.18396377051226     
   438.15889164513021     
   455.92228197723125     
   464.11768001172919     
   473.20577053060015     
   478.92678854481380     
   473.93341518162202     
   479.69622129592102     
   479.61972410577749     
   460.73507609990065     
   456.27241039891976     
   458.64944109171699     
   458.12177688597058     
   459.00367648838886     
   462.85087598162994     
   464.41085842408938     
   462.49619975519033     
   461.74840662876011     
   461.28054457988782     
   462.39689909475095     
   462.65838088804998     
   453.55215798407750     
   447.21627854476492     
   442.32924481954109     
   435.88989434850271     
   430.11931780243253     
   425.78224330827817     
   423.03368539543885     
   422.25963933305894     
   421.13015660974327     
   416.86683524908455     
   412.51853598865722     
   408.88305515882217     
   406.08201957921182     
   403.87699935995795     
   401.74603909458443     
   398.88656057534382     
   397.74955727277313     
   395.40599615953397     
   393.75766011910929     
   394.87938628505384     
   396.12514655673891     
   396.87888417469634     
   396.13993129754743     
   396.43263683419980     
   409.56671867534953     
   422.72169489216122     
   433.14657586114788     
   433.27730957310069     
   441.53536899474000     
   458.37024699675334     
   474.35708836757527     
   479.22502410283425     
   478.02491193141213     
   474.91430308624120     
   471.67799309876818     
   483.24956978176391     
   483.85447395453053     
   498.60781587808214     
   494.20344917930089     
   487.30760282259592     
   481.87462538154369     
   488.16517932619075     
   497.82226378394682     
   487.15962284132098     
   490.35544242093624     
   484.44963989232042     
   477.39878977454219     
   465.02121568759003     
   455.29469250727067     
   447.82913228818973     
   441.16786109138457     
   436.04852011357639     
   430.36045803444989     
   425.05153003551902     
   420.25356884894711     
   416.65204888387342     
   413.73252788078514     
   411.32917869873376     
   409.25957584795827     
   406.84966856891197     
   404.47237355505166     
   404.55941673679069     
   404.05386202250628     
   403.13868044826518     
   401.76559221003629     
   400.84589832524387     
   397.32130838381647     
   396.20179474819963     
   397.01032617865303     
   400.08374444452437     
   403.10964823834280     
   405.65520373027425     
   411.22810479628453     
   416.14194833762497     
   424.51232364986942     
   438.53983025222453     
   447.33644644678503     
   463.03159018662177     
   475.40488059768427     
   486.42763719323523     
   491.82252646261054     
   481.13073364027997     
   463.72446358450452     
   447.74761758387876     
   443.97374328223231     
   441.95167316668966     
   437.28553373141199     
   433.83037966940640     
   436.60739165268899     
   436.62435114354679     
   436.46630625295370     
   439.57892978574421     
   434.65651259435299     
   426.63832434336518     
   421.55281427457459     
   418.09732100992329     
   414.47445221884163     
   412.18878164564018     
   409.96744214503343     
   408.35827006077534     
   407.09496489747119     
   406.03651598788986     
   405.03828581643836     
   403.98573423946527     
   403.64622762092472     
   403.25801519135990     
   403.00456689725900     
   400.64473716448089     
   396.74216160904359     
   395.71806342593499     
   395.58984522991420     
   392.95572006145812     
   391.60402294634343     
   389.22601790238991     
   387.89811656447938     
   388.91737910846399     
   389.51806969395182     
   390.19523494457064     
   393.99686647192630     
   397.96127915623475     
   393.83817954374319     
   394.13755295096621     
   410.78153067154915     
   408.09098182816615     
   416.41127542242123     
   420.66794313107414     
   428.85271603171611     
   420.11571172792463     
   415.30861517274576     
   423.31879831970843     
   446.67764359545805     
   425.49136017867482     
   428.87126306358698     
   450.80961507130462     
   427.68649954979099     
   431.98138441265377     
   444.28710314278686     
   444.48810821698783     
   444.93835735015540     
   447.11044021075668     
   431.52622562690721     
   425.50303582809704     
   421.55251745446685     
   416.71912294502425     
   411.15863276751293     
   405.98294721922832     
   402.51982677342085     
   399.87796051377961     
   397.25852838902091     
   395.84539088480187     
   395.17328402270977     
   394.43669602307597     
   394.01694145001687     
   393.69390608573161     
   392.64220090522730     
   391.42946883833753     
   390.33957394751070     
   389.39776144992084     
   388.10753789580087     
   388.07759833306403     
   388.78311893977389     
   388.00579622105704     
   386.95042755636103     
   386.81570825317652     
   384.48734472296707     
   382.14024407047299     
   385.25087938501014     
   387.48265929919313     
   394.81704661879058     
   404.91085761501421     
   404.69890205971672     
   418.18357174757097     
   420.13300417746478     
   424.72533927668752     
   421.59345733396520     
   431.78363789699603     
   449.86448105095758     
   456.76559441689000     
   457.82566245457696     
   461.48439964845068     
   464.81580061614761     
   462.93633940338185     
   467.80797936423500     
   456.02419341953691     
   457.24166524573025     
   450.57686360349390     
   462.10567579688080     
   456.37173902060408     
   443.27484879605390     
   435.71092414507712     
   436.13096514820887     
   445.14113465965517     
   434.98955412731135     
   429.40704083938317     
   424.99133587487950     
   416.25175325803025     
   408.11786476299750     
   406.05314074834882     
   402.03008174889783     
   396.81586363171971     
   393.01815297916301     
   391.03174457870449     
   389.62838205994262     
   388.89188759608186     
   388.82557662353548     
   389.45988644145348     
   389.53226128071742     
   389.62621631751693     
   388.99021563682578     
   388.44439943397583     
   387.36861354360298     
   386.36249994485189     
   386.31503781304929     
   386.28239036867973     
   387.19258421416959     
   387.80080349291251     
   389.13813083928710     
   395.89464370660585     
   401.11337792644366     
   406.23441251752308     
   415.54029994228034     
   426.67938777333262     
   429.27811744194690     
   428.09769443342771     
   424.58759658472331     
   419.09196306514167     
   428.01144119755782     
   430.76750668555906     
   439.28388853013871     
   438.51731059974918     
   434.39397454025573     
   430.49906369130861     
   416.39366449836797     
   413.76065252506527     
   414.57507158475079     
   414.98181268402283     
   409.78482526992025     
   406.46122443212710     
   409.71035178752135     
   414.37175214840431     
   410.43364394870076     
   409.30753356594323     
   404.82814322032067     
   399.90036954870101     
   396.55163863284122     
   397.06916479046714     
   396.40801889392520     
   395.84134623493810     
   395.65007799403725     
   392.46550459509297     
   389.64655722861687     
   388.14561853443985     
   387.25325709371219     
   385.64553202704940     
   383.86893733829663     
   382.18851323035489     
   380.53568118579165     
   379.49311257867430     
   379.18880193173709     
   378.95677292736917     
   379.45987466295628     
   380.68217680210103     
   381.43257677536980     
   388.47515832763054     
   388.83301953725169     
   397.20056392744061     
   402.20195965043297     
   406.49132085155833     
   411.00385305893116     
   413.79406681830710     
   412.91903048652625     
   422.62570664464022     
   432.52143574448957     
   430.46159202339646     
   435.87172147632998     
   444.64032720921847     
   458.67267002451933     
   454.22526221840673     
   449.46547401131943     
   466.40071211641884     
   468.98813575513975     
   466.54003594359506     
   467.03634076674439     
   467.87259272301924     
   466.72515773116851     
   459.52471485185725     
   456.44008886411524     
   444.29430300376089     
   434.78155945738609     
   424.98318935674195     
   421.02877056907477     
   416.96832554844281     
   411.32705239367851     
   406.71377628782625     
   402.91120789575433     
   399.91896437378216     
   396.82238758178124     
   394.04178814736179     
   391.61138061269747     
   389.31879321537070     
   387.87887506310295     
   387.46243867595456     
   386.97014239588322     
   386.22779560113622     
   385.38909669087190     
   384.66087045641530     
   385.47953210546143     
   385.94899215972282     
   386.58877970675502     
   387.47007147055223     
   388.71963231777187     
   391.13805843265834     
   395.45696906283263     
   400.41555971006591     
   406.25938203707625     
   411.67321704438359     
   417.29978591045534     
   425.05489546400599     
   432.32399051453757     
   442.78925859225666     
   455.84719405226906     
   457.16425231804226     
   456.87660858914222     
   455.82412094431061     
   463.78967186345426     
   474.65544078004052     
   480.40547620825879     
   477.74809030805278     
   484.01034118553798     
   495.69501132041898     
   481.86408261860481     
   469.25344848676264     
   463.39370465913015     
   463.72284158214376     
   460.50424248324714     
   455.56237109463268     
   453.34664490654029     
   448.66106211264861     
   438.82509199918951     
   432.97512168796862     
   425.46291581482535     
   418.66940866368822     
   414.28165966812270     
   410.60797258125689     
   407.37984250480446     
   404.33062878091874     
   401.07702474872542     
   398.11613821508166     
   395.58712208092618     
   393.10359907294043     
   390.70912582737208     
   388.63684380505163     
   387.06093492409536     
   385.46459641663802     
   383.90582961802943     
   382.08726457199185     
   380.86664986982066     
   380.73647807270373     
   385.59376410971674     
   392.87025304371463     
   402.60773559318119     
   412.42171390774621     
   422.04508170077202     
   431.48794551561951     
   439.84368897010944     
   452.36539223119360     
   460.60862692571760     
   467.01489104315942     
   459.06724586608095     
   468.77561659370610     
   465.17035368175692     
   459.85833572303693     
   470.64510565284280     
   469.19582610159756     
   483.58000618632872     
   496.46364806931115     
   494.22979207267622     
   491.56945184747599     
   475.42810467287092     
   472.24341622034433     
   473.38568307421281     
   469.45065970605697     
   465.03449691110643     
   461.46108629307281     
   453.93184289082359     
   446.53840182891309     
   441.34852478544741     
   435.66348506301983     
   429.41707378311020     
   424.66129609806825     
   421.79173682874267     
   419.17390580737720     
   416.64121095961787     
   414.91906318681890     
   413.11263449831000     
   410.68812653371100     
   409.17649605073018     
   406.14124538893577     
   403.88153921757430     
   402.74984862190064     
   401.34579150201017     
   399.54441060834256     
   397.06315263385341     
   394.59855232847161     
   393.33332528900849     
   393.69019695132255     
   394.13496975470116     
   396.56649570193088     
   400.53563898881623     
   403.47462462156830     
   405.21718479855326     
   407.96032078819917     
   413.71519906503335     
   419.43429488209102     
   426.57990617022779     
   433.12984326895855     
   430.93387473851345     
   433.05372570359054     
   436.53597738307855     
   438.17985291438418     
   439.19990311574270     
   446.51526130103866     
   450.11249958480897     
   450.25398952341209     
   452.42600473621144     
   459.36084797930585     
   458.59672700977666     
   453.77889818575011     
   447.99728557670898     
   440.72549408311414     
   437.18606636409788     
   430.96420584759096     
   424.73347206945601     
   420.62441218992569     
   416.64664562056754     
   412.79306565859179     
   409.60155218011295     
   406.70479370774615     
   403.73790745554237     
   400.62000719151871     
   398.02028106812770     
   395.66055895380538     
   392.78744472811536     
   390.43975894785672     
   389.09404230131810     
   387.39952821067715     
   386.22895526927738     
   384.98281513931283     
   384.61872479157188     
   384.59949386725407     
   384.89652448108956     
   383.73584896058424     
   381.61500457282813     
   381.27401944777034     
   382.26583080569230     
   384.55923924514406     
   388.54514901392184     
   392.17534074326903     
   397.82192849778676     
   404.35379915962983     
   414.30259287285622     
   416.93542947572803     
   418.83038829220129     
   420.06577950327915     
   418.20837325432012     
   422.34584546468813     
   419.69258934426438     
   420.52137147971246     
   430.64699985751474     
   433.35701539601058     
   440.20440200987628     
   434.87735393795111     
   437.93750972005057     
   440.33083297888970     
   447.73019057434152     
   438.44206739756845     
   436.48208735088554     
   444.92705361909321     
   443.40537722416838     
   437.04632394884339     
   435.00679168478138     
   426.33508581891118     
   419.43508664422490     
   413.67609735113433     
   406.99491729542922     
   402.47876374438391     
   399.15788453295158     
   396.73458534293445     
   394.01229932234264     
   391.48059029620288     
   389.05869483181766     
   385.94567498278775     
   383.27720090837005     
   381.39621460063779     
   379.38548934932021     
   377.05994195048794     
   375.04077592825757     
   373.88848896019164     
   372.07356091865961     
   370.49400272157192     
   368.84348135152322     
   369.21005101218503     
   371.60528796447295     
   377.93680083369918     
   385.63695433429154     
   397.98722403409789     
   408.37898170664818     
   418.46790074264834     
   428.53030434849472     
   434.92919718157378     
   443.55114126315368     
   449.09354230719589     
   457.89274909799337     
   462.24336616061595     
   469.06584825354003     
   470.54319583275378     
   478.54578115513874     
   478.56851319757084     
   481.83733277613533     
   485.14666558970390     
   484.38952612270100     
   484.27343363601659     
   492.96781096757059     
   491.49288357274537     
   486.25533773161800     
   486.54341568089075     
   470.86175271333246     
   458.03591715072133     
   458.33100388212705     
   449.01823102059063     
   440.68667438166688     
   431.16503051330250     
   423.80843972711847     
   419.09636940079855     
   414.57008931373991     
   410.72442405211780     
   407.43407812493479     
   404.61962625332296     
   401.67813468777950     
   399.15099475919578     
   396.63795281445931     
   393.76946364803638     
   391.37490377365157     
   389.38987740072338     
   388.11733813744092     
   386.11906675080763     
   384.47867347250525     
   383.49098325695650     
   384.02925153981198     
   385.93026503538891     
   386.78155463334389     
   388.72908928076248     
   398.80400453440598     
   407.16408926466124     
   411.14793579509080     
   418.56075714902403     
   428.32326118963420     
   437.62008550169855     
   459.06475292120689     
   466.15493746765520     
   467.31385808696308     
   471.90538203007469     
   480.20955516416501     
   485.83524284894247     
   491.96344156701093     
   494.00266693218214     
   494.49441632064963     
   490.74373575761092     
   483.78106343446819     
   478.28366450115789     
   468.02382000927747     
   464.22838161558241     
   456.60040464754132     
   450.36712491851239     
   444.10384142402512     
   439.03123062480449     
   431.03762238899810     
   427.03159787496543     
   422.33810095902072     
   418.16438702865867     
   414.23392290765202     
   411.51784591273184     
   410.05672868270915     
   408.76011245118599     
   406.84141891615599     
   405.28776570002310     
   402.72072027842529     
   401.40512992696375     
   400.62521405452503     
   399.72346283616866     
   399.46566970444087     
   399.14689160514575     
   398.97866088811162     
   398.22212919180726     
   398.06242394259090     
   397.82312188266428     
   397.87079586684445     
   397.60366076076275     
   398.01031565806898     
   398.45094205159802     
   399.89519886042228     
   400.57933623429778     
   401.35163664516637     
   402.14104395200911     
   401.92930686500409     
   403.15293817139087     
   403.25090000747116     
   403.28021221678000     
   402.31995432771146     
   404.69429165494347     
   411.24151611722630     
   427.65154741890160     
   440.57732423765952     
   432.64752390476576     
   425.76321349789424     
   442.64425998983654     
   452.35067521647795     
   446.65661376680060     
   434.91104755280367     
   435.27073082784682     
   444.30739901395697     
   442.66589251799115     
   433.35552683668851     
   426.54993212503382     
   422.98658562053646     
   416.63266247162551     
   410.15823515086271     
   403.01244457152274     
   399.87474203955998     
   397.11047862433003     
   396.40476102375993     
   394.49961477466417     
   393.95754820387003     
   390.07826850769868     
   386.10735099541324     
   385.73010026313284     
   386.73881376077401     
   386.27845618758460     
   384.10048798559637     
   382.86431541109295     
   382.56874278085252     
   383.71366186952412     
   384.18673379528462     
   384.78957912616056     
   384.49927397577704     
   384.66011222839023     
   385.18087530609455     
   385.25801351007237     
   386.37262504845813     
   389.27845484628267     
   392.57468582067651     
   393.76275102095775     
   394.66031607545398     
   397.29037603750703     
   403.21664855108003     
   415.32236958637674     
   419.06492993197440     
   427.10632581846545     
   441.35335742396899     
   428.85412571662471     
   429.77297456034802     
   437.45040949400919     
   441.01072246001905     
   446.63288397869673     
   443.35671482564032     
   435.24056491133592     
   430.89563624965143     
   429.58461692859049     
   421.33233660809435     
   416.76562864989080     
   414.57459911152171     
   413.43711950760951     
   409.36426530075011     
   405.50939991104912     
   401.82424821029332     
   399.17080200262524     
   396.65892997617004     
   395.18614117307783     
   392.96288466935857     
   391.90967197780151     
   391.52710114043981     
   390.84308862889753     
   390.66846099536480     
   390.24250140236575     
   389.75723633645310     
   389.23781870305692     
   388.45996507675824     
   387.82298686729632     
   387.62387881604906     
   386.96418810834041     
   386.61142769881104     
   385.63496944568914     
   384.88261930321772     
   384.58040938658246     
   385.03915868859713     
   386.68589815062654     
   390.61510748585482     
   401.93240878165938     
   396.95432989357727     
   396.45446195240794     
   408.19250283190809     
   416.15290247674244     
   424.45136023735643     
   425.38556274620538     
   423.32772993596916     
   420.47899141622628     
   429.45792042104631     
   434.16674954133538     
   431.85151635409966     
   427.20226181322198     
   429.76665093496842     
   421.97066386312747     
   418.68442756941835     
   423.95612106827463     
   427.40660302237927     
   421.16808945303166     
   413.95592633465213     
   410.47689981161312     
   407.12176446003025     
   404.20362332271907     
   401.17818680065267     
   399.43888943217667     
   399.27767896356795     
   396.93203449620654     
   393.26821308910280     
   392.03391973377046     
   391.05106170483413     
   389.74599893921919     
   387.96948154024352     
   386.56040880112482     
   385.33321336553018     
   383.18835556241623     
   381.56268308646196     
   380.34049817101646     
   379.53614072852451     
   379.05592886946528     
   378.09293807437689     
   374.94615860209154     
   373.91435489369911     
   373.38043301147633     
   373.77115054239351     
   376.01446868389456     
   379.75071821268421     
   381.13527643976880     
   384.58643733964846     
   389.31259256755538     
   397.48638435589737     
   410.96916082111846     
   417.39504432683003     
   434.47948680980426     
   426.75918756037998     
   429.62682473541167     
   436.54818413538555     
   444.53981332485694     
   455.43654477614950     
   462.76377489519541     
   474.29205785409067     
   482.12170540711020     
   477.97152459860331     
   465.75196291446514     
   455.66730215330381     
   480.75363695867395     
   460.45767538215779     
   457.07511148137121     
   451.69446917567120     
   441.80977021140268     
   438.39984840123049     
   444.56355408120788     
   434.24489805437207     
   426.60166658630084     
   420.68859069818711     
   415.47660478896546     
   409.41103841626972     
   407.41563576381702     
   405.55046438903224     
   403.90429063166368     
   403.55364188931372     
   402.90303513798193     
   400.72401650848656     
   398.98234576089101     
   397.91283074859660     
   396.64982205781394     
   395.11266734305792     
   393.51400701709139     
   392.02567916419679     
   390.09904033687496     
   389.66427139784730     
   389.29043238325960     
   389.34576168379738     
   389.24683604578172     
   390.78154680317840     
   392.56452474096619     
   395.93289251924421     
   396.67019450050475     
   396.91078018511763     
   400.20872285851681     
   403.84818332920639     
   410.08265771591545     
   410.65043237369247     
   416.59498225967178     
   423.26950325551479     
   418.60603626055058     
   420.20459198853172     
   428.80118751061542     
   451.88692925274705     
   444.78752647372596     
   439.42255982447915     
   442.85969052931125     
   444.92036911237165     
   444.63038420828229     
   442.60965259235695     
   442.86417578151423     
   438.71370085652529     
   433.97982121935019     
   429.90723951626859     
   426.27744529150232     
   422.12813875379686     
   418.47176034371842     
   414.29873466932997     
   409.50231091111914     
   405.84596155319724     
   404.18165992655338     
   402.28687924711903     
   400.56178197256423     
   397.91444596568994     
   394.42098754061902     
   390.98628630333945     
   388.38544650471601     
   386.24056170384233     
   384.93171051099091     
   383.69802601299784     
   382.26785629548687     
   380.49705036713658     
   379.42839028201826     
   378.57237794077264     
   376.23334597891460     
   374.52480607726602     
   373.65519690083948     
   374.74916952649670     
   381.39648381183918     
   386.70750846149565     
   392.30998514669926     
   404.37366760032671     
   410.28462913563777     
   421.15795164799454     
   420.43932585538442     
   428.14526159449377     
   441.07221768806113     
   458.61912595941379     
   460.39581810311182     
   443.56910444982429     
   427.34462383527995     
   429.91623919504406     
   425.64606944203268     
   431.99906756311316     
   441.04857104323730     
   449.19611428967789     
   457.35780792880809     
   450.79185326810892     
   444.69465147502689     
   437.39525060701459     
   432.89264400612848     
   427.27265546135521     
   423.82887962053491     
   422.06814977943020     
   421.07823533048520     
   417.50157100251687     
   414.57247746553685     
   409.98164944012785     
   407.27930133752534     
   405.12290049072345     
   402.97953468124979     
   401.04974308856345     
   396.92404354681582     
   392.74199237410915     
   389.54498490449726     
   386.79806528521328     
   384.38426704133792     
   382.55637438550502     
   380.72752491741414     
   379.20244772244013     
   377.21218858523395     
   375.19360892747090     
   374.19347225441965     
   373.51593044519467     
   374.30334498763489     
   377.58790068736130     
   381.12754413284159     
   386.27236205059847     
   390.34248866862845     
   397.78531132486501     
   408.92599839375293     
   415.35002492817068     
   429.66074219737283     
   441.15788424129693     
   451.01886639400846     
   457.68238614147350     
   456.98260639951127     
   455.00347972189968     
   445.57667666268935     
   442.94441322578814     
   436.11913475610015     
   432.73918845514169     
   432.96601344580961     
   448.14968612999718     
   451.14817784669208     
   455.26645682068028     
   455.66014467399629     
   451.42587172214525     
   448.70840280243505     
   435.90161406052442     
   429.14553232054806     
   423.82926492860048     
   419.00543115929275     
   415.54399742908242     
   411.41908574080315     
   408.82908892507072     
   407.03633852338112     
   403.93011538430761     
   399.98299164789660     
   396.60381276275626     
   394.67828005806831     
   393.65764483782766     
   393.89502354509619     
   393.39156339228640     
   391.46565466096501     
   388.32198150897131     
   387.59785204549985     
   385.54698325388534     
   385.65053469744601     
   384.31543800359452     
   383.90550756540978     
   383.02947390651877     
   381.46883144890069     
   388.58253746799375     
   387.71432725160201     
   393.13464443672888     
   398.36126344284600     
   407.22841437567644     
   418.02381159073394     
   424.03490154105918     
   427.19909346174416     
   437.82923072171639     
   429.09955202274136     
   440.26253849520600     
   436.00450024635353     
   442.47487377693119     
   435.60601424726497     
   450.87359862062738     
   457.19309882764304     
   460.96127440979723     
   454.03986359340365     
   458.68083108752955     
   460.57081240161870     
   465.72958476108641     
   463.16745718824239     
   452.48244335829992     
   454.84153571151711     
   449.73443871526644     
   448.55268546617953     
   441.37869676714723     
   434.27445854359996     
   425.38217567968127     
   417.99503119516078     
   410.65462811020052     
   405.14599193630318     
   401.10885026959591     
   397.71457438739571     
   394.46228341987842     
   391.31085870195869     
   388.25904776580705     
   385.29173579022421     
   382.52467685069900     
   380.07910647536977     
   377.77755577514097     
   376.04429350989079     
   375.15733872525072     
   374.26607465011949     
   372.95775674406127     
   371.27097079784068     
   370.26174913576682     
   370.94823425441592     
   374.52388296896703     
   380.28172551509130     
   388.37389116379478     
   398.30022044139901     
   408.51413383632985     
   418.90570041768024     
   430.37294197163760     
   443.08121759082979     
   448.84073519457161     
   462.38638525100964     
   465.91749231655086     
   465.88041539451075     
   460.15892575516125     
   466.77867538216287     
   468.35811513508492     
   469.77652309144258     
   479.51785939798566     
   480.06195504581302     
   483.33156552846623     
   478.50573232289855     
   479.05471226565965     
   476.28838476726742     
   471.13048465915728     
   466.56867505497536     
   460.60205042903641     
   457.67620913473405     
   451.16424335797541     
   442.97332202421330     
   435.14158599915288     
   427.42261366898930     
   420.17170156361686     
   414.17242227788978     
   409.74718857472220     
   405.92553758410440     
   402.73833469794488     
   400.01338045566013     
   397.47983732911371     
   394.35250684575709     
   391.33198040248840     
   388.56423657855782     
   386.47867553186279     
   384.11005346827699     
   381.03862429822078     
   378.22595489283827     
   375.45938506257875     
   373.97349436968540     
   372.85817078686932     
   372.91754893767580     
   377.55050942443711     
   386.52267773498113     
   391.62699946708437     
   397.28889152792749     
   410.30346570369937     
   422.74849917524955     
   426.67203483619664     
   445.05208992081651     
   446.71905434739296     
   461.70226549981606     
   473.41434438790208     
   480.97408828513358     
   488.17555954969322     
   493.62117178656757     
   499.05477021677831     
   502.92862056542396     
   495.86411210535061     
   491.82762971445931     
   498.66387144038413     
   483.62799547299062     
   475.80694399219988     
   473.43620634445148     
   466.14254321826218     
   465.56545104112831     
   460.14120966984996     
   456.42384451767720     
   452.54815903727757     
   448.81085506352383     
   442.29113687472756     
   434.56722667697488     
   430.93578887259650     
   426.72818324891313     
   423.78650359331596     
   420.51357577052323     
   418.08668680879083     
   416.49694326117447     
   413.79112317923318     
   411.00858119892786     
   409.15325346972810     
   406.76444882550578     
   405.96417034851277     
   405.14741958753444     
   403.81568222376808     
   401.69211075608524     
   399.75618197717733     
   398.45565401693949     
   398.85089627616037     
   398.95255252459623     
   398.99555833475790     
   399.25253887507881     
   400.20503717907837     
   401.63225276955234     
   404.26396769415339     
   406.44608194030741     
   408.92295664370755     
   419.47265024722429     
   435.97029729490868     
   453.10286570189930     
   450.75075167591848     
   433.47371030775969     
   432.22955634686656     
   445.70790159452946     
   466.36854063995509     
   475.95163481593113     
   473.98512609090130     
   464.60061199755739     
   451.09193955707593     
   451.14232101639493     
   448.99155758990071     
   445.65514808874019     
   445.23514326530352     
   442.43884244479801     
   442.53638202035268     
   439.79361699084336     
   437.49099093747236     
   435.07653909584531     
   430.87151582788169     
   426.41317783698622     
   422.49859503381936     
   419.70999345846798     
   417.60522917740155     
   415.95091633078181     
   414.33947063184928     
   412.71146044041586     
   410.89067185649401     
   409.01080306133230     
   407.68264984155843     
   406.69813335967712     
   405.82047271441093     
   404.72416944958604     
   403.88039872045454     
   403.15753166803148     
   402.29633940342217     
   401.20455085519109     
   400.38237832197376     
   400.18355143357729     
   400.75848986933511     
   401.22570684426807     
   402.33959654423825     
   405.75797759243102     
   408.04277787860104     
   414.49906349964385     
   435.09435812083092     
   446.44045560912042     
   451.28204611438093     
   460.51072795530575     
   459.35985134167242     
   454.14879393448331     
   450.57934247875357     
   445.83906438633903     
   444.56851495106980     
   445.82803243237805     
   450.29204246258041     
   453.91715071741868     
   455.23063522444880     
   464.40049825251094     
   463.85207795881712     
   458.65651140995368     
   451.93198681376884     
   447.67109913008630     
   448.86503939373114     
   445.97438681541001     
   440.11165639459767     
   436.65109664908488     
   429.06965654359522     
   423.35487516518634     
   419.02897848932884     
   415.31373197483884     
   412.91613233982548     
   411.13156944787477     
   408.70806627814932     
   405.40551868430578     
   402.38797339053070     
   400.31723155563537     
   398.58378443788632     
   396.00493073804506     
   393.93915581132285     
   392.05762127243963     
   390.90207019089428     
   391.32709617694388     
   391.37609822637529     
   388.42155112542736     
   388.31593800309327     
   389.76473816650361     
   391.86222461613670     
   394.42828951101592     
   399.55737332757133     
   409.84387001144859     
   421.51490282453466     
   435.00299023006869     
   446.36803853214235     
   457.44039093476630     
   467.10525836183217     
   477.00430713329706     
   476.68463801167007     
   485.18712353036119     
   479.08787321516519     
   483.23695889796136     
   482.85802867165074     
   475.21696758601678     
   468.39655072084150     
   469.09365641469975     
   470.50779792301461     
   470.39554432096816     
   472.29742688548731     
   473.41140917051683     
   477.57398761195947     
   471.16477372756020     
   465.62674980134750     
   462.22193229889263     
   462.35022033753194     
   449.41957976111246     
   442.68640685986963     
   438.21141774498318     
   432.72030958778998     
   426.95404176003893     
   421.71183987551535     
   417.62876379119689     
   415.10028767930424     
   413.08937228546830     
   413.18534861360723     
   411.95917447688959     
   411.01768857016509     
   409.91123079274894     
   408.56174732074606     
   407.71477528935782     
   406.65173917232443     
   405.64094713063912     
   405.32975769126438     
   404.57362354286732     
   403.49944839953054     
   401.55125324572020     
   399.99187608141330     
   399.70330963150326     
   399.72809913659529     
   400.48758767905792     
   402.11272581496860     
   402.54869768966256     
   402.42877811411751     
   403.30980378804315     
   405.09360617906793     
   406.63337500894954     
   408.72499941330716     
   410.48397993455291     
   413.77056436009525     
   414.99334689496322     
   416.43305940024089     
   417.98313462321693     
   420.43796835664693     
   421.80147645474801     
   423.11319358681237     
   421.84881877322090     
   419.04124259071068     
   417.63747448422993     
   417.56753134438088     
   421.00697168569189     
   420.98459584860024     
   418.46469520257591     
   416.20312770300831     
   414.18399807794935     
   412.46984706544276     
   410.45026139072303     
   408.92864107996473     
   408.03153790508361     
   407.01275466870851     
   406.20307018192693     
   405.31927654950101     
   404.26188950762798     
   403.12960116460857     
   401.77270720262726     
   400.14639727112768     
   398.62755135599406     
   395.97271228213231     
   393.78541456053762     
   392.48064955917619     
   391.65905708512264     
   391.15958908488614     
   390.58000559898738     
   389.99362510228650     
   389.73324264160163     
   389.56262184571779     
   389.85168398604026     
   394.48063918176683     
   397.14766132633872     
   399.41529662400484     
   401.22614121776218     
   405.02755368951796     
   416.29751497228608     
   428.51784705937018     
   438.74109725420703     
   454.00376094575324     
   456.38425112974818     
   464.08767471051920     
   475.86784069349250     
   478.31605842798581     
   488.49111353682349     
   488.69963979565119     
   476.50455695466809     
   469.78582629032962     
   468.22615327462523     
   467.96549173785399     
   471.16364860746052     
   468.93848949586140     
   460.71130292505347     
   455.10566792195442     
   448.62190065128885     
   441.80070750360858     
   435.89285079137164     
   434.44238194158686     
   427.29783363546380     
   422.69493098092460     
   418.96583728633834     
   415.27271743100738     
   412.36743126693813     
   410.05222204321967     
   408.28366528207897     
   406.54227126399923     
   405.71631005186862     
   404.79061020225373     
   403.60393182590997     
   402.72985354988771     
   402.42744107246062     
   402.29802369937801     
   402.41117723796066     
   401.32263577649888     
   399.91090028254047     
   398.03167718217287     
   397.38097471671790     
   397.26442898905077     
   398.41655614899003     
   398.69671682492987     
   404.89671942963577     
   416.78027260835159     
   429.33377331880189     
   442.62189336159997     
   447.63882400677431     
   454.41225212940600     
   471.50924152995037     
   480.40631794052194     
   487.66904717401786     
   487.54555450042398     
   483.28964625683801     
   483.67004889279917     
   483.62928556818440     
   488.13648355344480     
   481.99661787276051     
   483.79093390891359     
   483.58364268292962     
   483.38779539847587     
   478.87944870097488     
   473.97611627345532     
   461.26486921215343     
   456.31858187674607     
   455.80269049692549     
   450.13680010756190     
   446.84141186891912     
   439.23562624550090     
   431.57677685909806     
   427.05765901292011     
   426.49928604155718     
   423.49837297817334     
   419.86595627607954     
   416.25648869823237     
   414.42948885188400     
   413.14397950916532     
   412.92171192764596     
   413.25617575052661     
   413.16857882142352     
   412.92791251794432     
   412.27667727331561     
   411.61909149777392     
   410.13282297629996     
   409.32262842482959     
   409.02841469408855     
   408.81940715728598     
   408.79316164311734     
   409.22980461975766     
   411.29432439976847     
   415.55413093544666     
   424.79505517191490     
   432.15469128367687     
   436.45181373321469     
   447.86385238884463     
   455.57447866122612     
   480.06597882855567     
   482.63965846237943     
   488.45543580106528     
   492.57087813738019     
   485.76354594110234     
   495.18694059203438     
   499.97681375285833     
   492.46927940088852     
   509.44524878394463     
   511.89482692817671     
   503.17949117824480     
   518.74875716518727     
   518.14681797040816     
   501.99235688962654     
   496.63449524739059     
   484.89734049781924     
   479.48059873069337     
   469.89768934246098     
   462.27847729188636     
   453.71047553659349     
   447.55978394150884     
   442.87294842060692     
   439.37838496100022     
   434.83545229366302     
   433.07988662469910     
   429.67064439457579     
   426.94752960878589     
   423.10475949920561     
   422.35846408940705     
   420.83381345247381     
   419.06498319839631     
   416.93220963586549     
   416.73598422627316     
   416.26357663923864     
   413.20521348559294     
   410.74817546991250     
   409.00515633258942     
   406.97194814270057     
   405.37638270827642     
   404.91302910635341     
   405.59452585729679     
   409.23197429439472     
   413.43048920655684     
   416.52787477892872     
   428.07271443241495     
   443.38997530214647     
   455.22359863932928     
   465.91825271766197     
   473.25065430580457     
   483.36014159889021     
   485.07014648291863     
   489.91209597795427     
   504.61473232565714     
   499.73951830456042     
   507.18626591545330     
   518.59111503642418     
   524.08209716001204     
   525.07481174390034     
   515.87351226623207     
   519.63326612284936     
   513.67812210589364     
   510.83818934505200     
   508.89835340978874     
   507.25630208961240     
   504.70593446810017     
   500.68188355271872     
   491.71961856307911     
   479.00457803132628     
   465.71275704231260     
   456.17961917094050     
   451.21479391198665     
   448.90431795293966     
   443.98794503696593     
   439.24186539268152     
   434.91076920649351     
   431.85162177817983     
   430.16077870026470     
   429.09604899954803     
   426.24367877394627     
   422.27127605174275     
   418.92607512109049     
   415.88966296851623     
   413.52547979310168     
   410.84304747242351     
   409.23907965401412     
   408.23946963673325     
   408.21663534395236     
   406.69923154329791     
   408.55764681342862     
   410.56352918556530     
   418.48287657439693     
   420.94528874783191     
   426.89845693258820     
   435.45626215081143     
   451.00230085083700     
   455.98504689440853     
   464.57178978197453     
   477.36977387403334     
   491.15863298461971     
   496.56779790767501     
   501.97576078747386     
   502.96916863165313     
   499.97138302127468     
   508.42702916851789     
   504.51602998092937     
   505.30785414663808     
   510.72840558406438     
   504.94206917435963     
   488.11233330555496     
   501.29407310604097     
   501.52251149449734     
   489.29718986441685     
   487.85357309189055     
   482.51922534520872     
   474.24418978724134     
   465.16604428852787     
   453.53547818066721     
   444.89376330017024     
   437.70890300986923     
   431.66281582386631     
   427.37276551855928     
   423.79658215335496     
   421.15517501146525     
   418.42713280362193     
   418.82786786771686     
   421.08802714513649     
   421.72860530098893     
   421.17557314256806     
   420.34598725209321     
   419.65525752738841     
   418.57447577705267     
   416.62371331904410     
   415.09851107971207     
   413.76459644495071     
   413.09592175768233     
   413.08148680081496     
   413.84255252775836     
   415.12672304257256     
   417.07568821262430     
   418.33826395199748     
   418.34487176280101     
   418.81784404102746     
   419.27539035700153     
   421.98680981181906     
   422.95105851834415     
   425.49599606240054     
   433.47716222897384     
   436.24818063856577     
   438.23551561194483     
   437.38296167866332     
   440.14313328796737     
   442.11823803810432     
   441.30002104430599     
   442.08688849076304     
   444.08334621395340     
   457.14541192230058     
   465.94053864138527     
   465.98474028945628     
   460.32018978485365     
   459.38786671110483     
   454.79423898140641     
   439.50457047453494     
   431.36471822179590     
   427.39907997493992     
   423.08506868670531     
   415.36086484212109     
   410.51151214621609     
   407.42837675890758     
   405.23814802027380     
   404.54861235053812     
   403.25996215494376     
   402.09022600800250     
   401.03677473081819     
   398.97180234023881     
   401.95572737552311     
   399.68721361026189     
   400.29232047548078     
   398.92928642293208     
   396.11003720151319     
   396.62691404357565     
   399.44041165902496     
   396.41355751441614     
   397.49832352347153     
   398.13259707820669     
   399.68482135774536     
   401.45644904470396     
   405.84625090192736     
   409.51637522823808     
   423.08560346954209     
   429.68491261895844     
   441.52033505686620     
   448.37809124998921     
   449.15639175846900     
   457.16615915880635     
   464.28333399458086     
   477.93826468101093     
   471.90722931189021     
   470.11161357884100     
   477.43816857755667     
   472.56492405079251     
   480.47502267726486     
   475.08322500638985     
   481.45449790808664     
   472.44931179457308     
   472.07849566659485     
   470.98916724932809     
   467.02520539998432     
   461.71152649848273     
   457.70951312177704     
   451.05993213535947     
   448.39118726606745     
   441.20090081381056     
   436.84639168902885     
   431.90707086212967     
   428.91832026768299     
   423.21196365953176     
   420.81865926861695     
   419.07017399722770     
   415.93689961411752     
   412.71637126010779     
   408.74010318035266     
   406.46435330010263     
   404.52375824650613     
   403.48234189495543     
   402.02792928332155     
   400.56638122556876     
   399.12815895996880     
   397.94176826760469     
   396.70704114955788     
   395.65818504468143     
   395.08088390220411     
   394.46705704526829     
   393.88394816543672     
   394.10496799020387     
   397.88829146184281     
   400.74472159570371     
   402.83826758983400     
   405.34981337930100     
   407.74461167554284     
   413.68593009543213     
   414.54140480333081     
   411.47661208749059     
   414.83062710165984     
   419.54053092953956     
   424.77878301147462     
   437.18289829921770     
   445.76336084346360     
   456.46222610774436     
   459.31579744397868     
   453.86044590467827     
   447.21386747502851     
   442.09879754982609     
   445.03363764066984     
   443.54783839148729     
   447.04109536704493     
   440.12426489724800     
   432.45454195433979     
   430.59545129748028     
   421.87197604250213     
   420.89849093311767     
   412.53187585782769     
   406.27696592447029     
   402.74386773061730     
   401.81584710202287     
   399.90479980951955     
   398.44462399432808     
   395.32940133587556     
   394.53111732475872     
   392.16961209189776     
   390.43710324962234     
   389.63003873801750     
   387.46850646498240     
   385.24941925091315     
   383.31294056805939     
   382.86953028621355     
   380.98742165750053     
   379.90914226488024     
   380.22561725713103     
   380.97082752991236     
   379.87026544320400     
   383.41747213536485     
   384.85115154896118     
   388.11192219380439     
   388.72977191821639     
   391.22020855241101     
   397.45068037091750     
   404.00580387949350     
   413.82390947251207     
   421.27829218612487     
   416.85328267915230     
   412.20251736128091     
   414.17615000096373     
   413.71569523197530     
   414.27528443139568     
   415.55770246706561     
   439.49773389452162     
   458.27034798620548     
   458.10904235694579     
   432.60313080876750     
   411.98283716385731     
   409.22252373382520     
   409.77265581173197     
   405.05260490734241     
   403.62285223242998     
   404.03797467935544     
   403.20916223970198     
   401.86547978874290     
   400.05742257822521     
   397.51444933467241     
   395.73137168051204     
   393.46869882850177     
   391.26147185104099     
   390.67317668791281     
   389.57115971687142     
   388.18452212818738     
   387.11498175519472     
   385.91521577739269     
   384.38793233137170     
   382.92800796876793     
   381.54335599411553     
   379.72770816328295     
   379.23714151437514     
   379.98843920713671     
   380.57106311910394     
   381.08464185826858     
   380.98184009607490     
   380.42678067690343     
   380.17920487867684     
   380.73898668781885     
   382.61444009545585     
   390.30382196897216     
   397.44407047168175     
   398.78644425679175     
   403.37581264536647     
   413.77698309672934     
   426.36054253409554     
   418.18541429711132     
   431.71719436373104     
   433.95236011854934     
   443.91815150093919     
   443.79194642460214     
   452.98211284765250     
   463.31182123692668     
   461.50126752578569     
   462.90352359056419     
   468.24116973621597     
   464.61039229597952     
   452.14197435074396     
   460.70620721144138     
   449.07736609587727     
   434.77399545216588     
   431.62205688363201     
   426.70292135680188     
   421.87627097149993     
   417.96895450823195     
   416.26664769053650     
   409.69389961929181     
   405.08849734810553     
   403.72823778720181     
   405.03110037025493     
   405.63819233708324     
   405.19617894011571     
   399.87713289967530     
   394.36930986270028     
   390.27208052517051     
   386.74655784182454     
   384.15864527757378     
   382.15663794666659     
   380.17777902568986     
   381.56930739725226     
   380.65557358574165     
   378.14749646153615     
   377.63585434987937     
   374.67395603073794     
   373.84480198993259     
   373.78953697109790     
   375.71623539381170     
   381.30891634188379     
   392.50030258344708     
   392.42947277482756     
   402.93786301579337     
   404.29661507059944     
   413.67290671713624     
   425.50971600377557     
   424.14539193719270     
   428.29155983974294     
   427.88081946073612     
   428.86839028267212     
   438.14264637020119     
   448.24960195182223     
   460.96191849489043     
   470.95889394205409     
   468.44841472286868     
   469.33304849459097     
   469.63309023162998     
   465.05363665984379     
   476.16024649349396     
   464.76200396645254     
   460.66509279361821     
   462.17976352960073     
   457.25499252915904     
   444.73911033047466     
   436.59758245231512     
   432.94977936031660     
   423.67309753427372     
   415.56733140388269     
   409.47299839555978     
   405.38212114709034     
   401.40683681680076     
   397.53469501049614     
   394.84507982422326     
   393.55923790248363     
   391.25864829596895     
   390.04750657791732     
   390.03149564820609     
   388.23366388687236     
   386.28048762037292     
   384.17680956902439     
   381.97814990954561     
   380.29236679027508     
   379.27034553340076     
   379.90434972867894     
   380.77982191984808     
   381.00466919605788     
   381.56874748445387     
   384.98483182593060     
   388.22092399689961     
   390.65483354656737     
   396.75887101504532     
   405.49871768363789     
   416.06566481952382     
   412.55007965863075     
   413.30797038849829     
   418.79422919484477     
   432.97210725135790     
   451.61176974228005     
   457.92366638669574     
   460.29819550076229     
   465.60996855543482     
   468.46041296131898     
   472.70998390111760     
   467.91431663148973     
   463.63507172754976     
   454.99815060481791     
   454.13757876545623     
   450.29626257664523     
   443.60483002403538     
   441.89865626004195     
   439.97417342855334     
   433.08435339646616     
   425.23819585566770     
   419.58323499511425     
   415.44127906962882     
   410.90575578945089     
   408.54967848431016     
   407.23547544549439     
   406.84144651360964     
   405.17613823405713     
   403.88404759876386     
   402.69093523325478     
   400.39503378586744     
   397.72066632348560     
   396.14120363721332     
   394.81531127422494     
   393.81520560131457     
   392.56387631053735     
   393.06917128541272     
   394.21918208703073     
   395.47897572859699     
   396.08785583310544     
   396.20766130826354     
   396.62593642032687     
   397.46116698689758     
   399.27905440805728     
   398.64244816258275     
   398.66046029975035     
   401.59465640718048     
   404.55645901444103     
   407.09398964791865     
   410.33327616107471     
   415.75864248555740     
   418.41541709930920     
   420.81505994308287     
   424.89745144310223     
   430.10283548764392     
   431.08260986837212     
   437.17017914792893     
   444.19595354317039     
   454.95549857716736     
   458.98256750753205     
   464.24260494586849     
   464.41996449439114     
   461.93261186796099     
   463.26383367080064     
   452.28429851012072     
   438.51518642328654     
   433.73574792339701     
   428.32024970212035     
   423.04079970905485     
   419.63545518252170     
   416.67229363711556     
   412.63816563849741     
   408.49684868044943     
   408.76418379004281     
   408.01555152580244     
   407.46137945177429     
   406.56060687071761     
   402.88736016440026     
   401.53530494339265     
   399.52554306643339     
   398.49733259504967     
   398.54797115823419     
   399.02233497708471     
   400.06635721130351     
   400.51898116017719     
   400.62819332277337     
   401.34705001087843     
   401.86536460705264     
   401.84975545099843     
   401.63223542115503     
   401.85402211529089     
   402.98881420789769     
   404.49211401535320     
   405.74936602931047     
   408.27838038053744     
   410.78467037572824     
   415.71611733275745     
   418.46841621573958     
   421.03143713780560     
   426.09140732096330     
   427.65785070806930     
   437.81800402689299     
   444.59574445720858     
   462.28160394444632     
   464.58076793950943     
   454.10274766683187     
   464.48234605823950     
   464.84501009338533     
   462.64915085017367     
   446.64549418465788     
   442.02970526240972     
   444.40602971962960     
   440.16040064452272     
   433.73266041503899     
   428.21163389807884     
   424.78234847619291     
   420.62342916907488     
   418.44222475393605     
   416.90392534692921     
   415.42321467660264     
   413.17301940059707     
   410.93202311275661     
   408.98714536903208     
   406.66008095344603     
   406.69391490226610     
   406.39645039510691     
   405.66702993307962     
   404.77711219500526     
   404.33481309845098     
   403.64591773121089     
   403.07780109244777     
   403.13501989631550     
   403.23646201003237     
   403.47736951266046     
   403.76036924222683     
   403.71405058070729     
   403.55715419643491     
   403.32641587262287     
   404.09220904344556     
   405.73472789760200     
   404.92834477009416     
   406.86148159088447     
   410.66773014325196     
   411.08315908125491     
   414.10949081186970     
   420.92780314036651     
   419.42766106221637     
   415.44421645857994     
   420.09848152419397     
   419.53213457688622     
   427.71950055934212     
   432.80180489295418     
   426.10302439205657     
   427.16507217865978     
   424.09205638761824     
   428.37570892954653     
   436.64641352025654     
   442.15372248309001     
   431.49918789333799     
   429.73540031049265     
   430.32551734487646     
   429.06953904059770     
   424.66422995759854     
   421.06643902916386     
   418.18330175464945     
   415.56455060894723     
   412.35494196455465     
   410.28566157945755     
   407.72894387051809     
   405.24411602577760     
   400.92262161457450     
   398.83815432600318     
   399.91239305998397     
   399.06548244267896     
   398.99432052653941     
   397.73519395460630     
   396.03496539495973     
   396.33369489141137     
   396.16427296339361     
   395.77375615855908     
   394.50587620143898     
   392.84496654000316     
   392.73046613646255     
   392.76749237617003     
   392.51081803882334     
   392.11063604300983     
   391.23952083905488     
   390.84335103679769     
   392.01005019424105     
   403.91111603967840     
   407.48998984598921     
   419.28104537304887     
   426.90546621812206     
   431.80344505565324     
   441.51935660375557     
   450.74194895444458     
   438.20460635461302     
   442.88439496563632     
   463.59033677569175     
   450.79523577996571     
   445.34447245929420     
   458.66535075794650     
   476.82137479819727     
   475.41810643051048     
   465.75073768905997     
   468.39424021612098     
   460.66839024162471     
   454.53874209017403     
   454.24202925001492     
   455.45060093811128     
   450.21752127562257     
   439.80234198914030     
   430.86029895268842     
   426.41944964803150     
   418.03746843558775     
   411.99133270561657     
   407.12783346953114     
   403.38701776792527     
   400.12034598074655     
   398.62188147739840     
   394.71481214031513     
   391.28717542091562     
   388.89081254648931     
   387.32097263543261     
   385.68143411951513     
   383.65361660382075     
   381.78266263648271     
   379.78927858309316     
   378.07525879842234     
   376.59609410007693     
   375.32590419177791     
   374.79781190501359     
   374.20065295515195     
   373.51593130915035     
   374.58488944983299     
   378.18377097232218     
   382.35111069187036     
   391.57653740449439     
   401.33876750227199     
   411.80626403066321     
   422.46839253157816     
   431.38334121623353     
   431.18836211250147     
   442.29197564841883     
   457.50640714801381     
   468.48563178161527     
   469.65609676491795     
   474.75079047022814     
   468.50250261018186     
   463.10828800139899     
   466.54619840283260     
   455.58792945043314     
   449.09112603691705     
   448.03202790956988     
   444.08011326625979     
   440.50988409666030     
   434.19153481833735     
   427.90043355705870     
   421.82578819982467     
   417.05339841094457     
   413.27269176400375     
   410.70784381343731     
   408.35962846819439     
   406.36251564524810     
   404.48219208189653     
   402.81645509427432     
   401.29189785234661     
   399.80714425816984     
   398.91248856292697     
   398.18172774908629     
   397.37164246297482     
   396.74820987181386     
   396.15674036207048     
   395.25089779952538     
   393.90804487769515     
   392.25646622660645     
   392.21229316298752     
   392.53176522280279     
   392.43505666714259     
   392.61337766637780     
   393.16044747098721     
   393.32294655578022     
   393.36511172278585     
   394.09959462100983     
   396.94467105001041     
   400.81711366949605     
   407.58478428723419     
   408.28731783470369     
   409.32276385172116     
   412.16269031869035     
   415.61093229037010     
   427.06744528844996     
   423.53532910836594     
   419.22494583767167     
   418.74485453743915     
   425.07544403588065     
   431.04083701514736     
   444.26049873774417     
   455.72669816239835     
   463.76607871158649     
   463.73934164733566     
   460.71202012075128     
   461.74290492563620     
   457.44071342804978     
   457.43819860290807     
   457.08361098518662     
   448.92872161036314     
   443.33203446683490     
   435.77314497998111     
   427.03406146988499     
   418.72424115043015     
   413.71792453097487     
   409.40749275165109     
   406.56401587054575     
   404.06686580926925     
   401.52805431758361     
   399.60540022203367     
   397.40469689627139     
   395.44710966301108     
   393.36969953934533     
   392.28662316352529     
   391.29073889462052     
   390.07853996048095     
   388.90030285461177     
   386.94146674493658     
   385.64091695524667     
   384.52357057475632     
   384.99136235335328     
   384.59446882094426     
   383.62903519237165     
   383.41588855628817     
   384.36842675629487     
   386.12916574164615     
   388.74717015956321     
   393.43440070778161     
   398.97145817385109     
   401.62924072360090     
   405.89793888854672     
   412.57457551836404     
   414.84222327642237     
   421.24449910191237     
   442.93178981363758     
   444.42134684017941     
   438.38869653036897     
   434.58235603445604     
   429.59462351645300     
   428.94386407082766     
   427.67327449466319     
   425.00353078832165     
   424.24814353491388     
   422.41417948253451     
   419.42223086949440     
   416.45827828059879     
   415.34199482486417     
   414.39065171291264     
   412.24788220778788     
   411.95578913904853     
   407.32489123729789     
   402.93134380761461     
   399.03482742872387     
   396.02423644042563     
   392.67387795216797     
   389.66197321421180     
   387.32246311710071     
   385.22868791495779     
   383.32580121922035     
   381.37371766421933     
   380.08666944948038     
   379.00231162006645     
   377.52482577291499     
   375.83077577456146     
   374.66698764919823     
   374.22796432345041     
   373.78004758570012     
   373.47396833503711     
   372.97246689785663     
   373.41878648867521     
   373.48333305233012     
   374.60053336865536     
   375.78944682482472     
   378.79249900248567     
   380.87545746969266     
   381.35248522629161     
   382.36084112977085     
   382.93859461462392     
   384.64999277705783     
   384.82205501168590     
   384.48413708009076     
   383.79217163297386     
   382.64876035928864     
   381.95835580103875     
   382.06761385434436     
   383.96752680061775     
   388.71873019027777     
   392.60060860486789     
   394.17590718111637     
   395.49554378888160     
   395.54958053309338     
   393.39363214049661     
   391.21993785586113     
   392.73013319552092     
   391.13106039718207     
   389.03666924600395     
   388.96666207283636     
   386.81318729731612     
   385.00827442695686     
   383.95175417806990     
   382.80365491471588     
   381.92415226663013     
   380.58703542832882     
   380.66223353275609     
   380.08182859096468     
   378.46056484979010     
   376.57114847141577     
   375.45070492545813     
   374.21901100671829     
   373.59449528115329     
   372.93026141330790     
   371.47747436131391     
   369.54391997318970     
   367.57025341042151     
   366.36804910860087     
   366.10285008914991     
   365.87834159944947     
   365.80347792521746     
   365.46372080783726     
   366.47926906255429     
   368.00638179942951     
   372.54091103019027     
   380.52537630164687     
   390.32105943684263     
   403.28771550025891     
   415.37752552446028     
   426.16049216550834     
   436.54997802986838     
   449.56389450620827     
   448.20932303933211     
   454.28421277967908     
   465.07565623825798     
   468.36329924215488     
   472.78975228546221     
   457.17082287374575     
   460.16304459844923     
   462.01605837485261     
   465.79261774759880     
   468.77945585427352     
   469.67386255844690     
   465.39145875522019     
   453.11453980580870     
   451.21560044027461     
   442.18638057917661     
   438.60911973993291     
   428.07279468427777     
   424.02796536349837     
   419.41774816384191     
   415.59648829069999     
   410.44115818440281     
   408.32130327276673     
   405.19821148301372     
   401.82489418530531     
   398.21131155784070     
   398.50032010099272     
   398.30398973663853     
   397.80877564416289     
   395.88255203664630     
   392.28248034023545     
   389.95837727319525     
   388.61170788410612     
   387.45881690031752     
   389.14851382871876     
   391.72287680141636     
   393.29191794619391     
   394.18723886910220     
   394.57910517170706     
   394.87568575864952     
   395.19965025143927     
   397.33989246856174     
   400.74145437159541     
   407.39649118231910     
   415.41907047629809     
   423.66801291724522     
   429.37208895667720     
   427.83881308592709     
   436.34800323037126     
   432.80366219115768     
   425.77073007179354     
   421.58496409759675     
   421.17816293350359     
   418.59217232599514     
   416.89990428639391     
   420.79182640468719     
   430.05977128030332     
   444.71128595124071     
   456.75097364580796     
   456.37376879374898     
   455.14576485388199     
   453.14696518287849     
   445.94136455196548     
   440.73685596897263     
   433.19362150903936     
   428.10203041727249     
   424.35608668717651     
   421.04275840231924     
   418.79582253430635     
   416.10628714785776     
   412.37572812999605     
   409.51941321168476     
   408.65529209090658     
   408.19743958120233     
   405.16217294364088     
   403.29838865039926     
   401.65520281996942     
   399.11849757312137     
   398.79742374223167     
   398.11142915334420     
   396.64245462745623     
   395.25916500660139     
   395.53872812348180     
   396.44179517564186     
   397.04021284491483     
   397.18488344079560     
   397.13282743501776     
   397.55149592396486     
   399.53869485744667     
   402.40398696112049     
   402.60015244154465     
   404.15735196983348     
   412.90930737632397     
   419.93706177002775     
   415.80065530928653     
   415.16855091505658     
   419.05099901962939     
   426.78994679557570     
   428.36802821257254     
   439.53111601348394     
   434.97762474406397     
   447.20593544853739     
   465.65263314224507     
   474.65170662981950     
   478.52669436163364     
   479.32788802416729     
   476.86293469080408     
   473.83239440562090     
   469.86219229051233     
   463.62617608747576     
   456.69496066589306     
   451.30235962491071     
   444.54183880085947     
   435.70073428063853     
   427.34946606455048     
   419.22355097180929     
   413.79759830457073     
   409.15874658066917     
   405.44869913344235     
   402.18966370502335     
   399.60035211349395     
   397.70879047517985     
   395.27428003978525     
   392.77037875790467     
   390.12904841441360     
   388.43648537612859     
   387.19119611868740     
   385.64470609672065     
   384.23018969551305     
   382.81738420140255     
   381.63462014787348     
   380.52720936198659     
   380.14893801138174     
   379.49420242219344     
   378.91249398001156     
   380.59733060591481     
   381.49662246383923     
   384.97457827674526     
   387.55746182437628     
   396.46576485931092     
   404.90102393274873     
   414.61340263120394     
   427.49381347894308     
   439.28186964274954     
   446.57542031128946     
   459.99774130212211     
   466.62148581880666     
   461.89114598608359     
   479.22332510370751     
   484.29868032159447     
   478.81120857703536     
   476.73212128990804     
   490.18090546269644     
   491.80660553451156     
   483.68175433979877     
   478.80031604430172     
   475.02137729218578     
   466.76981546565105     
   466.81103807002552     
   456.98926889643934     
   450.79209285986093     
   445.53026236791430     
   440.75656442714330     
   435.17177452158870     
   429.69111578203143     
   425.39138956245245     
   421.30934613674202     
   419.56081667698226     
   417.88060135337577     
   415.54246284012817     
   413.56659855458827     
   412.19906919252611     
   409.39327032430970     
   407.90541132796727     
   406.94887798729513     
   406.00876391698660     
   404.83949326056216     
   402.61678112455058     
   401.03412082686600     
   399.65456726532392     
   398.33561740472697     
   396.92161190334997     
   396.35988149635580     
   395.97013068754171     
   395.42548246734674     
   394.77161042295751     
   394.23950711819998     
   394.60472142199927     
   395.37601311200700     
   397.44896636093927     
   398.01600983454648     
   398.48183241715373     
   400.01631182360507     
   399.62870255841847     
   401.35293434115925     
   403.05666917720765     
   403.51622778204091     
   406.61184180904905     
   406.86477853676865     
   407.30693812703134     
   410.97916288999716     
   414.18533231266190     
   415.08541690936659     
   416.72711377850771     
   414.93692817550993     
   414.78751169224250     
   414.29121149221845     
   412.12714376435832     
   410.37028435823566     
   408.04027965154984     
   405.59099535956972     
   401.73175659983497     
   397.74296509560583     
   393.96300848312791     
   390.92136640191546     
   388.71190441447914     
   386.64449567086581     
   385.09680458197937     
   383.83995744754111     
   382.90587246830415     
   383.28899563479814     
   385.39814517371531     
   386.32326669897429     
   386.52856759479948     
   387.08481892209107     
   387.10908095472064     
   386.98823086453785     
   387.25882227507572     
   387.26716632876872     
   383.95577416546632     
   380.58852739784356     
   378.08905181132491     
   377.51262341263998     
   379.33786818344743     
   382.49618032915117     
   387.21904562241849     
   393.43265044410208     
   410.98397467084254     
   420.90593433356872     
   430.54768776827461     
   440.93141974324914     
   449.60861762420319     
   458.56559515169187     
   465.55383334265304     
   468.58524246183083     
   472.07783234204300     
   473.99980983309950     
   469.99734260609847     
   478.54438752098906     
   469.98873665349851     
   457.81735566997685     
   453.41888931068763     
   451.83509153189300     
   444.04098058756256     
   435.70582880086988     
   433.11608911087200     
   428.23877496900928     
   422.13539373135745     
   419.98785144828037     
   413.84658029673113     
   409.37915520888521     
   407.84380112375072     
   406.83198419816995     
   406.67383610903960     
   405.88881715889283     
   404.84293872881773     
   404.19321797254918     
   403.78838549375115     
   402.90778308962820     
   401.55845971932308     
   400.38540844536163     
   399.80809840927014     
   399.63492810805042     
   398.68621737595709     
   393.30516470004665     
   390.51608456062286     
   389.48862003460226     
   388.72111588751159     
   388.03835170703331     
   387.23184301041829     
   386.35023464884199     
   390.39141574215938     
   394.58091820891065     
   398.88985534150851     
   406.86896792503762     
   415.65497914517175     
   430.56045038479436     
   434.29592264082800     
   437.85081565759265     
   434.75622324149504     
   436.61001261687829     
   448.56687957679935     
   458.01923230214788     
   470.32993879550349     
   465.17699075037848     
   463.20292858883965     
   456.17445484409853     
   462.55107790224554     
   468.05738620970584     
   452.64776235937597     
   445.40559716287339     
   438.63191621156125     
   434.55983477336042     
   431.26180177654624     
   426.57189450113680     
   420.04231035324392     
   417.05983488017023     
   412.64616869612689     
   409.51707551710854     
   407.60153329548064     
   406.39468687977273     
   405.03792456688927     
   404.32216361337771     
   403.28763215542182     
   402.24404980378506     
   400.30822997515537     
   398.39584801373627     
   397.05639916578343     
   396.13629557170771     
   395.23392748609717     
   394.22397964567097     
   393.24326476182915     
   392.50866274020797     
   392.09521474733680     
   391.56005240569345     
   390.99189089630818     
   390.47514066119737     
   389.82255215285778     
   390.63419190770895     
   391.81360473851970     
   392.47405810496747     
   393.26546183699634     
   396.13577394353314     
   397.13588324987001     
   399.27889652730471     
   403.29322720830754     
   403.76764518026903     
   408.90887442520068     
   418.36314544195699     
   440.58627975741638     
   431.78192907098020     
   422.11079644678273     
   418.10887741652533     
   411.09783465244828     
   403.54374921169290     
   401.42285342580669     
   404.36451044703847     
   411.18491734480068     
   411.71242959590086     
   407.73261067979860     
   404.60082141890143     
   404.32201944570517     
   403.99235826092706     
   401.73812454898575     
   398.61188791386121     
   395.91069619933819     
   394.13214939443725     
   393.49098998125800     
   392.34735525373486     
   390.15680878410706     
   388.18255281199782     
   387.07821789098267     
   386.99675032065210     
   386.10491735247450     
   384.33888202770390     
   382.72637944852630     
   381.69662594310904     
   380.64264781350124     
   379.15629110054971     
   377.86124583027015     
   376.77033885246476     
   375.49076945392056     
   374.94394394563994     
   375.11007025449840     
   375.38760986817198     
   376.56612039691919     
   378.00806265276822     
   380.24957542383692     
   383.81685371622461     
   387.65956080061585     
   402.90226181058017     
   412.01301033391024     
   414.21249916073168     
   425.48670362320382     
   421.78093678787565     
   427.89998163182798     
   431.92331301469039     
   428.33611156354823     
   436.62156927616076     
   426.34373639966873     
   446.67002351958564     
   438.65573401589927     
   429.56993022214237     
   436.77647462163873     
   439.75329590438218     
   446.10395195343301     
   440.15475448831364     
   427.12017966394558     
   428.83785910219763     
   421.38722138324482     
   414.73489632886509     
   405.10527868127622     
   401.79592610480142     
   400.25037044892372     
   399.05718962788512     
   397.61455534927609     
   396.87448433042073     
   395.63004836165123     
   394.51881185825130     
   392.59511222053106     
   390.03528450348483     
   387.55628991066146     
   385.39107439774187     
   385.26607284441428     
   386.00008163303227     
   386.17069646861609     
   385.31262276551985     
   384.34986571536075     
   383.83909763934793     
   382.72810190618208     
   381.64024122390248     
   379.70853848544118     
   379.03843885670653     
   376.24395768546094     
   374.83559312655177     
   377.27133576392134     
   381.55251578558006     
   389.47208311919491     
   396.42260720285293     
   410.90460861344656     
   415.35193263710539     
   422.63981314635822     
   435.58201054270091     
   438.93553272672443     
   448.29118230499267     
   442.71823917319847     
   455.64646839581030     
   460.03102727209256     
   444.83163376461215     
   440.04329548313223     
   429.31976150716753     
   429.39009366559219     
   436.99981701348020     
   424.49759692816980     
   418.82468605987606     
   410.85168127394184     
   406.99614077969352     
   408.71220414880389     
   404.16649257473648     
   402.58876057224791     
   399.05337567595200     
   394.19755623673905     
   389.77903144695449     
   386.72897482189848     
   384.76285369251741     
   382.87505407189963     
   383.04876953508926     
   384.09999128526937     
   384.71459549240018     
   384.30995627986340     
   381.01206252497167     
   378.36667077680090     
   377.53399939020295     
   379.40653022055932     
   380.75138430898807     
   379.72657547547442     
   375.65424754339125     
   372.83102700763203     
   370.86945480624348     
   368.78636882368625     
   366.96656180891432     
   368.19635344925950     
   367.67148985555622     
   370.82347371852603     
   375.17829567385843     
   380.61359039469954     
   391.06218449941110     
   398.43897064230526     
   404.77098797435099     
   411.98358480763471     
   421.94493807892587     
   422.37526207049831     
   416.63454355139180     
   430.14858655216017     
   431.46835404318352     
   432.78602339894513     
   429.46251869072881     
   430.72550124873180     
   423.64157233449498     
   423.93013550791147     
   422.64716016733144     
   417.77563925091408     
   414.65287384831259     
   418.25363002902492     
   413.69542510619146     
   409.61621624784300     
   406.08294987377343     
   403.29553272663327     
   399.89866572513876     
   397.61872064116676     
   395.89220787118495     
   394.28883422133799     
   392.54020685102364     
   391.14262843032441     
   389.95001840216804     
   388.95315671650036     
   388.16575465602568     
   387.11110620330999     
   386.00132633524709     
   385.40538399018084     
   384.92043662451113     
   384.53178413866067     
   383.73817894665370     
   382.77025047041195     
   381.98280540399315     
   381.61766375934786     
   381.17457486627319     
   380.77360269196055     
   380.48510487919646     
   380.35853873255911     
   380.68625933109053     
   382.23780905908404     
   384.30031183338122     
   387.04803669841442     
   390.95193373780614     
   395.13243887145870     
   399.66676631449002     
   404.05751153240544     
   409.78500785714186     
   416.65398282179410     
   424.43210379002346     
   417.21405856629241     
   419.76955645593893     
   419.07704278168876     
   420.89005490977161     
   423.12493009654196     
   422.20150332945695     
   420.66826542588768     
   421.26483539882054     
   420.00245455396708     
   420.48096248287271     
   418.84989867710215     
   415.92963508607119     
   412.56139529386718     
   409.69901224647174     
   405.75860713535400     
   401.95956238241621     
   399.84072070329341     
   398.24488852374128     
   397.45147954486310     
   396.90197505402892     
   396.31980419564519     
   395.62986870221266     
   394.93615611681247     
   394.22174155413694     
   393.30561152220679     
   392.42899455229048     
   391.74349693068581     
   390.98059902377702     
   390.12511427852007     
   389.22461751245663     
   388.11215791853942     
   387.11033363987201     
   386.58808056201957     
   385.99320984119475     
   385.50855404319924     
   384.91898153431532     
   384.53272120449645     
   384.51085501309075     
   385.72072014899783     
   387.31475178643137     
   389.91943174883096     
   393.82222864664953     
   399.09581490418236     
   404.24177710972549     
   408.38124113015550     
   413.97345247211473     
   418.23205283284994     
   420.58587490865108     
   417.33746507331819     
   417.55445119498233     
   417.66092929747936     
   422.55221833017811     
   428.12190118617593     
   431.92825604039490     
   433.36612253579938     
   433.41692861522409     
   440.95591664833790     
   443.40561335806819     
   439.99767176995948     
   440.95290736687576     
   425.77710358162187     
   423.59915104022872     
   416.21387634814192     
   407.58199578452525     
   402.12245890521473     
   398.05547664395380     
   395.06033469703851     
   392.00963146446304     
   389.65787602667405     
   387.73658115072084     
   385.04771798222743     
   382.67428942033530     
   380.82703028946469     
   379.06096321339430     
   377.25282539965212     
   375.87434602485587     
   374.79472993525218     
   373.32818041607118     
   372.00944704601585     
   371.10318841155123     
   370.20829645360112     
   370.40976034692346     
   369.62804083125337     
   370.24708513421155     
   370.67878566220912     
   370.39828267839590     
   373.39015318491317     
   379.96116328468139     
   388.20593037834044     
   397.20762860270906     
   407.29866711236230     
   418.37607128956739     
   428.75495906325665     
   437.46453510839547     
   446.08362872388381     
   454.92406411987002     
   461.44745551684514     
   473.33328245520175     
   482.12778868500777     
   470.25365565216651     
   474.76286750844076     
   470.20959533863453     
   474.26308596929852     
   481.13757958088183     
   471.67465687621211     
   457.97632988187428     
   450.34882341506363     
   452.31020335294727     
   444.27201603133858     
   441.13845764233145     
   433.22006064344163     
   425.67540424641862     
   421.13708894734339     
   416.38885636577447     
   411.69340891975475     
   407.79759411091294     
   404.02253485279817     
   400.74350460568400     
   398.18890755840403     
   396.55182070268324     
   397.57166752773031     
   398.98456643247579     
   399.63250741092173     
   399.26042326054784     
   396.30836157888308     
   393.33490388807991     
   389.79235526332940     
   387.23743458721952     
   385.42180024254748     
   383.86747042472115     
   382.67209295582836     
   381.94971794633449     
   380.82599907773493     
   381.37456139802532     
   384.94632623686118     
   390.49598293880013     
   399.47515497623414     
   410.86166705524738     
   417.19584998961767     
   430.16991835951967     
   440.42785626858995     
   449.32203840512750     
   459.13614888718269     
   466.64797437792447     
   475.59601220789108     
   483.58118756510822     
   488.02926912321539     
   489.83996742947966     
   491.51028618408361     
   492.42617252289443     
   493.10915484158937     
   490.04638625141251     
   483.84830275771844     
   480.16379486306170     
   475.00365074081753     
   468.59068354287353     
   460.89458174743282     
   449.81748960985203     
   445.69896751428269     
   438.74421484254066     
   432.85317212256439     
   428.52490353992181     
   424.93859366945310     
   421.40319251840856     
   418.08386114977202     
   415.32000392265104     
   412.60148067021760     
   409.52997246986911     
   407.32011615611668     
   406.43678061470064     
   405.28410655371738     
   403.11443156810310     
   400.78730865148111     
   398.85388525932837     
   397.20212643611603     
   395.14816121399207     
   394.83036433003832     
   395.65653083948320     
   396.25580944965367     
   397.11409133732587     
   398.33479496341039     
   398.96540016843062     
   399.82801372560760     
   401.17647724618269     
   401.98928195541271     
   403.32430030290863     
   404.93699430821607     
   405.99341421751285     
   409.58716540657520     
   414.05063364255744     
   420.33730613444442     
   427.73617555281464     
   429.05257025568488     
   428.10062961793193     
   427.07201671427816     
   433.57014419468402     
   433.44794500902623     
   435.11447439875474     
   441.31110350903060     
   441.43713956906674     
   443.89811885914082     
   450.63653415708688     
   442.45395148631604     
   441.93610646886742     
   433.67808512022270     
   428.70767497827740     
   421.49748956722942     
   415.60862622416766     
   412.81922488796607     
   408.62875340820500     
   405.52060775170241     
   403.51466350764127     
   403.27890687100808     
   403.01815178974289     
   402.30288952323735     
   402.06240375701793     
   400.12284102388151     
   399.56429530420809     
   400.28930928447585     
   401.41673257428181     
   402.00810644190119     
   402.21486144818846     
   402.29470971618144     
   402.39546107330773     
   402.35770543361218     
   402.28617884530581     
   402.23645763988895     
   402.31844400015495     
   402.49984880830237     
   402.59349442160561     
   403.14368530776034     
   402.56486083529779     
   401.25331847725033     
   400.53088295716844     
   404.25319747423885     
   405.91569583643866     
   410.53930565104247     
   419.77192195280298     
   424.79605330945083     
   424.93997493198083     
   437.48670958234584     
   445.08439635893899     
   440.98367385547760     
   440.65981323000727     
   446.64987334005616     
   457.10260761726755     
   456.45692306673243     
   455.69630212211234     
   453.95577381317270     
   449.47742234531808     
   443.72020181070445     
   431.23814378291604     
   422.16648627567560     
   417.88022072022983     
   413.33269992318952     
   410.44532727154564     
   407.70796840279212     
   403.96260299179784     
   400.63307129754833     
   396.26321616007971     
   393.38539478231490     
   392.03765842324430     
   388.54250841820232     
   385.85454190581277     
   383.71647834882373     
   381.31825023225144     
   379.37300483365186     
   378.22240502716244     
   377.17688683266658     
   376.29180759283071     
   375.15655747623418     
   373.99605733352524     
   372.61711590186439     
   374.08380951585144     
   373.06467535154508     
   374.54370901681386     
   376.30966078274218     
   377.21863937857660     
   377.88107138716799     
   383.33268616347209     
   384.36083788065037     
   390.33806816743567     
   395.05646172467124     
   396.41240149422777     
   393.42771443140663     
   407.29577786587367     
   418.49023395612386     
   425.03807448541011     
   430.95890246707000     
   433.86765083337747     
   424.30668292776022     
   427.89625238266251     
   440.60439532777536     
   434.83745027817832     
   424.85182680887084     
   420.13009286042319     
   416.29053818804579     
   417.66523093994454     
   412.50586580985896     
   408.91994514261268     
   404.99135315610658     
   401.93560464752483     
   400.00120335348691     
   398.43175239020081     
   396.65349459832993     
   395.47249115692171     
   394.70246754893753     
   395.03820787939617     
   395.11525746709793     
   393.66460990446109     
   393.79113518809737     
   392.97688797480032     
   392.29303474119843     
   393.84930678062398     
   393.30389474940392     
   393.51263516737754     
   394.43272740522747     
   395.09106443925992     
   394.80659773959650     
   395.09524003188415     
   393.88186183861893     
   393.05950732122233     
   392.71125358922222     
   392.36933791264244     
   392.12314967137701     
   392.14093507542685     
   392.49144327684900     
   392.45611819672780     
   393.67591839782256     
   396.31576893145518     
   399.58206473318575     
   402.10317652799336     
   405.94501917129207     
   406.58925986518710     
   409.64729805858286     
   410.12611871119555     
   414.17374307627028     
   420.20562441933464     
   420.24173296538396     
   417.89648476916602     
   421.16681177221278     
   417.89748339997851     
   419.20189182430147     
   417.97551803432719     
   411.80484700655228     
   406.58859638885372     
   404.68528227102121     
   402.13526011173735     
   399.36955767500007     
   395.35524058529165     
   393.83588574277974     
   392.36569479486803     
   389.55072716627302     
   387.28052332954650     
   386.92144285449075     
   385.62727297454416     
   382.08215841226991     
   379.38076729677334     
   377.79210668262249     
   377.28733038364305     
   376.91716896905331     
   376.44765253360652     
   378.01664486062555     
   376.29555377689792     
   377.85899747286169     
   379.27242786111236     
   378.98513503240366     
   379.44526359431927     
   378.00909774589542     
   379.08358828322520     
   379.39562848398407     
   377.21567830245721     
   379.64661152561234     
   380.86400831906661     
   382.15167183233149     
   384.05786802972597     
   386.51871670712484     
   388.47589293114930     
   392.38677720488278     
   399.86846463673203     
   403.00940465408314     
   408.96423281181126     
   411.09319081812771     
   414.91976997780273     
   417.59955750019020     
   416.91667359650671     
   416.73292786884002     
   414.58924719684273     
   415.67672762836298     
   415.56037664744639     
   417.63315412700609     
   412.33733330523160     
   408.71106730478101     
   405.15673851237631     
   408.71522588386898     
   402.67028079808193     
   399.45622251601759     
   395.10456728559660     
   393.00891709793251     
   391.24372835769771     
   390.20823228608168     
   388.41276620624649     
   386.62017602245101     
   385.46189818096121     
   384.98475252103555     
   384.97117831679861     
   384.91791864667977     
   383.92576417194368     
   382.86831447388710     
   382.48237895184906     
   382.33225687186143     
   382.64511171172904     
   382.57342520648683     
   382.52558652619490     
   382.57611636918830     
   382.38599681231597     
   382.60338969199853     
   382.52637299836687     
   382.25265139609661     
   381.81651191587935     
   381.70774510608715     
   382.02481765418804     
   383.36133527278253     
   384.36592150604554     
   386.01572421457263     
   387.16794999442698     
   391.43056214066775     
   391.80497544747783     
   393.83833525382011     
   396.26601571462851     
   398.56471983029775     
   401.80611357825308     
   405.02783448692065     
   411.92153488536491     
   415.97688113057342     
   418.98307309689000     
   419.44927989879739     
   427.86805332080525     
   422.00132614778801     
   423.04339410806818     
   430.90339024885589     
   438.82549563706522     
   427.50236246064043     
   421.67830025348655     
   417.38662172320841     
   413.35191102946129     
   407.81475099078580     
   404.29265023471839     
   404.57061361117945     
   404.05125598521465     
   403.57306751876058     
   402.27484920395199     
   401.40835976594565     
   400.58449009007182     
   400.04700353604119     
   399.42064952582280     
   399.17154507644102     
   398.82741711720763     
   398.67859897518258     
   398.64407504486945     
   398.48770060885084     
   398.49368703343168     
   398.73902481948932     
   399.42482642382970     
   400.25037892590217     
   400.77926595136330     
   401.25122481951558     
   401.46577462278151     
   401.64295836360515     
   401.95355408105615     
   403.40650620572097     
   404.10396947975204     
   405.88489063945133     
   411.36075391395644     
   410.47801277924992     
   412.73184595517199     
   415.34221696419479     
   417.77169644629868     
   424.03170817828988     
   429.67662097348114     
   427.90200767463847     
   429.39009583608492     
   429.62666030784641     
   428.65967127405253     
   428.36142800604864     
   430.92598560968952     
   430.20399343613144     
   427.95555219052784     
   428.10968471720344     
   428.46933917903908     
   428.09832085879583     
   424.58444375081245     
   422.96381346598832     
   419.97178302511645     
   416.15088440332084     
   413.88388778440844     
   410.60040486284589     
   409.84641428965949     
   408.66135847179822     
   409.37146012457765     
   409.92915328625492     
   409.64073799983578     
   409.20172166462100     
   408.47822768794589     
   407.43573106779684     
   407.38679192560210     
   407.84342197582799     
   408.77941769768631     
   409.78187984181034     
   410.60891809044364     
   411.15074888723370     
   411.62358776875487     
   412.18264310302027     
   412.63630236823138     
   413.08314277163618     
   413.70492146399340     
   413.36332665561986     
   413.07902494916658     
   413.73340151177325     
   413.89280828543150     
   415.24137995340442     
   424.11341784537734     
   427.99732617733889     
   425.55654571137853     
   427.33969198579763     
   429.84158513013273     
   426.79364507114627     
   429.73097510454176     
   428.83301510602456     
   428.67647934536916     
   435.27488193164663     
   435.46046425983741     
   436.08643040036128     
   442.38436582271589     
   444.61208313136439     
   448.04872258739681     
   436.70368284530718     
   432.39000502157046     
   432.28207117840168     
   426.78430860934412     
   422.64889212044039     
   418.47431166089547     
   411.05866986088927     
   406.39179339923629     
   402.70312311169846     
   399.97869306264352     
   397.80555922058488     
   395.91514968470364     
   394.43178502011057     
   393.06225016876084     
   392.50790418908844     
   391.68341163255599     
   392.48370501981361     
   394.32430779060286     
   394.43243364790902     
   392.89705131576204     
   391.66740588799343     
   391.83438189338204     
   389.69351955945376     
   386.28033419597023     
   384.91315959350101     
   384.26590870742683     
   383.08801036523516     
   382.15271912525691     
   380.83507992933085     
   380.30872079358267     
   382.87743024250403     
   388.30591447163965     
   392.14836043304751     
   404.49779174328239     
   413.52155013203441     
   417.91893378332549     
   422.45761125441135     
   425.95135500561764     
   433.94635123088489     
   438.91813232586577     
   432.60668191855450     
   437.13507373481997     
   447.41777124130726     
   443.53732950437251     
   449.78999115779152     
   449.42128055060164     
   442.78251323335257     
   437.22035510231541     
   432.34340895733914     
   434.48809127161888     
   425.93140483382376     
   419.14095206403124     
   413.31026551528748     
   408.14509135221698     
   405.79696770636070     
   403.94308910403583     
   399.99034061458235     
   398.58347095778225     
   398.45577599429834     
   397.91346839275138     
   397.88156567206011     
   397.94371260036576     
   397.67186570462195     
   397.69622685214256     
   398.17421451988781     
   398.82408189106491     
   399.04803416380065     
   399.37649420414914     
   400.26000776781314     
   400.64247286490246     
   400.81012545078869     
   400.79988474605182     
   401.83397026642041     
   402.97805493534048     
   403.92323873068642     
   404.51356410690198     
   403.73073963595073     
   405.79715124989269     
   407.40450769581207     
   408.14495639098925     
   411.59379506025931     
   416.52845601683470     
   422.97056618916673     
   423.43503516124986     
   422.62317134881908     
   419.25617883646015     
   416.34385958485859     
   414.46432957311606     
   415.22727601038395     
   419.02652097066635     
   423.91933922123724     
   425.22071628080602     
   432.71514670665175     
   431.78383549497499     
   429.64332564376991     
   434.14833849522461     
   430.99019913357364     
   427.48496145576974     
   425.51687304168729     
   420.64356070840955     
   416.46020745344100     
   407.96698356490151     
   402.88397034333366     
   401.24155693688010     
   397.94539755209888     
   395.31528001598002     
   393.17055967138697     
   391.39248515040185     
   392.25586409053898     
   388.83497017351675     
   386.00087494621931     
   385.29704599034847     
   385.96663903867750     
   385.96070623844696     
   382.42315391109776     
   380.04470124869420     
   378.39597721711732     
   378.67131997583277     
   381.43936269862513     
   380.77824716250251     
   377.27699653501020     
   375.80852829735716     
   375.66593516842386     
   373.62522991622581     
   372.87644179140653     
   375.77795648591797     
   376.21878843216643     
   376.28926681240881     
   383.92661492712489     
   392.92992138628159     
   396.17921362879349     
   395.57992839921599     
   406.58395934760074     
   409.49347169250933     
   411.45225277188143     
   404.03292305835976     
   404.32548431677981     
   407.39553043029503     
   411.56409043832485     
   427.05117629322791     
   434.08457004636711     
   436.35051076433564     
   441.54722367477314     
   435.49869182052419     
   430.42878118736496     
   425.14624299702871     
   418.61968845949889     
   411.50812999264855     
   407.78508056739724     
   400.59276147951095     
   392.82361388955195     
   388.22224783147340     
   385.25354223029973     
   382.71190839104037     
   380.53355991527661     
   378.40669991959749     
   376.57625125488306     
   375.43784673270670     
   374.37334572267821     
   372.89338250750359     
   372.00905139941318     
   370.77511970560312     
   371.37569082114794     
   370.72738664955762     
   368.85644296001442     
   368.00902989644851     
   367.34585438727805     
   366.69782357335367     
   365.44423269744618     
   364.40905131097151     
   363.23470945055914     
   362.05741090566443     
   361.19804849475059     
   361.07005554205989     
   364.17098119842052     
   369.51087075544501     
   376.87261851932686     
   385.13815355882099     
   394.86956758191934     
   403.09672961039496     
   408.41483773323591     
   419.60385580789114     
   422.13230460109543     
   428.23499844297254     
   433.86775073383797     
   438.65251814980945     
   434.14313228437152     
   441.44200807137207     
   431.48902400623456     
   441.58689454707047     
   446.38315623767130     
   446.18616315765252     
   435.00899904428121     
   425.83808854397944     
   424.21853835390669     
   422.70527280063044     
   422.15489895895990     
   412.14224908130615     
   403.16783365795141     
   397.88993418450002     
   394.84051338538632     
   390.12722943619536     
   386.22440567312105     
   383.33109118541870     
   381.27790547727341     
   379.36162784406105     
   376.59411488010727     
   374.27442059592613     
   372.43462935604663     
   371.25663938053208     
   369.66151456977997     
   368.09466484596817     
   366.75975326179798     
   365.31758185179319     
   364.19463056877709     
   362.86266613408520     
   361.97050851084191     
   360.84964434562454     
   359.30372145807951     
   358.17227606443345     
   356.98818481986547     
   355.73713583072714     
   358.15159370115117     
   363.57347337391258     
   371.56413522588792     
   382.71888528237008     
   393.39756667731740     
   402.14788849983904     
   410.10692520692027     
   419.99006755912973     
   420.96505747987158     
   428.53023551807371     
   443.16791221623163     
   449.13268133696920     
   450.78566615760366     
   456.90896977700402     
   455.31837592708717     
   451.49689189580982     
   453.53462495582340     
   451.36477449770592     
   447.59876924683346     
   443.70697781105406     
   438.82601392586832     
   432.03129278777857     
   428.33691163130510     
   419.72698992981429     
   413.22550104736177     
   408.08407566622111     
   403.12034660836741     
   398.76104282837935     
   395.31682267342637     
   392.08576740748833     
   389.06572514246318     
   386.07966284452891     
   385.31790683141833     
   384.20961649388903     
   381.98007203671870     
   379.71756916716782     
   378.88558646202125     
   378.14239254351594     
   378.67474995257129     
   379.05372977664285     
   378.86797432888676     
   380.15855009980112     
   381.12097656101236     
   380.37223796516423     
   379.72250887139194     
   380.79527623677569     
   380.89595518515307     
   381.49087092544573     
   382.24432076390065     
   382.57373192398927     
   388.04149439752047     
   393.06351950247398     
   399.10276425598551     
   406.78215011556352     
   414.01189597829426     
   423.27958168872902     
   432.71938223873138     
   436.59541646125018     
   449.65181584725343     
   444.00430351416344     
   447.39905774725537     
   445.43727314977258     
   447.29124201386310     
   453.89929900721467     
   453.84546030593532     
   452.20789937302442     
   442.42006968989915     
   434.89243530881890     
   431.90992905760595     
   428.98782028444435     
   417.17032712461264     
   410.64279341330700     
   405.52038469993630     
   402.50716238366374     
   400.18270484402854     
   397.51374593933770     
   394.53736388910380     
   391.45480668579847     
   389.51783327686877     
   388.22010445689148     
   388.63722079140592     
   389.09951664808489     
   389.81635092071906     
   389.75042160458270     
   387.68416872894295     
   386.56098482361335     
   385.87113709891088     
   386.12622812687545     
   385.41081082627232     
   383.59072427549529     
   382.60055146719111     
   381.23616913663307     
   381.96597190122264     
   381.30877294930724     
   380.68434040919556     
   382.44781923276696     
   384.37583571633985     
   386.92502585529797     
   391.25712692128968     
   396.79174925540752     
   396.20409553582789     
   402.69437741443750     
   415.54296326124984     
   404.07720862595170     
   405.33090966293474     
   400.25951935121935     
   408.62811851766423     
   407.38742923786162     
   415.67643003971563     
   431.15837857564787     
   425.84638709455874     
   426.33193493113890     
   427.34834905706106     
   419.31055545779139     
   421.76537972554138     
   418.81967634070037     
   406.45391508570020     
   400.32820674307311     
   399.84299967951506     
   392.38980492056459     
   386.35032594402520     
   384.71689735298673     
   383.09192360578027     
   380.86302999658346     
   376.35178945811208     
   374.38259859019792     
   371.81353002517415     
   370.22300441992616     
   369.81702674680236     
   371.15787237055173     
   371.65082052593397     
   371.59981128663594     
   371.19766882941110     
   371.59359370798694     
   370.16967334734846     
   366.44825757435541     
   366.89336985266181     
   365.94812616742013     
   363.80644077496288     
   362.51523370134657     
   362.03489823048778     
   362.25218960209941     
   363.19108534348220     
   363.57363117971590     
   365.63702585648230     
   367.29337026314732     
   370.43595299804537     
   374.17159702389131     
   381.85829504539447     
   392.28673292195589     
   394.00428224236612     
   402.08574784848446     
   411.20771839249585     
   416.12891820228231     
   422.15010483486463     
   419.22392273117089     
   424.11106538589530     
   418.35440845482128     
   407.75357221695089     
   409.06153665870357     
   413.22508382544424     
   418.39445212107358     
   412.71026791460724     
   408.86834567433874     
   413.03897832511791     
   403.05219353106173     
   401.90485189254474     
   397.47857412059483     
   390.68259513682494     
   387.78157984359211     
   385.38089913844186     
   382.40466402203083     
   379.88505742922257     
   377.65161765375279     
   375.67288591586623     
   374.80150445573685     
   373.23466867502157     
   371.73092023284391     
   369.89332912297823     
   368.65567142815308     
   367.70195186389378     
   366.63191928615885     
   365.05934082426052     
   363.81282835799300     
   362.82408186606011     
   362.66320415423712     
   361.53315813318983     
   361.17374745034618     
   361.71842292431609     
   362.20106081422199     
   364.46955207578316     
   365.19363535493130     
   365.25615235637497     
   370.39694071426680     
   376.41190671400358     
   384.68681191662876     
   391.58372909281928     
   402.44111450927448     
   401.36897851123632     
   400.55823016734882     
   402.76586752316751     
   405.58201127107156     
   404.71702223889190     
   400.25962885281280     
   407.39570124362979     
   405.91057658047885     
   410.88770996849814     
   408.71687024046764     
   405.78708267026354     
   408.02643644553262     
   404.95073784819817     
   402.41067153398291     
   400.56578367643306     
   400.85630339543042     
   399.56739322984475     
   398.62152781475322     
   397.23296699629191     
   395.09094636583120     
   394.13523555779642     
   393.35820669810579     
   392.40763099840029     
   392.23180220718297     
   391.46360067500274     
   391.73804938593554     
   391.77965607556160     
   391.46049868867868     
   391.26962712448989     
   391.39868860609067     
   391.12498511539678     
   391.41712623173623     
   391.49816201569718     
   391.19044236555641     
   390.86187148511664     
   390.61654185060991     
   390.41919802866386     
   390.67728168189342     
   390.97378120689751     
   391.35978775443385     
   391.69433944829393     
   392.20952476475492     
   393.75956723028338     
   396.69646726419990     
   397.30385049162732     
   399.74404434441027     
   401.41377662946019     
   403.56166796596148     
   407.78133185844399     
   412.21704537175424     
   413.77644664951276     
   416.03759824476271     
   416.61688682688896     
   415.98157533841191     
   417.25960126776090     
   418.16657518954855     
   419.76104043368491     
   415.67792870918106     
   414.95994176271876     
   413.04734987996540     
   411.06980681133069     
   408.36877887627867     
   406.01949374977482     
   403.68940640686696     
   401.22880434123505     
   397.78567369406761     
   395.08127056900139     
   393.76464721095505     
   392.60981077081556     
   391.55400772351152     
   389.46304924698256     
   387.02896594093488     
   385.35472162621357     
   384.73249886076627     
   384.64717404239070     
   384.26237293889733     
   383.97815133643803     
   383.73339226912964     
   383.18808337401828     
   382.81870289227925     
   382.60030559387707     
   382.13444233052229     
   382.01082350323242     
   381.80786042481253     
   381.67353870485437     
   381.50094873125261     
   381.19598152426022     
   381.00043979623473     
   380.65924882834992     
   380.51796924136482     
   381.49040425963693     
   382.84331347142660     
   383.62545781243028     
   385.03695635923299     
   389.07025801303280     
   404.96267919759049     
   405.01377356643553     
   413.74391073461180     
   406.16121914197464     
   414.30021959013413     
   421.99365566040444     
   416.77437474433367     
   425.32928589658150     
   433.21296824278437     
   424.56098563854374     
   429.23465691178001     
   426.66137324267049     
   419.91599093310248     
   418.79989310542186     
   411.09533982307767     
   407.13771676942446     
   412.75737040199778     
   406.76426803761166     
   401.24801456932016     
   398.29470742646191     
   396.81697774350977     
   395.72683158799560     
   394.11764092259142     
   392.64349052478389     
   391.28421648495168     
   390.73766595546249     
   389.58236412860936     
   388.82732402618637     
   387.88076429981965     
   386.82128963082761     
   386.42471971167424     
   386.33865631621074     
   385.83308328560202     
   385.27664738889621     
   384.31956161065386     
   383.08662204806859     
   382.79521815406338     
   383.25507597208338     
   383.29441916824061     
   383.10458547707879     
   381.80201548010012     
   381.36540318913967     
   380.55946524559761     
   381.41668294975182     
   384.44751484917094     
   390.43057369613103     
   397.22963923614026     
   401.87894044459915     
   410.77989897613821     
   417.11715607744696     
   424.21683592460215     
   431.21089119780282     
   436.64430409514819     
   437.19500181609271     
   427.86498159251943     
   429.87316164457764     
   430.27076723614221     
   427.09764817041383     
   422.99743898608921     
   420.86752810368603     
   419.49166902197987     
   416.98910457634838     
   413.25098413937172     
   412.99237685785374     
   410.54668485064252     
   404.37321921389952     
   397.90986729291592     
   392.84695889755869     
   389.72592282374302     
   387.32750059533805     
   384.87503305991720     
   382.81087344887055     
   380.84380444914950     
   379.11051672650780     
   377.29950067192806     
   375.74195970215106     
   374.40372441404975     
   372.95336765421257     
   371.66054352071887     
   370.54512561177717     
   369.57655674669058     
   368.86005246487275     
   368.67473383564840     
   367.99141040665069     
   366.47349460822778     
   365.47064364811592     
   365.13326517730218     
   364.93704086991954     
   363.77008905835379     
   362.74313734849511     
   362.32099583497006     
   363.19858865662252     
   364.74624760596294     
   372.18753801963817     
   380.79510889439672     
   389.92793495670730     
   399.35775779746479     
   406.64445865197956     
   415.52398327394354     
   419.46138172391011     
   422.52139807134193     
   421.67144529830415     
   433.67373010328515     
   442.63720527803133     
   446.96310583417755     
   440.51685183147038     
   437.72098654418198     
   438.69031589204042     
   437.66376066734693     
   437.15178714235174     
   431.93811789674538     
   424.04255487291306     
   418.74997108065037     
   413.33400778599639     
   407.83657040774852     
   401.23238653750280     
   396.31157461293355     
   393.56755562644440     
   390.34927651848619     
   388.61139399581612     
   385.40790889297176     
   382.31737919387575     
   380.16229430616477     
   378.65990600265553     
   378.51873468012218     
   378.71940259770497     
   377.76772908475516     
   376.19951637346776     
   376.64196660984925     
   377.68551936519708     
   377.11743404527328     
   377.17161466721689     
   377.10320262440393     
   375.47889469516326     
   374.27542657658392     
   376.46388938470977     
   377.16605604933227     
   376.84934463071806     
   376.91218094995145     
   378.99202218070690     
   382.65260834645539     
   384.55551743366141     
   385.58037131392325     
   387.38238137064207     
   390.35146761133331     
   397.51734947253624     
   397.01561592939191     
   401.57539800060408     
   414.22304703673615     
   425.47457459101179     
   438.26610283362919     
   434.59758254850726     
   423.97802257061352     
   424.12879662304766     
   426.01003615544909     
   427.46136553045579     
   427.31696256684563     
   425.90231017206509     
   428.57792033723018     
   426.29431309418362     
   422.97056041104571     
   415.77236609690311     
   407.93992435042179     
   402.81763862448889     
   401.30249358524003     
   398.70731713347595     
   396.35635217946975     
   397.26931520441121     
   397.04138269084604     
   396.69880486552381     
   396.12300469296343     
   395.55478758359118     
   394.82901092247130     
   394.39269145662291     
   394.21579801896706     
   393.43934443335320     
   391.11532028794608     
   390.55977793407760     
   388.50424660716641     
   388.84661512739592     
   388.82645092880739     
   389.17636628675950     
   388.37992491214959     
   388.77162964113171     
   390.09095030787273     
   390.92515711622741     
   390.82971695367638     
   391.04460174900862     
   392.95945342016620     
   396.16735138233673     
   398.23789748245571     
   406.22833973352897     
   412.25440150457268     
   407.06837187511184     
   408.34565074396784     
   406.33288616181869     
   406.19625726627612     
   413.66321975192574     
   415.22410213809582     
   416.59053397126007     
   412.57102493329518     
   420.42387722686340     
   426.87195707651352     
   432.84817781485060     
   435.38313758702202     
   436.07429514408165     
   433.15274227420844     
   426.54542247269143     
   415.66637636490458     
   412.26277356228860     
   406.97178629466259     
   403.13247050131372     
   401.49683691921962     
   402.39604162255500     
   401.71350049820791     
   401.99697564507738     
   402.31273579020171     
   401.65694147630279     
   401.78153601927937     
   401.45718845922494     
   401.71865918759181     
   400.40268124096474     
   399.46708654287215     
   399.42187626413948     
   398.51519451229086     
   397.96283542431723     
   398.05926099483048     
   398.20145627227896     
   397.47888648708977     
   397.17055544881572     
   397.31238068749400     
   397.43544533116534     
   397.29255166261220     
   397.25019806381351     
   397.15313485814613     
   398.03093432204093     
   398.99651014973034     
   401.73908849196420     
   405.03595604126218     
   413.21348543308045     
   425.88322502389497     
   427.81588322231937     
   432.33774309267238     
   436.69711824484318     
   445.84639430738480     
   449.53944161009952     
   451.32255677365828     
   451.71442559828597     
   451.78215522871056     
   448.19589789965215     
   446.90609300582355     
   442.50977361488805     
   441.97505419285557     
   439.65636192421397     
   434.04253672682131     
   429.85148000756169     
   425.55112515744412     
   421.98961486721868     
   417.97184707323288     
   415.63616227364179     
   412.99519459150832     
   410.14537364201755     
   406.87044575785018     
   402.79222924381787     
   399.45424805956964     
   396.72030407943316     
   394.22249917143284     
   392.37081916437745     
   390.56890433728569     
   389.13719145064465     
   387.96014233378895     
   388.37738116663905     
   390.80864115870946     
   391.38988426818230     
   391.81530093373874     
   392.71441209927491     
   393.19917939585224     
   393.33301670536042     
   389.21793755903394     
   386.09618420365638     
   384.46408243632726     
   386.26972017309805     
   388.40695262661643     
   389.90440671726765     
   392.22791334673400     
   395.47532268423481     
   400.11255929518171     
   410.20707819818881     
   415.16055175934696     
   419.65909639659759     
   421.62365243215612     
   426.14939919434460     
   426.00896354587093     
   424.61399473622055     
   427.51634759081225     
   431.46092499192400     
   436.39585598696243     
   447.85706167129121     
   453.59780777577930     
   452.60132394200463     
   456.65788826248433     
   452.67665707796743     
   446.42230340419718     
   442.53176503931024     
   438.53616543742055     
   431.35648826725128     
   424.21607341348755     
   419.20806978324248     
   415.85824700477878     
   413.18189430388747     
   410.54971071181757     
   407.97162309062702     
   406.07896968412302     
   404.63918670006825     
   403.34657181492616     
   402.00177031918332     
   401.46471049817848     
   401.11546645843532     
   399.74546458431081     
   399.13884249509522     
   398.38368688802461     
   397.44042752541145     
   396.85266731724818     
   397.51323666641917     
   398.44682762621289     
   398.22710905493796     
   397.35333338268737     
   397.61802484398356     
   397.02558879450243     
   395.10623352706227     
   392.87543470580522     
   392.96379349251185     
   395.91835590662083     
   400.98810842517031     
   408.64039883116038     
   418.48582698341937     
   428.73149858043473     
   438.11221625595084     
   447.71586105009817     
   455.97982522981596     
   463.92090559013002     
   469.13671688635293     
   473.64572166788406     
   478.18787818848398     
   480.72903047335694     
   482.44369722848808     
   482.91959063809537     
   481.92654443358413     
   478.71433318900182     
   475.39666009535273     
   470.68136366446981     
   463.86030580227265     
   456.49381895278856     
   447.94158609894964     
   439.76262578560505     
   433.70929252120987     
   429.04012908008002     
   425.43681776810160     
   421.24648839308099     
   418.01103373167030     
   416.62120338036630     
   415.16870224226938     
   413.19146547036621     
   411.45141279797753     
   409.92995454221034     
   407.62012092388170     
   405.77666790389753     
   404.89301543116107     
   407.32414720163564     
   408.48836880738997     
   406.51618667804968     
   405.15610058570417     
   404.35038589048509     
   403.91585708960793     
   404.40100599406679     
   404.34505280986747     
   403.02690213322791     
   400.51244274940854     
   397.98373760855316     
   397.18004939675694     
   399.58707307194743     
   406.21669372691815     
   415.84101127113632     
   425.97407808785351     
   435.11926832739817     
   445.19723795478791     
   455.31720739248817     
   464.90498896250182     
   474.26738118808237     
   483.58903645363114     
   490.07601437813099     
   494.21448196256728     
   495.99488470112476     
   497.88918710647187     
   496.82369832443470     
   496.08949851198861     
   493.97042232601098     
   489.20238464866111     
   484.12224253859529     
   477.47067101359085     
   469.00229234417179     
   459.20942644328693     
   450.24773170235869     
   443.80331151765415     
   438.99253627825897     
   434.28999844328848     
   430.24899545763697     
   426.74230773077915     
   424.04605882424624     
   421.34506378586201     
   418.61516611382041     
   415.82609025876513     
   413.67517531712434     
   411.44692619662260     
   409.98279645775284     
   407.74328423158966     
   406.27348815833403     
   405.34963193099105     
   404.48132425408050     
   403.69247486837867     
   404.19244697794130     
   402.97441140537717     
   400.25689137059379     
   398.56705585311414     
   399.17548571332259     
   398.71224150864066     
   397.12095110770946     
   396.26145741239986     
   397.54153568242293     
   404.12296103009641     
   413.57124393876387     
   425.16785090554544     
   437.21693585684619     
   446.32056989657747     
   454.98869799302440     
   464.51991131380106     
   472.43692845882924     
   479.45354649830512     
   484.95620587113370     
   489.91460460523405     
   493.10489235877844     
   494.44895378405624     
   494.95583521041078     
   494.05643554006809     
   491.21460464631082     
   486.36266587575130     
   480.79059906516346     
   473.63071811946992     
   464.62080538342968     
   455.08005715021392     
   447.22142371452861     
   441.64734630271886     
   437.37089132111259     
   433.63057933430997     
   430.23335289335398     
   426.65375861963685     
   423.19409307141535     
   420.84900430725634     
   418.55811848352175     
   416.28921785785622     
   414.61136954087829     
   413.90001118184972     
   412.39935165386851     
   410.46582036893636     
   408.99516133296657     
   408.21537489327824     
   405.77369865346139     
   404.97286595207271     
   404.16851342642695     
   402.27768698853419     
   401.13198281525081     
   399.36812115030892     
   396.40973877467758     
   393.32552794881144     
   393.88649221891700     
   394.19342958710854     
   392.29646457176932     
   398.28938363135234     
   410.23509509762135     
   422.79708909438841     
   434.75699200389789     
   441.37560775640907     
   448.94106732354197     
   461.73608626104783     
   474.57019988993233     
   485.06721901069403     
   491.29767615725854     
   493.64629694253080     
   503.49522859396126     
   495.71192365078946     
   491.07239772409758     
   485.39387850916756     
   480.39056202780978     
   487.76960326674163     
   485.23772539354104     
   476.27814721997242     
   466.54572389755378     
   458.14116459143395     
   449.40676685531855     
   442.50019502487623     
   437.68116243531466     
   435.07214617269148     
   432.27056818292471     
   427.15759857727971     
   422.83954715797609     
   419.64976462124804     
   417.56658930779281     
   415.62168641297887     
   414.73166266227855     
   413.13266843712586     
   408.81761597114695     
   406.03991202681652     
   404.09438870084330     
   401.60775336932556     
   402.70023446913217     
   402.86137778287326     
   398.22902777833110     
   393.65484080955287     
   390.51575501777802     
   388.20548111934937     
   387.81042218039073     
   388.29702284144406     
   386.80870170012815     
   387.85755570428296     
   393.78814497405716     
   397.96169473196352     
   399.38613571772271     
   408.64007639056967     
   423.25633244488745     
   437.39304405590957     
   450.83086028011297     
   462.96810423792743     
   471.94298713131820     
   477.40333853820908     
   483.17464356868311     
   488.29404703074823     
   490.70007963816010     
   493.30114706159702     
   492.70022633056067     
   490.50443470630921     
   487.70648674468163     
   484.48039011058808     
   479.57948820434183     
   471.97734816503066     
   462.00347601325649     
   451.47373058602091     
   445.03953962079754     
   438.70322681101533     
   435.11814355598267     
   431.70657549631630     
   428.12212579926143     
   425.25855907220864     
   422.42373002026005     
   418.84224906254633     
   415.79311799410158     
   413.54109459415525     
   411.38096525734818     
   411.49811820363101     
   411.98174109256519     
   411.63181360579472     
   411.31954599412381     
   410.66036913847847     
   409.86975471771109     
   407.30991173325435     
   406.47979662215613     
   406.73320743680648     
   405.99193306718951     
   405.67338235647009     
   404.94746935122578     
   404.49838535991097     
   404.32843674795663     
   404.89897625351233     
   406.10568915818624     
   408.23334555886493     
   409.98184171127161     
   421.78009533579933     
   425.97074874288023     
   434.55853416923907     
   446.65991462744552     
   456.18391625128362     
   464.02607635642636     
   469.78126760314268     
   474.46768939262137     
   479.37466944128937     
   479.85121071275944     
   481.60067734755995     
   482.01333703603257     
   480.17914807291697     
   476.64399938903932     
   471.50911759664996     
   463.36634515164633     
   458.59136185032798     
   452.72650908682317     
   443.98942305810448     
   432.93653521638714     
   424.77681210643533     
   419.76078411074900     
   417.06804553279670     
   414.62266486040983     
   411.48735849334605     
   408.49080576094389     
   406.31944317731717     
   407.96854482320492     
   408.14689537601606     
   407.06813917789515     
   406.52564052331525     
   404.16614717722626     
   404.66610531806987     
   403.96107902689090     
   403.33347935259133     
   403.07227755827768     
   402.05403871507082     
   400.34340566298488     
   399.96283115743898     
   399.36915113164417     
   397.90217229559653     
   397.00334590038693     
   396.78763821523393     
   396.66289645914173     
   396.56606061150171     
   396.69560676049645     
   397.27135666942905     
   397.76372690355174     
   398.65941227632158     
   401.19420020508875     
   403.73522865375702     
   407.48379119751172     
   423.70130093911797     
   430.03981503863685     
   425.56315589833093     
   431.15691668361939     
   425.91411049076987     
   423.16469395104525     
   419.57025104297333     
   421.04055610058197     
   418.76536548487911     
   417.73327254615327     
   414.42334991656679     
   411.15335908744083     
   410.29652992243706     
   408.69514894776182     
   407.03869497738867     
   404.12946177214792     
   403.19473570509916     
   401.79467631185202     
   399.70814011153510     
   400.21111389694596     
   400.08229226564902     
   396.48130081053841     
   395.99415590690450     
   395.39063595234342     
   395.45203584095259     
   395.93924795598008     
   396.56182637148362     
   396.73305459391628     
   396.51206813931947     
   396.19815514579795     
   393.84990120381150     
   395.01758668492187     
   396.45861451748465     
   395.14230320920478     
   393.52519366059039     
   394.77719445700359     
   392.90104844742308     
   391.41431511587263     
   392.68379347764471     
   393.60769806760192     
   394.11851953512382     
   394.68800814017362     
   396.04421362913024     
   399.43205934169197     
   400.20120795555454     
   404.40776572335523     
   413.31851974332318     
   423.30686556276902     
   417.43435683616224     
   416.89696796289263     
   423.40216965239040     
   419.95285442394504     
   419.71155895462147     
   418.93406942991425     
   416.43463672990811     
   420.78328240324367     
   421.66517828003418     
   419.55712113276553     
   416.37439207744626     
   413.75852340103989     
   412.13923532949480     
   410.66413878463584     
   408.97719425018244     
   407.83192236031789     
   407.05091095282296     
   406.28524148841939     
   404.72107809421431     
   404.12445197447477     
   403.72380957892102     
   403.62634049857252     
   403.53171544166293     
   403.19709335245568     
   402.66087244201691     
   401.90715701491274     
   400.76931786215505     
   399.55654736958559     
   398.82082940511856     
   398.16759961666344     
   393.66600385751133     
   389.79750667014304     
   387.52077208494399     
   386.30958466819430     
   383.50056680236378     
   380.74803697700486     
   378.48388907573155     
   376.71591425864847     
   373.99708715416205     
   371.27630415548208     
   370.56827549840358     
   370.26186074295549     
   369.44126010799806     
   371.94413896664685     
   376.57287456003769     
   378.06438642470130     
   380.44327999108918     
   385.92440567093604     
   390.14513466497152     
   399.23789789028933     
   406.75190605423444     
   408.55403021148248     
   404.34082824255546     
   405.57085810934836     
   404.74846090433368     
   402.42426141263996     
   415.17932941918735     
   410.37372556516146     
   399.35331968614031     
   402.18568054851568     
   396.86807564277785     
   390.22921668831498     
   383.21433403368155     
   378.85560627520391     
   376.25479500461108     
   374.74570955002292     
   374.72267349902216     
   375.40346562783719     
   375.77069075171352     
   375.78939719913848     
   375.65313102334119     
   374.32423533551110     
   374.11237711523256     
   373.51936358634208     
   370.33519345940744     
   366.70354735005174     
   365.16714751689449     
   364.16561843212816     
   363.69519156064007     
   364.38756799599855     
   362.71677742866950     
   361.37757240735539     
   361.03962094025417     
   361.40178825684137     
   362.41365633562003     
   362.59133627999296     
   362.21471398522772     
   362.96020151424415     
   364.39341271362815     
   365.94687349235858     
   370.09651417596024     
   373.08155736624121     
   374.17883884332963     
   376.72934166053165     
   380.43441945341266     
   386.27943736368462     
   391.75108036527610     
   400.44947700795694     
   407.58916140047836     
   410.15825690862960     
   409.78827651978429     
   416.88159228522539     
   414.03227211030440     
   419.52032016636468     
   420.11445587307446     
   414.03497015498328     
   405.54370285984515     
   394.07416054996440     
   389.95847363475571     
   385.88139189539777     
   382.31452246134643     
   379.78217932770991     
   375.23054980756143     
   373.05337239412773     
   371.17184198172231     
   369.60117491621850     
   367.93877786959837     
   366.26592448573831     
   364.57527849689467     
   363.08384895193649     
   361.61676450025550     
   360.48135017280134     
   359.56719076210834     
   359.24849549632927     
   360.50636367732983     
   362.21634155735222     
   363.47974288479634     
   364.38441278151225     
   364.52916581452723     
   364.37622141759368     
   364.66935463415302     
   365.54957189995059     
   366.28318855007404     
   366.74063934793026     
   366.94119502722663     
   367.30297824312925     
   367.30871696323794     
   367.67348759509053     
   368.26201002218625     
   369.53749425724516     
   372.18896878448822     
   375.62144151048631     
   382.48044873572587     
   387.82406571689779     
   390.95978645053310     
   396.83758743470395     
   403.46515302555247     
   407.73475858692120     
   412.33505482605244     
   411.39060999717839     
   416.99144425833020     
   411.11470437786687     
   405.24692532506373     
   407.50816305216131     
   403.39922206227288     
   401.44481193563388     
   400.19798435702762     
   397.21888684145802     
   396.72527010354418     
   396.20452690661284     
   394.51101291325682     
   392.03634585562213     
   391.65141014640540     
   390.32108411962832     
   387.21884973886011     
   387.59804310016580     
   388.28142561791611     
   388.98075816027796     
   389.19526056634373     
   388.46647890244390     
   389.02740573277839     
   389.27143701828999     
   390.32063647343807     
   391.19996938193219     
   392.73995542934472     
   393.37071038676163     
   393.77301097510122     
   394.58903170750796     
   394.68263179683885     
   394.93006164340426     
   394.46040756494295     
   392.96276440491960     
   392.47252014050366     
   392.12589375002608     
   392.26062597609905     
   391.93186346034156     
   391.92117386138699     
   392.64801875954794     
   394.56604753504672     
   395.33239125854357     
   396.01772331415685     
   397.13475141986396     
   399.48405527803823     
   400.63835817449541     
   410.18025690257821     
   415.73752272547523     
   417.36350571275335     
   419.19786372887472     
   414.32451898592990     
   411.02702919729734     
   407.87543624785508     
   405.14024516582344     
   404.05646675382462     
   402.74475518570995     
   401.84725919527375     
   400.30492541027672     
   398.95529870323304     
   397.89681481127337     
   397.51290764828781     
   397.25782764647204     
   396.70808032497337     
   396.10587732806840     
   395.75617399933151     
   395.66211524897193     
   395.64625463776110     
   395.56068648659914     
   395.82698397678678     
   395.96426493955602     
   395.70416618238909     
   395.17570843843993     
   395.01528840305582     
   394.63282519105758     
   394.43862150285753     
   394.36384042313796     
   394.10755357449028     
   393.76618645497268     
   393.34864682716659     
   393.00713544100950     
   392.87328253297250     
   392.89254353608334     
   391.90959093783101     
   392.01088657345514     
   392.91941764117553     
   393.66907927673395     
   394.64239397869170     
   396.12303071401180     
   396.75246686833685     
   397.64662667829595     
   399.69625396544978     
   402.18855239668386     
   403.16830501017785     
   403.53767557975806     
   405.79032683362385     
   407.20356267782000     
   409.43390555337862     
   409.15354813279612     
   407.61257344102467     
   405.73042634586795     
   404.77780997291433     
   404.45774663936055     
   402.42440324451530     
   400.46353993830314     
   399.13598210487021     
   398.07638812886819     
   397.35764075838534     
   396.59976995365196     
   395.86026266146797     
   395.53423824436874     
   395.27075763075527     
   394.91663065634930     
   394.62301007400231     
   394.53432460067256     
   394.86925218136707     
   395.00438701020835     
   395.18588147096841     
   395.37868081986090     
   395.64276088085921     
   395.74249813847001     
   395.35013410789759     
   394.89373452292546     
   394.37516516542712     
   393.92161240590059     
   393.46164791263544     
   393.55226016727022     
   393.87958513771838     
   394.23467675822212     
   393.64309618331686     
   393.76829796590619     
   393.44729451394397     
   393.77833891764249     
   394.36146587617282     
   394.26775491204859     
   394.02628718070002     
   396.71888088171301     
   398.19333282465414     
   399.60243012542912     
   400.61736652536933     
   403.36261660470501     
   406.76743970595845     
   419.88266798722009     
   416.06510522460019     
   422.25929370987092     
   428.91160772556651     
   426.95638058764899     
   424.28079844046022     
   417.79916163140268     
   414.14761043595030     
   414.51992698837387     
   416.89015159612450     
   410.73498878215634     
   407.96339834788273     
   406.61296086956929     
   401.63055838811755     
   397.48567276787060     
   395.91250946164905     
   396.00173853241722     
   395.99064338994657     
   395.69410174218484     
   395.49712207079614     
   394.80199288173998     
   392.82312205574380     
   390.64837196837385     
   390.79800692029124     
   389.23127822340069     
   389.78638858492383     
   389.98471017074934     
   389.72540839902609     
   388.57300416523805     
   390.35864442004504     
   391.13548470997688     
   390.49842647891427     
   388.99552279424785     
   387.55898280311158     
   387.10718508547575     
   386.44122802931690     
   386.08295473393264     
   385.95377689619045     
   386.33307936469504     
   385.79804205248388     
   385.42864766331894     
   385.45399238837234     
   388.16923430078509     
   392.23804676696795     
   394.54754799081815     
   398.72410296241378     
   408.57723124823519     
   414.43727673923388     
   418.94158538376632     
   433.89066235509773     
   425.13072029262332     
   429.80391749827396     
   425.64254773004575     
   419.78631872363206     
   417.51915869492484     
   414.26101806869036     
   413.47251918186561     
   416.03438506320441     
   414.08176541154091     
   411.93396714262258     
   409.72108213366488     
   408.20118155875468     
   405.95388150853285     
   402.67972927058963     
   397.99498995098503     
   397.38854819241760     
   396.87103935978206     
   395.74348118129603     
   393.39436095511837     
   392.30510935979208     
   392.50756798312830     
   392.59529948186980     
   391.42226874723110     
   390.51452368382394     
   390.85627188983705     
   390.70376568872734     
   390.14278713678630     
   390.08016796879178     
   389.55460419141821     
   388.23194401526280     
   387.58448665261682     
   387.46768033266898     
   387.10167364339753     
   387.01504732379942     
   386.68144490941808     
   386.37757227560923     
   387.05051789157443     
   386.52886584276683     
   386.82743311673391     
   387.99609399578009     
   389.79864745423225     
   391.93869307907778     
   394.89705686193679     
   398.76967126162384     
   404.31810685164061     
   409.64784649464156     
   413.67334809939490     
   420.11633586748121     
   422.04246032537145     
   433.08578106536464     
   439.81046020935764     
   445.44435466862552     
   442.08804609245482     
   437.93277632284781     
   440.63317353167128     
   432.95220978578516     
   428.44607159628259     
   420.97563110295835     
   416.26217851050325     
   412.44083114504252     
   408.14342840235008     
   404.03738232511591     
   401.90427046382024     
   400.58487950715130     
   398.96566695855870     
   397.03581850970590     
   395.55592765723429     
   394.91149749709678     
   393.87568157302888     
   392.66966357311020     
   391.10492088843449     
   389.97204888111997     
   388.49091920863003     
   385.40237557156303     
   382.55227633931850     
   380.62789572649825     
   379.42836742171562     
   378.09641788270318     
   375.93777933991868     
   374.64804025285645     
   373.19594793046372     
   371.82765202025956     
   370.29495450166303     
   368.40011982918469     
   367.64289112717677     
   366.64394739881362     
   366.25202401660607     
   368.83208739304632     
   374.85500528237725     
   383.25020304518398     
   390.36476871568323     
   397.52889534553520     
   404.02587021759570     
   408.60147200284837     
   412.81276730619993     
   417.37541568261628     
   421.19790113999659     
   425.12782479634154     
   428.27042984706048     
   428.95599908229269     
   428.50005554979930     
   427.53298417000309     
   425.72010973421692     
   421.68112743989917     
   415.53158030432115     
   408.35743917607954     
   400.84913210516532     
   394.19684933958121     
   389.25865170289643     
   385.55432000884565     
   381.80963157193958     
   378.19776198191113     
   375.29431499304928     
   372.77335962897189     
   369.95508484665515     
   367.12442450730180     
   364.79506521320207     
   362.80549710533114     
   361.40101021512203     
   360.05772495139104     
   358.85343750713884     
   356.98891060820318     
   355.96232261067735     
   355.49402366205868     
   358.63435871012985     
   359.71848665609764     
   359.51175119845999     
   358.84185509960435     
   355.35030011429444     
   352.52639764844895     
   353.05421507471794     
   354.68656057016028     
   355.20819938787270     
   354.36517806496363     
   351.87258970868555     
   352.74196393081763     
   356.00800571096102     
   363.27544936053852     
   376.75175454664452     
   387.70865778695213     
   397.09075529108048     
   405.23199274966652     
   411.55129916543115     
   417.30175272918711     
   421.68837371659117     
   426.24340320918247     
   428.04844086694101     
   428.70296812956252     
   428.63922673669856     
   427.85205543393562     
   424.56484604633079     
   421.04241611134228     
   415.57115001169211     
   407.68875571831438     
   401.19564752341512     
   395.16819409939052     
   390.06840797757491     
   386.41501736619557     
   383.38856856822076     
   380.70878173164283     
   377.90253284069240     
   375.37418379102832     
   373.05483403080348     
   370.93338569341807     
   369.00905384325421     
   367.15058530699503     
   365.50134048837612     
   363.87134772093566     
   362.27389031515480     
   360.62445249023887     
   359.50643100541794     
   358.65809106943931     
   357.30553031892083     
   356.36328924411981     
   355.87349208550216     
   355.71179098077528     
   354.87809604576915     
   353.98694712214404     
   352.55430935939734     
   350.46485281069397     
   346.73203788161800     
   345.00231786216233     
   345.86076039180898     
   351.22903988613086     
   360.21513441024928     
   365.85935425396184     
   371.64117886972252     
   376.98552155100407     
   384.74279028542816     
   396.19547746574608     
   406.65800409578452     
   413.85816290714610     
   421.22179301425729     
   430.18990941292873     
   435.15326906624040     
   430.84210932571790     
   430.10284557712401     
   426.34683572975644     
   423.46963884198556     
   417.68206291503537     
   412.18901517356267     
   406.12077060454436     
   398.94114073457098     
   392.36479861999851     
   387.24881424018844     
   383.62782051095218     
   380.36922019053281     
   377.65358610098656     
   375.40513113254667     
   373.11574663750213     
   371.45288123037290     
   369.83254356581244     
   368.09829695668975     
   366.39436147963681     
   364.82499475457251     
   364.50078685653773     
   366.34617222549514     
   363.63470768740177     
   362.35541031793230     
   362.25615675736435     
   365.54922091352415     
   364.79395734650313     
   363.00947376758558     
   361.53926318345896     
   360.94197281329843     
   359.56201538508401     
   358.91277604873989     
   358.75851035477018     
   360.91768199201039     
   362.49653990764256     
   365.24423624189859     
   367.47401570727806     
   370.16485678900540     
   376.36155715955033     
   378.63803027466327     
   379.93538555805134     
   381.68660218592447     
   387.60236265213615     
   394.33213043925343     
   398.46261721835839     
   399.69101727047331     
   402.99951088602865     
   405.24584583678205     
   403.35268224919542     
   403.08591170625562     
   406.27079869275025     
   402.55131015335576     
   400.39783826020198     
   397.21153889276371     
   394.76930215325831     
   393.14296911285356     
   390.38182779375990     
   387.78300057393312     
   387.10452331105512     
   386.81678869034164     
   386.07257961225230     
   384.86996167943039     
   383.00722449266488     
   382.27480642678648     
   381.86062214124797     
   383.54770872560817     
   384.44791249243406     
   384.64897149234838     
   381.67622840229922     
   374.97045123198671     
   371.59220143942798     
   368.53669820005530     
   366.11309337977264     
   365.36672563082436     
   364.56718100136430     
   362.77448361167876     
   361.17383686410892     
   360.49244145916458     
   359.54731446580422     
   358.43392760076051     
   356.23294088620503     
   354.17580047315857     
   353.31721384148739     
   352.80501877793887     
   355.45142096867380     
   360.34541586673043     
   364.41562426091286     
   370.79030122616916     
   376.61020035011427     
   382.09948052038686     
   386.92016836138703     
   388.32676329835425     
   386.55521393201474     
   383.01879057961997     
   393.80142410764245     
   401.05936088497720     
   402.35995765468323     
   399.43247847375500     
   393.89025734135356     
   395.00583772896277     
   398.09303326371031     
   395.66564891709731     
   385.69170262365554     
   376.71799131827413     
   370.92330984177852     
   367.39569777547206     
   364.91433193654251     
   362.84241489230959     
   359.93739101697554     
   357.81802155818076     
   356.27036397320455     
   354.48116469106452     
   352.00696809932163     
   350.37583011997231     
   349.32419488587965     
   348.11489222248565     
   346.60093380690512     
   344.78934296139619     
   343.98523923793130     
   343.88906982697097     
   343.13441225486156     
   341.86207080608619     
   340.59144106831502     
   340.60878745812386     
   340.84045251377535     
   343.34005521926008     
   342.41836001413367     
   340.85660693506986     
   340.81012181330669     
   339.39118333706227     
   338.67135560886987     
   338.00627845887306     
   339.47183722897370     
   344.59461752508577     
   351.36544464321935     
   358.90867303266134     
   367.15159312933326     
   375.09277970036447     
   381.65396297132884     
   388.43764224944459     
   393.92504122477061     
   396.53253187689347     
   394.33860683765494     
   381.03467159409962     
   387.05544651949344     
   390.18653959072009     
   388.95645436094981     
   379.76274249257244     
   375.83337184943463     
   368.75796031670075     
   369.48541366917334     
   364.48446506913962     
   359.64349464273130     
   355.96211873175565     
   353.34238115251259     
   350.93527832783474     
   348.70029546328431     
   346.92353498521669     
   345.69199586910855     
   344.73455958074123     
   343.35213164886164     
   341.98158294861338     
   340.63286633515935     
   339.59931311400493     
   338.43462059539848     
   338.16715088295729     
   337.18011952482306     
   336.15927886135637     
   334.40301695637089     
   332.73988677755267     
   331.65756495407561     
   330.64564118585196     
   329.70487962183284     
   329.87800760316230     
   331.74489455026924     
   334.07371449937636     
   334.13615485115611     
   336.01135158340162     
   335.64289078659846     
   334.79256045321330     
   336.46433113722884     
   340.92221984808435     
   343.65861647906388     
   352.64852132629153     
   360.78323447226876     
   369.21677220437795     
   376.61952231980104     
   379.31498195486046     
   388.28307808137828     
   388.47558330048122     
   394.83556714818354     
   397.10497596785780     
   385.02964230566221     
   382.94436640144886     
   382.81695982521092     
   380.56640619178665     
   376.88577680661825     
   375.12393721391788     
   372.29345656980655     
   367.08373372764811     
   364.07793727555986     
   361.86771109605041     
   359.77116975673289     
   357.21044687521493     
   356.58266312526456     
   356.11931498511257     
   355.37526155673788     
   353.54138263317674     
   353.64227278407418     
   351.68856647735976     
   349.38357259711017     
   351.04796144467548     
   353.00460467364462     
   354.76643661692282     
   355.56966438453645     
   356.15535739574108     
   354.48564867250269     
   353.88126524711203     
   354.60093128288025     
   355.90203746944871     
   356.37204122731254     
   354.98311461579385     
   356.34499975425410     
   356.97873639555138     
   357.42180401181724     
   358.08159523554218     
   358.53693919200538     
   359.28277217659121     
   360.89355223019589     
   364.02348201018174     
   366.52304261090001     
   370.13370380063753     
   373.68537092753559     
   379.65386413574078     
   392.25569132098332     
   400.95842290456210     
   399.36431111156423     
   403.88101314574465     
   396.00905927009927     
   395.95603170119745     
   393.13483254025101     
   391.10206889867550     
   392.79543593948864     
   389.51570281899217     
   385.72984660639713     
   383.33463195685056     
   381.47937951401525     
   379.41081937976719     
   377.14088228448804     
   371.91924860315419     
   369.75958556239692     
   371.63386299281080     
   370.56787541347404     
   366.46848349179390     
   367.16568732393608     
   368.10649156559577     
   364.35124197710894     
   361.77444210192772     
   360.25008617513595     
   359.23805922596750     
   361.29647504961321     
   362.07663740840798     
   360.28891953304208     
   358.61403791278155     
   357.41509586436791     
   359.00497686539950     
   359.03210643164073     
   357.88520009786015     
   359.18843826123725     
   360.19075474464290     
   361.11644457677863     
   361.35985928187796     
   357.71540666413205     
   355.60344095818721     
   353.57037039191010     
   351.53373822876500     
   351.80067760638707     
   354.27271986839412     
   359.94289748015149     
   367.65405359421692     
   375.34496167583927     
   380.86476200108035     
   387.13662293760837     
   393.54398644330911     
   397.76945675779018     
   401.94157696609864     
   405.65180410578716     
   406.79644644067179     
   407.42148118930783     
   407.10419930810133     
   407.27875914732778     
   403.28721724639684     
   401.47579632330246     
   393.15219062774099     
   384.26892743087637     
   378.07057988592402     
   377.15557459285503     
   376.23864478727035     
   375.55686756533271     
   375.31443182097712     
   375.15637806599858     
   375.18778745160125     
   375.27956752045696     
   375.00521713709577     
   372.90739827924239     
   372.38335276789695     
   371.80700915830460     
   371.97634657406422     
   373.82970251330659     
   374.27833773601361     
   373.45285881421103     
   372.75286708486595     
   373.05910746582873     
   373.78006238752880     
   373.37434291327344     
   374.40004354195520     
   375.26243792516908     
   375.55247976246926     
   374.82669139878317     
   374.46055137486081     
   375.71604693417663     
   377.63772662502117     
   378.18029463463029     
   377.01873191150588     
   377.10165647301227     
   378.78151381211097     
   382.41913774914320     
   386.40345836915361     
   390.99160484426687     
   397.78242442729766     
   400.22540425978656     
   406.46598716093581     
   406.72501291362283     
   410.35883464523897     
   411.18056478267999     
   414.73779459288392     
   419.17062029045252     
   415.63563813047836     
   413.76392518636283     
   411.30107610985436     
   407.78134342424255     
   403.20562719592829     
   400.61459739989925     
   396.41122965084276     
   394.02025153287349     
   391.94981972972414     
   389.58044987550397     
   387.77763513800875     
   387.51936373256723     
   387.92569671797338     
   387.76053893706967     
   387.49278838441273     
   387.06612152174949     
   386.30581213492883     
   385.76268123533896     
   384.93167433444660     
   385.11958086623963     
   388.03213546709310     
   389.44716233313602     
   386.81526317501056     
   385.62191014703632     
   385.26045014607263     
   386.42862073765644     
   387.85711080375438     
   388.28098917510658     
   386.15465417703030     
   384.84326002591007     
   383.10246712579794     
   381.15321488803590     
   380.27731074361321     
   379.54228381317694     
   378.09887806609447     
   377.31461374535502     
   378.92994250917553     
   383.67460300711252     
   392.54064405661421     
   401.05271351698855     
   404.54237757314695     
   410.89135818733195     
   412.45742683752718     
   419.96706926899122     
   418.83205619671440     
   414.79691049869211     
   421.96627709587119     
   417.58099436563140     
   414.01562346152713     
   413.33563967782129     
   416.56564094760580     
   419.16838034551017     
   410.93079976877812     
   403.81044705132587     
   399.94541745391359     
   397.58847447286161     
   394.27845492302674     
   391.34562381839777     
   389.83860981573963     
   388.97566288121101     
   387.94946143640584     
   387.01843749464689     
   386.62011336880136     
   386.73365990996308     
   387.33608042608932     
   388.48270616780013     
   387.70720279025369     
   383.67176439177911     
   380.53144568504570     
   380.32534454291249     
   380.51197074859903     
   380.49291486906100     
   378.11313054202776     
   376.39466550085700     
   375.84961858650524     
   374.68830056844456     
   373.87240302608490     
   372.84116097444195     
   370.70895626526504     
   369.20068210977712     
   368.61830646332464     
   366.76008738143071     
   365.33524421468104     
   366.00660561605252     
   372.90387188971494     
   378.12440104616314     
   383.30989760673805     
   388.97050999004864     
   395.15887500664621     
   392.73179376996330     
   394.01698438776225     
   397.21033749101559     
   398.97140042446506     
   396.46400515350769     
   392.13987257353142     
   387.53432782642199     
   385.29922681173309     
   390.45805339947782     
   388.67851548879537     
   385.48290278781451     
   384.00240076516815     
   381.93109203394675     
   379.26846085141415     
   374.91018011751794     
   371.42323406530465     
   370.11675467795425     
   369.92179324843414     
   369.92103064089770     
   369.42420554087545     
   368.35744195536813     
   368.05364715941067     
   367.23261112528252     
   365.53051093928582     
   363.61926663798749     
   360.94693288841268     
   358.93435213452051     
   357.13938866968351     
   356.01643076232989     
   355.05196694572481     
   354.14353689849821     
   353.78515121572178     
   353.38676249016680     
   355.16614091057932     
   356.65517108022675     
   356.59310035462659     
   356.10217522086793     
   355.98275360559779     
   355.56817874071788     
   356.28006254523331     
   357.32049432573899     
   356.75255035875864     
   357.80551514399508     
   358.86030645263435     
   364.22442121027461     
   375.11729664613335     
   381.84236384301289     
   387.05085003008810     
   393.31508523388084     
   404.61191685750299     
   399.66263769603449     
   402.46481509372728     
   402.01244548597492     
   405.88990873471266     
   407.01106648556447     
   406.04507025685547     
   404.42274370977344     
   400.80277558647242     
   397.32599708972231     
   391.71859408321603     
   383.47251275756992     
   378.24502587098823     
   374.55498368132550     
   371.50746447496715     
   370.70668186212612     
   369.91787478150457     
   370.71366663064430     
   371.97928052065743     
   372.39642239878748     
   372.92868295523203     
   373.06964894517927     
   372.99680184374614     
   372.98928887133445     
   372.90407362416704     
   373.26162182033420     
   373.91309295806246     
   374.28013924270277     
   374.24612699482850     
   373.91773529768801     
   373.59413704553100     
   373.90422083818879     
   374.00709856636041     
   373.75427499930117     
   373.51100838422423     
   373.19078780800680     
   372.74648650338747     
   372.53476646482972     
   372.65679381024552     
   372.33313879690763     
   372.18605007441403     
   372.58135775950046     
   373.02182261363544     
   373.39726745038502     
   374.71551283937265     
   377.05185607173655     
   377.64387114966200     
   377.74022578468151     
   378.00335587860297     
   378.01493217786140     
   377.58902623564472     
   377.78322443628730     
   377.98211366037623     
   378.14161251389606     
   378.79271801566915     
   379.08752812559766     
   379.82952179400257     
   379.68557477031527     
   379.68985331445782     
   379.86259163961040     
   380.01958141829181     
   379.82947995889236     
   378.79241798412818     
   378.38931923401816     
   377.86898131489727     
   377.49607854648639     
   376.83358091366779     
   376.33574344728879     
   375.94846572713590     
   375.36167817899650     
   374.41524042306236     
   373.28113406696622     
   372.58437621241097     
   372.03304453933589     
   371.73694208480350     
   371.06165391845889     
   369.88354446661270     
   369.02360782472471     
   368.44713049867426     
   367.61406998786867     
   366.80728800658113     
   365.78221882521592     
   364.97277922281239     
   364.28612259009429     
   363.25893180844065     
   361.55995506944964     
   359.72457725072644     
   358.93878527976733     
   358.77428863509414     
   358.10910907386642     
   358.71930049142196     
   360.81198434877933     
   363.38790101029531     
   370.97572136315415     
   376.46198311619298     
   381.83316485559203     
   386.10901268044199     
   397.39670911453931     
   403.84370785263485     
   408.88262950211782     
   413.90666564622438     
   417.18881025294814     
   417.59686240791439     
   415.89323592402656     
   413.85811714976063     
   410.14824567442872     
   406.61562013505886     
   400.28404345714944     
   394.28623249095227     
   390.07058391506729     
   387.00238471494600     
   384.79604064434500     
   381.01543297607390     
   377.77233567184362     
   376.07339301431381     
   375.42368169490038     
   374.93866268270335     
   375.18844806040977     
   375.34300430578509     
   374.36733878978862     
   373.98285143406923     
   374.57888637410525     
   375.29434781334908     
   374.97103555974752     
   374.34639663858303     
   372.71490074309031     
   369.72479738456241     
   369.26135851123939     
   368.10045395979216     
   367.66529781311993     
   365.28100393706586     
   364.53506087166664     
   362.27263382869126     
   360.31759741019744     
   362.27185688126224     
   363.04869194737262     
   363.91218515356883     
   365.54994271969969     
   368.18404391657589     
   369.56419270110462     
   373.79607252322899     
   381.18895057172460     
   383.66943678687733     
   391.08130892760067     
   398.26155173117218     
   402.58139509918300     
   398.91800150060504     
   401.92513668731266     
   397.78621677088654     
   397.86128019712834     
   394.43081600563124     
   394.89206958368982     
   390.95667780548513     
   389.21869044717567     
   388.50123085263169     
   386.78929487103528     
   385.32541119252551     
   384.22383452244333     
   383.31722153557484     
   383.30493883951215     
   383.01231839922013     
   382.53572633908868     
   382.65316888472989     
   383.01750836882718     
   383.54769996324580     
   384.35443976616079     
   385.25881409298290     
   386.05313490087246     
   386.91670812894654     
   387.58272291753184     
   387.92733311290385     
   388.11271450064777     
   387.42059070795449     
   387.49914628899484     
   387.85827678567233     
   387.92668193098075     
   387.34553527812005     
   387.29457726587589     
   386.65747614217298     
   386.87054540119647     
   387.35512332083340     
   387.75423315691540     
   388.43247917483512     
   388.70278845631600     
   389.13189246347952     
   389.71307778825326     
   390.10598311549955     
   391.00200431824368     
   392.91613890261198     
   394.44607004839742     
   396.47176306997505     
   397.20577625852764     
   396.85724773841679     
   396.68751518517445     
   396.50492405541058     
   399.37256027269507     
   399.78978030647204     
   401.69901750640526     
   402.56047777534110     
   402.58067307966508     
   403.08480320316528     
   400.94481566973661     
   398.12172968765401     
   396.68900302735744     
   393.56380717019778     
   387.91679990540268     
   384.47082972338870     
   382.17241115880523     
   383.55985458742583     
   386.47581248957812     
   387.09238624236031     
   387.35383442531935     
   388.10388237294370     
   388.90887083395387     
   389.58336356878362     
   390.49195507981153     
   391.42523642494632     
   391.99080425222053     
   392.06913806637095     
   392.43067804798932     
   392.71426337767826     
   392.62745896642667     
   392.42099282654647     
   391.83838120229143     
   391.47288411464024     
   390.89129237885174     
   390.38130862784931     
   390.14702108366566     
   390.30649501147155     
   390.65621561078262     
   391.16448132690215     
   390.67788765132934     
   390.60391694839836     
   390.84583571069703     
   391.21914418922188     
   391.56946937248023     
   392.60140794559959     
   394.48125941359689     
   395.40520986981443     
   396.85643313677389     
   398.47703253403404     
   400.47671011606684     
   409.18607330408929     
   402.70273518183694     
   400.17642923224190     
   401.34570974799317     
   398.68054954503066     
   398.64373816025403     
   397.13144588776981     
   395.72160558982745     
   392.27975219532090     
   392.10076862286650     
   391.08063592265995     
   390.50848272554839     
   389.58810157401604     
   389.08749553281541     
   388.70714144705209     
   386.24958357176166     
   386.03683333225126     
   385.39745476264306     
   383.80602642174813     
   384.07600242732377     
   383.92779188860789     
   383.79523028324201     
   383.77195636718966     
   384.97060145144059     
   385.47148739794420     
   384.39134125020433     
   385.82120354527171     
   386.46085425280057     
   386.45620004053092     
   385.69044477808114     
   379.94071200053958     
   376.44478754903832     
   375.52602743930458     
   374.18211851664375     
   372.90993268637476     
   372.10934568383470     
   372.15037610893415     
   371.96290003293069     
   371.96293524990284     
   372.43374817967845     
   373.43145304668650     
   374.05097712518165     
   376.38898709417447     
   383.94132234165022     
   390.65792148600127     
   396.50488397416819     
   395.95230398906057     
   398.23831673288782     
   393.54418607426123     
   399.17577824847911     
   406.93858491711768     
   407.29974971050962     
   403.72617790421231     
   405.63766612605400     
   402.40097594127002     
   399.05928644489245     
   392.23368076792229     
   385.95554342722204     
   381.38848021381455     
   377.26514309369202     
   373.60476267084465     
   371.38062700111931     
   369.80803257658977     
   369.21658777645837     
   367.91547439592097     
   366.81870783694882     
   365.90516609197300     
   364.95996441644661     
   363.38607693025148     
   362.94638184640235     
   362.53501574839345     
   362.84965468215688     
   365.66518741669330     
   365.95455312264704     
   364.27845290308613     
   363.70330693199980     
   363.25391185982721     
   363.17980526447883     
   362.81203988955434     
   362.66653303162474     
   362.20638477131752     
   361.82488044862828     
   360.52751370434578     
   360.46942810703911     
   361.94525772802990     
   363.20278329260731     
   362.66961195142488     
   364.31400539301274     
   367.07311120137655     
   369.41173076198299     
   374.73350930287683     
   378.74265438391609     
   381.11186422673171     
   386.58757509122245     
   389.73016477365263     
   392.65833231861552     
   394.35976812724329     
   396.41545145175286     
   397.53035541209624     
   398.00390620252369     
   397.61374095923873     
   395.04729105026775     
   391.51234136637004     
   389.14653428531233     
   387.88611857450371     
   386.91188930539317     
   386.15563730341108     
   384.87746919005673     
   383.23699343713946     
   383.09966018308990     
   383.63625310256606     
   384.64042639553378     
   385.76677628876848     
   386.47483684864943     
   386.51429233604563     
   386.65201983931411     
   386.55515385064450     
   386.70315166686822     
   387.04056458331303     
   386.48543571402826     
   384.63310610571739     
   386.66806305733820     
   387.48323553889264     
   387.58893457305857     
   386.90812076305969     
   385.75012417843584     
   385.19164984900834     
   384.85734122243286     
   382.63046392082987     
   380.95940027219001     
   380.29724035383356     
   381.59430688739360     
   381.84039100626592     
   380.46129974027087     
   378.80883231759469     
   379.00787497087441     
   382.37528189865293     
   385.47916008354804     
   387.47940515297989     
   389.96913342718597     
   392.09078464556205     
   393.67953682862503     
   394.37817687673532     
   398.71941829090616     
   398.81272636949581     
   400.09063405614586     
   402.49762790831676     
   407.24805036718078     
   402.80390034206062     
   400.83561367469207     
   401.43309178768544     
   398.25080173590590     
   396.91558754931640     
   391.82667714832201     
   387.92395128746966     
   389.11600837826256     
   387.69365555356183     
   383.20414169349436     
   380.12044533881584     
   378.64165669817487     
   377.99951994919888     
   378.53247945621621     
   379.71413305221807     
   380.11613762311225     
   379.17861810894925     
   378.66924490718321     
   378.35680384211395     
   377.70784613473609     
   378.96432912382693     
   379.76054248488805     
   379.87757551181778     
   379.54114522160540     
   379.24761442468287     
   378.95058009199767     
   377.88518716022247     
   378.34202772151048     
   377.34521440467370     
   377.37876684302023     
   377.02644847926899     
   377.52802471577689     
   379.35825936067914     
   378.84368591799000     
   378.37083507376582     
   378.36947292899305     
   379.18276210177373     
   382.71521564355334     
   385.23018554811597     
   386.14525281001181     
   395.14803019979172     
   392.23027826043381     
   398.38609156264289     
   405.59624469268687     
   406.65280391111907     
   405.19257188105462     
   403.98813373004145     
   400.76182906308736     
   395.13293129501312     
   391.75884884204373     
   389.53611924611943     
   387.73034877123007     
   386.96685668984122     
   386.57977155839711     
   385.74496040691940     
   384.95086584708673     
   383.99996436329019     
   383.23894482145533     
   382.23763810786363     
   381.58140544120681     
   381.26071272591747     
   381.08716126353983     
   380.81569033480082     
   380.32327171899988     
   379.88577041881194     
   378.31912048545593     
   377.24843792359650     
   376.68571113601797     
   375.70763186412967     
   374.15429783341182     
   372.24136039077052     
   370.73926828298465     
   369.96126799924826     
   369.40163188323419     
   368.64367597794654     
   367.96671546128158     
   368.62211336610227     
   369.12259426739422     
   369.10576755348745     
   369.00095963011097     
   369.43058808622902     
   369.50296443105549     
   369.48589462207332     
   369.94344824842813     
   371.28910583493479     
   372.63145286751643     
   374.34593680721400     
   376.40968710992297     
   378.33810496136067     
   378.99903573712095     
   381.23029418498993     
   382.60796035577857     
   382.46505764314048     
   383.02775622720884     
   382.20957594743504     
   380.60807340483836     
   381.38260972899417     
   381.66373568141000     
   382.36321141218031     
   379.97841128520724     
   377.11551331688611     
   374.34354664525802     
   372.73721953378919     
   371.45088693879001     
   371.20638775617857     
   370.95222529195246     
   370.87192572809948     
   370.49561977312561     
   369.87768075636831     
   365.38598702784134     
   364.29001232448587     
   363.22506788869345     
   359.95054554774543     
   357.39374713861918     
   355.72367093880479     
   354.45464695884652     
   353.47013359278861     
   352.51152959059749     
   351.53907933439319     
   350.58207579259209     
   349.54537171847574     
   348.59713323847109     
   347.30875569013699     
   346.74105332895834     
   345.94227924354448     
   344.73307873794994     
   344.23523135957436     
   343.73154906875300     
   343.34054430090362     
   342.99980057420993     
   342.65903857907125     
   342.39159627730430     
   343.06824294618860     
   344.99779375400863     
   350.86354540261084     
   357.34630390108913     
   363.86315343975491     
   369.93851326389887     
   375.34297152849990     
   377.21860907430215     
   378.24274320175653     
   377.87028237904548     
   379.67499060060351     
   382.95951662877371     
   383.62565644906692     
   382.63635861716222     
   380.83064100825936     
   376.99457184968588     
   375.23078551833999     
   371.70684924771763     
   368.50599837279822     
   366.24538441196137     
   365.46334602381933     
   364.62559444648576     
   361.99947525799490     
   362.06704305479889     
   362.68447733221797     
   362.39945626602048     
   362.05493236953470     
   361.62789926948346     
   361.35139359186348     
   359.58792171964865     
   356.89427909201538     
   352.57581959635263     
   349.51337539903966     
   351.27602310208084     
   352.58947132636490     
   353.47434431153306     
   353.32041275733030     
   352.88618147060942     
   352.65151154977207     
   352.80902198902129     
   353.23798326547848     
   353.71510570051549     
   353.78231377914676     
   353.56568188708422     
   353.77117126606367     
   353.84232790843595     
   353.93143935040933     
   354.07931242464036     
   354.12537285402595     
   354.73634461522988     
   355.90854764807648     
   356.54340054829947     
   357.09780792149348     
   357.71658400006032     
   358.92835662518081     
   360.63009534193873     
   361.66938751015977     
   362.20623166541924     
   362.74489169893121     
   363.35973625921162     
   363.79279779416294     
   364.01965521500654     
   364.32557543101251     
   364.96898069611802     
   365.40233964942809     
   365.20798265890477     
   365.13815557121143     
   365.52728838009170     
   366.04444291167539     
   366.65564045568283     
   366.92016985468359     
   366.87234594692319     
   366.78733437517582     
   366.75332885319841     
   366.69363007931679     
   366.57198683441067     
   366.42147534374072     
   366.40452150616312     
   366.44577158763752     
   366.91519453400423     
   367.17123834798713     
   367.27001052331315     
   367.37720857910830     
   367.43894615296517     
   367.49572724884342     
   367.52218666735047     
   367.43641244920229     
   366.83832695336184     
   366.59565619509300     
   366.55267277775681     
   366.50998549790245     
   366.50156041935981     
   367.11779129416584     
   366.67453065691285     
   366.42952596990688     
   366.07199784265947     
   365.81660955264238     
   365.98033119119390     
   366.21621013004824     
   366.59407473880015     
   366.77283163523458     
   367.28834545999860     
   369.13501021631021     
   370.22017389923712     
   370.36465542432910     
   370.89239007892616     
   370.76769934762893     
   371.23802865546571     
   370.79671864046634     
   369.52351121891121     
   368.78208241842208     
   367.93771271204611     
   367.09655061712596     
   366.29766822398830     
   365.90918400628482     
   365.55811399516091     
   364.84018583511175     
   364.64415268694921     
   364.42627469251818     
   364.09863280459007     
   364.04910047793237     
   364.23310474435601     
   364.34336012221956     
   364.20186598131448     
   364.05783051143243     
   364.08666272518650     
   364.02522343121842     
   363.96866599266292     
   363.85168629474197     
   363.71173676535102     
   363.65022869853584     
   363.72520145702794     
   363.93584348186158     
   364.30757700148246     
   364.14684792946014     
   363.79900752874204     
   363.60124686531452     
   363.56265611523361     
   363.67762415146541     
   363.87781220550863     
   364.69188176968720     
   364.49474579957871     
   364.58306544847551     
   365.04689170428890     
   365.74096446626299     
   367.28229111121726     
   368.70158750462878     
   371.30924705779654     
   373.92139434784815     
   376.56731599573942     
   380.64694624027317     
   382.07741251941263     
   384.15714614583527     
   385.74438698833683     
   388.64866413348312     
   391.50571339745090     
   389.37998053555248     
   389.16005830405862     
   387.01612630832602     
   385.83584895511865     
   384.53440320596115     
   382.68000444666166     
   381.73703266292404     
   379.50759429432310     
   377.30114707329011     
   376.13092727997338     
   376.80066910395311     
   376.55439831772986     
   374.82902889355438     
   374.65752078340142     
   375.04249665848602     
   376.64948293449658     
   378.07741487905759     
   376.64275209042381     
   375.93391060615767     
   374.92097949267372     
   373.85923375025891     
   373.33287113386490     
   373.75528205554798     
   372.85634980659898     
   373.36142684061332     
   374.81824895002967     
   374.65411621891508     
   375.25953608127594     
   375.39098542210581     
   375.87404111501195     
   376.18984756489533     
   376.41405111474018     
   376.97143716919561     
   375.88701999390014     
   374.33712404111930     
   374.43499100238387     
   375.36033129024520     
   376.53437137460753     
   377.70102893662363     
   378.55671085625102     
   380.83948920718262     
   381.82198143947346     
   382.50705267604025     
   382.58428281691567     
   385.04234056100768     
   385.34095076481623     
   385.38815249900136     
   386.36242680030995     
   384.97940577322981     
   389.82435677107139     
   386.36434296075589     
   382.85601262816181     
   380.50012873137285     
   378.98612037739241     
   376.22944396021830     
   373.27907580473237     
   371.09041989490669     
   369.70394596808768     
   368.19873031940585     
   366.79086396871270     
   367.07693167438737     
   365.18035774903427     
   364.04369829020118     
   365.47395465717796     
   366.89587346491811     
   367.42938099367467     
   366.50377628031617     
   367.85859713853318     
   368.58566834419031     
   369.01261633052309     
   369.16995367873398     
   369.47468547374672     
   370.00765837657758     
   370.62436284244330     
   371.03464926494826     
   371.17586448310624     
   371.15401852703695     
   371.22225100024372     
   371.11264592700945     
   370.82830133369640     
   370.88697039593455     
   370.47961182804005     
   370.26513462484462     
   370.37871117873317     
   370.85680736610311     
   372.08153076303017     
   373.06580543935740     
   373.99932048071361     
   375.23271978561507     
   375.53020961000414     
   376.51757732860108     
   377.12537303677419     
   378.96561796274631     
   380.28432824796977     
   381.15723525871323     
   381.29028285689947     
   383.45395069547959     
   383.05911359248609     
   382.02834338099967     
   380.92918769989870     
   380.31854195721968     
   379.47703400440776     
   379.12739539554826     
   379.07105865240675     
   378.62166724851573     
   378.43758090614079     
   378.60734880426941     
   378.95556703106303     
   379.13634366958473     
   379.36215504933932     
   378.25320472607535     
   376.80982190646392     
   376.17691864617558     
   375.78411944830225     
   375.57755748373529     
   375.51974462529552     
   375.50759820141889     
   375.79646372931245     
   375.71149020947269     
   375.02009423734506     
   374.39144707814125     
   373.94563932937092     
   373.70802978362633     
   373.71974922469701     
   373.96780673416049     
   374.29196479729643     
   374.41701261500981     
   374.37440988898760     
   374.81036546834224     
   374.73724944978761     
   374.80817242912468     
   375.19442792986365     
   375.06399715303667     
   375.64062850833699     
   377.58700545686531     
   380.76361970445407     
   381.81571552076781     
   384.35845849202019     
   387.38547191464619     
   402.10681890201982     
   409.51251957660833     
   404.24466746954414     
   407.81428490393176     
   413.58617932762178     
   412.02143219371840     
   402.34232184688113     
   397.41397574317858     
   392.19543429149883     
   389.66857695469469     
   385.86000075492257     
   384.23436631818282     
   382.42632669472300     
   378.92380581230697     
   377.75243812842820     
   377.89747079950325     
   378.83993782097485     
   380.62484677541704     
   382.21587221462102     
   383.54113982114603     
   384.19887363596030     
   384.34482501495711     
   384.25489635353961     
   383.79331609683351     
   382.98393503920079     
   381.99397095595253     
   380.88379452633762     
   379.80397857839085     
   378.44422336039065     
   376.84626325461096     
   376.80757694093529     
   376.35578241944637     
   375.02490453153257     
   374.56408887155970     
   375.09991996159312     
   374.97770501197317     
   374.55506662977473     
   374.81590191425937     
   374.61869737329624     
   375.22334788009817     
   374.70154261607524     
   373.97425885421279     
   373.42722233963161     
   375.36652559780259     
   378.08981562674143     
   383.23417448540880     
   389.65552724337687     
   395.16660183361932     
   399.08666684640673     
   402.62989866848352     
   405.37916821266134     
   408.00122878492681     
   408.47107661012592     
   408.75621564347983     
   401.20311627767370     
   403.29163094452622     
   395.49943525095989     
   390.19750324074704     
   386.07237715581903     
   383.52188967918789     
   381.04127270127657     
   378.37600352030830     
   375.47769775272832     
   373.28692551510284     
   371.18288834455831     
   369.30437206464586     
   367.87648040113243     
   367.70476946524133     
   369.07545479523520     
   369.70708458989174     
   369.32035422045675     
   370.45759826662140     
   370.07847325362206     
   369.43406406500463     
   368.59485437087193     
   368.44107122657050     
   368.21768452979688     
   368.15308826806267     
   368.13594765588238     
   367.56530360858164     
   367.07511234881775     
   366.46922455815729     
   366.06819542380509     
   365.69853877361987     
   365.15377885119301     
   365.33796879932163     
   365.29968503477710     
   365.31714697658487     
   365.02807930390338     
   364.93087464671493     
   365.05843469010779     
   365.65096999915534     
   365.75074043791091     
   365.61456380174053     
   365.54523869834270     
   364.32402667746175     
   364.09720530103760     
   364.16300393865231     
   364.75458164445445     
   365.18021879800830     
   364.90812566488972     
   364.63127259524390     
   364.36221501122139     
   363.87472070189636     
   363.21217064495897     
   362.84390598748826     
   362.68921810164267     
   362.84201978586782     
   363.10029796002021     
   363.01546242373058     
   363.34966673738342     
   363.56654123276638     
   363.68832202858840     
   363.68209475965824     
   363.42460102063802     
   363.03467115264243     
   362.65631181312949     
   362.34526665896323     
   362.07116491628864     
   361.82860866463915     
   361.58427492728663     
   361.35150032625722     
   361.18254706990098     
   361.27310536088817     
   360.89268110818227     
   359.55168368131882     
   358.42821563139330     
   356.49385117160386     
   354.73293930317953     
   354.78081744947394     
   353.76101240233328     
   352.17635359593987     
   351.32365528984218     
   351.23898967001548     
   350.75690965026405     
   350.42770225846078     
   350.90307102192094     
   351.76902071578684     
   353.11647641000133     
   354.03859047754599     
   354.55371315884355     
   355.62192902905616     
   357.76109769926160     
   361.14850968415431     
   364.15866363972333     
   366.58857838733837     
   370.97898086773677     
   378.26876834017867     
   376.61335762991331     
   374.87493308767631     
   377.49925286324560     
   373.61989117875783     
   370.03579843766192     
   365.18823466295481     
   360.84813556633094     
   357.84578073579331     
   355.18335326896880     
   352.73492551122433     
   350.80214534944531     
   349.08851383927293     
   347.47273816073374     
   346.09060721551373     
   344.47881782156963     
   347.07746435277386     
   348.55768358628660     
   348.26286169660989     
   348.24227300693764     
   348.37206622236778     
   348.14481691402511     
   348.03300124853814     
   348.22278598162291     
   348.55431169807019     
   348.45024659058436     
   348.15740462750881     
   347.66674630550858     
   347.14206772744495     
   347.04795314322757     
   346.81990287579697     
   346.33628635577071     
   345.68325701556392     
   344.97420335950579     
   345.26815664346276     
   344.86440811543258     
   344.37553903370360     
   344.01400896687170     
   344.28443134096506     
   345.01500802036134     
   346.10161873933589     
   347.19183263306945     
   348.01040089311147     
   348.67116579896089     
   350.91255889691740     
   351.74442544129556     
   352.41598820854142     
   352.80279498358067     
   353.02642545146091     
   352.73539791248731     
   352.14159399525545     
   350.41964058355802     
   349.60650829530090     
   348.85306551597347     
   348.44609247590631     
   347.91551990125856     
   347.79452283484636     
   348.62892941018703     
   348.83428328749648     
   350.11845404519590     
   351.56890851288949     
   353.35558857220389     
   354.63005093655096     
   355.85209122423748     
   357.28265557342536     
   359.48853589569791     
   357.62365932955566     
   358.75351171251816     
   358.49707731126546     
   359.29254414105014     
   361.32702581579679     
   362.77007250805678     
   363.35897214211076     
   364.11351133341407     
   364.18635501021532     
   362.01022417795571     
   361.69433617168437     
   360.38174837164041     
   359.30461767769935     
   359.61113410086233     
   359.12027113078983     
   358.34291020366459     
   361.31679856141210     
   363.43449126992056     
   365.19470071367743     
   365.56625007776904     
   365.95952972910999     
   367.02190850442508     
   368.72802720287262     
   369.84307280682697     
   370.63859108551566     
   372.68133547974799     
   377.42910057192762     
   385.91822601133680     
   389.37056366380295     
   391.78211694872721     
   391.11032475331859     
   389.31286753998592     
   387.68312778180325     
   385.41951921478341     
   385.44581652506844     
   378.60798529650833     
   376.02259418856806     
   371.83561447569991     
   368.18870847652988     
   365.60234537429750     
   363.36410135708229     
   362.44239201758631     
   361.71663647846481     
   360.66864928810503     
   360.08749378013016     
   360.63172321904750     
   360.41285942325067     
   360.20449589296982     
   360.89937975284687     
   361.33112953071657     
   362.78408500459932     
   363.02969262493258     
   363.14562156714862     
   363.32671594154812     
   364.33870806360045     
   367.47891925732574     
   367.92280410946086     
   365.21903273080642     
   363.98609594523748     
   364.62737281813162     
   364.60431138279586     
   364.84045376758883     
   365.23535599558181     
   366.19982118430721     
   366.48464009092294     
   367.91849346677083     
   369.37436135330086     
   369.58952059290613     
   370.11494224891271     
   371.07525586329587     
   372.10175631650344     
   372.83405082976964     
   376.16387113170185     
   380.08894882610173     
   384.43665171262575     
   385.91452127985269     
   389.20159448061639     
   387.75675436184059     
   388.05757372355208     
   388.87716736214747     
   389.63823627293993     
   389.83119892969347     
   385.24036416666752     
   383.30485530920799     
   379.63555250931734     
   376.78336542628932     
   375.91831461278611     
   373.37561534726410     
   370.79764760057247     
   369.28168490786157     
   367.28373192338466     
   365.88056620638918     
   364.84957490150941     
   363.68244312375379     
   362.61122588290289     
   361.41242300693312     
   360.08670072107037     
   358.39069603513735     
   356.94379424728999     
   356.04237957665725     
   355.14043551777513     
   354.22642121851368     
   356.08087344071896     
   356.22705224460447     
   354.75684054708074     
   353.27332806971708     
   352.07527023988808     
   350.56610210345912     
   348.45812784440119     
   348.51614382957007     
   349.02723963369584     
   348.34674499380020     
   348.32624080291822     
   347.38108726621175     
   346.84775166808714     
   348.24001572820237     
   349.54084731325906     
   351.47369060462347     
   355.22695797347501     
   359.14730352730197     
   363.94766024150221     
   373.27259831302354     
   378.41460702686601     
   379.58437819526034     
   377.39344229864838     
   376.20571353867308     
   383.04836973442684     
   386.83290913139484     
   381.43960427860594     
   378.25586909048087     
   376.49874726945080     
   374.86390761516191     
   374.52395607865839     
   371.58079352745557     
   369.39084730566270     
   367.46855426732344     
   364.12081758141682     
   361.86109595363860     
   359.89959074771809     
   358.26708365945450     
   356.88985592575722     
   355.39693104816223     
   353.68717707750363     
   351.02361703279547     
   349.85851730075319     
   352.15278375650411     
   352.74973906130896     
   351.85719175038042     
   351.86192277454523     
   354.06335517250807     
   356.33792604751818     
   356.77995991223793     
   357.57964474803498     
   357.97425150872442     
   358.00929483578608     
   357.83540013682330     
   357.86244918943288     
   357.89860770941345     
   358.05837286231764     
   358.40713648145123     
   359.19692160698480     
   358.93244290818501     
   359.25537824299477     
   359.50377087594944     
   359.97967187626722     
   361.05296915557011     
   362.56280256534507     
   364.68742396405321     
   365.47186966321368     
   366.99106731377202     
   368.02075554350591     
   368.14135837188923     
   368.23186889301559     
   370.30293509298320     
   376.28358289260058     
   374.56706213511228     
   373.99459671753840     
   373.19774371685355     
   372.10779038613197     
   369.77001373777819     
   368.35317234121129     
   365.43700733773090     
   364.25493554068288     
   363.19950269523736     
   361.40476513237974     
   360.33242484577130     
   359.74901451127806     
   358.68344229756394     
   358.14996424286625     
   357.37092345275056     
   357.09984915052814     
   356.98782307836592     
   357.32863225617876     
   357.47380198959200     
   356.08219193837044     
   355.62510792930641     
   353.84813976274665     
   351.66695055848737     
   352.11129729851268     
   353.23950093498536     
   355.51873297826495     
   355.02770357147983     
   353.79532820969382     
   353.17115584381878     
   353.31858763252768     
   352.51123100725488     
   350.99429044495736     
   351.25788023922246     
   353.04561463629483     
   353.58426006334327     
   354.65589561447155     
   355.00209370451682     
   354.84498045608194     
   356.35321425489843     
   358.03388051720123     
   359.95772030286975     
   361.31289303243381     
   361.89812968302357     
   362.88421072307875     
   363.57202364720314     
   365.30677607688904     
   365.35851397314457     
   365.68726982504842     
   366.31916557383215     
   365.07692410133382     
   365.59650905353823     
   365.28445003502077     
   364.86862166702269     
   364.87562585114875     
   364.57091150280610     
   364.48171370865344     
   364.54404016228074     
   364.23267906745417     
   364.66505393643274     
   365.06274445077554     
   365.25035845267388     
   365.32366394887720     
   365.36894928283516     
   365.39655674312695     
   365.42381420131994     
   365.38836556717138     
   365.51966852753969     
   365.85035099125821     
   366.22167129287936     
   366.72637502357463     
   367.25424170004231     
   367.55671157086545     
   367.77221303733961     
   367.94542401151568     
   368.62855961149063     
   368.78059319744239     
   368.50046171746203     
   368.27016267897665     
   368.49692657971411     
   369.15144582145058     
   369.48265297379771     
   371.78881635913814     
   371.03461686558535     
   371.03238664442546     
   370.75747987777237     
   371.08933119934613     
   372.22871089621276     
   373.20255910296004     
   373.97286544563337     
   375.65662276105712     
   376.33583753232722     
   375.64695241972493     
   377.04153692066200     
   376.92526384726057     
   377.82235795590555     
   376.90721097770097     
   376.95457468041980     
   375.86374533796601     
   374.94670619492581     
   374.25104905796991     
   373.72232194436469     
   371.87094558581674     
   367.86802284038549     
   366.78824913527956     
   367.01369387749907     
   365.09726097796107     
   364.60204426173124     
   363.93117301370694     
   361.77511883404230     
   360.53193359151174     
   358.65740732735293     
   356.96290714406103     
   354.76723391140877     
   353.10038157029703     
   351.31675558074744     
   349.03338773437537     
   346.91117738123364     
   345.79551026871565     
   347.05083408704530     
   346.40730959202733     
   344.38648470786472     
   342.72174356935091     
   341.37257330590955     
   340.24928620870611     
   339.71632828834373     
   339.45198930010531     
   339.21180617952655     
   338.66619776478558     
   338.44987913779789     
   338.66309893907908     
   337.63131567126948     
   336.82671051952525     
   336.90338208900937     
   337.96113734043882     
   340.84033031690490     
   347.35753485656937     
   354.99542237300506     
   354.68137804317570     
   356.28630238080217     
   358.71165775228963     
   361.12999646190485     
   365.40566562007712     
   373.48003366195474     
   377.19064249707952     
   373.35780763699944     
   371.89286737638503     
   370.99344745069322     
   369.68632080230242     
   367.95390702146767     
   366.56624043739902     
   365.51861693429242     
   363.52739338121023     
   361.28240312750006     
   359.11636449171442     
   358.37275817367157     
   357.77683042159470     
   357.18003517140318     
   355.25233826631364     
   353.49854171603533     
   354.36029805362722     
   356.38657870279781     
   356.69022622931595     
   355.80549083511607     
   356.06341625297415     
   357.49752506955889     
   359.23336730530696     
   359.88473628971747     
   360.20007948595764     
   361.06991559926951     
   361.77554288500346     
   361.73787986239194     
   361.85319265671126     
   361.71361379553412     
   361.60159779610643     
   361.00712811339747     
   360.19463713556001     
   358.64856935085976     
   358.74808377586675     
   358.31011994114954     
   358.33873489671129     
   357.58848639426481     
   356.25118653502949     
   356.67972317032803     
   358.94159744593435     
   361.59977701818292     
   365.81658679870327     
   371.89523349819353     
   371.11905357136902     
   376.86554704392205     
   378.80821736093901     
   377.21012432530296     
   383.69568821157873     
   381.48776497804442     
   377.44435280018951     
   374.67876936234882     
   371.62036675584494     
   369.69152053186417     
   366.70212777748111     
   365.55019473667198     
   365.80229461641915     
   366.91879230653825     
   367.59831604155045     
   367.64542793538311     
   365.41198290355993     
   366.59907018590661     
   367.51381654291441     
   368.90935197609451     
   369.06703158666221     
   372.46859558189993     
   374.05766399787052     
   374.55632940552977     
   374.86693022121614     
   373.20712572909440     
   374.39190479228569     
   375.21468094541564     
   373.98953495077939     
   375.54463199651224     
   377.38920267537674     
   378.12552124253898     
   378.28806251246817     
   378.32521158384390     
   375.73750185685594     
   370.83348260859043     
   368.65876239787571     
   365.85449730286035     
   364.53563241537211     
   365.17148515940391     
   362.80358677359607     
   359.86877745560219     
   357.21748880399997     
   357.50409150805632     
   358.95612087887065     
   360.66576973597989     
   365.69736170900200     
   368.39192110530871     
   370.79375547608703     
   375.67810467934754     
   379.06030451496537     
   374.17290883499618     
   371.93927573524610     
   370.45629282611117     
   371.88121786482100     
   370.97187583597184     
   369.88817105201804     
   367.00144532868370     
   365.92372192582405     
   361.15536463225243     
   358.11148733021292     
   356.58068084990089     
   354.96646647761025     
   353.54740831312097     
   352.78008678025230     
   351.69553521878430     
   350.24238341078870     
   349.31782423653817     
   348.43862039715594     
   347.26729121516024     
   345.87207191299393     
   346.35197856539884     
   346.43796402726542     
   348.60239334212690     
   351.90595264192467     
   353.06048122098520     
   354.35379520217202     
   353.60675321045068     
   351.44953157239729     
   350.45134030204730     
   350.30431184834151     
   351.00043716279174     
   350.96788587560661     
   350.06135240464903     
   350.56670705243147     
   351.47996915376746     
   351.82817916239838     
   351.78777762339513     
   351.14920524345348     
   352.91495719979349     
   352.82915148462632     
   356.17194655906223     
   358.07764065481314     
   360.59391464775547     
   363.18823495235137     
   365.46099740547942     
   368.00483708217934     
   371.98263283789214     
   372.90519150575778     
   375.83081026175267     
   374.23945587170334     
   374.01847858478033     
   374.30250211520689     
   373.86250290904781     
   373.16277109241054     
   372.06065653729166     
   371.25653999104878     
   369.78133101160807     
   368.80887575974168     
   368.91411436228947     
   368.81012632779294     
   368.92850657749187     
   368.38344609978708     
   367.97649756745602     
   368.00853981135066     
   367.92266291555291     
   367.80576957183172     
   367.64383675128278     
   367.42942451955486     
   367.79758662386246     
   368.30853653783350     
   369.14529852629153     
   369.53772835167308     
   369.68105530876767     
   369.53773610886918     
   369.15683009118601     
   369.69720280774641     
   370.39746380166810     
   371.36320452970290     
   372.13762557154575     
   372.21838522113109     
   373.40882658850330     
   373.83894762726163     
   374.39645571977479     
   375.05227432981076     
   375.42537696815452     
   375.39837950848124     
   374.49738692000250     
   371.32831386086571     
   371.72081852536405     
   372.76576993958366     
   372.24178844788509     
   374.25187275643401     
   376.13505861775747     
   371.86033028931951     
   378.22402926979538     
   379.73627463911708     
   380.00267291930493     
   379.25897081052119     
   378.28735948816194     
   377.04237472318573     
   374.79833792261195     
   371.26893229772816     
   367.11409293536610     
   361.73957173260686     
   357.79633641217163     
   354.78100060668714     
   352.28295678109640     
   349.71164154133641     
   347.12151448158642     
   344.80192793625901     
   343.58007071783214     
   342.15617219676415     
   340.47950049090480     
   339.15601216298944     
   338.27674898630102     
   336.95360437210297     
   335.88512665075308     
   334.75055766346111     
   333.23384884181286     
   332.71239959190507     
   331.84123867171280     
   330.06826993699059     
   328.81394528663196     
   327.67663177436430     
   326.83708345417546     
   325.57137102609539     
   324.82928582561578     
   324.47252238794010     
   323.78354109308611     
   323.05031375397704     
   322.70336978283865     
   323.51272337277874     
   324.23304391115727     
   324.35692575497978     
   324.04463077083710     
   324.70011107455696     
   327.39759651448963     
   332.71494933676331     
   336.91877943748375     
   339.39608782156586     
   341.44037818751065     
   344.85127134485737     
   348.51365511831506     
   351.14733970433599     
   356.75616698067330     
   357.99395563686886     
   359.94039955849888     
   360.57681986367430     
   363.12578283653022     
   362.02756972978466     
   356.35161744772978     
   356.19039940215310     
   356.86106502971040     
   358.46282354153135     
   360.58165468536515     
   361.43521286785329     
   362.83293933413546     
   365.25216459044537     
   367.26090973470724     
   368.27390510489516     
   369.35268627646707     
   372.34648345621281     
   374.64683262111350     
   375.36269394875876     
   375.22637311829158     
   375.27048162097037     
   375.25736163674827     
   374.73390095164154     
   374.74882950810718     
   374.22805982773599     
   373.28368593464245     
   372.50661118354435     
   373.19625942258307     
   373.57376046567390     
   372.41303443101498     
   370.86167413788894     
   370.36408029909359     
   370.03909360061289     
   370.00342280754279     
   371.11670253712543     
   371.58011371659592     
   371.00197202027073     
   371.36606086641552     
   372.44452012820290     
   373.86234926323755     
   374.76638814603660     
   375.78527940907259     
   376.63636591693739     
   378.12123281969747     
   379.87914583494376     
   380.96521510617561     
   381.32362646147726     
   381.92059264808972     
   380.94525774516143     
   379.16354526479972     
   376.94737686858576     
   376.14636111101322     
   376.81814806606332     
   376.26915561965802     
   371.79209642398035     
   367.54844520533806     
   361.00256879062738     
   355.48440268043294     
   353.06006448024368     
   350.66212468208403     
   348.80245218711553     
   346.98908861839396     
   345.07951038030120     
   343.44290693044098     
   341.83815839509066     
   340.40785791951856     
   339.69365118110062     
   339.59724028479894     
   339.26381988170658     
   339.80078263803381     
   341.77511235559524     
   340.57314669089448     
   340.13949631755708     
   340.25582386925419     
   340.03099473401596     
   340.68858839443095     
   341.48412892311461     
   340.24731001106954     
   340.33910277641070     
   342.25466827613019     
   342.17993455365411     
   341.25465416955404     
   340.95039365670038     
   341.49850495809977     
   341.42480009846417     
   340.97668898247798     
   341.56669977084510     
   342.77157838996328     
   345.18425199675124     
   348.76411181692805     
   354.75204254119137     
   360.57305640981457     
   365.02024660799168     
   369.60943131709951     
   372.92938099538009     
   375.57584394799881     
   376.63746474829958     
   381.60956792872628     
   378.79468118621975     
   377.17408880119177     
   372.88176924501414     
   369.98824237444592     
   365.59320507628638     
   364.38984458236649     
   363.59154237853289     
   361.33738744848449     
   361.27546085879521     
   362.21896238304242     
   362.28982583638617     
   362.00179015880013     
   361.01494686842500     
   362.87860938106081     
   363.81948385431485     
   364.00263740952812     
   363.85193724542614     
   363.89393216367012     
   363.52376368337855     
   363.62427855265122     
   364.93873519609912     
   367.07890685603201     
   369.33119579544632     
   368.08504132173312     
   364.99699834414059     
   363.03787381772230     
   362.30808931166513     
   364.37862111523378     
   367.16620000307154     
   367.02275096019309     
   364.01392483051967     
   363.24061276884322     
   362.65220017634778     
   362.72692047404450     
   361.04139684634896     
   359.17640228452791     
   358.18753394807032     
   357.75048209474829     
   355.41919676167237     
   356.21848313590351     
   359.07583594808830     
   360.97221002965250     
   365.15843537652290     
   366.15704491750705     
   366.09760047299392     
   365.26636188778593     
   365.10277825581881     
   365.04750203067817     
   364.39218112757084     
   363.39879297839752     
   362.06238615529787     
   360.46328232632754     
   358.58003263296337     
   357.30383873221706     
   356.62038190464131     
   356.23607649415203     
   355.83013539762453     
   355.01236090847306     
   354.71824534417220     
   354.68121603943297     
   354.33003859146152     
   352.41510328820209     
   350.35172810953014     
   347.19490828728942     
   342.87448320975608     
   340.38747956204134     
   339.08029763980301     
   339.59035066968420     
   340.06963435188800     
   339.89755449627268     
   339.53131669043262     
   338.25673947386372     
   336.71397047904367     
   335.15650962556327     
   334.58259875199792     
   334.03216199330740     
   334.02393370314815     
   335.18619239209090     
   331.85780632270985     
   330.10138373378061     
   329.03674695046755     
   328.02282002882566     
   327.71252348966595     
   327.04826530732606     
   326.43146941644545     
   326.34152675532192     
   329.29008666091028     
   334.66800643240077     
   340.23206263588969     
   343.87229664247423     
   342.71254695674230     
   343.02802446797881     
   344.44646407224172     
   346.00957168553117     
   347.72307524218775     
   349.95470013968213     
   349.12754253768054     
   348.21811968862824     
   347.51552010002291     
   347.06721545765606     
   346.37838912329488     
   345.46075869583098     
   345.18985087365661     
   345.42729668487465     
   346.28485283558615     
   346.45394828557914     
   347.47637069160032     
   347.85005026529456     
   348.57994470686424     
   348.58106236206623     
   349.27280269916173     
   350.41429716878218     
   351.40412798548022     
   353.22692829265037     
   355.74785368890127     
   357.92336905281911     
   359.90049841895524     
   360.63146638806455     
   361.02535072749811     
   360.83599317942986     
   360.90542495190726     
   361.70259107717277     
   362.67584015127085     
   363.53947032410497     
   365.24782179204936     
   367.05969675033992     
   366.83361398374376     
   365.61687469156954     
   366.33162554141279     
   365.44986457207256     
   363.72162519641222     
   361.66297804000067     
   361.32785684162383     
   360.04482632375419     
   361.08309944025183     
   362.08857944622156     
   370.01403952192828     
   375.14471349432773     
   374.80677551929858     
   376.93552536908123     
   377.93038558619816     
   381.24653172870563     
   376.99312771764289     
   368.54530990225965     
   368.60175709018478     
   373.50625061166022     
   370.56838565701480     
   364.04596505592400     
   359.15917250168582     
   355.85922282517237     
   355.42413665969417     
   357.96724457423801     
   358.42682153407418     
   357.39231846035102     
   358.24876170070900     
   357.61744171664526     
   354.18980170887920     
   350.99435628172449     
   349.72121972822106     
   348.67303440851128     
   350.82665468195114     
   351.82442087137701     
   353.76688539957746     
   354.97297987435962     
   353.73680837596078     
   354.51114326805197     
   354.79207146885352     
   354.30966766534624     
   351.80850023283455     
   350.81207089179605     
   348.67279733251752     
   348.55608250310138     
   347.15642343042646     
   346.97667738705741     
   346.41029934560692     
   346.97700098263300     
   346.98909396847466     
   346.05605695484388     
   345.70589358019276     
   345.59772921609482     
   345.77753214207360     
   346.05013827403735     
   346.75567600040057     
   346.88203978241273     
   349.00275740553911     
   351.57859713558827     
   354.19995937572418     
   356.06036810650556     
   357.02151739925660     
   360.16368456675019     
   359.03299852720653     
   364.07475094691154     
   358.92453962575735     
   355.66417643063272     
   357.67493697605494     
   358.48788324210381     
   356.70212129616397     
   355.41863224826898     
   353.37376260423525     
   351.73713682283977     
   350.33013317541986     
   346.73762420430205     
   345.29955039983929     
   343.03240421361738     
   340.54772233467975     
   338.03148877459137     
   336.61840059647244     
   336.05216956270539     
   334.57747213728607     
   332.82247957729425     
   331.19988366612000     
   330.16340514389742     
   328.69915399643753     
   327.82119862790609     
   327.24460331666921     
   326.37501344811500     
   326.09109037743548     
   326.10948165783884     
   325.61777230503685     
   324.97954876265072     
   324.41025994259076     
   324.43947279265706     
   324.96942886360642     
   325.33485015509939     
   325.83355147367530     
   325.99582282632571     
   325.92847334647109     
   325.30013387175586     
   325.54001149245391     
   325.61187105587106     
   326.75837582376590     
   332.05684675557472     
   338.20923945036890     
   338.78012356898768     
   342.97223735374564     
   351.94920088221943     
   352.64587551326059     
   352.07410086896937     
   354.41335631443354     
   357.72106517987129     
   351.72085417132877     
   352.02735862724052     
   350.89018694158989     
   345.79349796947719     
   340.83286308452551     
   337.76784716454881     
   335.25334423997521     
   333.42965105413748     
   332.44581672244357     
   331.00248804558726     
   330.56290544058572     
   330.32028664607122     
   329.44968286212566     
   329.01843609468966     
   327.87531227289463     
   327.85223010793879     
   327.48817165939533     
   327.66370935349551     
   326.73024424396289     
   326.38839489301569     
   326.66648823193322     
   326.40070879123408     
   325.01336681777218     
   323.73919648007791     
   323.59496648531183     
   323.25118685075375     
   323.11037346569287     
   322.98310773841206     
   323.18135717103428     
   322.92613282738421     
   322.11516442909709     
   323.13574840681525     
   323.47730784750979     
   322.59796707313956     
   323.83442118896556     
   324.63761656348277     
   325.98170573011242     
   328.10537502586737     
   330.11686466369372     
   333.38681936541605     
   337.97977164291297     
   340.77306016012142     
   342.27458761234266     
   344.24252971713139     
   346.73668351298653     
   350.23002568670472     
   347.33719205845898     
   343.73756292822401     
   344.87551563999790     
   351.38714439870500     
   348.50672446287189     
   348.10874084572441     
   346.25489603003058     
   344.73624823198099     
   344.31085319991109     
   343.02222619588815     
   341.57850569234756     
   340.67590171231149     
   340.64976578635060     
   341.01488027585515     
   339.61575922189189     
   338.62228748873662     
   339.02560400027528     
   340.91195629570632     
   341.30138238035295     
   341.80367751552643     
   341.87595903959777     
   342.59603330668614     
   342.27618627129175     
   343.01424348593065     
   345.35214814980355     
   347.08736845098917     
   348.19301511141384     
   350.43361319502793     
   350.60769966084695     
   349.70244466589560     
   351.16366609865651     
   352.45426232665949     
   349.50342403795827     
   348.09579624205890     
   347.33184375930244     
   345.95259894803212     
   343.78955036545580     
   341.90602207711424     
   343.49500485296545     
   342.51928144285279     
   341.04019772916013     
   342.39847278887834     
   342.48872422251327     
   346.80382393364204     
   351.57319659546414     
   355.28652831773695     
   356.82423528388864     
   357.24800380283722     
   358.71628958285055     
   357.65915992715998     
   357.76715994741505     
   356.62909344210266     
   353.44896372089170     
   349.37834861204328     
   345.21340413894859     
   342.67458876419033     
   340.56142419611854     
   339.33938496322082     
   338.05879213797601     
   336.94858825411012     
   335.74625377058067     
   335.03939504125742     
   334.61175769156853     
   333.63801168409020     
   333.87101267210323     
   332.91946351628843     
   331.93083165183833     
   331.25633600089520     
   330.92272240246137     
   330.60961226780546     
   330.82055864118632     
   332.02758692121677     
   331.37442168424593     
   331.69810406171291     
   331.96069901223558     
   333.82858214605244     
   336.35609833017520     
   338.34835591159487     
   339.63318559322238     
   341.83900527649769     
   342.86944096955096     
   342.64888810909633     
   346.37179243193924     
   348.71880974304105     
   351.96368789163563     
   353.65616802727737     
   355.17769868770870     
   357.35503542702304     
   359.80966131349220     
   360.16247086577232     
   360.33272364609127     
   362.64510903279893     
   365.20329635879750     
   367.00933850360775     
   368.06309008719063     
   369.27043571508233     
   369.43243658172719     
   369.97673367021946     
   371.11740059700276     
   370.82506564874183     
   371.34750794205928     
   371.67868453387729     
   370.66246636789759     
   369.79476313297238     
   369.49237528619852     
   369.19691824786162     
   367.23998293261553     
   362.40287453202330     
   360.09077287960804     
   357.27470836179248     
   356.24344668283203     
   355.52825695436053     
   351.33441616522322     
   347.74241625925890     
   345.70899530774341     
   343.78652991359877     
   341.77404536964275     
   340.27715974748577     
   338.70867658637502     
   337.48698462300621     
   336.53019372261667     
   335.60534889392034     
   334.68515638452607     
   332.95910905962563     
   331.31598664371290     
   330.06402491312042     
   329.24753134127633     
   328.72480427813366     
   328.50187555193236     
   327.85252292378090     
   326.70453743347292     
   326.47959787116889     
   326.26445669622024     
   326.10993159955797     
   326.10857717326002     
   326.61872604182912     
   327.84005306731780     
   331.26546448244568     
   335.86820784497536     
   339.86912837320489     
   343.78311842397301     
   347.88143271604571     
   351.42366096544674     
   349.42409812353696     
   345.91192041017842     
   345.28108334903010     
   345.32883882779771     
   348.29093412461299     
   347.57527908488072     
   345.50152653382031     
   341.16059284399432     
   338.83516301453773     
   335.73865636403428     
   334.77716623944178     
   332.32595468506139     
   329.99676448958468     
   328.55820015457238     
   327.02939035339136     
   325.73421424569540     
   324.13243756053430     
   322.73078296642069     
   321.81085080861629     
   320.76412802123252     
   319.56059191755634     
   318.81147992332421     
   317.78454900828018     
   317.46095563936836     
   317.19511894207221     
   317.25320510823610     
   317.38686769302353     
   317.15345078961644     
   316.17540094228548     
   315.44105365602331     
   314.87540190297375     
   314.22852086838878     
   313.36209891423698     
   312.42107670814391     
   311.49532158500659     
   311.02919485599267     
   311.16523025262893     
   311.03475805749247     
   311.12204210762542     
   310.91492048329070     
   311.53290738855640     
   315.68132706402503     
   320.02084425530597     
   328.52879150213664     
   333.44068123615546     
   339.56488814922579     
   343.64143887763174     
   342.16481244851622     
   344.18256331547173     
   343.36923189886357     
   342.32817343895067     
   341.61383798823158     
   344.88579845514846     
   343.52621430257818     
   341.15115160541842     
   336.69835330232024     
   333.63677149368385     
   331.66786223939960     
   333.13051993641528     
   333.60424917267386     
   332.77378890577808     
   331.99735322252485     
   331.32879632875461     
   330.91966220590979     
   330.75627700132958     
   331.60789937874307     
   331.82334786918904     
   334.78459896387534     
   336.27263623312859     
   336.51431517298732     
   334.65949859638420     
   334.26871220621751     
   334.30852362001554     
   336.00296170670720     
   336.45218955180809     
   337.18873102231555     
   337.49147868164727     
   338.80272223418450     
   340.24548202134355     
   339.80526624993706     
   339.00242778575642     
   339.01053436467924     
   339.71592014176247     
   338.90758440420205     
   339.21474405581176     
   340.68699786784003     
   341.39206533052572     
   342.09988303537369     
   344.27391876494414     
   345.19763908167079     
   345.84825646980266     
   348.22501697036586     
   351.87269401401488     
   353.24430148225878     
   353.63163426978861     
   354.85613551958778     
   357.00502004325131     
   358.83601919396324     
   358.70679421057804     
   358.33044497066481     
   357.36552044560756     
   356.88585313093790     
   356.77754089420182     
   356.82060099963530     
   356.79015567293118     
   357.00854096249952     
   355.72000417925477     
   352.96179352920399     
   350.39287204774342     
   349.71425747516292     
   349.78021778891599     
   349.58475276909189     
   348.77338524955138     
   347.78926718173943     
   346.83290236753601     
   346.86482573843085     
   346.51217450838368     
   345.37888712837810     
   343.34171670165119     
   341.44391350085527     
   339.18340444781768     
   337.04714753716257     
   335.25522273693008     
   334.05664609981523     
   333.35259250284275     
   332.34430471959308     
   330.86460405983740     
   329.85214114297980     
   329.06082908176052     
   328.66993297479991     
   328.09399883032506     
   328.04250643526939     
   328.60105305721396     
   328.32288480924171     
   328.10764130882609     
   328.91630372019864     
   329.66334923060174     
   331.85104080195316     
   335.23998361936424     
   339.28635140642314     
   343.33301222122208     
   346.62457494479446     
   350.47697058092837     
   353.67061589144606     
   354.95132635325211     
   356.31257925762679     
   356.96763247929385     
   352.82420335654768     
   350.38435007024731     
   349.00140782776441     
   348.69370668417611     
   347.80328033174817     
   347.15153437446099     
   348.10148995007188     
   349.09689756226470     
   349.78813204324831     
   350.42208470290558     
   351.77230435854170     
   352.91478106349996     
   353.64157282916807     
   354.39540610490587     
   355.61170222702503     
   357.38818131491274     
   359.20582536226880     
   361.35605418490400     
   364.34252170236067     
   367.98780169533143     
   368.97123628122898     
   368.16377554237891     
   366.89428358580204     
   367.01657875398348     
   366.69553699549641     
   366.44522094767797     
   366.21163620075782     
   363.20430099276336     
   359.65097916729945     
   354.78189589787110     
   351.83981717070753     
   349.44182038128753     
   347.81267756291737     
   347.26654113357120     
   343.40613087677445     
   340.25549108409047     
   340.88994335645839     
   338.21954762288948     
   339.25120034469421     
   340.23959984309289     
   338.27110218453964     
   342.08441930313916     
   342.19095110623795     
   341.80058172519699     
   345.10983731394526     
   346.79982912697790     
   337.93253706757332     
   336.43824886210814     
   334.71290565090061     
   338.61390955584204     
   342.07412464906025     
   338.97540072014175     
   334.48018916085442     
   332.11105200732771     
   330.72110253859643     
   332.62413130373426     
   333.16908584460754     
   332.98923478276305     
   332.93159301421144     
   331.18799444725630     
   328.96080857503802     
   328.08714048964225     
   330.39444969039914     
   332.80379795120461     
   332.12083919849954     
   331.20913754321742     
   331.81787714929339     
   331.71764840544074     
   333.03295251921770     
   333.54227022779139     
   333.85352135873137     
   335.09247446953452     
   335.38436684007786     
   334.47336170193751     
   332.82345669274622     
   332.10670560316657     
   331.66368625931341     
   330.27607553597494     
   328.33016926588260     
   328.49704861759085     
   329.51801839641354     
   331.87179681089737     
   332.18212501814185     
   331.64392184831627     
   331.57532221208930     
   330.78225544312795     
   331.92594603546195     
   332.51719351417557     
   334.29316924403912     
   332.49457459701017     
   330.42125361024313     
   330.66765830314364     
   332.48674742989800     
   330.66981074296115     
   329.98315483890156     
   337.62583833043055     
   336.09353519964685     
   335.23308382552221     
   331.40045293911095     
   328.58710779638801     
   328.50715827676601     
   329.59454777185061     
   331.51495632042327     
   334.09673239990207     
   335.24134314162143     
   334.64678261718740     
   333.75682740703189     
   332.55586391069187     
   331.64043204842227     
   330.90822603463425     
   330.18495451842847     
   330.06582353879895     
   330.08851167440889     
   328.62340566460398     
   327.79486388083529     
   327.56693377170450     
   326.54854572674265     
   325.89873220041278     
   326.57981375773494     
   329.82908756371660     
   332.56756470680898     
   334.64307356050887     
   336.54707323020500     
   339.72902585489214     
   340.17286757031798     
   340.04544276700153     
   340.15198631047252     
   338.45859456449324     
   338.35946218814070     
   335.42810257848106     
   333.55795675490322     
   332.56036844928883     
   331.62700406588033     
   330.91705086743906     
   334.32832231309567     
   336.71807982435325     
   341.35560479713314     
   350.51968472905946     
   348.30689058622471     
   352.73369585097618     
   356.52118829788418     
   356.18178989076864     
   359.48721056564210     
   360.09902855986047     
   355.72424323482898     
   350.21393686023998     
   345.57161475946782     
   343.21667402743304     
   339.86589067954469     
   337.62648988598704     
   337.73362098859053     
   338.75124421606836     
   339.07902337247322     
   338.53821423911114     
   339.05582932062327     
   339.78429569941017     
   339.85151576965416     
   339.55901068637769     
   338.72633223679190     
   337.35170335472458     
   335.80401886455786     
   334.75993462352528     
   333.88238137086938     
   333.34173968814775     
   332.91697841081719     
   332.18190891383284     
   331.42778986485939     
   330.72777793484687     
   329.97727169180774     
   329.81216000184344     
   329.79581685721229     
   328.63923682516094     
   326.55367263027762     
   325.85443404706939     
   326.44805400676773     
   326.87308418080062     
   326.40351735589763     
   326.82036457399465     
   327.38053475573247     
   327.15976120117409     
   326.61885525296054     
   326.44500139289022     
   327.07677991086115     
   328.65252740134173     
   329.20464944448895     
   331.25562148048772     
   336.46309618682801     
   341.29333755290457     
   344.24321265670682     
   342.82973352394345     
   343.12492197735969     
   340.74266947382080     
   344.14534578438338     
   339.27303181573257     
   337.38352433265351     
   336.57595386448969     
   336.36112948362950     
   336.43245812638798     
   337.01138814052996     
   337.18172253445482     
   336.90061389726458     
   331.97193332875099     
   327.12034814400323     
   324.15036895357724     
   324.64100922859740     
   326.38801017248915     
   327.64751139134466     
   328.03286741465138     
   328.92586400113339     
   329.14960068094018     
   328.09267266045941     
   325.27722258283694     
   323.50325703146814     
   322.41186113657108     
   321.34293118834512     
   320.62137553790853     
   320.19914697259617     
   319.93257777382735     
   319.38934809335194     
   318.82933111186946     
   318.07867620777097     
   317.38550433411314     
   315.98268353498059     
   315.51129314319513     
   315.74032375801784     
   316.52576261848009     
   319.56413423896419     
   323.13976653740576     
   324.23114849783985     
   323.37484933499138     
   324.93320091130875     
   324.81219455944398     
   328.75135315496470     
   333.49401597196629     
   342.18335079040639     
   344.42516702470567     
   342.49465169358979     
   346.75933608733482     
   349.82680351235820     
   345.71451907122020     
   347.25791405658873     
   345.97217962222243     
   340.39158879293564     
   337.98195650726041     
   335.12619269556291     
   332.27330818465754     
   330.16607518332620     
   330.74243891423208     
   332.09727868899836     
   331.36494624160559     
   329.47460455740537     
   328.39388046634321     
   328.27877011912005     
   329.26621357238065     
   326.78339040388170     
   324.51759546404730     
   322.41284430451833     
   321.37359943980158     
   320.66645256096842     
   319.74820442315229     
   318.41351052184007     
   317.29809415155853     
   317.81699589529211     
   317.32558774608708     
   316.52614442961834     
   315.61019534774579     
   314.48552844816237     
   313.99508066632029     
   313.98971725437019     
   313.57421178134013     
   312.48692112311551     
   311.79165016122448     
   311.42966259870389     
   311.04412506933994     
   310.80515034161857     
   310.50662833341318     
   310.36832860459924     
   311.14696562554735     
   313.49335420454628     
   318.26993747334291     
   320.86581454124803     
   327.50061269770276     
   327.65467726271606     
   332.66760765733932     
   340.69520645073112     
   344.22272530395594     
   346.98387735161469     
   346.88185968438626     
   346.31948592069938     
   345.71340204590268     
   341.87412489687244     
   337.92287198381587     
   333.83310947262299     
   332.38729967621947     
   331.71379933721772     
   329.22892115611234     
   327.35232435583356     
   327.52447692305026     
   325.14517634771158     
   322.89698038099596     
   321.96356748269403     
   321.49265346788758     
   319.42981931983570     
   317.87398554664662     
   316.97686570654486     
   315.38464287004518     
   314.49039434642810     
   315.12199993928618     
   318.41521078943629     
   319.57293200309704     
   320.18677661539863     
   321.41830708763422     
   322.78843700440797     
   323.61959570592910     
   322.12827816154459     
   322.46637122586543     
   322.80836819778546     
   323.35897953791169     
   323.84387646030433     
   323.93797428923619     
   324.89289642657218     
   325.67668663645287     
   325.69590168956267     
   325.75495823520470     
   326.12754731548665     
   327.29613291449317     
   329.63989001874478     
   331.86785107202525     
   334.01785233367599     
   336.18503285055721     
   337.95737976865013     
   339.33759922811231     
   340.86618075865607     
   341.57702996597277     
   342.74615231360286     
   343.48737514664680     
   343.92464600782824     
   343.72736188420072     
   344.16742280652653     
   344.93994252211320     
   344.90369114285153     
   345.60375361800408     
   346.84547187276985     
   347.53697799562690     
   345.85334807684364     
   345.64876519514650     
   346.63884556412756     
   346.96447507290594     
   346.19631328806639     
   345.40056549764375     
   345.04806889929671     
   345.87125114591538     
   346.36331487816608     
   346.47470655460563     
   345.90703158694430     
   345.30591952038230     
   345.55461274322852     
   347.20324111396167     
   348.23754727456833     
   347.66385873254262     
   347.20361097488376     
   346.12219928741365     
   344.15641630567507     
   343.19433106608898     
   342.41996780145183     
   341.67145263405291     
   341.43003638301485     
   341.23076835399871     
   340.93429501106186     
   339.85243515257844     
   338.57934951278088     
   337.54193349145879     
   337.06820247945882     
   336.36291131550803     
   337.32909247097621     
   340.10023246480273     
   344.22321835285203     
   345.68790217635211     
   347.44374933743882     
   348.44010540870175     
   349.13414569231759     
   349.61933945148752     
   349.97260690879233     
   349.52133055925998     
   348.78755595309138     
   348.08021320275003     
   347.70595273021218     
   347.43869270929127     
   346.69716994071138     
   346.16672430101323     
   345.77692039278634     
   345.58378863080418     
   345.18561588854845     
   344.33716672616731     
   344.61167132292491     
   344.72671441114522     
   344.61557920369319     
   344.65378319424173     
   344.72227978684344     
   344.68849095611012     
   344.70504881358829     
   344.70068760982122     
   344.93651483846236     
   345.61495121117707     
   346.50599703515974     
   346.98022124654693     
   348.36691853063371     
   349.52198548750846     
   350.75752554180116     
   352.85413223151198     
   353.92703050015609     
   354.16654680569940     
   355.37372815102805     
   356.13330362344487     
   356.67129883094975     
   357.61268892317389     
   358.34686177059336     
   359.36971566843567     
   360.26891417993204     
   361.62619851322137     
   362.46555433111399     
   363.28433998362135     
   364.61071536329030     
   366.32749672451791     
   367.79416008705994     
   370.07233588337243     
   371.99220879207280     
   373.98045180178076     
   376.45881655525437     
   383.30572576851409     
   384.28094432564552     
   381.94394448148915     
   380.55429395150907     
   383.09607587295289     
   380.21774399000475     
   377.27490105181721     
   374.70316412793085     
   374.21853543753838     
   373.09799924277218     
   371.72382191642811     
   370.74426187632110     
   369.86748831687760     
   369.34908021871547     
   368.69542197819169     
   367.03899686830079     
   364.94914209317625     
   364.86051243551293     
   364.48809127289240     
   361.93943331869679     
   360.09374077282962     
   359.81102504277169     
   359.26729127490051     
   358.79716401466982     
   357.63558927910003     
   356.50336144582730     
   355.58178205425207     
   355.10917682849657     
   354.84939712206415     
   354.83709615927546     
   354.81207714885443     
   354.07350930543157     
   356.41938539511222     
   358.79153740017273     
   359.67632195340309     
   360.25326113908739     
   359.28467763207135     
   356.76296857644019     
   356.22170459656337     
   355.85102843168914     
   355.96691914438935     
   356.40037081279513     
   356.71878489754607     
   357.62143352183517     
   361.79280539464537     
   367.54594648570378     
   372.88390601910430     
   376.12194862880688     
   378.49721951322960     
   378.96742071422659     
   373.68245860420899     
   374.07015310849687     
   374.83614703492231     
   373.10639049544943     
   371.69725130867255     
   370.54433746146998     
   369.81260528224948     
   369.25640571775097     
   369.03488317820103     
   368.92643516509156     
   368.44251546701076     
   368.35288487894161     
   368.78200520159760     
   369.02329188894089     
   368.81235642644310     
   368.43285320993380     
   368.80747025381868     
   368.29384624839480     
   367.91438200571997     
   367.82941569052537     
   367.94835963636945     
   368.26518187066290     
   368.61554359591901     
   368.59473725766924     
   368.09995355339674     
   367.74526399368392     
   367.22008852586788     
   367.01800368258000     
   366.79428818612371     
   366.46005229535166     
   365.66178050028992     
   364.71170204946463     
   363.76417033712852     
   364.62843894106442     
   364.96034576269528     
   365.07446672723700     
   365.48111317404044     
   365.71541671458431     
   366.32053495811982     
   367.06163585551957     
   367.91251334132909     
   369.22974857730503     
   370.52786755100453     
   371.99010265462107     
   372.13121586806056     
   371.89066424541772     
   372.22437198833273     
   372.03257332386698     
   372.22834732110277     
   371.83645710498519     
   366.79956621070863     
   355.82480104047568     
   350.10304447650509     
   348.58037712101088     
   347.96849136858924     
   347.72945644086514     
   346.98054689964141     
   347.03718294303400     
   346.46297740394084     
   343.08960578275810     
   340.46761937766740     
   338.67083254302059     
   337.58313479456353     
   336.78140421708821     
   335.66335557590628     
   334.98190203403499     
   334.18029163133679     
   333.16135627632917     
   332.85287961127784     
   332.05053603562294     
   331.61846018573698     
   331.80918026972648     
   330.99339933573049     
   330.26980061451826     
   330.03635254076988     
   329.37557065743096     
   328.52764409008716     
   327.39909068445917     
   326.68837688344166     
   326.97224936541699     
   327.22879755648893     
   328.30890612715996     
   330.23949524666659     
   331.19146951695410     
   331.97440757885357     
   333.02244450994817     
   334.30728136566893     
   337.40670112624122     
   339.14331892717991     
   340.78589457723797     
   341.55517037367338     
   342.22980768423059     
   344.64001281266462     
   346.11995973956891     
   346.42399142415968     
   346.88218394420585     
   347.98055345626631     
   348.30708506820309     
   352.11994061315357     
   353.94392130896773     
   351.61844192499370     
   351.36196903549182     
   351.20023597543712     
   350.61006753742220     
   350.44930392922913     
   350.56149042194863     
   351.16557724087022     
   351.43549949673587     
   351.69834065221761     
   352.31138454524410     
   353.03261606606765     
   353.65958266580577     
   354.12482791404892     
   354.62876542024975     
   355.14025571394114     
   355.48135265093219     
   356.49526970331181     
   357.55252016022013     
   358.87988086505135     
   359.55936934238343     
   359.43457627095358     
   358.81359650153536     
   357.75276530265171     
   358.92950319838042     
   358.02872277213419     
   358.43695246580171     
   359.62455428424312     
   359.97579846032778     
   359.48155418748973     
   359.96922886317486     
   358.71226178847945     
   359.79170292162598     
   361.12455386878133     
   361.70085501909648     
   361.74145053451383     
   362.18196039714741     
   362.38827848825713     
   363.17463641090961     
   364.71503888186425     
   366.51047273355488     
   367.67843627866290     
   367.88071322790051     
   368.79554321244530     
   367.73098851022269     
   367.27355675366584     
   366.21022698974343     
   365.25222434285297     
   365.02209618380436     
   365.89254688658571     
   366.93282324557168     
   367.22224056888035     
   366.65256889430890     
   366.38421502823252     
   366.20309349522267     
   366.02813034359400     
   366.37578241397313     
   366.88024625202252     
   367.30755800634739     
   367.44259516334444     
   368.05159898127306     
   368.52784254230522     
   368.66605588057973     
   368.79892007906028     
   369.07077655655092     
   369.47480559143844     
   369.75959930176259     
   369.64064156276152     
   370.03922967150856     
   370.31816248644469     
   370.42577725351453     
   370.50269153256187     
   370.46805565491246     
   370.35158768288795     
   370.26143445827279     
   370.17939437502417     
   370.20931694157844     
   370.14730968385510     
   369.80779985355400     
   369.70493786482905     
   369.51509350913051     
   369.52963021195336     
   369.50971021180908     
   369.58917438271578     
   369.70233818791218     
   370.09714752864807     
   370.71730415068686     
   371.95972738372126     
   373.74540431334776     
   374.29665951593313     
   374.99111045468612     
   375.91550027691039     
   374.87024154924137     
   373.42354938684844     
   371.83162332133446     
   370.05618549305768     
   368.91622187207372     
   368.59635624235784     
   367.97559148184956     
   366.66777803872469     
   365.91179594931242     
   364.93849054851557     
   364.13076275934480     
   363.39527733189300     
   362.84401723590639     
   361.91932948151259     
   361.41318828876979     
   361.05324959925713     
   360.85476311127798     
   360.87752044159953     
   360.79863399799808     
   360.71436474038177     
   360.60918778454004     
   360.51775895988067     
   360.73454442818507     
   360.95317633886094     
   360.87473135953007     
   360.71304457835606     
   360.79114584274589     
   360.91034572826254     
   360.90955327529093     
   360.79900987543687     
   360.58977488041006     
   360.43327039062291     
   360.32935383326895     
   360.10638721692521     
   360.00676585263795     
   360.30191525490903     
   360.30109672715446     
   360.29282646445643     
   360.12698111228588     
   360.05750905016959     
   360.40740488053922     
   361.07791164710903     
   362.09468708887209     
   363.06365356346856     
   363.70823681899236     
   364.40983338653569     
   364.84278023598330     
   364.82141409946894     
   364.77833676712635     
   364.51749505002311     
   364.62847211092452     
   364.49671289851648     
   363.94646954868955     
   363.49263314546977     
   362.77648203524802     
   361.93574664447289     
   361.39183987002036     
   361.06113909395816     
   360.46658351585160     
   359.39851116847450     
   358.35300673368812     
   357.31688773013639     
   356.54562235770675     
   356.19849072429133     
   355.85340423046773     
   355.16884095601426     
   354.34393962859576     
   353.37786320839280     
   353.19068302085935     
   353.70976417913135     
   354.46178737808026     
   354.79538569567450     
   355.15286729831934     
   355.96033507768738     
   356.89277016494589     
   357.19320091923237     
   358.00309805048266     
   358.54181179507924     
   361.73892113121406     
   362.97815549325099     
   361.95615126408819     
   361.04330842554583     
   361.40558161016679     
   360.59044007458664     
   358.78112819416714     
   359.37703164401944     
   359.75440004592161     
   359.01179494580094     
   359.38697235812339     
   359.48097427577659     
   360.17195098881143     
   362.01128872266810     
   361.73272445383287     
   360.63603634803195     
   360.89722311985457     
   361.14343523448400     
   357.75204233412273     
   360.24639679925451     
   360.58083297182867     
   358.11696332297760     
   356.61362100848385     
   352.92435183192748     
   348.49509791539856     
   345.75467671759162     
   344.14436791639963     
   342.99750793889712     
   342.04055011593925     
   341.22444090325342     
   340.79283378385816     
   340.25730540457698     
   339.68626766659469     
   339.19265535535305     
   338.69330166032586     
   337.82682550633706     
   336.80834855308899     
   336.86241558100829     
   336.38351778379416     
   335.48853116270715     
   334.58734838657301     
   333.68288140801610     
   334.27316333906452     
   334.60157071184301     
   334.33282799447926     
   334.07330001751234     
   334.55295154487567     
   335.74658169145408     
   336.34650524098305     
   337.40145900737184     
   337.74555015661576     
   337.70133153533038     
   338.71368256776941     
   340.90634354003026     
   343.90543178691075     
   346.15932723134028     
   347.34427590000467     
   348.60668257318918     
   349.62515273246152     
   350.98022496116181     
   352.34271566483835     
   354.20410766539908     
   357.32578005195472     
   358.66942161578453     
   362.88702827017619     
   358.99059006764548     
   363.01829086911164     
   360.30198804442375     
   360.28293092035130     
   360.63549014751590     
   359.95745698049319     
   359.31581936491693     
   358.22246874614808     
   358.67855545753611     
   358.99260847066716     
   358.80566024727204     
   358.02438226627635     
   356.16658793582991     
   354.87399137791795     
   355.04888154779638     
   354.78999063995968     
   353.54271258058611     
   351.69356652573617     
   348.93496695776815     
   346.70234264210882     
   345.35450076803573     
   344.41095737204495     
   343.62847807818019     
   342.84937123803570     
   342.14677943792520     
   341.97435998819623     
   342.84270953735142     
   343.93741510012779     
   342.45078445039564     
   343.72479986771702     
   341.92668731756498     
   340.14512146368116     
   339.28059806435004     
   338.06115262695255     
   336.77648642315324     
   336.65622230865642     
   339.38116373195214     
   339.72984628988610     
   340.26217005783701     
   341.31908841736265     
   341.57272439543817     
   342.67047077837395     
   343.84476845347518     
   345.16958151861439     
   346.95248476661288     
   349.06832582344350     
   350.80284426120448     
   352.87928669980590     
   353.27664342987794     
   353.09534745854626     
   352.86591558761972     
   353.05385840918728     
   353.04703819823646     
   352.86320517628519     
   352.45421794360618     
   352.63094394107225     
   353.00018760044128     
   354.25061953547805     
   356.42570652391629     
   358.33655598966055     
   359.09564895093536     
   360.38411423052872     
   362.81157237749056     
   364.37951098642520     
   365.37952643156154     
   365.86330472344815     
   366.12742339812121     
   366.45242279289255     
   366.85635066904200     
   366.90341627277388     
   366.80739966306658     
   366.92236618128874     
   366.85710505820282     
   367.03547317005967     
   367.27281913280990     
   367.17143816803662     
   366.72192605316599     
   366.77934603477712     
   367.10565601383632     
   367.34857307242999     
   367.75297093895290     
   368.16664505421613     
   368.18127850967119     
   367.63696700241343     
   367.68181382521357     
   367.86270019329851     
   367.96492098182438     
   368.11870098652452     
   368.17118491000082     
   368.63264834975240     
   369.53355162801370     
   370.86935908108546     
   371.97431670735892     
   373.25056469077947     
   373.01549401043400     
   372.66493877159485     
   372.73385749309745     
   373.29545515829619     
   374.13538854305534     
   374.77367432739140     
   375.01333061546342     
   374.61680145921952     
   374.09297635119583     
   374.10321502336484     
   374.00993822430337     
   373.80431397063347     
   373.57270434388869     
   373.69881831631909     
   373.36525721423737     
   372.98933942890778     
   372.79223648619029     
   373.19416224129253     
   373.65899845173908     
   373.06645103569974     
   372.58881545897754     
   372.92654968831783     
   373.15856438498827     
   373.07273933922409     
   373.07296653870941     
   373.27490772685172     
   373.40676993138783     
   373.08147442054178     
   372.84600317247941     
   372.63468782749021     
   372.51925824666705     
   372.53634742676826     
   372.78446022358224     
   372.87057208379940     
   372.21869414585291     
   371.73372478761632     
   371.39356730698580     
   370.45927873689476     
   368.65672272621691     
   367.03283132561961     
   365.13637061224455     
   363.35554938830160     
   362.50509403577024     
   363.42574458702501     
   366.11993897991198     
   368.21149911902694     
   370.45835651619694     
   370.82574188429180     
   370.21221365001946     
   370.52091827439170     
   370.45216646214811     
   370.64605925369034     
   370.49888532432908     
   369.66112497372177     
   368.43493933335878     
   367.32779055096802     
   366.45440959019646     
   366.11347305564357     
   365.75880390018574     
   365.10769402386080     
   364.32080154058474     
   363.34992224306433     
   361.66307193314771     
   360.17682365185021     
   358.55050835264046     
   357.65706592234693     
   355.59442396006096     
   352.25045872082671     
   349.44126339510456     
   347.71713857102515     
   346.33039766382797     
   344.85889824304627     
   344.33120397844255     
   343.02726984201030     
   341.46855026149626     
   340.15583376652575     
   339.50653246789091     
   340.65584556334124     
   338.54356720579563     
   337.03537618428896     
   337.30711192467083     
   338.09596118986303     
   339.64756040535730     
   337.96669479579975     
   338.22924569812659     
   337.26508570085645     
   334.38068077309651     
   332.38954334562629     
   331.24339549917335     
   330.83606789569757     
   330.65188463677202     
   330.82793452252122     
   332.76772827090372     
   337.27553052679053     
   338.56405952374524     
   338.99758567032444     
   344.85423186780605     
   348.52287275821760     
   348.68470607499404     
   352.32323632944934     
   346.55604063337370     
   342.64731096608745     
   340.54423077177285     
   340.03975494029896     
   338.80481953465022     
   335.94275722620262     
   334.50296982652151     
   336.10955269430434     
   336.83352184775862     
   335.71730761469144     
   333.30820886469064     
   334.18110787691523     
   333.81281617764643     
   333.59707819673116     
   334.27703006841773     
   335.24801536510000     
   337.22860870364474     
   337.60201286622436     
   337.63731532687416     
   339.13154644670146     
   340.94381293990665     
   342.10767564659392     
   345.00771468320119     
   346.96023059938170     
   348.47485933010751     
   350.60155235505573     
   352.26883727595674     
   354.28150461552696     
   356.87254465185657     
   358.63352817658756     
   361.32224110963097     
   363.21095792346472     
   364.15228397778822     
   365.19977083933009     
   365.60119347745353     
   365.96641064671229     
   366.55710046024382     
   367.41033408503938     
   368.28952154448342     
   368.98043313552461     
   369.51771755831805     
   370.41488457927630     
   370.84071957758539     
   369.54680690310391     
   360.69941161313352     
   354.46140228888913     
   353.97844321476725     
   358.24872779704128     
   358.42967190155088     
   362.99589549863725     
   361.97893481569378     
   355.37199959599667     
   351.51729064882068     
   346.83509957654468     
   343.68993357979252     
   341.94398684130954     
   340.68850923952760     
   339.97450272760682     
   338.83319663495325     
   337.98133977210426     
   337.74099170800162     
   337.82900506398801     
   338.30274706770501     
   339.43000795994209     
   340.15690205285136     
   340.75956445399794     
   341.29760954863241     
   342.17370791585222     
   339.62418880249146     
   337.84701828061264     
   336.48825039983780     
   335.81525846481458     
   335.37342049441264     
   334.04803241468079     
   333.20358647418072     
   333.06905123859190     
   332.86007559998660     
   332.35712026299393     
   331.89883190947785     
   331.81783450013671     
   332.24497162019333     
   332.86633287141007     
   333.23590276272205     
   333.49114193961469     
   333.07134439512237     
   332.38461383230845     
   331.70837460255058     
   333.13594780160201     
   338.68623017953956     
   343.01868870959305     
   345.75280290966987     
   348.18565414226191     
   350.18314813500564     
   351.60625709420685     
   352.49492938191884     
   353.94830907532582     
   353.99111961927611     
   354.45532022673558     
   354.24615710154450     
   353.78477432911757     
   354.11283790219670     
   354.37682442580433     
   354.29062720070226     
   355.18387857712275     
   355.72672053055084     
   355.97716630388106     
   356.24158871320435     
   356.12719503240567     
   355.93545219491773     
   355.83219868157869     
   356.21548333517597     
   356.58586807612841     
   356.77270254954840     
   356.69737331728703     
   357.47636687413234     
   358.29207823375435     
   358.84130051677522     
   359.00026487738359     
   359.39196581999664     
   360.71443434875988     
   361.79820078754472     
   362.29153598140090     
   362.58989153478814     
   363.16515620636557     
   363.48517264161814     
   363.59639372910078     
   362.70138475016364     
   363.24741362450601     
   363.58135693838716     
   364.49243399251094     
   364.29451084918480     
   362.07927609723191     
   359.28809385954111     
   360.08266751077844     
   359.39538159638391     
   356.30394735551818     
   356.52778565494685     
   355.94433590532617     
   355.57258041912655     
   354.94515278259206     
   354.59308239735429     
   357.97629849802996     
   362.71253471831977     
   363.09763420216052     
   364.62645794421297     
   361.91398912328930     
   357.15301631189249     
   356.25100312440100     
   354.73145787183097     
   353.02370836115989     
   351.01934912946695     
   348.04985145902424     
   347.27733486340060     
   347.80810897678771     
   348.91460447368081     
   346.18094311950591     
   343.51452643577625     
   342.25144635190151     
   342.45779805549205     
   344.39240054179334     
   345.21432729320782     
   346.66182359108728     
   346.61716398261530     
   344.64428076543180     
   342.48017487734438     
   341.43316755618133     
   342.19754706372646     
   343.18099874949991     
   341.69095904336848     
   339.75758641375927     
   338.88122580768788     
   336.23309600446720     
   334.78418548469506     
   333.37717641737163     
   332.29775109402868     
   331.83973542225544     
   330.51648342996816     
   329.63626233516322     
   329.32753299477162     
   328.72596552797660     
   328.38994705451256     
   329.00915790919231     
   329.61818602038528     
   330.65982163706752     
   331.96095023195699     
   335.73229974755998     
   342.14049704431426     
   347.10254430376847     
   352.85894501146572     
   359.14409897191069     
   362.41489747679162     
   359.89116417497689     
   359.90672817085272     
   359.59953371215568     
   359.21197245324328     
   358.20308906128741     
   356.82626962636522     
   355.86479168401121     
   355.59219891031347     
   356.09568894669474     
   356.26630896245820     
   355.57479149518969     
   354.37698360335878     
   353.73644175349773     
   353.65717498247648     
   354.65645401997602     
   356.49899527500554     
   358.20825697597223     
   359.32845050822277     
   360.12529631148067     
   360.03459237464045     
   360.69529641488197     
   361.52679733239012     
   361.91591316683275     
   362.23080162723193     
   362.52660343580192     
   362.34565063395564     
   362.36795462135120     
   362.11843227287363     
   361.77789706735689     
   362.63609756558412     
   362.24314839215339     
   360.33382778420111     
   358.08277396252794     
   359.07576091193943     
   359.75998925152561     
   357.48370177383458     
   355.61215493188513     
   351.54831294656020     
   348.58791919434208     
   347.98191289488994     
   347.38891580836599     
   350.72760225161824     
   349.75109390379390     
   352.18297570643080     
   358.11337368506707     
   356.78282201124523     
   357.69929277330817     
   364.74902948485760     
   365.35540240921318     
   366.27029443648178     
   363.12181838988494     
   363.14345255848843     
   364.93960037082280     
   359.58481839536984     
   355.79820595452884     
   354.61565335103029     
   354.20594160512218     
   353.23441318885767     
   353.03642920232414     
   352.53689649787873     
   352.43191385952605     
   352.26680384528498     
   351.87743062542324     
   351.68516128891008     
   351.67695631578175     
   351.77553133845066     
   351.58242893235831     
   351.63844060247453     
   351.91999938309624     
   352.28029542234214     
   352.27584066833219     
   352.35251910064721     
   352.51234538960625     
   352.34261663245826     
   352.22864287281459     
   352.30843608152634     
   352.40698654954457     
   352.28979045894857     
   352.07510606919146     
   351.91652656056061     
   351.97272049331355     
   351.95637189500144     
   351.67960472393645     
   351.90916297466799     
   351.98034006853703     
   351.93598298857597     
   351.93100451100668     
   351.86828251852108     
   352.22316796906779     
   353.53609086939565     
   354.73400601007882     
   354.94153559733974     
   356.53409799167281     
   357.85499397408176     
   361.23475739308850     
   363.44644404509336     
   364.64088270443898     
   369.42411543168839     
   369.05650989241400     
   367.31689584272067     
   366.94265476664526     
   366.09534201798652     
   362.97596832860643     
   360.13119239526719     
   361.13618371219206     
   361.17890956553470     
   360.58500730701957     
   359.22885300762090     
   359.07038259965674     
   359.30180069843141     
   359.54437089966194     
   357.79041179904249     
   357.96313784665853     
   359.64144113798744     
   361.31738259941864     
   362.23649810469874     
   360.31756826088775     
   356.87764885934007     
   355.65894387243287     
   357.76591415190046     
   358.82746237993501     
   358.98326818788422     
   358.74164093308798     
   358.73440166660976     
   358.79290482341008     
   358.98900958840971     
   359.15184053113910     
   359.32040246016351     
   359.36931172610525     
   359.08992506730419     
   359.55172446491127     
   360.20813112894592     
   360.62246511520163     
   360.79503176648899     
   361.08856721473546     
   361.00817373594583     
   361.85300769864119     
   364.09276303650182     
   366.52608156632692     
   373.53332937524755     
   371.10854753050398     
   371.02126291396854     
   373.16586845354840     
   372.09008586793868     
   372.42638149223978     
   372.30680460940431     
   374.95204944423574     
   372.87541498957142     
   372.47312834154184     
   370.97885414143929     
   369.05808551273117     
   365.79104966415940     
   364.94691936096831     
   361.58218184395514     
   363.10956919900025     
   363.15751184772768     
   362.36813315472614     
   361.23140303095431     
   361.16292775500506     
   361.14851898896808     
   361.00253524385414     
   361.48402203969891     
   362.06107703214309     
   362.43572968401469     
   362.69181929741256     
   362.77355275584557     
   362.86267952005352     
   363.08456753235828     
   363.08568124923107     
   362.88532609721636     
   362.81957416504116     
   362.51559365232623     
   362.43856012399630     
   362.30352804214272     
   362.15862855265624     
   362.08125209213529     
   362.16233146718895     
   362.28464124536458     
   362.29413998998035     
   362.22181253087996     
   361.09930208452329     
   360.49373148273719     
   361.50234483698182     
   361.55410968640246     
   361.98366246809042     
   363.36860739815296     
   365.39214254408165     
   366.43172596998653     
   367.51276995439235     
   370.17241778448033     
   371.23748138439532     
   371.17000716792148     
   372.04953449411443     
   372.84934330123218     
   379.02730712271193     
   374.81826813739366     
   371.27336720405771     
   369.97369083998490     
   368.90318429668230     
   367.70890628113705     
   366.19454786899513     
   364.99312578157316     
   364.08062836563943     
   362.92021588891237     
   361.79639552012316     
   360.64591172009364     
   360.33360730356424     
   356.54846837826096     
   355.86424980692055     
   354.92781019211657     
   355.29415308562466     
   356.00643579654638     
   356.74688525669228     
   355.34563083065626     
   353.93321944414492     
   350.56102123082002     
   348.39374525146110     
   347.56954339152151     
   346.89556145043412     
   348.56474910556977     
   347.42724438173553     
   345.89222495539491     
   345.31318086525124     
   346.56587950130319     
   347.53087555126183     
   348.96795217689242     
   349.97169875289057     
   349.85393645266646     
   351.62999218459026     
   353.49966720768020     
   352.46990713584751     
   352.17558501843934     
   353.78120986146757     
   358.01511411775499     
   360.90591947654985     
   362.64152865611709     
   363.49301185648812     
   364.15570937945154     
   364.66035408757057     
   365.70963143896381     
   366.40580675822707     
   367.89118474405768     
   367.94286763279950     
   367.93045526607511     
   367.96494907890201     
   365.66635965774805     
   365.14794371158126     
   365.01133096335479     
   364.73645193357993     
   364.30203840054224     
   363.68992198153705     
   362.35276913731030     
   362.00720161151492     
   361.60965985729871     
   360.76823495630777     
   361.12642462904785     
   359.51153877956079     
   355.39696067986034     
   352.92434099715524     
   352.47837805416981     
   351.92281412794102     
   351.19858622190594     
   351.52801980503853     
   354.95369279650822     
   355.44257699037274     
   354.08243046996262     
   353.08074083686603     
   353.72919881292449     
   356.42167213609457     
   359.14471068258979     
   359.72180120978459     
   359.65764759431505     
   359.70767746937935     
   359.80585336136693     
   360.20498623666060     
   360.76836157941170     
   361.10383034653660     
   361.56106011619022     
   362.21218515614476     
   362.78086815279511     
   363.57847026042242     
   365.15647784694795     
   366.69966145170378     
   368.03170345533289     
   369.51438317379831     
   373.41067639832096     
   374.10546303476571     
   373.67078888705737     
   374.33374592629383     
   374.88104519078229     
   375.04810785763544     
   373.97539637989092     
   372.15289228440281     
   366.29346697130165     
   362.07266151793880     
   357.74811630238685     
   354.66984829490821     
   352.68438466957184     
   350.60363559376611     
   347.80132865917409     
   345.44844761180156     
   343.79504263008857     
   342.74437458257273     
   341.28767104435008     
   340.25517044191128     
   338.30865119749222     
   336.49079900116749     
   335.23594615196009     
   334.10323653368090     
   332.35637824704907     
   331.21417591168063     
   329.48107799420706     
   328.17499568502876     
   327.18271977407323     
   326.65816433063543     
   325.72050913317844     
   325.42826395420337     
   324.99692865485838     
   324.59985673639426     
   325.07393839358940     
   323.47792214049122     
   322.49820550982071     
   321.38453411427724     
   320.60072327918573     
   319.94026438452619     
   319.68134307196522     
   319.47496112181551     
   319.49237378889893     
   321.46455072526629     
   325.30670994311885     
   330.37237212847094     
   338.67789123452957     
   340.10054741918435     
   344.35076618304134     
   346.64860546054217     
   347.78969848907911     
   354.62405951829351     
   355.24264140193748     
   354.36691351175631     
   352.10481860069473     
   349.95558236562482     
   345.27139931030570     
   341.27938507349836     
   337.36675923403709     
   334.97672148500129     
   333.09617563826356     
   331.27838720229425     
   328.91540456341517     
   327.04168039742007     
   325.24667653156689     
   323.81177898844612     
   322.72312067727717     
   321.76024073572489     
   320.86658661062478     
   319.85787040254388     
   318.27575563063237     
   316.62014797521789     
   316.42796710962091     
   317.11530928052025     
   316.08040757067823     
   314.90326052690313     
   314.29322597487106     
   314.58466844514061     
   313.91696293434444     
   313.18350995252695     
   312.57216853029564     
   312.30772571013324     
   311.51821897078543     
   311.08307695600928     
   310.96666122900848     
   310.12029233459117     
   309.42781505665801     
   309.35498758009624     
   309.05876575050047     
   308.65794048570757     
   308.53678185112221     
   310.64097395340724     
   314.05240023434050     
   319.02912256746424     
   325.14055119150743     
   330.91398287788024     
   335.01997547914050     
   338.54727878881170     
   344.57071637009398     
   347.23502170821797     
   348.21640238271129     
   347.65912997125434     
   348.22574443904449     
   345.41564127918525     
   340.96479900800978     
   340.09491956766294     
   336.22525824724835     
   331.56010665774835     
   328.97671223001049     
   326.81343263891279     
   324.48678845016610     
   322.93108678047054     
   321.60296160285969     
   320.56378852061363     
   320.10592850461944     
   320.19315732750954     
   319.66858076557548     
   318.79192647619050     
   318.15314152960082     
   317.87931471734504     
   317.12717390218188     
   319.39373746545840     
   320.94146887524801     
   322.09741892339667     
   322.33746476123753     
   321.53009996100070     
   321.59224908549345     
   322.66251834921746     
   323.90852928577578     
   324.64497257479258     
   324.58284843621681     
   324.07259220466949     
   322.50506688296315     
   321.66671512033173     
   320.78696020913839     
   318.59401612400842     
   317.16441365656061     
   316.03999715347607     
   315.60711891393180     
   317.37813347807139     
   321.30472558786403     
   324.75152555282028     
   329.57345523155993     
   334.78537316460637     
   339.73785641017668     
   343.40082512130493     
   346.36476041522951     
   348.62336540914856     
   350.02969367479807     
   350.15742445899343     
   348.20583040219316     
   345.63102062791302     
   342.74042044114213     
   338.75969255324003     
   333.52281171226537     
   330.19400351259600     
   327.58364799965398     
   325.23152009674982     
   323.42499916903415     
   322.51496484619753     
   321.12547429927145     
   319.64811589775212     
   318.53681696421097     
   317.80996675394584     
   317.32303632843144     
   316.93023361015122     
   315.88073502528732     
   314.64006596237215     
   313.99131663632056     
   313.38999526784590     
   312.98268690841485     
   312.46104227910217     
   312.37426608944264     
   312.09870093732064     
   311.34975788290814     
   310.69972955356735     
   308.94952593318072     
   307.96989688202592     
   307.32218832737516     
   307.09135750608516     
   307.06673132920184     
   306.70838091285628     
   306.43823802123154     
   305.92277994610475     
   305.69347533417732     
   305.64194358291456     
   305.74806115310747     
   308.21585290085824     
   311.54391541090797     
   315.32784104160248     
   320.55368569711385     
   326.37541810832346     
   332.05661017219433     
   338.19569494859519     
   341.95711269138820     
   344.60830913680337     
   346.39113656771707     
   347.63857127518276     
   346.95595506380937     
   344.87823223065681     
   341.68061157224423     
   337.32884603231338     
   332.34354177224787     
   329.29989785986783     
   327.05589463700886     
   324.95180157098787     
   323.29849233668040     
   322.45236772141391     
   321.44275367315294     
   319.58658488841371     
   318.32884209678849     
   317.41714533145711     
   316.09723213523461     
   314.37946423885660     
   314.24443682251160     
   313.24191526677947     
   312.42994975166823     
   311.62264542119777     
   311.78985485133018     
   311.15993375825497     
   310.83099470737324     
   310.58225659249939     
   310.74429626371864     
   310.07070516119785     
   307.71796333400005     
   306.13862775321252     
   305.05446185880407     
   304.44442810959555     
   305.66795666991550     
   306.91918176315193     
   307.37869149805971     
   303.32507426262129     
   300.70464221527141     
   303.24861640586306     
   305.20523213786385     
   307.85488757077343     
   311.99933089112346     
   314.97066179351231     
   317.90533341301636     
   320.48628980244285     
   323.36017582506275     
   327.03458440423549     
   331.70281168584796     
   336.65250597472425     
   339.90347692570310     
   342.62625858876766     
   343.19892264097984     
   342.43023710386359     
   341.32719519220677     
   338.25970988618587     
   336.54377657741156     
   333.08098581801420     
   329.04485871000571     
   326.53857035122837     
   324.76131891335069     
   324.25078337980904     
   323.83171225799299     
   322.99306847257316     
   322.35733490600722     
   321.52092398619374     
   321.04807996363974     
   321.37522554643749     
   322.24373042204451     
   323.82881396581723     
   326.30019073234570     
   330.18884885332079     
   333.13927769130765     
   335.15392290824389     
   338.24894376766559     
   339.19824706059131     
   340.52525380622711     
   342.49527405421429     
   344.28168589748020     
   346.10106756487471     
   346.88580388249818     
   346.88974727945327     
   348.23719904874326     
   349.92514683281507     
   351.59358397681984     
   353.55221161742548     
   355.59323190109995     
   356.54386916356577     
   357.50400775254343     
   359.63779614055369     
   361.00797759080666     
   363.16048384097417     
   364.19329115792959     
   365.00647613007089     
   366.63073993901810     
   369.49952681389493     
   370.32406274110468     
   370.81366542238987     
   369.54335183161811     
   369.05660564967968     
   370.37919824277145     
   370.97741655506923     
   370.93748662029202     
   370.06945798219192     
   368.90309474548349     
   367.91746264288543     
   367.20896968964001     
   366.41737298719124     
   365.44200071663715     
   364.87923313741419     
   364.82438188820123     
   365.12890884288191     
   365.16304080707158     
   365.45219748550960     
   365.82799192869481     
   366.19059214270322     
   366.46366527813410     
   366.06921794477438     
   365.15112768398836     
   364.11669804083220     
   362.24463124932493     
   361.49830778669570     
   361.41419823970216     
   361.52581641476741     
   361.48720094425306     
   361.67535211962854     
   362.99589598720081     
   364.44419334045716     
   365.79196607284911     
   366.57587932491839     
   368.71987187449400     
   370.33695622266714     
   370.91205992164032     
   370.66276245322388     
   370.02138421598920     
   366.07978889478943     
   359.95851235289740     
   358.54438540902140     
   359.29968281877876     
   361.49003863068947     
   363.74162902500944     
   366.44984038179678     
   368.32804304812390     
   367.70854480313659     
   366.58439349723534     
   369.94878248695403     
   368.18627725980662     
   367.78946870657438     
   364.73725716894700     
   362.23894982014491     
   360.76711685289746     
   357.48531239479547     
   353.54946294622545     
   355.21427361588354     
   353.39168517583693     
   350.80686794711283     
   348.20093539549225     
   346.87642187815663     
   347.78379588093605     
   345.61944955929067     
   345.14395612604733     
   344.29196260787722     
   342.94082592984461     
   345.31724837656486     
   343.16415296725410     
   340.49952339540249     
   339.91926043802943     
   341.66170929647376     
   342.36964709930919     
   341.33435225311274     
   341.39930698236293     
   341.81770385923994     
   340.84814053965891     
   339.76336629955648     
   340.39687125860320     
   340.07215533613441     
   340.72280696022852     
   341.47226937448204     
   341.25375697747324     
   342.38195895268530     
   344.05660526335612     
   344.59669014899589     
   344.94873566124983     
   347.29955589220020     
   349.29194126216544     
   350.86347634703560     
   352.20697936133325     
   354.34038920674868     
   355.63273429012213     
   356.97113136659550     
   358.58175042620951     
   360.80234124074303     
   363.41737311134108     
   361.63439925320671     
   360.63516400123979     
   360.48076626137919     
   360.48675892282478     
   360.43030932304072     
   359.84391734013701     
   359.16457488625281     
   357.65976275273658     
   356.25288029383614     
   355.03487356089425     
   353.88370459130584     
   352.99142965028534     
   352.20368130190150     
   352.32444265750752     
   352.45599914002054     
   353.82741472863904     
   354.60412323789387     
   355.57058839341136     
   357.10308987225096     
   358.72681546273202     
   359.81110665425058     
   360.85480225631176     
   361.39364660120799     
   361.53268078365693     
   362.25523479282214     
   362.65122519994287     
   363.11086821457786     
   363.76403534180980     
   364.79159169974514     
   365.32823989950953     
   365.18111527367785     
   364.75579438609009     
   364.40676621142222     
   362.99653626301534     
   362.66532321666870     
   360.99178865215634     
   359.13913799321040     
   360.58251921046860     
   364.06397062948594     
   364.93803734124856     
   364.66083730654054     
   365.82267333643370     
   369.51738539075689     
   373.86388259408881     
   374.83835450593654     
   377.32392648444403     
   376.73425849465997     
   382.19250005740275     
   383.49147007304367     
   374.45514283682434     
   368.83925340727205     
   368.15225890103829     
   366.25392070799381     
   364.27500972824919     
   362.74435361974116     
   361.24268444210173     
   360.08310214733024     
   358.37902085269280     
   354.36763312492292     
   352.81640098170539     
   352.14661479523846     
   352.86751692636727     
   354.41992550351154     
   352.55319790667772     
   351.62606157960852     
   351.77987641997765     
   351.21937893304937     
   351.49775460137795     
   350.57191857676929     
   350.62479158466670     
   350.58482503941661     
   349.96653941382067     
   347.78083584096390     
   345.64379807916913     
   343.63497468946156     
   342.28644230973748     
   341.03547108392405     
   340.62037596638555     
   340.63243444376025     
   341.90440660908058     
   345.12735207172142     
   348.10755708768130     
   347.53914077450463     
   346.95844677145578     
   348.30352831057360     
   351.81522529028922     
   353.42925096002307     
   354.14490886539772     
   354.87668161623083     
   357.02534377945705     
   364.05527854447854     
   367.08257108108734     
   370.49655159206662     
   373.62327245876702     
   378.97094794570461     
   377.46955284679677     
   379.31867484978687     
   377.53550296442126     
   373.55809730412585     
   373.83064443877328     
   373.63743742234203     
   370.63394110632458     
   366.04252413346444     
   363.37310186479692     
   359.71726636052688     
   355.12965537376090     
   352.34783408138657     
   349.79755948898941     
   348.02699185456845     
   346.68249198604207     
   344.65876348396688     
   343.00484826438247     
   341.23647104463959     
   339.67227239105398     
   339.23886545403337     
   337.94478914306899     
   337.16413676676899     
   338.29180050670629     
   339.50859212892050     
   339.57991445211582     
   339.44006780565496     
   340.28428130684739     
   340.77023620397773     
   341.46000140821235     
   342.06211497154055     
   342.47132580379122     
   342.75859258408434     
   342.73392539477521     
   341.84184959621399     
   340.03608714937849     
   338.87001722443296     
   336.22639798245558     
   335.04249186566705     
   336.27689934159838     
   337.84562584143021     
   339.11329851766465     
   340.59843743266902     
   342.44819233513016     
   344.95843076881130     
   347.83491008814354     
   350.02479500820004     
   351.98892060640526     
   354.58985478290305     
   356.59575318584092     
   357.36012746579263     
   366.44948125020090     
   364.26684275439601     
   359.19510154507861     
   356.08367484953635     
   354.95380242570849     
   355.13135275700267     
   353.46474519413192     
   352.17143917610917     
   350.02356992711515     
   347.65877912171408     
   345.74349197997094     
   344.06327014197592     
   341.66067129529324     
   339.92957621398187     
   338.64647967673130     
   337.81752590900822     
   337.08347848217954     
   336.18640631927855     
   334.89664635615452     
   333.34197067767457     
   332.34507435345705     
   331.44836819534152     
   330.66333930100114     
   330.24173726823926     
   329.47038892747736     
   329.01006469544546     
   328.89654827582950     
   329.18262477549882     
   330.98209995782673     
   332.86210864489215     
   334.22312615079954     
   334.75460953431002     
   335.41631355660468     
   336.17181446532055     
   337.53707121481960     
   338.97120553909213     
   340.15346948867284     
   341.14125525109978     
   341.94326248817458     
   342.74189590772534     
   344.26455514071415     
   347.52982248854266     
   350.41496801272427     
   353.32475892105020     
   355.21633949849661     
   357.67430697719362     
   361.14574492862351     
   364.33101163670284     
   365.33721633803412     
   365.97816343862507     
   366.92097803539139     
   367.27721614229057     
   367.05891993495862     
   366.73185297109774     
   365.90126477145583     
   364.57793775514932     
   364.60187807963030     
   364.43902145291867     
   363.83776924403264     
   363.66388845871944     
   363.26871950850159     
   362.69519077682389     
   362.68095053419717     
   362.39536447145383     
   362.54589077091907     
   362.65999422573952     
   362.95031113084497     
   362.88749373270298     
   362.87840499308226     
   362.80641771331835     
   362.78621948631229     
   362.65642267597423     
   362.32887222209098     
   362.03883661737979     
   361.07594520113958     
   360.12525695416946     
   359.47839511051097     
   357.94948137914940     
   357.54466686775152     
   357.60930097451165     
   357.40721567966642     
   357.39626890739629     
   357.39497760355368     
   357.22354651599738     
   357.01191697606419     
   356.96746849592461     
   357.28653999729119     
   358.10242157994770     
   358.95171313423680     
   360.03563424780089     
   361.74156388033458     
   362.30369231467773     
   364.19652775918286     
   365.77535104839450     
   368.23699248578646     
   367.90918548782679     
   368.04317945810647     
   368.12791262112233     
   366.54116662349952     
   366.64631791502745     
   365.65518779699408     
   365.15318883707459     
   364.46510706375250     
   363.75981438836982     
   362.98733475450206     
   362.08189672427670     
   361.35217697985337     
   358.92457961563451     
   358.74248433917626     
   359.04861473446545     
   359.21456818905727     
   358.45901776497101     
   357.87903308066694     
   358.13486594190539     
   359.04778521927682     
   358.09786440072588     
   357.02306547587608     
   358.74510589115943     
   356.86625024896688     
   357.81756546509234     
   357.21995452732165     
   352.48983065687685     
   350.28045113806974     
   349.48865959658298     
   348.56432753656338     
   348.27243548728779     
   348.24815993532258     
   348.20130398400278     
   348.08010315336651     
   347.20347666434009     
   346.94864368562986     
   346.29708575857859     
   345.52266708976549     
   344.26110067344962     
   342.96248404851053     
   344.10719394276470     
   346.11564059119434     
   348.31762676374188     
   352.91963620185862     
   354.27564681362867     
   357.30316261702478     
   356.13824106595678     
   354.95828340183806     
   350.28469408496329     
   353.53444016267781     
   350.18252504504107     
   353.24911780156151     
   353.51963108960939     
   353.11099462811347     
   349.52392832641152     
   348.18416414279022     
   347.54205646384668     
   344.62301614032981     
   343.53430509737666     
   341.75084442803973     
   342.40426424002493     
   337.31192821438020     
   333.05804219846260     
   328.79859135161479     
   327.45327981436049     
   326.96984945275534     
   326.56077869139813     
   326.45991473085712     
   326.78180328510877     
   327.08359822517639     
   326.88800692287589     
   327.09412648120343     
   328.06280852529039     
   328.34443478299715     
   330.12294332193488     
   329.94977467630076     
   328.57572185025668     
   327.29573265798058     
   326.21608787323942     
   325.75517187571046     
   325.51783382698972     
   325.46945157652073     
   325.07644471913318     
   324.60220479426573     
   323.71374833201855     
   323.10372186783655     
   322.71803233236574     
   323.30790600235451     
   325.98222114358288     
   330.63793502704726     
   336.72854211631727     
   342.62840333038156     
   348.35759523353687     
   353.43401560496346     
   357.32249801761373     
   359.93231606468208     
   362.26759193663759     
   363.41161661916402     
   362.93891994769223     
   361.45653890050886     
   361.03501807124707     
   353.91274802825865     
   349.81196626238369     
   343.98029566201228     
   342.50205700623485     
   339.99254182910749     
   337.03724946870318     
   335.18612031497719     
   334.29473569110888     
   335.90760245645970     
   336.11521410438633     
   333.24388285563435     
   333.73186974352029     
   336.20894946590215     
   336.95101757255907     
   336.96024307617415     
   336.84187001544103     
   337.32930628552793     
   337.50514673767293     
   337.35984949633860     
   337.41563741418810     
   336.33411788244837     
   335.45613884226282     
   335.13905594202976     
   334.90830477326796     
   334.26836718833835     
   333.65296110757566     
   333.54562593754980     
   333.88144127470969     
   334.03453059852473     
   333.67097041957089     
   331.96065640543884     
   330.88540732172663     
   330.93039762896677     
   331.59738783884274     
   332.50025120124837     
   331.23313621803231     
   333.86908933354323     
   337.54351627886916     
   343.72824691101448     
   343.72246640746863     
   347.09371547003531     
   346.38137972963369     
   355.40475235604708     
   355.70367204894006     
   354.10436432148913     
   354.76281025882867     
   356.26170731763335     
   355.65574128782407     
   347.35505519795510     
   342.92383154374971     
   340.72352957769573     
   338.21828482122316     
   336.60945002864287     
   334.89554736464459     
   334.09245425887127     
   332.79843504747845     
   333.11226391935293     
   334.28354333105830     
   333.02668628082495     
   333.49713427056673     
   331.64996035094322     
   331.70663050667292     
   330.91249007227617     
   329.19857545580430     
   326.64656183122480     
   324.86174234238501     
   323.38686012607411     
   323.77625021451524     
   324.08412129357663     
   323.37650056049296     
   323.65188302866852     
   324.12660095009659     
   323.03805114189413     
   322.22100248697865     
   321.93239563071847     
   321.60207239111816     
   321.84860109244880     
   322.23682691103772     
   324.38266422187758     
   325.56198913431888     
   325.77286798167069     
   325.64263375501747     
   325.74559631261735     
   326.12904229994422     
   327.13960526409414     
   328.95587778197677     
   330.81824622878992     
   332.60637417029949     
   334.23991926269116     
   335.22746319236120     
   336.50158923947765     
   337.06913464849009     
   337.49710902186308     
   338.08015376116083     
   338.36959892508327     
   337.70677956605022     
   336.98239429029621     
   335.75118022227321     
   334.50675951747746     
   334.03640816947427     
   333.61642284834937     
   333.20405040385856     
   332.92568046561246     
   331.86647960482787     
   330.97875876373143     
   330.56809745177321     
   330.01425962031192     
   329.59914781834050     
   329.34750697539425     
   329.47386267921581     
   328.92901436695701     
   329.22615162842544     
   329.04203805647239     
   328.31571973915271     
   327.90750909246378     
   327.71624046843800     
   327.49521722288483     
   327.25814540588874     
   326.96663681564650     
   326.70168900008707     
   326.58015150015507     
   326.24776036468228     
   325.92132666825000     
   325.29949456777098     
   324.78544404324583     
   324.41661373776185     
   324.42049669252680     
   324.00385880904633     
   323.80360608690239     
   323.64285016461019     
   323.82255083343045     
   324.50268823968531     
   325.26546586209702     
   326.93953605372440     
   328.46649304192402     
   330.32882254396941     
   334.34398535988748     
   337.63128874489320     
   342.36866976545889     
   344.10872882219991     
   342.29412949812496     
   340.54399011242100     
   340.55936620755034     
   339.28824602022758     
   337.36248579783989     
   333.03000062616559     
   329.27528120252043     
   326.41403052584923     
   324.46142675377462     
   321.16834781142569     
   318.53333468679654     
   316.94280638055051     
   315.77386806682767     
   315.37626906632659     
   314.95000269573632     
   313.85533277768229     
   312.81515747908230     
   311.24176170902069     
   309.45644967637242     
   308.42029415521506     
   307.98393630251195     
   307.34280342186707     
   306.10520262487773     
   305.38359502239655     
   306.02134357732268     
   308.76630327794078     
   311.34452756953880     
   311.58942818919263     
   312.48998804198646     
   313.35115334670638     
   314.31040094226637     
   315.16092109795915     
   315.28918423883232     
   315.67218689290723     
   316.32762274331623     
   316.03014803459860     
   315.67920578374316     
   315.00942548632491     
   315.67094628186004     
   315.97441363654741     
   317.30686020621948     
   321.30731629997467     
   322.80319253975654     
   324.42324043968290     
   330.26193136335752     
   327.60621456237527     
   330.59493301808561     
   335.52922437258428     
   335.93043775508642     
   337.10456114202924     
   338.82776329067337     
   343.23762893852648     
   335.60893623298495     
   333.15709810535634     
   330.85235218080334     
   329.10650742211624     
   328.27770209066551     
   327.06769637650166     
   325.24234970735188     
   321.72717929780475     
   317.77184917218835     
   315.48631031438947     
   313.63216050935205     
   312.24722793032902     
   311.10773675143940     
   310.84855619183844     
   310.70723197299077     
   313.41338586649169     
   315.11231491320638     
   315.68475181070067     
   316.10013049450373     
   316.51800369192034     
   316.23884213492749     
   315.39088606404607     
   312.97559597496246     
   313.00020657269562     
   313.78580833197236     
   314.59842471364215     
   313.75375118698952     
   312.36795198592631     
   310.07521053676965     
   310.48557526208458     
   312.21272482495192     
   312.39242934513567     
   311.97657981680919     
   310.17081223398787     
   309.98184512950570     
   309.96532550591894     
   311.67096256172732     
   316.13217247595952     
   320.65609324902454     
   325.33373901379667     
   329.06636819454343     
   329.55847909722706     
   334.26313609108689     
   336.95817236736582     
   337.55608992896941     
   338.31625768638588     
   337.91039551499682     
   336.76127174413136     
   334.65398524287463     
   330.93206151804640     
   326.32255669903924     
   321.53765467417668     
   318.59564091400244     
   316.24780018060812     
   314.13326586707569     
   312.52893607390786     
   311.02082374063752     
   309.66748082759335     
   308.34949400648730     
   307.42252008379376     
   306.26183191512087     
   305.06321920004132     
   304.09246232594035     
   303.30618372951113     
   302.60592450470750     
   302.16080802959152     
   301.75827585667116     
   301.45718999289016     
   301.03595418853109     
   300.53935814628335     
   300.09427098769009     
   299.48885759494289     
   298.91754144249455     
   298.32175199712901     
   297.85670839865242     
   297.43497137154264     
   297.00417608055568     
   296.69738098871181     
   296.53346374252129     
   296.21170855840802     
   296.33205521948736     
   296.06624849305342     
   297.04065651839989     
   300.49868235742406     
   305.60603570980373     
   311.58931558395773     
   317.24907706181307     
   322.29630714828517     
   326.09077820655165     
   329.06325740540524     
   330.95289133638079     
   332.79795943027489     
   334.68780827901088     
   334.20749174724017     
   333.41373743829263     
   331.78518006336742     
   329.42935319905337     
   326.23963175646514     
   321.72329582052254     
   316.86673670447794     
   313.83650141387545     
   311.71190654577526     
   309.36120955744656     
   307.50463505560396     
   306.00937294222456     
   304.76724530337054     
   303.55332012080902     
   302.24653128894772     
   300.97413783521017     
   299.81555475814287     
   298.56175391305311     
   297.59684664298481     
   296.26896275436741     
   295.32485567778997     
   294.47059046705829     
   293.02229398747068     
   291.90254974707864     
   291.46967253317757     
   291.14845014231520     
   290.56806449327274     
   289.15542759727862     
   288.07451867941319     
   287.79666794927266     
   287.76199312308381     
   287.59526809895374     
   287.12624243950728     
   286.49616922193167     
   285.30153163142387     
   284.91412122759561     
   284.67794112286566     
   287.11091612387804     
   290.24911329204332     
   295.42146533970151     
   300.63306132404358     
   306.43318414550123     
   311.78010730121650     
   318.98625048741366     
   325.96503489849755     
   328.46939214394808     
   328.77108211907847     
   330.05883001629826     
   332.17574307807774     
   332.90099149626099     
   332.24038778224178     
   329.69818885351168     
   325.54644991021797     
   321.04447776865823     
   315.67788717366875     
   312.37402629566179     
   309.74638364091300     
   307.27020239969482     
   305.56154552462107     
   304.03593871429939     
   302.58721121137120     
   301.34515909394190     
   300.30695399404277     
   299.03663491010099     
   297.91550202533119     
   297.18121894664660     
   296.43279945823008     
   295.88838572357008     
   295.23623064112240     
   295.21187742180797     
   294.49608043393090     
   293.82854639235472     
   293.30097888517855     
   292.19295842305036     
   291.47593596217411     
   291.25015873849605     
   290.57474312216357     
   289.05723719853211     
   288.54004158121438     
   288.42272265700416     
   287.58488434680135     
   288.49222542058635     
   287.24392775303636     
   283.79376650843079     
   283.10382946423971     
   286.27182127287477     
   293.96081427101041     
   301.39932372167874     
   302.69781939411092     
   308.08685726670001     
   313.94689957777263     
   320.70315041190139     
   322.74985543404733     
   322.11480146336373     
   321.47339838076073     
   321.10130707910332     
   320.25381645195421     
   320.29492417878868     
   321.24315525807174     
   321.23127508602084     
   320.63917148512240     
   319.87079456215997     
   319.39783511391931     
   319.02548138814012     
   318.81588229976131     
   318.52517037350032     
   318.65520315933099     
   318.91140572048289     
   319.26939134023587     
   319.68476614393597     
   320.09907000546872     
   320.55166606446346     
   321.23651930001961     
   321.93116073086139     
   322.51550811356913     
   323.18125164364994     
   323.77929187734549     
   324.09502337249216     
   324.19378999972815     
   324.13661281935526     
   323.54860869980564     
   323.47971433833271     
   323.47138763031285     
   323.74000307797894     
   324.52862166328532     
   325.20092535093107     
   324.97528444910915     
   324.38339653661347     
   321.20782375075930     
   318.83972768151705     
   319.84475855779010     
   319.02436892967967     
   318.62610577413648     
   322.77650100266595     
   325.02655297744724     
   327.11849082457087     
   329.68043837776605     
   332.97641734383996     
   332.72542934058032     
   332.96757445472559     
   334.20990856465704     
   337.76559030730220     
   341.58508627413624     
   345.11822560044232     
   345.88383123047123     
   346.26130212199104     
   344.45164628611059     
   342.75209139154310     
   341.49784892427613     
   340.73628899975193     
   339.86334305191423     
   337.93732052537410     
   337.53802388412049     
   335.49543049857022     
   335.23149700028762     
   334.48017514849789     
   334.10707036947804     
   333.47579678054115     
   332.58149912714998     
   330.73552702634942     
   329.85508476066826     
   328.68850451038691     
   327.81399669064461     
   326.25701498188999     
   326.65983022698197     
   327.01522353618446     
   327.71708863780827     
   328.52366645950895     
   329.00231603944781     
   329.03950802734437     
   329.23220819962177     
   329.64887052274247     
   329.92723280767075     
   330.09906831439673     
   330.47417515829801     
   330.67789059207161     
   330.70460764747702     
   331.41693548108208     
   331.12041493777451     
   331.07072746416895     
   331.31330720334756     
   332.09010667869899     
   334.20520314655022     
   335.99199618668126     
   336.98201936271062     
   341.45529386872010     
   342.00153122357312     
   342.18562961417115     
   343.70599042976210     
   344.20246902874311     
   343.21588906180489     
   343.87412645778625     
   344.25688077260600     
   344.97516187278330     
   342.98573405298555     
   342.14834839666150     
   341.12024405960602     
   340.21298553686466     
   339.57997441816343     
   339.13811005223891     
   338.12719574031172     
   336.90314463252128     
   336.11255192016120     
   335.10463611771922     
   334.39028574896520     
   334.11381965155545     
   333.94305403041960     
   333.22873925017535     
   332.07307719491217     
   331.26179127550631     
   330.92573390541736     
   330.72864304298128     
   330.65084417962464     
   330.31984707451676     
   329.54011889055380     
   328.44900738000086     
   328.31238435916094     
   327.65873098605090     
   326.81155523362406     
   326.50154219070760     
   326.31061360985802     
   326.29052301426191     
   326.25929518813524     
   326.21694397682967     
   326.16496823917959     
   326.72828238403542     
   326.66918114662747     
   326.25634033520754     
   325.62562486704570     
   325.66933239272402     
   326.96848337175146     
   327.99408475915988     
   330.26734377739751     
   334.32200553540480     
   334.35597795278767     
   333.61330222049190     
   335.53524393177787     
   342.02252628354483     
   342.96745102417435     
   340.89950813268166     
   338.83465081712245     
   336.29427745178680     
   335.81180431637415     
   337.08848013802759     
   335.16301446284257     
   332.33752638373494     
   330.71966333533641     
   329.41667727007649     
   328.24983285853648     
   325.93694847994510     
   322.94970530058083     
   320.10131852713437     
   317.19439493995225     
   314.55389693205029     
   311.84638843261297     
   308.91686912326850     
   306.34188071599755     
   303.84027789706056     
   302.15688563768549     
   302.10480425786619     
   301.49383205241929     
   300.70966209208905     
   300.47396858207702     
   301.00681634203471     
   302.33627732557119     
   302.69010706940963     
   302.22062443071621     
   303.49810627721939     
   304.62394170153857     
   305.61254557469630     
   306.50400384804703     
   306.87010312063597     
   306.71186665975893     
   307.10593212421111     
   305.78528442612173     
   303.98766087006669     
   303.62797005670558     
   306.20957468911246     
   309.63342735862159     
   312.66937258732537     
   317.45136332632194     
   318.33266538494178     
   319.93961624587388     
   321.41030295294462     
   321.78580462951561     
   321.69573686025819     
   321.42069321757612     
   321.04714688828955     
   320.45539850075824     
   319.59358659435031     
   318.97296901223353     
   318.21134622704523     
   317.64929121132297     
   316.98183367051490     
   316.56776357638711     
   316.14263285198030     
   315.82045741506738     
   315.33379105068667     
   315.28862173585026     
   315.14158172923652     
   314.99443751958700     
   314.91019440621670     
   314.71572795988749     
   314.49741682498217     
   314.24359110538956     
   314.12588904099005     
   313.86031374254952     
   313.51772880365644     
   313.43374918736060     
   313.18426711024648     
   313.09721772690193     
   312.91356673269104     
   312.78872474821395     
   312.47286765654735     
   312.19157222545249     
   311.90163028114421     
   311.35996395878459     
   310.93730141799267     
   310.75349116472808     
   310.30991286928304     
   309.42080452293447     
   309.61296689983055     
   309.18489027566159     
   309.15411600430963     
   309.17955302644043     
   309.57546881100382     
   311.12900075753652     
   311.91070040055774     
   314.29233930039737     
   319.09845865734326     
   320.06535278471966     
   321.83828829488948     
   326.53121924600589     
   331.58727726669127     
   335.13641997674478     
   339.64157965095694     
   336.58305633199126     
   334.73839752386476     
   333.71497567361695     
   332.24477056317062     
   329.85358554716339     
   328.29328218830830     
   326.70725874938609     
   325.26891083443286     
   324.71766491480417     
   324.14282781290490     
   324.35543871517149     
   323.88171224156622     
   322.95552047869950     
   321.86478314871550     
   321.09984994955056     
   320.59809417027884     
   320.08747430556002     
   319.08619914238369     
   318.49757200807738     
   318.08262241448517     
   317.96881608614291     
   318.07760273347247     
   318.14994503462981     
   318.35088400160646     
   318.48478135582604     
   318.52368280630867     
   318.56623652613581     
   318.78790908369155     
   319.07100144506774     
   319.30370335647859     
   319.54954569699731     
   319.64690836910438     
   319.56432591587094     
   319.94086125867551     
   319.92327262002584     
   320.04827416611636     
   320.30523207045161     
   321.08282211851594     
   321.99781923581583     
   322.49859112986672     
   324.75675774041815     
   325.45777156247453     
   324.51227343165664     
   326.15346779273750     
   329.43606258334489     
   334.83890871669661     
   342.56614347091335     
   342.26744299734889     
   339.47784972472925     
   337.30918398990252     
   339.68300220003852     
   340.11684810022621     
   332.57594647865938     
   328.82824814245072     
   323.86287646943344     
   320.01825194253092     
   317.01292236912599     
   314.25291174660128     
   312.22074277019283     
   310.46703905576504     
   309.99641155442396     
   309.19496224160679     
   307.33055453322538     
   305.68762383691529     
   304.01281132783203     
   302.38682583468011     
   301.00402885093587     
   299.73088624694134     
   301.21207941144047     
   301.90746092839305     
   301.91210120032770     
   300.98573137817294     
   299.94180931648810     
   298.34946267341843     
   296.75672916067987     
   297.17512244341009     
   297.35432213417675     
   296.21683348037783     
   295.27937344371031     
   293.81851112999487     
   292.00449427634027     
   291.33371703087363     
   291.43648994801356     
   290.75435110382398     
   289.01906035337839     
   292.70397009996503     
   299.74890299582790     
   304.33201861448254     
   309.05037518610789     
   316.78165497019614     
   325.72736205046704     
   335.05326909396882     
   338.73496536820096     
   340.54385077233218     
   342.40228713065414     
   342.71939789781965     
   342.85534349612050     
   342.68892337819528     
   341.84994885694601     
   339.43541196220968     
   336.25771772336572     
   330.81765851091996     
   323.71873661546618     
   317.91146117332335     
   314.36177520131304     
   311.45583378472526     
   309.11153844710930     
   307.44204513528365     
   305.81090034041108     
   304.04444606269146     
   303.14411283960646     
   302.27525289276736     
   300.79872014957886     
   299.66351870698890     
   298.64541536830774     
   298.23291797204081     
   297.51724878912194     
   297.51933701163347     
   297.04628992749446     
   296.58775244942944     
   300.56157059475328     
   303.02097247606366     
   304.54752508971961     
   305.88305980330119     
   307.20594865620984     
   308.31497078480254     
   309.60591127327672     
   310.62204640585401     
   311.41263132166824     
   312.59976015042042     
   313.29972449268109     
   314.28846138539581     
   315.42452292177012     
   317.01314469710485     
   318.72997597049812     
   321.05344985622105     
   323.86830677180359     
   325.59392030331122     
   328.15741888650228     
   331.87023132463372     
   334.83766007833907     
   337.23374807773178     
   338.24795672479729     
   339.56274532893497     
   340.58017453736829     
   341.19704401725534     
   340.91531066654267     
   340.38868493427583     
   339.45231857792049     
   338.40121541406177     
   337.39390693890778     
   336.63930067881392     
   336.20142207256259     
   335.45677351006697     
   335.37843492365892     
   335.02881940021484     
   334.84427477264489     
   334.88576290474924     
   334.98455268880724     
   334.70943294839458     
   334.13686851786537     
   333.65927992394495     
   333.25696647493317     
   333.02457102247354     
   332.52908763903974     
   332.38113893205514     
   332.15381639661433     
   331.44504248491432     
   331.01830969393717     
   331.01954895657315     
   331.15436745676072     
   331.11072592870426     
   331.16931668414139     
   331.18040895972911     
   330.81377189688033     
   330.47821487251338     
   330.25881322457656     
   330.54898847607961     
   329.68557166026170     
   330.02246565614200     
   330.94358699906047     
   332.41521661360156     
   334.70236500905094     
   336.02786055403527     
   337.89375322596089     
   341.36989853879152     
   345.56831055259278     
   349.40961258903315     
   350.15762275952551     
   352.78982062564387     
   352.42727509452016     
   353.31511639557215     
   355.89423558739747     
   357.10339619306825     
   353.65866159486848     
   353.28183738250726     
   352.58363152288234     
   351.17939835303002     
   349.18762084806400     
   347.19620209165265     
   346.22582403038354     
   344.15738300356247     
   344.35633411657835     
   343.82458151291462     
   340.90146097121203     
   341.38307133668502     
   341.15918654755075     
   339.94770556903535     
   339.61771168681827     
   341.10000406634981     
   340.34727979895166     
   340.56607754500124     
   338.94350008162502     
   337.61164552157493     
   335.92007101151216     
   334.02290049894822     
   333.00622776404236     
   332.92357521448520     
   331.83982221279479     
   331.21994934970201     
   330.15995939906577     
   328.90158940814717     
   328.86150556042821     
   328.28669058222016     
   327.58888921976956     
   327.13591036223085     
   326.36858550481082     
   326.22889314967318     
   326.79256360623441     
   327.88928588739952     
   329.66903170809104     
   332.99246389098039     
   344.71748998728941     
   349.17227652348453     
   355.51867175317000     
   359.14201132639937     
   358.85539869446069     
   363.11070250001336     
   365.35311675475145     
   369.09996854986662     
   372.10819286834504     
   372.15593880121151     
   368.13321738145476     
   364.54407749762220     
   361.68893060449568     
   359.30656014664066     
   356.74977934416279     
   354.98399015511001     
   354.17857326532180     
   353.48511426984157     
   352.94863098732117     
   352.23308339713219     
   351.54129997859644     
   351.51517301178001     
   350.64901873454744     
   347.97423166394640     
   349.66119213780689     
   350.59960141241294     
   350.55886554542553     
   350.66904871495262     
   350.71622269089767     
   350.17655997375147     
   349.04856208254500     
   349.30812101085604     
   349.86988989534467     
   350.36657794621703     
   350.04094890179920     
   350.05650766746396     
   349.95014189389849     
   349.34690740684721     
   349.26677062979968     
   348.93043634966028     
   348.58422646778223     
   348.68722679877374     
   348.64451426741749     
   345.37330296204931     
   343.22658646235135     
   346.60316806280554     
   349.97494973600442     
   353.48283501476772     
   357.96761353826997     
   362.38916958007894     
   370.12758363489360     
   377.18696450746268     
   378.89022528337455     
   384.46938401383505     
   388.38863583626892     
   389.12853413100493     
   386.78920334974481     
   381.06964211638063     
   378.61590807429872     
   373.06567327671922     
   370.34553592939523     
   367.76799792407292     
   365.62422827404828     
   364.08948833708820     
   362.92739957526265     
   361.80916482675661     
   361.17797287305075     
   360.62265962650042     
   360.16625601041380     
   359.62714695868425     
   359.18966750409862     
   358.59034945057061     
   357.76657779053482     
   356.91620699360334     
   356.10144501305746     
   355.57737073094131     
   355.11289513385111     
   354.82539248835815     
   354.57597164887659     
   354.10255804122147     
   353.46490520955467     
   353.13534364711137     
   353.32490720407668     
   353.44857236785907     
   353.28211104092742     
   352.74681273438870     
   352.07473720338243     
   351.42454353964081     
   350.90588576222035     
   351.08353145896899     
   350.84382332167195     
   350.64277341853585     
   347.90825747935236     
   348.08771100387469     
   352.59306056412652     
   356.29049644408872     
   360.07699343520642     
   368.10414174425853     
   374.43378807785422     
   379.91433791207351     
   387.90101020639372     
   389.94929892532656     
   387.92799202994144     
   384.53946347385300     
   382.42061998665037     
   380.12456042138803     
   378.71700962439155     
   375.98618972201854     
   372.83191372894925     
   370.27444459962828     
   367.99336081550553     
   364.99629914886174     
   360.91759871965866     
   358.58751374202717     
   356.89276085731666     
   353.35533343520530     
   350.67675851415430     
   348.92889289834301     
   347.54375320457075     
   346.14169547849633     
   345.90607249339769     
   347.80940610071326     
   349.25454175795215     
   349.39910451659068     
   350.36854811462786     
   349.87727692369214     
   348.63871108815300     
   350.12799231558256     
   351.81472163154058     
   352.27761229353285     
   352.89882233393962     
   353.32478941011021     
   353.78041821135020     
   353.98453992924163     
   354.42001741827835     
   354.78888112838666     
   354.80385277350649     
   355.71131163679757     
   356.18833476236728     
   356.46802263646174     
   357.11249924831844     
   358.61286067004505     
   361.52245293620854     
   362.95846773578495     
   363.45418373689739     
   363.82919928450417     
   364.95925078789054     
   367.53413743839462     
   370.90336195581290     
   375.28625902420282     
   379.93473576232327     
   380.47715031115871     
   377.41010973476335     
   375.04793894191948     
   374.00324656210734     
   374.54441569941594     
   376.55176342464665     
   372.63920410004459     
   369.61716554736711     
   366.98031070212454     
   365.50515181634336     
   364.27566932940726     
   363.26483350160385     
   362.69506247091203     
   362.30928653332109     
   361.77846213050901     
   361.00897777265578     
   360.03605238549204     
   359.02226149798838     
   358.38432873003649     
   358.29110206757781     
   357.97422714541074     
   357.16318116247305     
   356.65921617238615     
   353.74056559143025     
   353.39571942234835     
   353.83920816535226     
   354.31859742702517     
   354.52669684059896     
   354.39942908497989     
   353.82579593302080     
   353.88809429333548     
   353.82080614498341     
   353.46087994986539     
   352.99727112120178     
   352.94165833649140     
   352.65217574961747     
   352.28079259450368     
   352.08259015384192     
   353.16338411276359     
   355.29231563817609     
   357.42510299740275     
   358.51986098255230     
   358.82056484324420     
   360.49086756915005     
   364.10037679240304     
   373.02166555875249     
   372.61291334924135     
   367.41721357333756     
   364.21593932034102     
   362.83008567693815     
   362.14709243594621     
   359.72164980666355     
   358.92939707988586     
   362.49933068649153     
   365.43517371174761     
   358.59384637651863     
   349.14226586996892     
   344.55135339820686     
   341.43732998662205     
   339.89985277614784     
   337.41610149495847     
   336.17096222740997     
   335.97667359284611     
   333.52289364178682     
   331.52248082318982     
   329.85646135106805     
   328.64394360334984     
   327.36310457198408     
   326.27446711293356     
   325.69075312138580     
   324.67058334126443     
   322.90435940260670     
   322.76671778179531     
   322.59402786726503     
   321.89972941553026     
   321.65638798631392     
   321.55732171553439     
   320.93331185250918     
   320.77856591363269     
   319.87395669538171     
   318.88245396224005     
   318.35161196597880     
   318.05026212534949     
   317.62276109384345     
   317.21239784179278     
   317.96335238031810     
   319.71413693170092     
   328.94283913603624     
   330.98743342543179     
   341.34711849192769     
   349.52339347697188     
   356.36212530166227     
   356.58504768323883     
   362.29695761486005     
   369.13618458889283     
   371.34091711631646     
   369.16906673789435     
   362.19592554702967     
   360.30470676086867     
   359.23716581934531     
   359.23106531471683     
   354.33534302612986     
   351.56375135414044     
   346.30115202732935     
   342.03843682714319     
   338.55745758951269     
   335.10039383450584     
   333.74101284272194     
   335.60531921353913     
   334.90102818933332     
   333.34978826443069     
   331.87905193786236     
   329.16028558327304     
   327.07835951241071     
   325.22076243235551     
   323.47867430888357     
   322.42561240184352     
   321.80190468641467     
   320.83956586878270     
   320.00379815632704     
   318.78640262875240     
   317.44731211558280     
   316.83139760785838     
   316.09588229400902     
   315.26641876792343     
   314.58607264643427     
   314.19827165164190     
   314.90956794429542     
   314.47872039958810     
   315.13628624516639     
   318.68283039005871     
   320.24284664956724     
   320.94435105806093     
   321.76069263118222     
   324.02452396616195     
   330.82672749602204     
   338.11730597234549     
   342.46081676126607     
   345.71247718122072     
   352.24045044973667     
   356.56481677594047     
   363.25580683522668     
   364.79825134064907     
   362.15837540235930     
   365.42642384551641     
   366.49416722329863     
   364.75458605902884     
   361.79479223237092     
   359.06976705289071     
   357.77618196965034     
   356.03011163357189     
   353.89765809066375     
   351.99389467191725     
   350.40958338998439     
   347.41118614698956     
   345.07956465550092     
   343.18855872492179     
   341.17040804698382     
   339.66422240076758     
   341.42930723487012     
   341.85360049416664     
   340.55182058198773     
   341.65814259848850     
   341.85711412294165     
   341.91535573893555     
   341.99002554201815     
   342.17060147034744     
   341.93993517021909     
   341.47617399742830     
   342.08848200484010     
   342.57539966572307     
   342.82836235501526     
   342.93908578306718     
   342.60426129493243     
   340.57389024580323     
   338.96060211896520     
   337.43123578845064     
   338.12343567300348     
   340.40831202012913     
   341.91259031227196     
   343.07728663870500     
   344.38236949280889     
   345.86441788874760     
   348.37696257917622     
   354.51694629470705     
   358.27248085576366     
   361.40131720166875     
   358.96944613878532     
   367.87903670095642     
   372.84479084290126     
   381.58871372621309     
   377.79368812850458     
   376.36125422025100     
   374.82597481770227     
   372.69715313512086     
   370.99380851190693     
   368.04109297705384     
   365.50156250235796     
   363.88237728655594     
   362.22621233408017     
   360.86147467051296     
   359.66041047694586     
   358.72234548591280     
   358.30082150869492     
   358.00146627245266     
   357.58780675861749     
   357.20350926209051     
   356.79991331285896     
   356.30353473880274     
   355.72741960036529     
   354.89437665869366     
   354.43712970010563     
   354.15357905667867     
   353.91215062643192     
   353.55906407103600     
   353.20073801385251     
   352.92444042625306     
   352.80753709862734     
   353.15333189686214     
   353.22808492470506     
   352.62633628277450     
   353.03940781683735     
   353.47701030200977     
   353.45622418478126     
   353.21360763128359     
   353.63942935358654     
   354.16720910460140     
   354.57251767938806     
   355.07917239024232     
   355.53996192632650     
   356.49415481696911     
   359.81151471132404     
   360.78835954086372     
   360.14723043502863     
   360.12723674555338     
   360.93704548199099     
   361.34339006313922     
   360.57595619324115     
   360.52486449985048     
   361.01390965371127     
   361.53649424038537     
   362.53667514993907     
   362.20422271210685     
   361.38957924056598     
   362.15002644956940     
   361.87989175786225     
   361.94894909142198     
   362.40351041586189     
   362.71302740996623     
   363.05694404836686     
   362.66210945022590     
   363.71529400703605     
   364.33869405794269     
   364.26256341532849     
   364.12364953293951     
   364.51708872313691     
   365.70977387047805     
   367.20139982653967     
   367.46375522817362     
   367.00767611920242     
   365.66966209984901     
   364.62689669256179     
   365.57461107468094     
   366.10069254014627     
   366.72704953027187     
   367.31015420649788     
   367.74251879965635     
   367.10242983080019     
   366.18836073325258     
   366.52164601181380     
   367.25810954230849     
   367.07421689960154     
   364.74636992687783     
   363.53432598827425     
   362.83876656975201     
   362.45956877983753     
   364.13196074039263     
   365.26845296037982     
   366.88901275062869     
   368.05475687825736     
   370.21237749740942     
   373.41818715500767     
   374.76256874621043     
   376.42099261848483     
   375.79244137362952     
   378.22464641804828     
   378.96763876061038     
   378.54310702777008     
   376.10849008699478     
   376.89567041907526     
   376.76106268993561     
   376.73014014314373     
   378.32841227271950     
   377.66861396010586     
   376.92354098044439     
   377.02620631698767     
   371.07689352038994     
   370.19941720417586     
   369.10871522771731     
   368.05693723152814     
   366.77673715698734     
   365.28017583566196     
   364.48653358976566     
   364.61450564278186     
   364.57305469374290     
   364.33412188049550     
   364.10573782519793     
   363.89492509091838     
   363.63164220039994     
   363.20024587952253     
   362.71139585924868     
   362.02747450890359     
   361.58934672739701     
   361.14733065200761     
   360.78880846078562     
   360.58420394116968     
   360.61760733391321     
   360.75126111436532     
   360.62824335871903     
   360.51988078044815     
   360.51336183277749     
   360.43306774120600     
   360.61316411806024     
   360.31089167948340     
   360.38380067508234     
   361.13281183066289     
   362.06036547889528     
   362.99384715144578     
   366.19161964342464     
   367.24372814440665     
   367.28891334888539     
   367.68588170841906     
   369.40729130467287     
   372.31543924554728     
   373.82536583876333     
   374.70174297874064     
   377.86725544239937     
   379.56666498452091     
   381.84085072083781     
   381.90598945259217     
   382.80106009483444     
   379.32084069567503     
   372.59423533930317     
   373.32552577881512     
   370.98806729183366     
   369.41639454173497     
   368.30476422002829     
   367.79386554136374     
   367.29953478776429     
   366.85571101857118     
   366.58346092805618     
   365.73893339912274     
   365.88663740280367     
   365.81944481873592     
   365.66096561934870     
   365.38151413143845     
   365.11686004856460     
   363.57145627312678     
   362.28478557431447     
   361.38971368290674     
   360.50266312787443     
   358.63248632950979     
   356.67164217991922     
   355.00956024622684     
   354.19930997792630     
   353.65378457977226     
   353.14214740341725     
   352.83192201210449     
   352.50130128935041     
   352.22195828698068     
   352.53082776595113     
   350.59555055281345     
   349.28819048012940     
   350.49250442273416     
   355.41433485446009     
   361.11743174380319     
   368.44749592615784     
   376.24887707538363     
   383.97023912760352     
   381.40617062659885     
   378.40903071287340     
   383.45019140729994     
   387.71163740091316     
   394.09692339281912     
   396.99376531176023     
   396.90618080285333     
   398.15818344196197     
   396.44131152362183     
   395.34402456366468     
   391.91684765899737     
   388.36702460504193     
   382.64598025505188     
   376.11090145344144     
   370.85439486116530     
   365.57516152767170     
   362.54100168547910     
   360.60320413610788     
   358.55062866355075     
   356.29773235428178     
   354.80945405522527     
   352.21012122056766     
   350.11856547386446     
   348.19104720707173     
   346.61825954069030     
   344.98425094187513     
   343.10536707125362     
   341.26564174915211     
   339.76632132497770     
   338.51875250490542     
   337.78834835014271     
   337.10910493133406     
   336.52526592196421     
   336.15486245789083     
   335.02807563908482     
   332.40085780360732     
   330.76612823652351     
   330.53807681209292     
   330.30614733846744     
   329.99660736405252     
   328.70154124898426     
   329.08999324747634     
   332.92739288977288     
   338.40659098970519     
   346.73494823810984     
   355.64753006747765     
   364.02790838231857     
   372.86922654198213     
   380.53693886649273     
   387.92961487034950     
   385.97040175385087     
   390.73018587850169     
   386.98889025202783     
   382.00591944054355     
   390.03319874531121     
   396.57358729176400     
   397.36398835264896     
   394.73917148947243     
   389.05462698570625     
   385.63416647424549     
   381.79210778404143     
   374.99299902210629     
   370.73362542804625     
   367.17018798734256     
   364.60367795696141     
   362.16629030139831     
   360.02486779983599     
   358.69404323192975     
   357.71669486671789     
   356.11524491129956     
   354.32963013811462     
   353.24259116921098     
   351.90825202155787     
   350.67758890466268     
   350.72863001656827     
   351.35306311006173     
   351.58731275638564     
   351.49676602176595     
   351.50915945032131     
   351.31698265502251     
   351.54328727366362     
   351.37261786493411     
   351.32330425640367     
   351.36025236319404     
   351.34078907767309     
   351.51838507406615     
   351.85714613369487     
   352.69606007851121     
   353.10397480850145     
   353.80687331098585     
   355.35221693607087     
   357.29285125803409     
   358.86276072494258     
   360.32862265727454     
   361.51885640453060     
   363.93936171764688     
   366.66653531105834     
   367.72743974802478     
   370.16759422124824     
   372.86721969693633     
   375.41515642608772     
   375.90011507778962     
   376.36826399835650     
   378.30642714311654     
   375.93763160626861     
   375.28227238932806     
   374.36654845539778     
   373.83155480791692     
   370.81878971048531     
   368.77794330640546     
   367.14060800306612     
   365.79063540483889     
   364.98663585605976     
   364.30777557875814     
   363.71790001126124     
   363.52065715060473     
   363.37411864877288     
   363.25607657199868     
   363.30118631302173     
   363.21551011761119     
   363.08429537662073     
   362.85309532567413     
   362.80856072914878     
   362.63479828744170     
   362.41448704691106     
   362.36772648123650     
   362.46789118679936     
   362.38858032763699     
   362.09129265300925     
   361.81276864421778     
   361.52797895608251     
   361.42915121762974     
   361.60069649819678     
   361.80840631114904     
   361.77105331021170     
   361.97819381628392     
   361.89056500485083     
   362.41247621402800     
   363.09884571303593     
   364.23380963328856     
   365.31526701539082     
   366.40287228071912     
   368.44201425266755     
   370.48347785247205     
   371.70848203099797     
   372.55828954141651     
   373.02571721900443     
   373.73170972634369     
   373.56733816831661     
   372.99340935524839     
   372.00647575186866     
   371.34656105938615     
   370.86446067845088     
   370.62982986027555     
   369.55399872673837     
   368.58114140099212     
   368.27662080961852     
   367.97371208526675     
   367.16900980223113     
   366.33971300659374     
   366.34638834480302     
   366.02937349993596     
   365.28344444238485     
   364.30662056501785     
   363.12834615075775     
   362.40944953138472     
   362.10767432710514     
   362.05530096587415     
   362.04897584186267     
   361.22059639896014     
   360.83460967734771     
   360.85636002375406     
   360.33032924519966     
   359.77335960715277     
   359.31691848235351     
   358.84373497607015     
   358.59199416376140     
   358.53238724724793     
   358.50575581420992     
   358.64257030136287     
   358.82837279072226     
   358.90096282675711     
   359.09273227035180     
   359.90500635525694     
   359.92396574097057     
   360.14803260352238     
   361.36644432135773     
   362.57908919065676     
   364.84032641163805     
   366.36040191063756     
   368.20722695473358     
   370.45608228434253     
   373.41052858756024     
   376.02840376273008     
   377.37278785793455     
   378.30723012156380     
   379.48132416001687     
   380.23213729294525     
   381.26955645875620     
   384.28566421418475     
   385.47733707727031     
   388.01099646749157     
   391.05397562897247     
   388.45889146903193     
   382.34742309058248     
   377.06533102066038     
   372.00532078638838     
   368.09684904127261     
   365.36615013936472     
   362.49266865042341     
   360.22510192115868     
   358.38055323759841     
   356.81838080785013     
   355.59818545301948     
   353.43334873599269     
   351.69465755709177     
   350.12174014860085     
   348.95528057445676     
   347.76488298622019     
   346.83978388255269     
   345.45677434216219     
   344.27337708819891     
   343.55908191542312     
   342.48154701966592     
   341.31993909956543     
   340.74928162916433     
   339.31094615457482     
   337.45703883089260     
   338.85547513901571     
   340.84513323230038     
   342.73874348725508     
   344.54458008228664     
   345.22247990301491     
   345.28049443770215     
   346.17043650124930     
   347.78418193210797     
   349.29738478143912     
   352.29460444082383     
   355.85696650952559     
   359.89305030297800     
   364.82084233331688     
   366.92374203518631     
   370.22244247385402     
   381.10118515545076     
   389.83437538870220     
   395.00652745859287     
   397.35361893424988     
   398.27912611604620     
   397.54915746435034     
   393.62642121286365     
   393.16026617846961     
   389.55464570022775     
   383.37878353380603     
   377.76320924438886     
   372.34984696989284     
   368.30584868889230     
   365.54818903389753     
   362.82614485377223     
   360.13164513805873     
   357.61367677294851     
   356.30096130771557     
   355.56803184765232     
   354.31799446797356     
   352.27499891937327     
   351.00995072211862     
   349.85041711752717     
   348.86545537948280     
   348.73470043071842     
   348.31180463257391     
   346.94418193885070     
   345.44067487566520     
   345.64252289496278     
   345.17249752495997     
   341.37805182894652     
   339.31085050622806     
   337.53168030151926     
   338.23804409570880     
   338.90818665201124     
   338.14023453917201     
   337.42422958285175     
   337.28091686131847     
   338.29371043929171     
   340.71206899072348     
   344.40306620827209     
   350.57082957474415     
   356.93545653760896     
   357.39817396159350     
   361.26983693472249     
   364.32647661789963     
   368.65785927161352     
   370.73113810388639     
   372.18639875856366     
   379.08726784125963     
   386.67151914545082     
   384.43082350460895     
   382.29817201154577     
   382.95342022270700     
   379.50877476184621     
   373.16385760737370     
   373.77001094694197     
   369.47969951973488     
   364.50934880574908     
   361.90830932822570     
   359.60529702942137     
   359.66903970615130     
   359.67007626491034     
   359.88584824613707     
   358.84618408957937     
   357.87095650067749     
   355.88377450745298     
   355.88653461333377     
   356.05639713914292     
   356.00901057225383     
   356.00153801550198     
   355.74605369559629     
   355.74055132358950     
   355.81438786229319     
   355.80908248633517     
   355.91712612863449     
   355.90970709676515     
   355.83615816987759     
   356.14110221198086     
   356.49696090898402     
   356.67964666940344     
   356.93522208223499     
   357.34332805259595     
   357.78332506945787     
   356.90239369547123     
   357.88410931748729     
   359.72460196606210     
   360.67348175614330     
   360.80455967190892     
   361.36770596848282     
   365.70476879998034     
   371.42958367939724     
   375.32349939508964     
   374.79402383464657     
   389.20301907368997     
   386.41749682531582     
   383.71323036407159     
   396.14088386578487     
   402.02478845837680     
   402.03027180841906     
   402.60343645436473     
   401.23824456166551     
   390.24207574280996     
   391.59943724054540     
   386.86807964283742     
   382.94846410510542     
   379.28247254493817     
   374.76202922255885     
   368.35144609807514     
   365.61301950552456     
   361.65928135791347     
   358.27418130386940     
   355.47750165983371     
   352.97232570381180     
   350.86967746272563     
   348.77937242017219     
   346.35933778136001     
   345.83384686426820     
   346.43722254007849     
   346.96359022202682     
   347.06255812947006     
   347.61227035158936     
   348.61910233527374     
   349.10503555146249     
   348.45339106555303     
   348.19934310085279     
   349.55965920615938     
   351.22939473387441     
   352.55491381286805     
   352.80702904261665     
   352.47512721268720     
   351.87139342817625     
   351.64815602621866     
   351.30580430641470     
   351.37765936262355     
   351.85597634625827     
   352.38324751634912     
   353.59404213060691     
   353.71980463977741     
   352.63885615904877     
   350.63992109231140     
   345.60599117953205     
   339.80259446277307     
   337.79445528048603     
   338.38941690146726     
   340.25526644874731     
   342.42640640797197     
   348.41693788912005     
   357.36655468616311     
   357.91104961094231     
   354.29997591878737     
   359.52232873619198     
   353.20714719870836     
   351.02541901039427     
   348.39127558584909     
   344.00925791335180     
   342.47246562193766     
   339.15493962508174     
   336.98937905943239     
   335.39610509182887     
   333.68563972297164     
   332.06954492953304     
   330.35923913431469     
   329.09585366904747     
   328.22121235690923     
   327.39401756500564     
   326.50769852949225     
   326.22922463075179     
   325.21626504453462     
   325.03813204738367     
   325.00230777584414     
   324.79498381616702     
   324.81174874624094     
   324.66619363957972     
   326.53509277622663     
   327.69771945251199     
   326.05631196033471     
   325.51705015573674     
   325.51459954047391     
   325.80809183615611     
   325.86382118602535     
   325.50327269876135     
   327.19714068391841     
   332.67856742459355     
   340.04267509984282     
   347.42588575815847     
   353.94809059158342     
   358.93223403313579     
   359.08132995119661     
   363.98450199279648     
   370.19194823816622     
   375.50936009860806     
   379.93304987630182     
   375.65995404313935     
   379.93592924309604     
   381.30765754568893     
   386.56662886070757     
   380.39263216950189     
   381.15016009028056     
   375.79531524422669     
   373.62749697546570     
   367.55254125733757     
   360.77098753655662     
   354.48763819351024     
   350.41601007826102     
   347.39766035458973     
   344.92026051439075     
   342.73638871773829     
   340.72544911454719     
   338.96693352197025     
   337.35581965869039     
   335.38140156845418     
   333.77661511331195     
   332.27083763061847     
   330.70889562458660     
   329.29140986146604     
   327.83832386737271     
   326.74319668493132     
   326.11093970468301     
   325.22469840087700     
   324.31764890387888     
   324.01576605195203     
   323.13555494018033     
   322.42386272137981     
   322.10375221265286     
   320.83955014235528     
   319.37661210168932     
   318.65560273503013     
   318.96032666017828     
   319.82368202011122     
   322.84114823966848     
   327.38627137705356     
   335.09062618683089     
   344.58954085095866     
   348.44323023044666     
   357.81637076390479     
   366.25701640112726     
   373.92136323971579     
   380.57959556413834     
   385.95830754243241     
   390.49231009467059     
   395.11966739001286     
   398.18943448836632     
   398.09778830612515     
   399.25906095240845     
   395.36720806635401     
   390.81824451115864     
   388.57878531303447     
   384.76909080799879     
   378.36016881650914     
   370.69061790666484     
   364.03956245978719     
   358.99312134341955     
   355.92191149053838     
   352.60441744784583     
   351.10547419321489     
   350.51738359940884     
   349.87650746192941     
   349.53629324148585     
   349.73184732195756     
   349.41981092827916     
   349.27785079757410     
   349.40559136660340     
   349.76608071978012     
   350.72922439016406     
   350.97934079376853     
   350.36179624052392     
   350.51448463754474     
   351.01611864118911     
   351.38339639969587     
   351.65517588118007     
   351.95028000421092     
   352.41525263361711     
   352.98932641020593     
   353.57598702355767     
   354.22381425916484     
   355.09751910862565     
   355.87898882629145     
   356.91205660537014     
   357.91104273105708     
   359.65803043001591     
   361.21583619158281     
   363.72776804518543     
   366.02324988233619     
   369.52815240912571     
   372.38462696096349     
   384.70783050791601     
   384.56525112710483     
   383.88374265693329     
   380.49564983675657     
   375.85378055402089     
   376.77068796994331     
   382.33421636962998     
   384.64574929336885     
   380.73943310477364     
   377.59389980536764     
   377.31492070323947     
   370.33149831065941     
   363.02603568736794     
   356.49594210600293     
   352.76177256920596     
   350.03482668937255     
   347.31907322871035     
   344.98937308980686     
   342.73335984678363     
   341.13899444897936     
   339.93914884763302     
   338.89150913067721     
   337.70511312826238     
   336.56842938745763     
   335.79387153499118     
   334.93018270442877     
   334.07264147952543     
   333.18904156819224     
   332.71985221862957     
   332.24623572240552     
   331.63477232428522     
   330.21581959547632     
   328.83340587544762     
   328.56982500892872     
   329.25927103923095     
   330.15556934645645     
   330.75149684516862     
   330.50799710414435     
   331.11300962622863     
   331.27710613429008     
   332.18073466629875     
   334.81612104303952     
   339.42974910314888     
   346.06718925390703     
   356.76963989242489     
   366.15296222510909     
   374.94262633942469     
   379.51852780233867     
   386.15436034300814     
   391.01076472330374     
   385.68038293414958     
   397.33284005851095     
   395.22424062916673     
   398.13633085897413     
   398.94472784152964     
   402.47356587581345     
   393.83163164996000     
   393.54654064026164     
   384.44844567797441     
   379.85926225979813     
   375.73992695324250     
   372.48496923862120     
   369.09606776198331     
   366.09322332524255     
   364.55413592813341     
   360.10912878234228     
   356.78028122660811     
   354.39356859325710     
   352.40386564621440     
   351.13502281076757     
   350.28158925929455     
   351.59674854903318     
   353.80770277189089     
   354.79516002919900     
   355.31173131918825     
   355.92099038289643     
   356.46567821203564     
   355.96108496191727     
   355.33153857529095     
   355.41180090392891     
   355.70191452246996     
   355.88920553164627     
   355.84947353503344     
   355.98494563606107     
   355.65258137917817     
   355.30277426131090     
   355.48079832499593     
   355.60334124673244     
   356.26767208953174     
   357.61147443138225     
   358.86268744544680     
   358.89447130126740     
   360.16582580412063     
   361.47708182752655     
   361.89939021622041     
   362.16698569923705     
   362.80675575835676     
   364.56919806964964     
   365.90093928634508     
   367.63973771507568     
   370.83723442484956     
   375.76016556317541     
   375.74598732677777     
   375.27614525600183     
   374.70914150004268     
   373.45044570398238     
   373.26700349525538     
   372.98823012443199     
   372.25784405709459     
   368.95738160557931     
   367.99357467578528     
   367.32634450749225     
   366.70298834295346     
   366.22454203378919     
   365.67202771427594     
   364.50518203391556     
   364.10590516168253     
   363.92486391717887     
   363.73000870052670     
   363.48332540805757     
   363.48212038369161     
   363.22934501377449     
   362.99718005480031     
   362.85436765701689     
   362.67375889407532     
   362.25968162942621     
   361.71410330882270     
   361.28684320834884     
   360.99742805264628     
   360.71278561789046     
   360.30887799054568     
   360.02046260518443     
   359.78136395807820     
   359.64095134689580     
   359.92087107753537     
   360.15428007430825     
   360.82391509815045     
   362.00070248769430     
   365.10279486359826     
   367.10486213249504     
   368.21619021530432     
   369.51278434765538     
   374.59460791535167     
   377.44576738710907     
   387.92417992847231     
   394.87340371773701     
   399.49027095997349     
   411.07138431518268     
   415.60236044982753     
   417.08224688236515     
   423.95199420865652     
   424.11563448411817     
   420.14591146545382     
   411.05673397145512     
   406.56882282831384     
   402.92004038437085     
   398.40260799723779     
   392.74731328639126     
   385.22410525867139     
   380.49101768336277     
   378.64082599638539     
   375.76187971585966     
   373.17734373796367     
   371.11066461406574     
   368.76145539330594     
   366.61454655759201     
   365.62252427048162     
   364.04103574983822     
   362.13811331658781     
   360.50810138120107     
   358.69942832397305     
   356.82659854768804     
   355.48923099492976     
   355.77213438514667     
   354.41688033161802     
   352.55926316311673     
   351.65913553811487     
   351.96155545541950     
   350.45157452053553     
   350.63019858836986     
   351.89298347411921     
   352.81466112891371     
   353.44101079456175     
   352.88554110993965     
   351.38530361221018     
   353.46774083162001     
   361.02902417939305     
   369.23127639031037     
   380.34582830714766     
   389.47113450069185     
   396.00411294512855     
   401.27738764199449     
   408.99117243711044     
   415.03211546019548     
   419.95337928190247     
   423.68829864049229     
   427.05942931521827     
   429.07775786154764     
   430.59979165090255     
   430.09760298524714     
   426.76311051828856     
   421.41350262500373     
   414.82891621729289     
   408.68077806942330     
   401.36777233797875     
   393.87812473002350     
   388.26197950833500     
   383.90443977503696     
   380.12952183950910     
   376.91157581929320     
   373.59415935289746     
   370.46761865774016     
   367.07077736320889     
   364.05843927912542     
   362.16753224374594     
   360.14121438983955     
   357.85074416610513     
   356.64020609468554     
   355.37992871937848     
   353.95573113294495     
   351.94158213171994     
   351.41774228725916     
   351.63662281551223     
   352.30595800365393     
   353.21800341993014     
   353.66840081893838     
   353.91291914106944     
   353.83535455562179     
   353.36065400006686     
   352.83000154220008     
   352.55272546642965     
   352.44101984947645     
   352.90304346448073     
   353.49902927529291     
   354.72677656876323     
   356.85198006197322     
   359.21043604644410     
   361.17996206800518     
   364.00104153130911     
   366.67643760654420     
   368.98623810094347     
   372.32065720157021     
   374.90875695346779     
   376.40935589802615     
   377.77026355421356     
   380.01724672802305     
   380.95632860828675     
   381.46776071317612     
   382.57344646730945     
   383.59376192809668     
   382.58581976608372     
   381.81768058336229     
   375.02546965207461     
   370.48591425219695     
   367.68544889297453     
   366.05066960950285     
   364.34214865866079     
   363.15833177973059     
   362.20974286533288     
   361.34791616732440     
   359.52760973810189     
   358.16649033344453     
   357.38690613574670     
   356.49019505226477     
   355.97852489676279     
   355.49542964519543     
   354.85034856916809     
   353.63389845429538     
   352.53875884686596     
   352.09826474790054     
   352.05111146307229     
   351.99138622286000     
   351.73312865024133     
   351.35828454240510     
   350.56941745993748     
   350.25841743721492     
   350.82118759912936     
   351.13090694979786     
   351.07390598111652     
   351.31662741832167     
   352.14465909033117     
   353.60967864319088     
   355.46305003319588     
   356.93105492131974     
   358.64203032622845     
   360.34806010486750     
   362.66606808156382     
   365.05113420978262     
   366.96274752773974     
   368.11350262615895     
   369.54070668710398     
   371.41533660173155     
   371.95306643834942     
   373.62630631993170     
   371.36162081108336     
   369.89614880428348     
   371.04442558246268     
   369.66457446050219     
   367.87472676789935     
   365.56851227727270     
   363.96252562450258     
   362.70907674832711     
   361.18325805435427     
   360.18780800180809     
   359.35516740999685     
   359.17185344788817     
   358.49020926964187     
   357.93626760450894     
   357.19264200091777     
   356.65888710079821     
   356.49993935760926     
   356.56115692790638     
   356.53211142778969     
   356.52018331166931     
   356.41943977384210     
   356.05483664132936     
   355.64525454593797     
   355.11321596235479     
   354.57531218089531     
   353.96881857615028     
   353.63104430008809     
   353.02670307226475     
   352.32966677436389     
   351.30129868441907     
   349.99406901258345     
   348.51435836882393     
   347.59188076975892     
   347.46886980076039     
   347.63585494402787     
   348.11224844948504     
   348.50655663292747     
   349.62467442115513     
   351.14105509706974     
   353.12603001816603     
   355.38809980513815     
   358.10289887267464     
   360.36832158568751     
   362.99493599842884     
   365.74553482348750     
   371.68342585422874     
   379.57595621909127     
   382.45825582520541     
   389.01787958165869     
   390.31932602483977     
   391.60520651502100     
   390.85101669582247     
   386.30423768855457     
   381.57354993666866     
   374.73944413727025     
   367.90396118258292     
   362.21697169449732     
   358.93642402149106     
   356.28147480003355     
   353.94352779355131     
   351.78863962328148     
   349.84191344057740     
   347.83448017231484     
   346.09786921179125     
   344.41319189524575     
   342.50968458581610     
   340.55354326985167     
   339.62906679681981     
   339.57590533212499     
   339.03563929610192     
   337.53208697738700     
   335.85072031848921     
   336.20174993140330     
   335.75311421405536     
   334.43782020778832     
   334.88330985771540     
   334.27273152976034     
   333.62917368293142     
   334.55539099456087     
   335.65311010605188     
   336.96418906429466     
   338.25838429370293     
   339.98052516366261     
   343.52409719901112     
   348.03631348805737     
   351.85475992369845     
   353.96087929425283     
   356.02973643784100     
   362.21343536393277     
   368.10811817921217     
   378.86019636932156     
   386.14051011904530     
   383.61857612708337     
   376.54102531854596     
   373.33011024118491     
   372.15245718050193     
   371.19268265769347     
   368.23659210907431     
   365.19552242460401     
   363.89274384920645     
   363.72943280734046     
   362.71684866873636     
   361.11497822502088     
   359.81158050976711     
   358.66169870055876     
   358.22238164933890     
   357.94071679197765     
   357.65772781745784     
   357.54534479178301     
   357.43963868908463     
   357.41881527797688     
   357.13134942859637     
   356.72707756120633     
   356.29609397997547     
   355.97437048014456     
   355.61399934300482     
   355.24967227108971     
   354.89629019237930     
   354.54978952238713     
   354.20245233671818     
   353.96855487918555     
   353.57422538615970     
   352.94484171918543     
   352.44929468103095     
   352.20275121380553     
   351.96356423040504     
   351.60366387310938     
   351.15126916791763     
   351.01005159002375     
   351.03272945669602     
   351.60933294994555     
   352.75577567222797     
   353.84734038627505     
   354.54925831260618     
   357.04515356562200     
   360.87038443498398     
   363.67143966541391     
   366.37323172340427     
   367.58176554003626     
   366.91854087620840     
   366.01290497874339     
   365.69247928629431     
   366.38408040179729     
   367.41489652173715     
   369.01690977106233     
   372.67470849694240     
   372.89546035151625     
   371.27717912496598     
   369.02745825157240     
   365.98975118719653     
   363.72133436779103     
   362.51607784432593     
   361.08576208909170     
   360.16671128199363     
   359.46507205075687     
   359.17197052728739     
   359.08286325489394     
   358.93035365891041     
   358.73897447248459     
   358.67113512280451     
   358.56232972741020     
   358.25935164460856     
   355.37226754238463     
   355.01666642656306     
   353.56954828577312     
   352.87974251143203     
   354.25979248870539     
   353.66612182638511     
   353.69278913798291     
   355.50815269449043     
   356.57235707995392     
   356.75149463854001     
   355.55327094347336     
   356.82118211182365     
   357.67429553520435     
   357.75296478168548     
   358.11451753915748     
   358.28671058400016     
   358.79209857419215     
   358.64432233815478     
   358.80620024808053     
   361.32563562864186     
   370.27852922587255     
   376.56414329750652     
   378.10963529656675     
   378.24930497760232     
   383.95903670013445     
   385.47980828924881     
   382.30281026149794     
   382.15635742459733     
   381.96262057450627     
   387.34905564432034     
   384.45778410760573     
   380.94034617810337     
   379.29531272577640     
   378.33222289898157     
   375.74236847802041     
   373.86249822977760     
   368.06054831469754     
   362.11353691862547     
   358.95316759480249     
   357.58710003089664     
   355.71316440819191     
   354.74016108620049     
   353.75235334637028     
   352.78669958759417     
   351.89560944505314     
   349.65944562997191     
   347.87814509716696     
   346.22250166971162     
   344.48276665604766     
   342.82753101254701     
   341.59321529635025     
   340.56856740640842     
   339.15778256085184     
   338.17355849467748     
   337.49325806366033     
   336.53913500130011     
   335.46773236739358     
   335.18722180665929     
   336.28259204753789     
   336.80593391636336     
   336.38154210075510     
   334.89916135057831     
   333.56611494002340     
   335.27300777655819     
   337.92234577567433     
   341.54144753162331     
   345.03588160264917     
   348.06668006837492     
   353.16994597583954     
   362.79891359446486     
   375.06038717049449     
   369.38632297798108     
   376.62607627801930     
   373.00325046775578     
   375.66089107976740     
   368.63484488818722     
   364.75546782804781     
   372.19946365951239     
   372.93556221562227     
   374.45938203179963     
   375.90146679641896     
   369.87514074986063     
   367.34254602219113     
   366.08168520493501     
   361.47814737964740     
   357.59215927111592     
   354.51274477338529     
   353.53971129430209     
   353.10046871714241     
   351.91011764583618     
   347.70500663447280     
   344.86198238628879     
   342.38359135433063     
   340.00037266179885     
   338.36038385087880     
   336.82675379637317     
   335.28886721678896     
   333.29364834075824     
   331.61129136588198     
   330.28826477675346     
   329.95032635641121     
   329.38106781481440     
   328.38442299126842     
   327.54720532322699     
   327.01160536607273     
   325.62994811460680     
   324.01601959465239     
   322.91741968851534     
   322.35272398268734     
   321.42357992422410     
   321.28027067279027     
   324.15191392900402     
   330.37545157303038     
   338.27816920110945     
   347.06631885737096     
   356.32926729629816     
   366.58479631164721     
   375.79868793845259     
   384.10578014845896     
   391.54815798857322     
   396.26775089990264     
   395.87903998910883     
   391.94835482314454     
   397.63888518623384     
   402.25086178414676     
   400.52604010007855     
   413.82515785262672     
   408.25804684196970     
   400.67601924408643     
   399.43898837264715     
   396.96536887975628     
   391.01788290364635     
   383.58192205214300     
   375.95351031448860     
   368.12139181918212     
   363.07137193859586     
   358.93229319413257     
   355.42495277081827     
   352.84012593477263     
   350.46423113595478     
   348.36241669196130     
   347.32928461731467     
   346.35121305735379     
   345.64728402930706     
   344.79845692625213     
   343.81752366786526     
   342.67435967508283     
   341.71930152094194     
   341.24092570674981     
   343.53396128465329     
   345.75731573040019     
   346.79424239092884     
   348.83385383148851     
   349.83793407054543     
   350.23891479031852     
   350.26687345580308     
   347.24689207823093     
   344.48127982469094     
   343.90064424131555     
   345.32715459396672     
   350.18107828475007     
   356.78850334070131     
   365.66827356874472     
   376.73746397889300     
   385.93518765980593     
   392.49574792200491     
   391.38501887046027     
   399.24229166192475     
   403.99066261559193     
   409.46904629570992     
   402.56248356987072     
   405.42992680672171     
   402.54187181453483     
   406.87108432552685     
   408.81882466305478     
   404.83184256239815     
   403.61702271190995     
   401.83018053733542     
   397.57923500886807     
   392.88370765031203     
   388.71623396847235     
   385.06343794003328     
   379.63611776872381     
   375.56736721890576     
   373.06761726030032     
   370.27638249088920     
   367.98394183939826     
   367.36933271051356     
   363.31768296352612     
   361.73798492051827     
   362.02177897592452     
   359.38249626318969     
   358.74571325944908     
   359.67700033420152     
   360.06693346154037     
   360.58183720245785     
   360.60083734652426     
   360.38221444339177     
   359.97610651734618     
   359.84340749164033     
   359.37447445726559     
   358.86016561141861     
   358.41425399835896     
   357.85552074604942     
   357.36863350173326     
   353.14905050384152     
   352.98042652251945     
   354.46050616556113     
   357.13419709873136     
   360.35026003961866     
   364.62229118664129     
   367.74070879722933     
   371.76718545189470     
   375.85332379282545     
   383.32972146710318     
   393.06738790939420     
   400.77361629840652     
   410.61887944794876     
   419.70397165452817     
   423.88895275723820     
   423.03966135107180     
   415.80996915026196     
   416.25092980385961     
   413.81293392151173     
   416.58619470040975     
   413.53382767888081     
   409.52591612584354     
   403.54106183233506     
   398.44407789636057     
   391.44628581129712     
   383.95106543208993     
   379.40400202197526     
   375.87579931552426     
   372.61535020430949     
   370.26959675452883     
   368.15509061077898     
   365.23581915417947     
   361.78803784324657     
   359.10847361109478     
   357.12913633822433     
   355.57089699144245     
   353.96137004221208     
   351.86966054242458     
   350.41782347247863     
   349.01050673395741     
   347.45909882746832     
   345.75206154546902     
   344.28515711208155     
   343.17432479532272     
   341.92448069892436     
   341.25734896687226     
   340.85307055750587     
   340.48246824778442     
   340.13152033246763     
   341.68346992558844     
   343.96722201327384     
   347.39643953737635     
   351.73488830257367     
   357.38552708013793     
   362.56223759316316     
   368.71083624691829     
   380.41739320339809     
   391.02106202769323     
   394.89636290458100     
   405.94855287598841     
   406.75971973838125     
   416.66330288862252     
   420.48043427796216     
   423.65893336721484     
   422.28681649545877     
   424.76131265547531     
   427.70322431804840     
   428.91464172753200     
   424.50583697834122     
   420.19618812191362     
   411.78352110134227     
   404.41318302917921     
   397.68668969643733     
   392.04870317662028     
   387.98930069417810     
   384.63522851537533     
   381.97419817378193     
   379.97984363100989     
   378.25310329027229     
   377.35698759806883     
   375.93425150776955     
   374.42513475110002     
   372.88182219760341     
   370.37531279590490     
   369.17923423335930     
   366.37911190992014     
   363.29645536387176     
   360.86678511553890     
   360.23414946631090     
   360.51165416671182     
   359.93361238730068     
   359.61804973200151     
   359.79264093525177     
   358.81995848080726     
   356.73682083655700     
   355.42004210123082     
   353.60450850239647     
   352.29638959809995     
   352.08863796820100     
   354.74038157158338     
   359.34792299321612     
   365.72657218037813     
   373.73966518246914     
   382.49752714370175     
   394.51518140775624     
   406.77945419964067     
   415.84935012136714     
   426.45515430620151     
   434.09482765745042     
   439.89298901734242     
   445.22831743397421     
   446.19956326345238     
   453.23919081755366     
   448.11091497619964     
   444.03666916808612     
   434.19119480656025     
   431.02626224995356     
   432.27070980812283     
   421.10898679147203     
   416.21497127650912     
   412.71187453403314     
   404.92682152315325     
   399.81001107147682     
   395.75522209787567     
   392.49703017712096     
   390.14233361981894     
   386.91303672326552     
   382.42502819268043     
   379.53003404803536     
   377.08100250772111     
   374.41767533252096     
   372.33329371154662     
   370.41476135522623     
   368.69878848052218     
   366.85267363082647     
   364.14843056135311     
   362.60496370459458     
   361.53205322452931     
   358.98685769063360     
   357.84254019303444     
   356.89249953300913     
   356.06343846705448     
   355.08669691451524     
   354.88612028929344     
   354.41928432403228     
   351.47764790758231     
   350.96738325828977     
   355.74699125416277     
   362.72854999438584     
   372.31821937075665     
   382.90877585792094     
   393.77062368149484     
   404.60421894553531     
   415.41002026748475     
   426.43896690544119     
   435.10880931472923     
   442.21469285489098     
   445.82909013167267     
   451.84387523339785     
   454.74233084942631     
   457.78286716375169     
   456.34484226736237     
   454.52253051664553     
   449.52437506197327     
   444.37243382953699     
   439.65952337240100     
   433.63329910788786     
   426.13228993184401     
   419.65336702300363     
   411.45117552658013     
   405.64397195994206     
   400.55319229892712     
   396.45591835533679     
   392.60387354477444     
   388.93117107741472     
   385.53321739854402     
   382.47198064024127     
   379.75503423925483     
   377.24904271440818     
   374.96729435090555     
   373.02254152779727     
   370.72796142445054     
   368.49841781836187     
   366.27324423090613     
   363.92947085247425     
   361.75158760276798     
   359.84473664331034     
   358.54882436467597     
   357.11477093163433     
   355.46503879666210     
   353.88216732261105     
   352.09811050431131     
   350.47640259830052     
   350.60653462761974     
   353.69340833928487     
   358.05606456917621     
   363.87444207545758     
   372.81879221777399     
   382.06871133154198     
   390.77432002645372     
   399.99473791089196     
   409.91162927913990     
   419.16611951497634     
   422.63491439577410     
   426.29899385637873     
   434.26170965622748     
   438.60164061317505     
   442.96312469925482     
   440.24729465472382     
   441.71372947025128     
   444.15943921006834     
   442.94309256356394     
   438.50435903881095     
   434.35006450200791     
   426.92787770913623     
   419.01545985011347     
   408.73987345956670     
   398.25886275556553     
   390.94341686049029     
   385.03223966445694     
   380.50675697595193     
   377.15303939770047     
   374.30927643548910     
   371.67302954805990     
   369.10752742453064     
   366.31519254982476     
   363.93726160771575     
   362.12320215225691     
   360.00246207041641     
   357.81135986770983     
   355.39506895139044     
   353.37690623610990     
   351.95077150707357     
   350.34440821096081     
   348.16900476065109     
   346.37272609571232     
   344.91258985778416     
   343.39646520926766     
   342.14116510239074     
   341.59444801647646     
   340.39203432734826     
   340.61307953338564     
   343.55426385561168     
   349.41450732297943     
   357.07561786745481     
   365.70935912888774     
   375.01461894974062     
   385.02069401487921     
   396.62980275911019     
   407.04431490798925     
   415.76989176830023     
   424.67402874453967     
   433.42562246073112     
   438.92731595824682     
   443.44844066754791     
   448.27056005321339     
   450.61968085531521     
   452.66978686241504     
   452.81539167216550     
   449.67211246994020     
   447.07371220749252     
   441.71698184106117     
   435.76085575726586     
   428.19610618711977     
   419.53588972837736     
   409.57602285903101     
   402.71815717320675     
   396.65670439852278     
   391.94155792102117     
   388.05654947329981     
   384.55409950097317     
   381.54119726824945     
   379.03322014806810     
   376.13174541600006     
   372.95774209590297     
   370.09231892376670     
   367.67137471906966     
   365.50845144371823     
   363.59393070611725     
   361.60465588141346     
   359.06432752150329     
   356.59606634493036     
   354.71002435677912     
   353.12723322453729     
   351.22428471425746     
   349.51169267969954     
   348.23763653880809     
   345.94868038023225     
   342.03114738439149     
   341.66537079908915     
   346.31201984195246     
   354.57106599051986     
   364.73143768542758     
   374.29488717600753     
   384.07962740397483     
   394.11182692838594     
   403.55986270579695     
   413.67042258669960     
   421.91880994105531     
   429.74449854540649     
   437.19074972064885     
   443.20438526007160     
   447.64724103149234     
   450.81450530329010     
   453.28775829091842     
   453.40901443626285     
   453.52242178828755     
   451.88292324438873     
   447.92403892779407     
   442.41412131448379     
   436.78650092294492     
   429.70771802827238     
   420.92292907240488     
   411.30962089438327     
   404.98913095567048     
   399.60553498370689     
   395.27754911932260     
   391.23553506875214     
   387.43597648753234     
   384.41538195703049     
   381.81098494207822     
   379.52778259065042     
   377.49948738230859     
   374.61233218895717     
   370.17478395923683     
   366.63029998964748     
   365.97882828958427     
   362.13748889555256     
   359.83829863170610     
   359.95277618497954     
   358.79321724766857     
   355.97702971763181     
   352.28591657893230     
   349.53107647911412     
   348.19150857822416     
   347.20692718231862     
   346.84421890154641     
   348.79693541417174     
   353.71096976747776     
   362.76544527112424     
   372.93666208291842     
   385.08360373488409     
   397.29547136560529     
   408.11426666950973     
   421.04727690258846     
   430.57511445646935     
   439.11055769998620     
   446.39959788229339     
   453.29360218403934     
   458.46939458925726     
   461.88512570659924     
   464.91609347956853     
   465.74547851305744     
   466.00975128131665     
   466.59401060008395     
   464.76793664140507     
   458.70885703656324     
   451.63093945198824     
   444.62511879457685     
   436.79826567301745     
   428.37214784591606     
   419.47370091690198     
   414.07269020294490     
   408.92234599892674     
   404.59752455286855     
   400.92842747089026     
   397.82298398718325     
   394.56422553348619     
   391.07670097878793     
   387.10868209310087     
   383.93265520101403     
   381.39247425746248     
   378.92575001160452     
   377.17862059748973     
   374.86740080124360     
   371.87474206293274     
   369.83684302734900     
   367.06974911406485     
   364.85382351171569     
   361.92529687210572     
   359.89690571996607     
   359.36775411111961     
   358.16595670670728     
   355.35453575930637     
   352.93753198566264     
   353.17453062074640     
   356.70835674216369     
   364.91489997251790     
   374.48046610047703     
   386.09807606597610     
   393.58647850415116     
   404.17961525729800     
   411.84339629636611     
   418.94065634171534     
   426.97214322163012     
   434.60546182903846     
   441.18944245075602     
   447.55255130008698     
   451.40286894163557     
   455.25473707991284     
   456.86171068855947     
   456.02691374778652     
   451.88875037884139     
   451.03497747499711     
   447.25451846535532     
   442.45499316033863     
   436.68817055038926     
   430.02529213061712     
   422.06253067686993     
   414.72189109533110     
   409.33916086674537     
   404.43263218501562     
   399.80083409085415     
   395.89993764282798     
   391.83418241254867     
   388.11206742697294     
   384.79740302722428     
   382.16935431357598     
   380.02102927745199     
   377.83529256456228     
   375.36022717066425     
   373.31608503901094     
   371.16006776775498     
   369.20350882767463     
   367.16500019222536     
   364.65268870271933     
   362.55205754529516     
   360.36303814223987     
   358.42953825870728     
   356.71207116359989     
   355.42119465610091     
   353.96943360966048     
   353.02722435418406     
   356.13723335969786     
   359.47695413846060     
   361.76964334043839     
   363.23217434036417     
   365.52573409577241     
   367.21575550617223     
   369.18339755149810     
   371.38521781924698     
   374.15761086878609     
   376.91876483791668     
   380.03743879055031     
   387.51735796114485     
   394.75218989787163     
   408.20143800512705     
   421.77976800950131     
   424.16737300809422     
   425.68903445293006     
   427.19286798509586     
   422.48173788627003     
   420.77054126219690     
   419.55328659709750     
   413.44164451041729     
   407.40118769511156     
   403.79795684552721     
   396.27802074565818     
   389.77775750546499     
   385.32628250388564     
   380.69374126912686     
   376.76532195948380     
   373.81504452445893     
   371.40305738065916     
   368.59484454758558     
   365.12028476313566     
   362.77902943273369     
   360.99528883196467     
   362.67522980769797     
   364.75807808860122     
   365.15927457600003     
   365.21083539961791     
   364.88228773793702     
   364.25276131696637     
   361.73356115609562     
   362.02588267989836     
   362.19136020654884     
   362.19627201650542     
   362.18355309315967     
   362.10497133404942     
   362.43086691948622     
   363.24086583273765     
   363.74871259653327     
   364.52447580455805     
   365.13945249339133     
   367.06967590724446     
   370.35164044237035     
   373.09022868873285     
   375.73451968305528     
   377.71898893986150     
   377.04643671519409     
   376.19237287553989     
   378.96143854766410     
   379.63138898087601     
   378.34895640851761     
   380.37969214705379     
   378.45732847831181     
   375.67854812844672     
   381.79527511619892     
   382.03273976516567     
   377.62533986285410     
   377.92844289232414     
   376.75165748314987     
   374.21739213513007     
   370.94130151103377     
   368.26771185892164     
   365.92883013344766     
   364.28674345147749     
   362.92177589651993     
   361.41891446733052     
   360.35608227102750     
   358.55717296005025     
   355.16594937880421     
   349.95902899280435     
   346.12366908934024     
   343.29057593056513     
   341.11615038518738     
   339.25724978644467     
   337.46078163548225     
   336.03395538097328     
   334.50035176553268     
   333.12948332860026     
   331.86757232412697     
   330.56492073832118     
   328.78968169071231     
   327.62292962526863     
   326.05200548009333     
   325.29003369474100     
   325.16351625114731     
   327.67826257028929     
   334.12274722494692     
   342.86678342995873     
   350.95200971194765     
   359.63353162561839     
   368.45307786806029     
   376.89489458281747     
   384.95725493596177     
   392.55235269466397     
   400.02452405326903     
   406.02090675581769     
   411.51528958180722     
   416.48730726660710     
   419.33906162791124     
   423.72747131328538     
   425.67585191455288     
   425.74002780958341     
   425.43222350684272     
   423.62542039175065     
   419.44755049031255     
   415.65734930537610     
   410.23289334621501     
   403.32671783848838     
   396.17207553080641     
   388.27423307200183     
   381.94382995181854     
   378.14943668203648     
   374.93091898179836     
   371.12767023893264     
   368.15057331686603     
   365.07610850621177     
   361.87638382145559     
   358.98432412968901     
   355.83042331192513     
   353.97520183104757     
   351.53981738118017     
   349.61314058196069     
   347.95814850164498     
   346.46287440493222     
   345.16510493646655     
   343.61719175559062     
   342.07469927476882     
   340.81237029890269     
   339.39138447363445     
   338.00314517417326     
   337.59228346300682     
   336.03303493628442     
   334.27056697964582     
   335.54169500470869     
   340.03079500866528     
   348.37892147992693     
   358.81974900157297     
   370.35342342924645     
   379.68886854886733     
   389.94840718676340     
   400.08244545733743     
   409.20530242216938     
   417.33323907536163     
   417.20133323208410     
   420.03791122110363     
   420.00590732194428     
   415.80255187300611     
   420.13468952993020     
   414.35408870482911     
   431.03518830101223     
   433.61705787457203     
   433.50159098570532     
   428.68669592176644     
   418.23790439019552     
   409.47107270755117     
   411.42956818945015     
   401.16798218842132     
   392.16340436212562     
   386.66595466603661     
   383.07582488788472     
   378.04922001785616     
   374.06197602841240     
   371.33588590613044     
   368.83550892239538     
   366.22815249025791     
   364.25483899273553     
   362.83407191944747     
   362.26134730625461     
   361.97634500147757     
   362.03119179121074     
   361.27514547114828     
   359.14269223775761     
   358.38978678532334     
   358.20572791433409     
   358.15411177839690     
   357.90864794967939     
   357.29944317597761     
   356.46125347039884     
   355.72307352459558     
   354.37621058432097     
   352.80316245666859     
   355.09773865367288     
   362.87531596125893     
   370.80641845157868     
   376.55494392397230     
   379.50482259693314     
   382.07061326511979     
   389.89474726904672     
   389.85665617670480     
   391.96876000264672     
   398.96904014767267     
   399.98555275102967     
   403.18978249248659     
   405.56558888305523     
   401.77665706502205     
   405.15060145612966     
   413.58027198607982     
   397.62383127486851     
   392.40491347605285     
   386.55990941165788     
   385.37524395488020     
   382.17058684165585     
   377.93747755673928     
   375.14744505090937     
   372.59974422016938     
   369.58617545391132     
   366.58758884491778     
   363.59890939817848     
   362.20721446202930     
   360.64961558135383     
   359.14449893768915     
   356.06652766081561     
   352.13115561366743     
   348.13616786760792     
   345.17088094294968     
   343.58106211006304     
   343.18493804754837     
   341.06207249656563     
   340.55111135071149     
   340.61265932479597     
   336.82526794808712     
   335.62589257717985     
   337.80632929007027     
   339.19763282501953     
   339.65477569258849     
   340.41911061347315     
   340.41732710965954     
   340.24973401028433     
   340.04988990374835     
   340.54663833990458     
   341.84900524030530     
   343.34942641252263     
   346.38913407979214     
   351.27457513901163     
   350.28571428995991     
   349.72546337132638     
   352.84986902084108     
   356.72085546291441     
   364.81132546292025     
   368.29885475731277     
   368.54920613358149     
   374.64144438514643     
   383.79351943288634     
   401.97437919628737     
   396.44550865109454     
   376.88713798730447     
   367.60921645802142     
   363.49027275251456     
   361.17558382722643     
   361.09098511921280     
   361.51019404001192     
   361.00746595646842     
   355.96563012468374     
   351.77868807637884     
   350.35235675619435     
   349.53087161664700     
   348.22803811633077     
   347.03153493162870     
   345.78470547736492     
   345.10749902839336     
   345.27387384976254     
   345.25099495361133     
   345.32135441656504     
   345.27635253924848     
   345.15627800938870     
   345.02403783885575     
   345.07015482361044     
   344.93626944445396     
   344.75735240509169     
   344.46225935541918     
   344.27088334563740     
   344.08553892691390     
   343.89417619546668     
   343.57251460905343     
   343.27480869916604     
   343.04114173194137     
   343.01766832875018     
   343.46688634968774     
   343.91508636852194     
   345.17551799707542     
   347.46847767363982     
   349.02121886252695     
   349.30124658326645     
   350.71013440726693     
   354.00164866150965     
   358.18696674855039     
   361.21944981598449     
   366.80793720400874     
   365.47930236440180     
   365.09906984992415     
   364.99240501012457     
   364.19141710065554     
   366.00531930514200     
   369.23146143978880     
   369.51060067143294     
   371.32785291142244     
   371.36900235942943     
   369.20948914307462     
   367.66332181487968     
   364.49032676548910     
   361.59265603339105     
   358.16664101523878     
   356.34556796040016     
   354.81351817490804     
   353.46757011009743     
   352.52442524909424     
   350.93753465340097     
   348.57762385509693     
   345.90028253289751     
   343.30726173773968     
   339.57343609551748     
   336.37137762455404     
   333.26342436309051     
   330.82476896450220     
   329.25625623652803     
   327.67899251931243     
   325.98816315324899     
   324.13033335991332     
   321.30098300378052     
   319.81406921540690     
   319.67558500923155     
   318.80078687783282     
   317.60008011839932     
   316.77345455126692     
   316.33905430919714     
   319.22876591603671     
   324.84983322353224     
   332.61420920747162     
   342.74471303531305     
   352.56850869339968     
   362.97807478836592     
   374.97020964057458     
   389.69085555178680     
   395.76763146823339     
   402.28784610917575     
   402.78860407191979     
   394.22616418990117     
   395.28109145146669     
   396.05359600836516     
   394.27661004238195     
   390.07470799267912     
   385.48117571230233     
   385.07912757800227     
   383.09514858123850     
   380.30454705668330     
   378.90708640643550     
   378.31799508013387     
   376.53858161846819     
   373.99180041647458     
   370.64552772558318     
   366.60165294570777     
   362.83745043354457     
   360.69288398374152     
   360.41551950994352     
   360.95758402140234     
   360.53747070658119     
   359.85143024441066     
   359.59130175539519     
   359.53647909468287     
   359.18524297080330     
   358.66120799649940     
   358.11508930673460     
   358.00099815463750     
   357.84290124087607     
   357.73395121553847     
   357.67939602104690     
   357.51458052697689     
   357.58316787817705     
   357.56723917580427     
   357.58683079396616     
   357.06287159474522     
   356.63850472059198     
   356.61312064249307     
   357.81678671858913     
   358.80890542413624     
   360.07072505859611     
   362.75249642557759     
   368.98461858719594     
   371.07758987272962     
   377.86187276166856     
   392.19165306897935     
   388.87923291356526     
   380.12182462220022     
   372.91580283205980     
   373.94791115906372     
   378.60559527956167     
   376.70747712769628     
   378.46319751610150     
   375.29539399090982     
   376.51099779488436     
   377.86428795523835     
   384.41384208917873     
   385.80087149399213     
   381.53832389225624     
   378.18014481039319     
   374.04237038416164     
   370.75839271371410     
   367.66443169028742     
   365.71405825497675     
   363.98321338857772     
   362.47541303222079     
   362.08104258167964     
   362.05722068000642     
   361.41511763037562     
   360.26250010783792     
   359.35534078274065     
   359.19251737869030     
   358.63867777278699     
   357.07794286660993     
   356.91734108582347     
   356.63768500997224     
   356.85392994134793     
   357.23963884030604     
   357.16831125840929     
   357.31796429806741     
   357.71100919341222     
   357.70844993921560     
   357.48128433809416     
   357.84142990802906     
   357.91578911652095     
   358.32656955093864     
   359.52430236374732     
   360.92326386669583     
   362.58869420773095     
   364.99992963794159     
   367.30859927061857     
   371.24697898761133     
   378.74160089332213     
   379.30137572398326     
   385.23600436904911     
   397.46204289854768     
   394.77349993118708     
   399.13238776481899     
   400.74627259149429     
   400.29231910015812     
   400.98295558585596     
   396.91180078831741     
   394.43139164386923     
   398.86733580846095     
   400.75410852803572     
   397.64916630261803     
   393.55565065094220     
   391.77014212710407     
   384.95086427921967     
   380.43980074359166     
   376.10407732632535     
   372.47984704402353     
   370.66053064942668     
   368.96742684246647     
   367.20999518041288     
   365.03651947777070     
   362.95505155773333     
   362.75302167679808     
   363.26906706706819     
   363.74402811672763     
   363.39448626867312     
   363.06116158334771     
   363.09374129721709     
   362.95268196476997     
   362.45165382801633     
   361.92012035712105     
   360.95096039436345     
   360.45235068216539     
   359.90552959315039     
   360.11346724789922     
   360.07468881156353     
   359.93589669984794     
   359.98996313556205     
   359.50227860325322     
   360.16833312969538     
   361.21472019291997     
   362.71464050694124     
   363.79396403638663     
   365.13423166488781     
   366.90097441075488     
   368.31814877743290     
   371.89469649391987     
   377.65168235028847     
   378.80634982626765     
   378.25645147947495     
   378.96138112979474     
   379.64736359489228     
   383.66978489478225     
   388.14598794344647     
   388.95299960323786     
   385.50153481121038     
   385.93495065576286     
   384.62230053059341     
   383.70787628421670     
   381.32151902752605     
   376.65317927842341     
   372.89286152584896     
   370.48587475682956     
   369.09559054843243     
   368.94481159736580     
   369.29164512518980     
   369.18008073863922     
   368.88626896169455     
   368.48233089520943     
   367.73394117788615     
   366.38247444504202     
   366.36963535384700     
   362.69726783634206     
   357.30603296697529     
   356.32839742923989     
   351.95496612056695     
   349.85742856400543     
   349.41455354396493     
   347.34078486198996     
   345.64448492045670     
   343.16343066904000     
   340.86725557354401     
   340.23073328300040     
   339.83174934323284     
   340.01856539282471     
   338.14582462513340     
   338.84365579241705     
   340.02542379514102     
   345.97594726000403     
   352.53937019359705     
   360.53467017806622     
   366.78676809807627     
   374.23325428066454     
   381.06259675496352     
   386.92922179059906     
   387.37448603868950     
   382.84463515553881     
   375.92520473209106     
   395.27435887866670     
   403.63399576015803     
   409.74172805610078     
   402.03434030489001     
   412.08407374510466     
   414.97222086556980     
   411.39763452903475     
   409.65598004787341     
   408.40375369601082     
   404.45580948596290     
   400.73247824944730     
   393.52125875748874     
   385.71001823392879     
   377.12670274799103     
   368.22443740391685     
   362.41966119555985     
   358.29378602413249     
   355.51219038757068     
   353.15786698946386     
   351.50966978309253     
   349.82476801289221     
   347.97014209700234     
   346.33408990020354     
   345.16755112387466     
   344.37126591099656     
   343.27448678585409     
   342.16975912256152     
   340.94751102260057     
   339.66919751324383     
   339.30334822765343     
   340.65616360294973     
   341.49688591410023     
   341.34539716499449     
   340.27919268733046     
   338.53062510835423     
   337.13887052051501     
   335.58398082264682     
   336.95831600381177     
   344.32553918805945     
   353.22354653843570     
   362.88659327029728     
   372.50808656023196     
   380.90673474316446     
   380.79331630449303     
   388.58428891936347     
   390.59357875392163     
   394.48645313983877     
   400.51522307451160     
   401.24844333283295     
   406.72242415325906     
   410.38018356753162     
   419.62663313513639     
   429.07721585101370     
   416.35680623918779     
   399.81073235062087     
   410.36237958053647     
   388.75031277760513     
   377.77895056417742     
   381.73838580088437     
   378.91470265373891     
   375.70994690922396     
   375.12889016178553     
   369.40251627301222     
   364.87547537792710     
   361.15813415605157     
   358.23177942479685     
   356.90957499501548     
   355.16786793848490     
   352.55906648482494     
   350.28268906014074     
   348.44461088772755     
   347.24828179101308     
   345.93857752302318     
   343.54016015381512     
   341.44081887570030     
   341.29579985451886     
   342.60397320688878     
   343.34711021976801     
   343.71909536150287     
   345.04048103336243     
   344.93829250053676     
   345.21530307822303     
   345.74330139980913     
   345.63100052216612     
   344.78250409287847     
   348.35105845569007     
   349.79551900725443     
   356.49664396120272     
   366.53317756126654     
   376.17398849989519     
   389.31546105143406     
   396.77697520682858     
   384.73710856900340     
   399.05118630039448     
   408.71701217127872     
   410.39138802741019     
   415.45916264142943     
   429.16313552251228     
   431.45647813948125     
   418.85775079955340     
   408.31592585441621     
   420.59989535290725     
   402.30936445806174     
   384.95927200408391     
   404.10273013315549     
   410.30305614727786     
   402.29376295645091     
   398.20734784508591     
   390.80655819167390     
   382.86554228622776     
   375.36549285207502     
   372.48248204564834     
   371.11088699221023     
   369.14340045009016     
   365.05407302702764     
   359.88923068110677     
   356.64952242404860     
   354.97843539111943     
   352.53494681788669     
   350.28760858003164     
   348.00194411112642     
   345.81787821895529     
   343.60142364346694     
   341.38780709926169     
   339.71037640524048     
   338.15313517015971     
   336.53168127548975     
   334.60733892898708     
   332.91114896050965     
   332.13960224433771     
   331.29026638608161     
   331.70209421948579     
   333.22173794697352     
   338.56142672084644     
   346.15169698297558     
   354.10705130549843     
   363.51866787366055     
   372.85180346302917     
   381.39710554687082     
   385.93569222227575     
   403.42084705538230     
   413.71326284148756     
   419.89632257720046     
   424.51810542920975     
   413.14126977397723     
   428.63721607039912     
   410.43864964555593     
   424.68548775770171     
   439.09219204169284     
   414.20612307998931     
   407.12680538962127     
   416.10123502718034     
   407.50844755112092     
   408.68665753571520     
   409.68194241387619     
   403.31700784326091     
   394.97026790490548     
   388.88982124266010     
   384.26849756738676     
   378.40349775571246     
   374.24595547939515     
   370.82292617329864     
   369.64450170859681     
   368.94677418121108     
   366.46514278335877     
   364.85272868754777     
   363.32727335575100     
   361.13331399770783     
   359.58535520551897     
   357.98901886055586     
   357.21852888115995     
   355.89290975128495     
   354.51503683096945     
   352.70540243881578     
   351.59196013949179     
   351.10355193344134     
   351.22698108633159     
   350.53432121878507     
   349.86130302637139     
   349.26512291990286     
   348.00142806093743     
   348.27199074035866     
   348.57316316174479     
   349.01095024771246     
   348.49769751645744     
   349.41026986479437     
   351.41961629757549     
   354.33601608478727     
   358.53871259078744     
   365.67870659951370     
   374.75411863102391     
   385.42251739244176     
   398.20090040907837     
   401.40633300598017     
   400.92047719863677     
   396.45466242758766     
   394.60788840618068     
   401.25498050055370     
   396.66485307441405     
   400.06667089054054     
   399.81708418489092     
   389.58953778521800     
   382.84873264783221     
   378.96937734254368     
   378.11994703383687     
   371.10333727602313     
   362.73251472334567     
   357.56054918879511     
   355.29346303419402     
   354.10636633530049     
   350.20289653675570     
   349.10060368817130     
   349.44078414491133     
   347.73443133771150     
   344.66410777751963     
   342.21610508863859     
   340.35901176798251     
   338.21309132450034     
   336.43684649431736     
   334.88308462949220     
   333.37148696706731     
   331.94640676256893     
   330.52461612712403     
   329.08758833770662     
   327.71107834678401     
   326.21147846594721     
   324.97224019993780     
   324.31606588597981     
   325.55813549899898     
   330.16600891751511     
   336.74628764265708     
   344.66472560083156     
   352.58070983309796     
   361.48748465630098     
   369.29210411714081     
   377.42787059647185     
   382.92306186700068     
   389.58534943203654     
   392.80857390909381     
   390.45686908656529     
   381.17765932582131     
   388.04246481021386     
   396.42409903834107     
   403.81609932226837     
   399.63662029437415     
   393.00918194522131     
   392.11924461405386     
   386.28573089920138     
   394.29819669095531     
   386.42666020101501     
   385.56777299984947     
   386.08853095848093     
   379.40373775447574     
   372.21456461007426     
   364.76516955769506     
   359.70020957735193     
   355.49528932904957     
   352.40099914815812     
   349.56816658942324     
   346.66770267004881     
   344.24244269437753     
   342.49361103649989     
   340.88108866903610     
   342.14096570167908     
   342.82986155284772     
   339.92356940530215     
   336.88939662764005     
   334.62524165561888     
   332.20709203576951     
   329.96949695281927     
   328.57568719480815     
   327.44229774913816     
   326.23391875282215     
   325.15373087922450     
   323.88959755596630     
   323.30130553097524     
   324.60567289476217     
   330.80814743622074     
   338.52273921190999     
   345.79328661112106     
   355.96994545456982     
   366.08838052523913     
   377.76546694498762     
   387.99209708093503     
   393.73840631853915     
   403.08574037199861     
   406.86889844935018     
   418.57608171210808     
   409.57035268838871     
   409.71455667335704     
   415.70618807833267     
   411.91883603177962     
   421.98651716704472     
   407.97220211427504     
   404.29066261739769     
   404.99166481495229     
   401.19036667769450     
   391.27999523759445     
   384.27475106828388     
   379.02800726463346     
   373.58975001346056     
   368.71272865947884     
   364.17720768819726     
   359.69002069728651     
   357.29220859957428     
   355.87394816231148     
   354.45006804651211     
   353.29403823587933     
   351.89685160231380     
   349.78615996525997     
   351.02328149600311     
   351.55927515960582     
   351.51508806409095     
   351.63846471929224     
   351.90405050545235     
   352.27370546338938     
   352.25774144740404     
   351.94537425903866     
   352.65735708720086     
   351.57599753641847     
   351.21868350629200     
   351.70826987004278     
   352.22835657825982     
   352.52049834404204     
   353.42205145353989     
   354.74859436717020     
   356.48226272690368     
   359.13926641016798     
   368.51380627859999     
   375.89618674517277     
   381.31010241921445     
   382.45152063898064     
   389.41061584283409     
   396.64497659008344     
   399.25074448546872     
   405.58551934069123     
   412.00836011959535     
   410.85550960694900     
   415.17857780296288     
   420.65662313016043     
   409.38693021698282     
   396.57797384254860     
   388.39887496229107     
   400.83093480887305     
   400.71244136572977     
   395.54839094062731     
   382.67319613565138     
   380.86103216649389     
   380.69398143253710     
   370.34860119794268     
   366.55089723404694     
   360.05863869190205     
   355.73638003798158     
   356.06396038172488     
   353.80151564565267     
   351.26845262006390     
   351.65575126954298     
   350.09317592014276     
   350.52667183643410     
   349.39394560340759     
   349.26873793621178     
   350.17115470120643     
   350.78584505165321     
   350.89553751428275     
   350.50443698717640     
   350.01472013721627     
   349.58626095116608     
   350.68839331729453     
   350.88744074633701     
   350.73749473429058     
   351.19201548439480     
   351.88939534962435     
   352.05972239679346     
   352.29505844143029     
   354.88732337471907     
   356.88210066864082     
   358.26553172214972     
   364.74825708962851     
   374.89622038139748     
   379.72719116026809     
   375.17432306739607     
   371.48528184554493     
   385.44530735612102     
   389.36398774733385     
   384.90530546878256     
   381.01622112262595     
   372.13798992272564     
   369.67103710501624     
   370.05229332437773     
   372.98591822892240     
   378.65376659814439     
   383.01334110262570     
   382.55758724598542     
   381.05057850486401     
   379.74263187232418     
   375.85535682600681     
   373.31188832979939     
   371.20258101592981     
   366.86914520370885     
   364.21762426427580     
   362.75455664736995     
   361.55797395558062     
   360.09164196122322     
   358.93171573767478     
   358.13952636315406     
   357.10571130827014     
   355.94540131514628     
   354.87656178432809     
   354.26853427283203     
   353.93114633215436     
   353.51629665910798     
   353.36422535667134     
   353.27770010928072     
   353.21465404062633     
   353.09136586711929     
   352.20368158831781     
   351.17117471960756     
   349.99716268274170     
   348.88905059597806     
   347.81306010971758     
   347.73118984366295     
   348.85534014866579     
   350.45011568121066     
   352.98522591302213     
   356.17987738583321     
   360.97670314907197     
   365.92504638894638     
   372.68503263772851     
   375.66161905713096     
   374.01924738623825     
   374.75229192981936     
   377.08359623219815     
   385.61593990786389     
   393.80763239452665     
   384.20928801141361     
   387.46640167068739     
   381.07919060935723     
   376.57339671202357     
   377.42148964365282     
   372.83180457012429     
   380.56605992878332     
   388.43846017009832     
   380.73390582982023     
   374.82517249156592     
   371.73044639501433     
   366.94585826957763     
   365.14448248427385     
   362.84559167566084     
   361.99135879012937     
   360.56403274541191     
   359.10210235902360     
   359.25058417251063     
   358.84579456797258     
   356.74306737340595     
   352.08465558001706     
   348.86703903382829     
   346.56679667682016     
   345.35578796833607     
   343.77139812677507     
   342.13345116635776     
   341.26207793868122     
   340.43739476937907     
   338.98617623265284     
   337.58579427108492     
   336.67707492038016     
   336.09380936449270     
   335.50685645603011     
   335.69942114139417     
   336.67905857176277     
   342.78799405487558     
   351.34455492812339     
   360.29204239806660     
   370.04118633330501     
   379.09259782285989     
   375.87126341377279     
   370.58715937994333     
   376.13574184005637     
   372.68492631983582     
   388.55133591211353     
   403.69524227858739     
   385.01215511340047     
   375.39455152127101     
   382.39273790828008     
   393.33725072723678     
   395.92440409271239     
   392.47847137444916     
   399.23075680440087     
   399.77530072792445     
   404.08109097767260     
   395.63518880711115     
   396.06564619631735     
   382.45613449512251     
   378.08407781208160     
   375.41849051859185     
   371.79323106863438     
   367.13165493042322     
   363.85835241594572     
   361.56695286676745     
   359.73419768972730     
   356.62659786163169     
   352.93132593707514     
   349.70955470934695     
   347.40576421663621     
   345.43208660919726     
   344.48797610609779     
   342.92906953603330     
   341.40279986744855     
   340.27567857951527     
   338.72952577271417     
   338.25261041126907     
   339.42053233975651     
   340.42159912983743     
   340.18821351803126     
   339.01895107916084     
   340.97833850334541     
   341.29385850579376     
   340.67957124880314     
   345.12709822160042     
   351.70523668306015     
   360.50449066328349     
   369.82715867153911     
   376.14940187017095     
   381.38522766081365     
   389.00077017239300     
   396.95306197421189     
   393.28149814299303     
   400.80304288571239     
   406.80185820792036     
   396.47582420431758     
   407.16798918315567     
   408.44270372067433     
   408.19441542486965     
   390.81090099093655     
   390.18317099609015     
   403.97279176797690     
   407.02943286504092     
   388.74073410506776     
   380.78159463536383     
   376.46376438861398     
   374.70033382729719     
   376.40623386306083     
   377.94396279394221     
   370.69175937295483     
   363.71786680536036     
   359.32090952154925     
   356.06664323004247     
   354.04066952748178     
   352.28524643707874     
   350.69492478984108     
   349.17573990450677     
   348.11824923675522     
   346.91191699940617     
   345.28709549547222     
   343.85974718225009     
   342.39232079197285     
   341.00701317385398     
   339.80609627703342     
   338.72105497047806     
   337.59050459414175     
   336.46384943585065     
   335.48385859064354     
   334.52460987825191     
   333.63049597308037     
   334.85580889365730     
   338.27049091631932     
   344.92975569917746     
   353.55671098830862     
   355.90596264093881     
   367.45992131564793     
   378.12572272558901     
   383.34296305116078     
   393.25132053271909     
   401.85708260325185     
   400.78016172606738     
   408.69230751164093     
   417.23000828963251     
   408.38562541428337     
   393.74587185398332     
   398.62723011647296     
   398.66973635742733     
   387.35888813387430     
   389.37604718536267     
   406.11495672948826     
   391.77580737308591     
   402.81200145292814     
   400.28515341155946     
   404.20877043315852     
   396.77076872805736     
   380.77074301665658     
   374.58826403456430     
   372.43818574104961     
   366.97318290879224     
   363.11036879448193     
   360.80349913846891     
   362.10168892047568     
   362.59194987605190     
   362.20086652448856     
   361.32041174456526     
   360.60100547960843     
   359.91727667743953     
   359.27237899043774     
   359.00186105582094     
   357.27671492665542     
   355.53041813550516     
   354.29257590229020     
   352.99322731741370     
   351.19151307302496     
   349.28677801017415     
   347.64276474562604     
   346.37929090411433     
   345.67172605114405     
   346.62474942434181     
   347.37228947824735     
   352.24091216834182     
   358.32200929331356     
   364.83993134691366     
   364.79567255151966     
   366.75573015772568     
   368.71433070180967     
   368.85867144974929     
   370.84252245864150     
   376.55737598131810     
   374.57311961509674     
   376.26683317546383     
   374.51648164267976     
   372.90329026145116     
   373.23356986692863     
   375.11879116994646     
   372.07107883170846     
   373.27417725483508     
   374.93114051044023     
   371.88607719498742     
   370.08382654391562     
   368.22068715275964     
   365.95348385483828     
   364.10399457661612     
   362.34488251098037     
   360.97565046566649     
   359.02754775083099     
   356.91968255469652     
   356.21775388633364     
   355.50466702999006     
   354.93122743300046     
   354.12625445777758     
   353.48448851647299     
   352.85703319710234     
   352.56923763393604     
   351.89065602947716     
   349.92249642285702     
   350.69913517984173     
   351.44571100102604     
   351.33382061289728     
   350.38180769375452     
   350.19173261217895     
   350.34936310317295     
   350.38227461242263     
   350.08154758569356     
   349.64612899890352     
   349.14404953112489     
   348.99597612461014     
   349.55623632377467     
   352.11252120483806     
   356.49747748899756     
   368.17203620721222     
   372.82305664627933     
   378.80513029457035     
   387.16911616105415     
   394.20553624986098     
   399.00580274741566     
   403.35961485279375     
   403.15429603589257     
   409.67864207198397     
   413.24226163550236     
   409.87693179677473     
   418.61787675391042     
   418.65477424018377     
   411.13857443067548     
   393.61225762777258     
   392.85984462416189     
   409.99599057068667     
   414.67440855327692     
   414.64511459220404     
   412.10235715523208     
   405.77321232695283     
   399.23703144898047     
   391.79769035416894     
   384.95050254789112     
   378.86807542790092     
   374.04057262653856     
   371.03664463404090     
   368.85079843497596     
   367.05569001410839     
   364.59599051586400     
   361.99512451891371     
   360.16932813125658     
   359.03194526925694     
   358.32299601735758     
   358.01078579185707     
   357.34121569765517     
   357.69622997766487     
   358.12751404303947     
   357.91423522620215     
   358.26555577672991     
   357.43944422348056     
   357.06841730773675     
   356.56255392667572     
   354.30185268459070     
   352.45504512607005     
   351.45443276622234     
   350.88993187135952     
   351.14961134094671     
   351.52397622692268     
   355.69508594430209     
   358.41863322245138     
   357.75100024169399     
   363.02444464538951     
   366.75989525212697     
   370.42242232631298     
   374.49364586395569     
   371.36881439170219     
   384.93730923691299     
   408.07329273957413     
   402.70828131815801     
   393.78547041979687     
   395.02850553859048     
   389.87983037165804     
   385.98324282232545     
   382.67012350496640     
   386.22817884070992     
   387.04063605914013     
   382.24981563044150     
   379.95380230921842     
   376.07417501013384     
   372.13347370312994     
   369.29108690926944     
   368.52963617934830     
   367.81537319023386     
   366.88212593382087     
   366.88417291143355     
   366.10777589231805     
   366.37523522670398     
   366.03041663057024     
   364.63510682417348     
   360.88144009981272     
   358.70184879145205     
   360.45983455979024     
   360.73080118002878     
   360.32616972714004     
   360.50540075853826     
   358.59327348149418     
   358.54509439163905     
   358.37424385758305     
   356.67293034944635     
   354.63768023256176     
   352.44936883216781     
   351.53226433010991     
   354.08680859910629     
   357.51502877096328     
   361.17249571813534     
   369.14355307960312     
   380.05718311947567     
   389.51031548016113     
   388.60966043920604     
   386.25719999943669     
   398.65484202822955     
   400.41384751793095     
   392.71740185228936     
   393.06703923895827     
   399.75080593942585     
   419.06657029414453     
   418.10264612638116     
   418.57714512094265     
   406.24860370518121     
   406.06080101483650     
   414.37681800448496     
   408.65948408124575     
   406.43101294060665     
   406.68516676104690     
   397.91766843769716     
   390.99639289857231     
   385.26607852566013     
   381.83552299319763     
   378.62320877166241     
   376.32303841023605     
   374.34422365268210     
   372.81740984546809     
   371.99058350160095     
   371.46878315392757     
   370.05305128503852     
   367.33520068138665     
   365.10080191759192     
   364.86389838815364     
   365.49475728271818     
   364.42167513575657     
   364.26283884016510     
   364.12153686152749     
   361.61746697093542     
   361.89210878660407     
   361.83076180055065     
   361.00821677061924     
   359.19671491808958     
   359.68349175967074     
   359.38530761165896     
   357.42628808891880     
   361.40418421697342     
   364.16227642375975     
   368.15979164699303     
   373.09796285089919     
   376.41703038758294     
   378.05235566838348     
   386.93171126674252     
   395.34334486981169     
   387.51649100649161     
   381.89278294348276     
   379.53998217821629     
   398.21325302329467     
   398.76145602331098     
   412.93484065589320     
   411.04742980883208     
   398.45049521586139     
   406.76386271977123     
   417.39235827300411     
   409.90526315668188     
   393.71605517830665     
   396.20652291762360     
   402.36049766743628     
   403.07774153636831     
   399.34141588932289     
   393.29781188310346     
   388.28936297636756     
   382.76095619322172     
   378.84757962780162     
   376.73912623662619     
   374.89552242264767     
   373.62261933805092     
   371.62711194590344     
   370.13624671786192     
   368.34394941150765     
   366.87778517313291     
   365.40376790584384     
   364.35849964470219     
   363.30589150973924     
   362.18848771509903     
   360.76296020328465     
   360.02915234377991     
   359.14331522606091     
   358.38706274007910     
   357.96671071214115     
   357.52471294799938     
   356.82892127162734     
   356.47527349066161     
   356.40703725868821     
   356.10299873284077     
   356.60119416249273     
   356.73610142507079     
   356.82301163184081     
   357.04578015621070     
   358.73913594184108     
   361.65490428870442     
   361.66518359803638     
   360.41497829475048     
   360.71043021712973     
   363.40699093093468     
   363.27286766282492     
   363.81424275152125     
   363.12209203966512     
   363.87958271098995     
   365.20563693936316     
   364.57558207529144     
   363.97480915556741     
   363.50034151272325     
   362.68573991742716     
   362.01611884763798     
   361.03898282890839     
   359.94878974713055     
   358.69807000680800     
   357.64242732440005     
   355.93120821295270     
   354.67847031030857     
   353.63146240065976     
   352.36645782546969     
   350.90727149850346     
   349.33045689174565     
   348.49842139959253     
   348.02422243120282     
   347.39866110026782     
   346.68967814420694     
   345.42593922671199     
   343.88301913307998     
   342.77915270285865     
   342.15494852625233     
   341.56294591824235     
   341.16398199153292     
   341.08036898699123     
   341.09357696787663     
   341.34372206700635     
   341.39980643206013     
   341.42049856266948     
   341.58634545833712     
   342.02075140292112     
   342.44640914176830     
   343.22705168645018     
   343.84760184194482     
   344.27143970690457     
   345.09563456921836     
   345.99115721198041     
   346.69139810841199     
   347.93921564941627     
   349.19244375490666     
   349.90047008560930     
   350.90535579747700     
   351.39471244748563     
   352.21923732087316     
   353.85025873655218     
   355.00798436604384     
   356.50955817563528     
   358.19894519029089     
   361.91714228812947     
   366.73140359741137     
   373.27209980045404     
   369.31068156546047     
   374.30459568839740     
   375.51772869652740     
   371.99299830783832     
   370.62595587823790     
   365.03513062069862     
   361.71765183689149     
   359.99950926928341     
   358.08255707903623     
   356.30837513067394     
   356.28300809346615     
   355.93562473724688     
   355.61299076716659     
   356.20079335206123     
   355.35219233355497     
   355.27668922100042     
   356.09538273264053     
   357.04653480238909     
   357.20156433683076     
   357.19586454439258     
   356.75821649640818     
   355.54750120901309     
   356.67134719272678     
   356.08143608337275     
   356.62670674264302     
   357.06110088981887     
   356.92234699594707     
   356.79517727392516     
   357.87126596476702     
   362.79569369351327     
   364.93290660000753     
   368.56076701601825     
   375.77681325821709     
   384.57690353551573     
   394.97035476306996     
   400.58349353671355     
   403.55238598492002     
   411.40490211342973     
   416.85298638534022     
   425.02002926108293     
   437.46392642718416     
   431.43318995383299     
   428.87387503817826     
   424.56332560209182     
   440.91192896336253     
   446.26878817699748     
   454.12297261728321     
   437.11707163962268     
   427.32658904237371     
   428.82650231753308     
   422.38363124856943     
   417.77386055097668     
   411.95987092453760     
   405.81323556268171     
   401.32446306924220     
   397.18930488527212     
   393.28184174410569     
   391.37586278588998     
   389.98555808703139     
   388.45103693096399     
   387.43177724856952     
   386.04279017402558     
   384.36177214100400     
   382.14608935619941     
   381.05282896046231     
   380.23142524331132     
   379.83989075128943     
   378.30662629353907     
   378.66073875771974     
   378.13482183438526     
   376.93150266054874     
   376.31075787030551     
   376.15965336089471     
   376.09316955646659     
   375.51476221551883     
   374.97019496938378     
   374.88931537738182     
   374.45438062083480     
   374.99444686056501     
   374.74688753034479     
   373.99422011933109     
   375.16950515457347     
   376.65021142385234     
   377.98780225630816     
   378.20670859671714     
   379.57524218394195     
   385.38533685107990     
   385.99103430675262     
   386.61526821397587     
   388.47345691090806     
   392.18545034475568     
   401.81365219668515     
   402.42800977530021     
   408.44050094673713     
   430.34290810900870     
   424.23545607607019     
   420.37411188255476     
   421.61331313408044     
   428.70333802725463     
   419.00116510394213     
   406.29452717023241     
   401.84010035574198     
   397.52928816394393     
   392.79889003481861     
   388.91326603707182     
   383.83408640187747     
   383.28547520815852     
   383.83702635976022     
   383.41519450243572     
   382.43674696933175     
   381.82915451474690     
   380.43996524642256     
   379.15760284866781     
   377.56315242645553     
   376.41332781862485     
   375.52159779743857     
   374.55338537360910     
   372.81709103678742     
   371.00456492251777     
   370.17967203816221     
   368.36951261236260     
   366.85327435919527     
   365.63751271015144     
   364.03147387123471     
   363.64832957177157     
   363.93129658803247     
   365.33803522931504     
   367.41525648132188     
   369.48700567739149     
   371.23451489198737     
   374.62356016863595     
   376.95890315637160     
   378.84791610721533     
   381.56725641209920     
   382.62127244014562     
   384.02998364856626     
   384.90864839936671     
   388.19041564058415     
   388.86905524180605     
   388.60613120488210     
   387.98857953361824     
   389.07962976042916     
   392.93576965067581     
   395.52647917745571     
   396.81610454105601     
   395.88079535217537     
   392.50440278161625     
   394.15276527502186     
   393.93254952991077     
   391.02988357461942     
   389.04216233448636     
   384.73449101529206     
   378.90920974258353     
   376.50333307688516     
   374.67012588618570     
   372.77394818610344     
   371.13280961140157     
   369.32881694547478     
   367.88362385395010     
   367.02531315466751     
   366.25126995070747     
   365.39475385927852     
   364.72778193914098     
   364.29655604997362     
   363.66558789332498     
   363.04283383028792     
   362.09180113065065     
   361.33419815851875     
   360.61971615293641     
   360.17841108712935     
   359.58841049247980     
   359.18118864679110     
   358.40428032928105     
   358.53998925223380     
   359.31127088179937     
   359.71253352777052     
   360.23676750475084     
   361.39822557970450     
   362.07164269874403     
   363.07994440227873     
   365.02542440137728     
   365.00845787687854     
   363.79531397018491     
   365.14040352207815     
   366.95605166498126     
   370.21340837284163     
   373.52340893584790     
   370.00333955622710     
   368.93930833143037     
   369.00876695302998     
   369.16151432929422     
   368.31851773787923     
   367.84794355754002     
   365.48711545061093     
   364.22398983309000     
   364.13589194908047     
   363.59620737153415     
   362.15549945366803     
   360.89341892054011     
   360.19686137217644     
   359.83102984139890     
   359.28537232018397     
   358.97373080298348     
   358.83256738875036     
   358.46209783036693     
   357.56864626256515     
   357.10839409768278     
   356.56105681369303     
   356.21745247222270     
   355.99400808437986     
   355.85931469382342     
   355.69425909965378     
   355.51809682026840     
   355.35160200453225     
   354.85411957036240     
   354.02159685073798     
   353.92929736022705     
   353.79768994714783     
   353.74937315358841     
   354.17167719290399     
   354.52096312254753     
   355.37958043862403     
   356.08469525466069     
   356.16281742693786     
   356.97572697390353     
   359.97328975012181     
   361.23469767038910     
   362.27095233259706     
   366.25497591029392     
   367.92440830064595     
   373.75635415810109     
   376.84611407794677     
   374.58385586459769     
   378.34093805160683     
   373.91393526602576     
   372.21527386930131     
   375.63797166399576     
   379.22922991752245     
   377.50517445853268     
   372.36076492354749     
   371.78926010595376     
   367.72771366445295     
   366.13002456000942     
   365.74054421910080     
   364.78373505873714     
   364.09917194735505     
   363.14059181907402     
   362.10450829085755     
   361.20908682158671     
   360.91096523702942     
   359.64801370184216     
   357.59811934370231     
   355.95238527165981     
   355.01265890642816     
   353.99564544289296     
   352.93483397663675     
   351.15145000537848     
   349.54944906738842     
   347.86085490237031     
   347.18499221484370     
   346.95990533076827     
   345.93173348092142     
   345.13395625262262     
   344.32943552269575     
   343.38057482769182     
   342.96566784797091     
   342.43244458975596     
   342.71070872331779     
   343.13869698829689     
   343.95532306210714     
   345.08411243069241     
   347.27385967918514     
   351.94092078101914     
   365.12971577949622     
   370.75862070749406     
   376.92028822345981     
   379.99403680314737     
   381.22551083592896     
   383.40574350089429     
   385.87261561661683     
   395.19976398057071     
   402.12464473815209     
   396.56588623546054     
   401.04150624233256     
   404.27088692104809     
   405.62898948938619     
   400.70373178774656     
   403.05720507766472     
   396.61943432057541     
   389.75871010002123     
   385.72420438337559     
   382.24510022398016     
   374.91693075126983     
   370.47117952816382     
   367.34076620777034     
   364.17692748745066     
   361.31547735694664     
   359.11665434177269     
   357.82048476779414     
   356.02443537084400     
   353.94070422754868     
   353.27257209957537     
   352.64714528089348     
   350.84886372485505     
   350.04249094786172     
   349.56415899473905     
   348.49962767855573     
   347.00286597305063     
   345.90727323439052     
   345.18224265923186     
   344.89275724156363     
   344.29116405570221     
   343.64111186684823     
   343.36673017027255     
   342.93799746917296     
   343.84210972658735     
   345.75095906494681     
   349.23200247101903     
   352.24772670830356     
   355.35617449930561     
   360.30428374291841     
   369.71006882141137     
   382.69850969949425     
   388.52949309815091     
   391.87489587827093     
   406.59022034273983     
   413.76990564458083     
   411.56740564751112     
   407.81442934362866     
   412.67194098520099     
   422.68771772759487     
   416.39149349931557     
   411.14028358944904     
   408.98109351496765     
   411.01304884411599     
   413.55940903046172     
   414.11695436552304     
   417.54597541125537     
   404.97206775206223     
   397.60919900035492     
   395.24858706787455     
   391.22128805484533     
   379.34970017784360     
   373.84257701434984     
   370.33279427043726     
   366.97723685455412     
   363.63913550617951     
   360.77113289820625     
   358.66115709313289     
   357.46308001564603     
   356.06576539895758     
   355.33507643521671     
   353.90008341416706     
   353.44822819664120     
   352.70223663984603     
   351.66770550798776     
   351.16811312410493     
   350.37322623345636     
   349.10726281390532     
   346.58847120040519     
   344.47259448099555     
   342.26481618750711     
   340.67102932970289     
   344.31833378405656     
   349.37252520141641     
   353.45053997537718     
   354.28032515027269     
   356.59896621677393     
   357.96936972627805     
   359.34418984124659     
   361.37083044302540     
   361.84081889059769     
   367.91794504489224     
   366.27851489689749     
   366.19897491743319     
   369.69975885684340     
   371.30401329362815     
   379.24426062097831     
   393.99163046018930     
   409.98476449119465     
   398.80532570327426     
   400.22872784138036     
   404.46632649539055     
   409.16958161016504     
   406.97285804745599     
   399.59351454170559     
   396.28787123297695     
   394.04267704360672     
   391.41436440952316     
   386.00216204322328     
   384.87124091189798     
   383.20288673619007     
   380.50387111768003     
   378.58002185504137     
   377.27721536818916     
   375.47341762008233     
   373.84695378817185     
   373.50341779209418     
   373.23267195126004     
   373.04172879522167     
   372.84426079605748     
   372.82769899023850     
   373.02088313421626     
   372.87149600849938     
   372.35453371679716     
   371.97781064828149     
   371.25973936318036     
   370.62149289771554     
   370.50800815043539     
   370.50237796017200     
   370.44447487343916     
   370.74657068442019     
   370.67608257375861     
   372.72007338831304     
   377.27327332654698     
   378.66028503634618     
   381.69575600466806     
   392.38910031536290     
   397.36701123858666     
   407.85985064474278     
   418.78115383977240     
   431.44200199255317     
   430.00020656630852     
   428.21048093488162     
   423.36950332192788     
   422.24117550562607     
   434.66551502512414     
   441.97842641359568     
   428.54445534940356     
   431.61713044398385     
   433.77828941016907     
   443.62928276107300     
   443.59555066368364     
   433.05744553806448     
   423.63140560094439     
   419.76453621441050     
   410.90065494776667     
   404.80859628318575     
   400.32020099300280     
   396.70169552458378     
   394.00322191300739     
   391.13473559010254     
   387.03239839948509     
   383.37989787515011     
   381.48373789292407     
   379.74274101944110     
   377.99484077316100     
   376.80601404188513     
   376.01893212033855     
   375.26890419876105     
   373.94494443143782     
   372.48661864775767     
   371.68263699590460     
   371.02918251504360     
   370.01603738341993     
   369.00151931504462     
   368.28039260944570     
   367.62506992223712     
   367.44403004064401     
   367.76618862415040     
   369.15992335768556     
   370.33458470426029     
   371.54960633047273     
   373.19159392594793     
   376.79992027544591     
   379.10902024256609     
   381.10891758215496     
   385.35215083932144     
   385.71415333621820     
   388.42536582845725     
   392.27250211615069     
   390.98781930559403     
   389.42513198480731     
   390.56758629942016     
   395.21313800559102     
   397.80820096753621     
   397.88959817858949     
   397.09998529797161     
   400.30525233557677     
   400.77313864325765     
   399.03809490907395     
   397.64670683676070     
   394.43526042168457     
   392.23287987791207     
   391.88461132849250     
   390.40088652136330     
   389.26292188547478     
   388.58037544066622     
   388.37209861750108     
   388.41037903377094     
   388.30781792703021     
   387.46282337702002     
   386.90014176523346     
   387.14976470523624     
   387.88520353969682     
   388.37264931782755     
   388.86305014514915     
   388.88151959223512     
   388.74909575780839     
   388.37434913209830     
   388.01503339973624     
   387.63219776534550     
   387.23505271339292     
   387.40534402798795     
   387.05479027073989     
   387.29897580101158     
   387.56923939112374     
   388.01687962127647     
   388.40876929183725     
   389.96713329132166     
   392.97834446827454     
   399.37016421807306     
   402.29789028937392     
   406.76472746235248     
   408.97298872882237     
   408.68634075437285     
   418.23223237984553     
   431.05470488430757     
   427.07427644188505     
   415.95245790941283     
   409.43467304838168     
   405.71206346598063     
   409.65979661661476     
   406.93343308708916     
   406.69361044205874     
   406.47946982410423     
   407.08249934322873     
   410.48613882497216     
   412.35965029521032     
   407.81047763118715     
   404.53957979636868     
   400.63801637936695     
   399.35515170648483     
   397.32418349649066     
   396.09386345906518     
   394.81641416797692     
   392.81437355380285     
   391.09158527156529     
   389.85421557916152     
   387.77058579456695     
   386.24940483329755     
   385.38205151673702     
   384.28199073325607     
   383.33330991487310     
   382.23421466900265     
   381.72809926154287     
   380.64300322727348     
   377.35814939004013     
   374.74203404449804     
   373.96073347058979     
   373.55587480383014     
   372.57650664405577     
   371.86496970490634     
   371.31957237532532     
   369.05298644652174     
   367.25636054030076     
   369.83072895641226     
   375.76333827468090     
   383.16540757460979     
   388.45984714664166     
   396.85014557844403     
   403.92178785044683     
   409.21726736401979     
   406.41036674859822     
   417.66889501111984     
   427.66150888887410     
   430.91865261785648     
   432.92752545103252     
   439.15880546602557     
   444.46322948290197     
   439.72060911087141     
   438.26520807127201     
   440.59829235494249     
   443.20158348952020     
   435.47656245661881     
   431.67901466186663     
   432.71864852326559     
   429.62530167929947     
   419.94245908876803     
   415.97541377423374     
   403.14401051911801     
   400.08804736867808     
   392.32635460556332     
   386.96423237604455     
   380.36646780600722     
   376.06453098061604     
   372.06601656919605     
   368.90635667173734     
   366.65030710450640     
   364.51511165699816     
   362.38072532297508     
   360.55602224776948     
   358.18417923283340     
   355.63250627133453     
   353.81518858031137     
   352.23955665439081     
   350.73562868857528     
   349.15348234231305     
   347.56418400893227     
   346.60787495042189     
   345.35062494532417     
   343.66223479976549     
   343.55766056568905     
   346.14538649720674     
   351.93200628188191     
   359.62848943086806     
   367.81360785100867     
   376.13021282757990     
   382.97894410625298     
   391.70473031895381     
   399.81601568965004     
   409.11237695356897     
   411.88245220566864     
   409.41768429349321     
   423.53215427111007     
   428.49026398965481     
   429.20711071833080     
   426.93242828795434     
   431.03052229155793     
   427.72885504457071     
   440.77257973120214     
   427.85910141394652     
   438.95441292581933     
   446.46969886359022     
   441.83638667082289     
   437.64023155850180     
   425.52698758905069     
   426.56812785658269     
   420.69825563052194     
   412.78695912890834     
   406.38378970118487     
   399.00596626126600     
   392.19255909035320     
   387.76691689268358     
   384.32844534456501     
   381.10642832827045     
   378.29180130303706     
   375.71608267262377     
   371.68828163734321     
   370.54550197132130     
   370.62772608698634     
   369.44687762369938     
   367.71803037118286     
   364.62344163031986     
   361.58798266322344     
   358.96194151506796     
   357.21369421630243     
   355.60111388780518     
   353.35834979816889     
   351.57338745434078     
   351.35678011302622     
   354.18798321351159     
   360.41197252557703     
   368.14346713681556     
   376.78703543597112     
   386.86137341560720     
   397.65172541946941     
   408.16171243452504     
   416.55264361141923     
   426.12783243871945     
   435.59729116560590     
   438.91179938536493     
   442.02287142462268     
   442.04711811187366     
   432.66349970047520     
   453.73452464334468     
   453.81348592287094     
   445.53321710832779     
   448.53185616356211     
   446.56538856237484     
   441.23868436810068     
   440.94019301993495     
   442.85310403912200     
   440.18067217148808     
   437.39632562078140     
   431.55659349573841     
   423.93066818840623     
   414.85151178889248     
   404.76234561370853     
   395.54945437787939     
   387.22839630097695     
   381.49585806692585     
   377.12692719129200     
   373.16385642477428     
   369.44609504762616     
   366.52709885621960     
   364.14674774420405     
   361.60576007900920     
   360.36417660701471     
   360.77674244289250     
   358.56232722193943     
   355.80977010391217     
   354.01477312205122     
   353.25129731210291     
   354.57741194477853     
   354.54959156336258     
   356.79730742797153     
   357.68800531639044     
   357.98681209545725     
   358.48490041569710     
   359.02907044791328     
   360.00911173088684     
   361.15102413257631     
   362.46577513515962     
   364.19447883365052     
   365.35566697255194     
   366.46361390469360     
   369.39115984454594     
   373.78786421049386     
   379.89236112242185     
   379.79361613322021     
   383.67708502032389     
   382.92856567904261     
   392.11340272004594     
   405.92045364449069     
   411.02800274828496     
   413.85921313411092     
   418.22098634741349     
   419.27399529522506     
   421.92304214166296     
   429.22161329838684     
   425.90105011076793     
   420.72131117797437     
   411.03134136488694     
   400.53677391989379     
   391.71042269340705     
   389.96312235031041     
   380.43303936435422     
   372.36212622634713     
   368.19429726788343     
   365.37311545261218     
   362.95752450598934     
   360.67532305540340     
   358.41311756818607     
   356.34746789145800     
   355.02964003834541     
   353.69987435779052     
   352.60094045335001     
   351.23208209815948     
   349.47599862643796     
   348.39289623494830     
   349.06104318881705     
   351.42662034099470     
   352.15268054217768     
   351.86948744859347     
   350.93560071450224     
   349.47986053626215     
   349.39873313859368     
   350.79204818538955     
   355.44377652235579     
   361.58453558190303     
   364.28961243675190     
   367.40052572151910     
   373.90897076994600     
   372.50810013191813     
   378.08958605493092     
   386.39620267850853     
   395.24877324145865     
   391.87514419401509     
   396.36767065009388     
   386.48214932251636     
   405.03939914507151     
   398.81174790262304     
   407.79552101616821     
   399.62554512091509     
   399.12443529923058     
   406.28135051174081     
   409.52888261779907     
   409.47956957623052     
   411.50556058439702     
   391.27614241342991     
   380.22614754823974     
   382.90476249567399     
   378.67931412701387     
   373.09210429940771     
   370.19584461360216     
   364.61305753399222     
   360.37539383557623     
   357.79435953124886     
   355.40349325124248     
   353.21803679977762     
   351.03430633827878     
   349.03204841905495     
   347.23889834808324     
   345.53753635341400     
   344.23971435867611     
   342.53748809709691     
   340.00883959095279     
   338.51646248203468     
   337.63393829672174     
   336.40156010194852     
   334.75357238092522     
   334.07425287622453     
   333.49377305000968     
   334.33817031757309     
   338.01655551982253     
   344.21806398617463     
   353.69270789276652     
   363.68400329560251     
   373.52599841967481     
   384.31158862732156     
   391.26013094677086     
   395.42485160895046     
   409.12812603133852     
   405.66152243218392     
   417.78923073061043     
   418.12514919754625     
   408.68539404698890     
   418.82461486563591     
   428.93221404520909     
   423.68043375044482     
   418.78106944422740     
   425.48546046636710     
   428.71485120103688     
   418.97880785927703     
   417.38957739429748     
   425.73495235603895     
   427.54897863405847     
   413.15885094505649     
   410.92562325651943     
   405.64235167957065     
   405.02170159623205     
   402.58258054717339     
   394.84993196567831     
   385.96107544120963     
   380.34469561490573     
   375.91468771661340     
   372.28413553553912     
   368.97808594753496     
   366.14668530551751     
   363.98326558453908     
   362.54148484190034     
   360.95448922849027     
   360.47179474460910     
   360.45566542171736     
   360.53985377895884     
   361.11032963899027     
   361.67897716592807     
   361.06686882993040     
   360.32905037367800     
   359.81991445976246     
   358.90797060880845     
   359.61869212445504     
   361.83256984990282     
   365.99843825942349     
   368.68888228202383     
   372.19429623461224     
   375.93339638952597     
   380.25664187565962     
   383.86131657463517     
   389.95659428711508     
   393.98544338472061     
   399.17815376427569     
   418.86491221933665     
   419.32368623431870     
   422.33374377289124     
   429.50123983092163     
   431.16166354214221     
   425.50125994806854     
   426.05533292605867     
   425.29566064301252     
   424.93107183392783     
   416.74966025253707     
   424.50758207737613     
   426.54426339006022     
   424.75892836979750     
   414.12391788354500     
   409.79969487748218     
   408.09454193939416     
   401.86201942786232     
   396.56347495210838     
   391.33522590468374     
   388.10070203093443     
   385.80362409658426     
   384.04557362836363     
   382.64446012871286     
   381.14650146260175     
   379.71206256882374     
   378.15412924978710     
   376.14294907740418     
   374.55756594178121     
   373.08514744114007     
   371.66732070061840     
   370.41916982793663     
   366.23105906394119     
   362.98241061018416     
   360.74453880840548     
   359.08074076476822     
   357.63972691496792     
   358.03583861783284     
   360.00313602314219     
   364.38616582381280     
   366.87517356797815     
   372.44303304969986     
   380.02691363307508     
   379.17368510107758     
   381.60316944995589     
   383.25870395318594     
   390.44112268620904     
   391.01126912851106     
   395.59341396473280     
   411.91934404419783     
   419.36998031364681     
   409.05931233701540     
   405.52667645677741     
   404.93254311968877     
   409.07466695261212     
   402.75173007623647     
   399.80497985423023     
   397.34084891992052     
   396.35972012717940     
   395.82801356694011     
   395.98820361961242     
   398.20864138499621     
   397.94634835350763     
   395.60892132892445     
   394.17980637635679     
   392.59972695250826     
   389.75826203426112     
   386.79523141255225     
   384.69016669204331     
   383.44410948614302     
   382.42435513830804     
   381.20619692000560     
   380.36620050462460     
   379.70719012378743     
   379.07478155515662     
   378.25216739011461     
   377.53179401673123     
   377.17247372429875     
   376.40401008849011     
   375.87312922148089     
   375.62477184401479     
   375.40590887413470     
   374.89743678526816     
   372.81333243897734     
   370.96888302368120     
   370.57601935471206     
   370.99107669832671     
   371.86924801198489     
   373.72318598336005     
   377.68877028532597     
   379.50896290548610     
   382.07895847702605     
   383.70039112997938     
   389.28826185930228     
   388.40253347370111     
   388.69316234648716     
   390.98870876692934     
   405.06412716040620     
   411.32722479619383     
   417.17427318224321     
   424.45016630100929     
   419.30160708869778     
   406.54468878985097     
   404.78470567541478     
   420.14778369919674     
   424.15563992464632     
   421.47009123983185     
   423.88980767749905     
   411.50227996679740     
   411.31476466116487     
   411.30688258963613     
   404.56963177892544     
   401.82082258244282     
   399.25110300131570     
   392.33492426465671     
   388.34097622240517     
   384.16530183955257     
   381.27500420635124     
   379.50609361653136     
   378.59992747644156     
   377.02256027233551     
   374.88500666231931     
   373.55059470678498     
   372.26779356895759     
   370.61171581387214     
   369.31621785426080     
   368.54678467009268     
   367.60011875094989     
   366.92522157695419     
   365.30467750014418     
   364.14553983519676     
   363.30562406883223     
   363.08988733320047     
   363.13260038828480     
   363.26357126382010     
   363.85125195342408     
   364.52184178258108     
   365.26205206795407     
   365.33666150501813     
   365.65718162523041     
   367.13032592972309     
   370.14332765643610     
   372.16144932709983     
   376.71028785050584     
   378.07179211911415     
   378.36505390951817     
   379.76271865092133     
   383.34518540985823     
   383.72392083609725     
   384.56270223844405     
   383.03846636117743     
   384.16458065297616     
   387.53496803237624     
   387.23987138458193     
   385.14004910436176     
   384.88559451121671     
   383.93118336569688     
   382.00763020487909     
   382.52377346451590     
   383.18978628936844     
   381.80511612439562     
   379.46228838587513     
   377.70796118210330     
   376.13410400222739     
   375.19749241529189     
   374.07858980464397     
   373.08206652224243     
   372.56666261586878     
   372.31366627399774     
   371.93344050871070     
   371.30284275578748     
   370.74645070009694     
   369.54759341265486     
   369.11171415843557     
   368.78202172429485     
   368.22635192140416     
   368.09216853303730     
   367.60334400615938     
   367.08640172955427     
   366.71069460255984     
   366.19775728646869     
   365.62090902532105     
   365.86833377119297     
   366.26582574538327     
   366.33192118804618     
   366.74808280797066     
   367.69310952630201     
   369.93688906917714     
   372.32170437171357     
   373.77294610261231     
   374.26592003695885     
   377.23319540215908     
   382.82768292378034     
   395.19950356999192     
   401.63409777234779     
   408.99254733337318     
   410.39367942996711     
   415.70382633251114     
   419.91834080807723     
   436.16425995523241     
   443.98362227809224     
   449.23624031467716     
   443.12709980097299     
   435.52303679016705     
   430.72725977036043     
   438.55473545619748     
   440.00481745477447     
   439.58568817689547     
   435.48307542415347     
   430.12139712477079     
   423.49308576798404     
   414.95998715209646     
   408.54475988851578     
   404.09065216152607     
   400.19895939055351     
   396.45067798320451     
   393.06790504731509     
   389.89767676624655     
   386.59769467473762     
   384.25154372449003     
   381.73268761847004     
   379.95345146938831     
   378.42627855927947     
   376.52123207884739     
   374.33081348633249     
   372.53188202372223     
   371.04200199239853     
   369.75949784583821     
   368.38236234712804     
   367.34484470301368     
   368.01000075820752     
   370.88597309693540     
   376.62599615983902     
   385.06187709565262     
   394.12287464982592     
   404.44206970381862     
   414.23827505391307     
   424.55939408524756     
   435.56333382659932     
   446.41741230439789     
   456.50443469371237     
   464.20647011142512     
   471.66090521439503     
   477.46571206145398     
   484.05237013058633     
   489.55789600613213     
   493.72545763547947     
   496.67467477601133     
   498.62447310803702     
   499.05271686303848     
   498.35852205809533     
   497.65066839327818     
   494.45015506876018     
   491.29716103262143     
   485.46249011817281     
   479.23259369105659     
   472.70573336049773     
   465.82540453346724     
   454.19371717504328     
   442.10199956808964     
   432.56391916869183     
   425.63433314233208     
   420.48672031128984     
   415.28212931999536     
   410.22650575669616     
   405.84869818237587     
   402.57781938331715     
   399.63416133398653     
   396.86321947971862     
   394.04782677985582     
   391.63773631094466     
   389.34187548047174     
   387.11822016978579     
   385.34949902219387     
   383.72616967890679     
   382.49904239527046     
   381.07519908248628     
   380.01136137774836     
   380.72271288932893     
   384.39304025838055     
   390.88652284368447     
   399.90455731014788     
   409.46505863238696     
   419.54312311875015     
   430.19145730158107     
   441.13704949360846     
   452.83560831150982     
   464.39892544882377     
   475.12307261044492     
   484.73071224249560     
   492.60627213560036     
   501.50316649205701     
   508.35079213811002     
   512.57205738712923     
   515.98826084357904     
   520.23686333063335     
   518.87738328170997     
   515.93613517144991     
   507.52416544997288     
   511.81004994032855     
   516.07912033757782     
   510.93680891338721     
   504.21534479374225     
   499.03551206782339     
   489.48414082760178     
   475.51427916142990     
   462.99371269670394     
   452.23880419954531     
   442.84207742942380     
   435.64205756157821     
   429.11039644331066     
   422.92318637647190     
   418.06612522750544     
   413.40166273397955     
   409.19349173673174     
   406.75670162493253     
   403.92735475249049     
   401.35286322121630     
   398.80119765395824     
   396.45218241827308     
   394.58269562252912     
   392.72854337258605     
   392.10871057112610     
   391.42396096598588     
   394.54670616768857     
   397.19161418964518     
   397.97754687207566     
   398.92308024346090     
   399.81500348895173     
   403.65620215008613     
   407.82466033017909     
   412.72012211899710     
   417.14041006171595     
   420.30832929591668     
   422.32224066640782     
   425.88802760417929     
   435.64135328469393     
   450.30816485645954     
   460.66480653448372     
   473.13758249065307     
   481.70269885913518     
   491.34297819584123     
   497.08473288140294     
   501.47400164991512     
   504.76743534413424     
   506.35474456257225     
   505.35418030764043     
   504.58075199561620     
   501.85672816280157     
   498.16139140958109     
   492.49238920586748     
   488.00833208832591     
   481.48437926506534     
   474.78558730783953     
   465.38138776991298     
   456.80464627535315     
   450.00758488605823     
   444.40908819715264     
   439.85409871896610     
   436.13195638053435     
   432.24357983953865     
   429.23981458624604     
   426.19741194679386     
   422.90774539800185     
   419.93792480188648     
   417.86150821311918     
   415.47298575949873     
   413.17856617593117     
   410.31422221691713     
   407.78609112817895     
   407.24043037739784     
   407.10178828811883     
   404.30760174697394     
   402.41858909610846     
   403.77983281347838     
   403.58811203834796     
   404.76522929271067     
   406.97643352289111     
   408.08414144057429     
   416.54136415030496     
   427.13379723611752     
   438.19690298484568     
   449.19283606200605     
   459.42522238702298     
   469.57597875252412     
   481.05131066370660     
   492.51600867535728     
   498.82133327663394     
   502.53925395763395     
   506.34488731339053     
   509.24963452227644     
   511.64352759694549     
   512.59490232528162     
   511.74962109896632     
   509.49178438355079     
   505.30503665618943     
   501.12288104811591     
   496.33058042317970     
   489.06148651223214     
   481.60788784521657     
   472.81299846012985     
   465.23847674552252     
   455.79245918720648     
   446.55176863544779     
   438.28639675075465     
   431.92626030974736     
   426.64291936019617     
   421.97334193638250     
   418.25689946201544     
   414.29020823952300     
   411.26076535110974     
   408.76365571261806     
   406.45364582880649     
   404.65410284980220     
   401.72916799586034     
   398.15916507415403     
   394.80245090450609     
   392.28283162946599     
   390.23442566535869     
   388.96469025306396     
   387.38688601977151     
   386.58408481320265     
   388.09715445868159     
   392.25360041939496     
   397.98123248178251     
   405.48988147567388     
   414.48328879095169     
   425.56881154692172     
   436.05699655167598     
   447.02950620532704     
   457.01340783374803     
   467.61882750489013     
   476.05181432617178     
   485.12472219614421     
   491.11185889428953     
   497.34777983561412     
   501.95868116338880     
   505.52999850312278     
   509.24454185565952     
   509.56381531749588     
   509.20275692882853     
   509.52987037644908     
   508.53878552625577     
   506.39947885053090     
   502.98319362334809     
   497.67579758546702     
   492.18912405249745     
   485.90586697363062     
   478.31027967413490     
   469.82678350584996     
   460.61971264538749     
   450.41013953754339     
   440.82662717635412     
   432.85285104218872     
   427.24058248341260     
   422.67707037209016     
   418.76857609302601     
   415.63767207000848     
   412.62519658349669     
   409.37291878255257     
   405.58643969470154     
   402.68176442245624     
   399.64709777305916     
   396.97912170210793     
   394.57914596965429     
   392.49594586039922     
   390.03109454288773     
   387.73682584653881     
   385.65390909768388     
   384.85995205921233     
   386.02581431151793     
   389.57159987644627     
   395.26172769025749     
   403.51918885371629     
   411.46860131001444     
   422.65729554341522     
   434.03009793505277     
   445.65238625141859     
   456.37819800471391     
   466.49536938419385     
   476.20041602727622     
   485.07632181973662     
   492.94305512001637     
   501.14645278737959     
   509.20103785555222     
   515.47690078715016     
   512.15477696712617     
   517.28131526966945     
   517.87975219029579     
   526.77769819019807     
   505.33268509367605     
   500.78087571287330     
   492.07103573381175     
   491.84964859865710     
   494.23626922627591     
   490.58645147027005     
   486.95311978436195     
   481.80876835429893     
   469.63237065511254     
   460.14986236485026     
   453.92274635154337     
   447.15061026343824     
   441.53789450204869     
   436.21462699861689     
   431.10079462824956     
   426.40585135037315     
   423.00390661209752     
   419.13315050728693     
   416.48823152202891     
   414.01022546191109     
   412.56621240808835     
   409.82988401460995     
   407.62307017992248     
   406.15949779357874     
   402.97777999284574     
   400.64141913948913     
   399.38414426584552     
   398.93033154957175     
   400.09959095947266     
   401.16595274908713     
   405.47915956168146     
   412.54903497403359     
   414.17309680289435     
   417.54555288403401     
   422.47938776809758     
   430.55895067950814     
   447.02483552585142     
   461.93030705770497     
   472.58636885188810     
   482.32310687518384     
   491.80314128984003     
   498.54154206319578     
   504.09388998597734     
   509.86178187059670     
   512.34758817944601     
   514.23826109512129     
   513.76197279153700     
   514.47696189142346     
   510.36525153553464     
   505.17762074509267     
   499.51451539214639     
   494.96234962667279     
   491.43587230930666     
   478.49956050552396     
   479.99203761986706     
   469.87379201602050     
   460.32181373325051     
   451.76967851444869     
   443.00693158072693     
   435.90731295836537     
   429.87295115026552     
   424.65874145831805     
   420.06291007721450     
   415.89864830906021     
   412.60565242269644     
   409.44710083892880     
   407.17718171679326     
   405.08569496083760     
   405.93593866794401     
   404.94092170437040     
   402.24985062890039     
   400.10092887868598     
   397.61794888299249     
   396.13441013339167     
   395.86640790612734     
   394.56588573767027     
   392.94398127296773     
   396.17865765018286     
   405.68175149237504     
   414.17651439563286     
   421.61118399345025     
   428.75184969909759     
   434.22172808736315     
   434.82177671889008     
   432.66889296246467     
   436.21091715712595     
   438.79212610360298     
   436.49170411000944     
   437.94791638775598     
   447.58701648102340     
   459.86057989970413     
   461.69792014208275     
   477.42404233208782     
   482.53752473389125     
   486.80283343588195     
   496.05326366780912     
   495.96407817965951     
   489.98996075473286     
   491.54689042463662     
   487.55594133854061     
   480.76725337473988     
   473.77597584682633     
   471.00205374818597     
   464.55711192830074     
   456.77251185117160     
   448.03450030128261     
   440.30009773602853     
   433.81322619638371     
   428.52093438410770     
   423.85773612753241     
   419.64462991258972     
   416.35784368142100     
   413.48567525299734     
   410.47045346656773     
   407.79033868908812     
   404.95874278410804     
   402.32140121172404     
   399.50529680277236     
   397.44032998065649     
   395.99419148750411     
   394.43382259183215     
   392.83919726997118     
   391.26946669119047     
   390.42737543387346     
   391.15962565787731     
   395.94914805119225     
   403.21812857704379     
   412.27688628314348     
   421.02237310539914     
   431.81585288140496     
   442.95833721357951     
   455.37014486165998     
   461.21785999569977     
   469.38386138548685     
   482.17780929826296     
   477.02894417737281     
   485.29140655100707     
   498.11001488175651     
   499.60665150812349     
   482.96050803993518     
   488.39392795196670     
   503.85644494212232     
   501.21795896688826     
   502.65644356281422     
   500.03243319232678     
   495.25037533070417     
   489.32579570422342     
   476.88315415194887     
   462.24894577281117     
   469.99979545400237     
   459.40622033743216     
   454.58700960716010     
   447.21493602278292     
   437.20355737586317     
   427.85530755983211     
   420.32155826356711     
   415.21736775548510     
   410.50784406852046     
   406.80219581028655     
   403.87929239901047     
   401.29358215302921     
   398.90954199914961     
   396.62282021561060     
   393.85757857292248     
   391.92880979582657     
   390.50390484614576     
   389.14917450028452     
   388.39244861782225     
   388.16516771427189     
   387.54213306998446     
   387.08207805160714     
   386.63471443320498     
   387.72437168318913     
   388.91265139666956     
   391.06910778329831     
   395.02023841710007     
   398.70353888538943     
   404.80746919278147     
   412.14205232961746     
   418.41723881196629     
   423.37156864196305     
   427.54412094097387     
   426.73648090523704     
   425.81054577139344     
   422.85409702458395     
   417.05774338226445     
   415.89927754307325     
   414.52119296447273     
   417.66165278435147     
   419.71255003817436     
   426.03456489187266     
   421.19865785025831     
   414.40003239553471     
   413.87456073602277     
   415.16410344190871     
   419.72631917499632     
   419.73857680185483     
   416.34777213273196     
   417.45808764875517     
   412.79316364393287     
   409.21088094037782     
   406.33671525971562     
   403.60397046189644     
   399.86079580220149     
   400.12290963346112     
   398.77146284464612     
   397.60821478880888     
   397.01779227308930     
   395.95634380992146     
   396.46886090990239     
   395.27283183415267     
   393.45009914557011     
   394.54835943651096     
   394.28265110067105     
   393.89889060631566     
   392.90329891195836     
   392.02737843292022     
   392.45603868486052     
   392.43984739933512     
   392.77126062079543     
   394.01974050521233     
   394.90590408041618     
   396.70039006386241     
   399.79876151544357     
   402.03071476676860     
   407.09549451857754     
   412.43550214942229     
   416.47898241942642     
   421.01379219389418     
   423.86016919882519     
   430.59267969737027     
   443.41022370941494     
   431.68958852251268     
   433.39011967897977     
   442.93469314499850     
   450.89472842200428     
   469.18837038032387     
   470.03062165676664     
   469.05923246011793     
   454.31984792637297     
   449.02145698420276     
   451.50314101016511     
   445.36640294893203     
   438.45650898667520     
   433.01738201609214     
   427.51264484165404     
   424.53477027163615     
   421.77884843718613     
   418.56929875887255     
   416.01905165628727     
   413.88122505916868     
   412.35227816541283     
   410.43787062465913     
   409.29801771826681     
   408.65318259762603     
   407.77630995818572     
   406.23958181651022     
   404.63342596027121     
   403.55529823492748     
   402.50849493745829     
   399.50223838161668     
   396.98526509729618     
   396.98349666404664     
   398.28207375228618     
   398.77772978097278     
   398.16187135810941     
   397.79488868007644     
   397.64788327228365     
   397.49736270624476     
   397.33655753769347     
   397.34538337605932     
   397.52648692623615     
   397.10083193979585     
   397.40452123953833     
   397.95727899403835     
   399.64087542845857     
   399.77571925682946     
   399.12027998163694     
   399.73058707612125     
   402.98455940360009     
   402.82315156647718     
   403.80281909454180     
   406.64911661134681     
   407.45011853613630     
   408.59146898317948     
   417.41326984176362     
   434.27147060842498     
   432.13678381664869     
   437.48116871353938     
   437.40045082816454     
   432.68408037983664     
   425.92737095258781     
   420.77182048473924     
   417.32624373597156     
   415.29449145567747     
   412.74136551220022     
   409.26399609231197     
   405.11910572764975     
   401.18290327025176     
   397.79073867370431     
   394.73277524774409     
   391.14308074310446     
   388.32047662620107     
   386.04199254039992     
   383.56069030367587     
   383.22290163661262     
   382.30083386744070     
   381.38389854077400     
   381.21722420244868     
   380.50960040938492     
   380.28683559988536     
   380.58941399945775     
   380.67088241857618     
   381.53418500876836     
   382.13838347540559     
   382.12032211042543     
   382.36392137295377     
   382.85977988744759     
   383.71155181197975     
   385.18468450998847     
   387.45098586121293     
   393.32770540503776     
   396.79719654587535     
   399.13002120205454     
   402.13056618469659     
   405.33662046088261     
   405.39028701396114     
   416.54194527502875     
   419.36875105468329     
   418.72193661195519     
   417.92877970766688     
   427.98143913335110     
   441.68808379538228     
   425.57555066542307     
   419.06832485472466     
   432.48905214209765     
   432.14571828741458     
   423.96086659520688     
   414.31156950692559     
   411.01793352028091     
   408.94950150045793     
   406.20804035467654     
   403.43428884040986     
   399.47114908740753     
   399.16315205420381     
   395.94535176099623     
   392.43989680672871     
   390.22601829874174     
   388.87683776764356     
   386.89105801695212     
   384.23555317307017     
   381.24545354319417     
   379.01563893163018     
   376.02464031903270     
   373.20357406416065     
   370.98814140178877     
   368.14422174979603     
   366.39864424172532     
   365.49819648141266     
   364.88213082412329     
   363.43777203761340     
   362.46540112719975     
   361.72006425816880     
   361.28720300941836     
   361.18569791457685     
   361.23830138494111     
   363.49983361485602     
   367.44887156518377     
   369.99033791539489     
   375.14139547312209     
   380.31286640316296     
   383.62382164503970     
   386.81398794692137     
   391.53328062109307     
   400.33187192537048     
   403.16080826165779     
   400.59505984954501     
   396.19983406216454     
   399.62719604325036     
   412.64247621480655     
   407.55910349012572     
   411.14287786791425     
   429.62815018621905     
   426.85897798815330     
   413.74456855841800     
   414.14643666819700     
   412.56522694439383     
   408.27557849087060     
   424.91327951014551     
   420.57703961933976     
   405.32913742319511     
   398.43585561891706     
   395.63455250822449     
   393.82566095180937     
   391.72838700236639     
   389.52751834295447     
   387.67157174380003     
   385.41574642845848     
   382.74901378273933     
   380.41795070764346     
   377.51087744037142     
   375.64501976128611     
   375.31450031173529     
   374.50015360384583     
   373.74166055216415     
   373.09619351467092     
   372.11647744044257     
   370.41536074417417     
   370.39600841437505     
   370.17343769335315     
   369.09502449681668     
   368.62948330267636     
   369.36750352095623     
   370.91045611077243     
   372.63297484660183     
   377.41133154770847     
   380.38144932242648     
   386.30270604527681     
   387.29434153190243     
   390.01126769491322     
   389.79015222086423     
   387.41541593393822     
   390.21544961756524     
   394.95116748030398     
   392.38339269442605     
   395.02925490136460     
   396.88029188659772     
   393.89035220789742     
   390.39320150484883     
   390.35357538712452     
   392.17893891550949     
   390.01499419630414     
   390.00790660091957     
   391.88048108458008     
   391.47346772371475     
   390.13234555519318     
   388.69999571868692     
   387.17139059642119     
   386.33648597625279     
   385.52025048684004     
   385.08846809884852     
   385.23299461945317     
   384.93726285038434     
   384.80876798652002     
   384.70941970590525     
   384.47123396333501     
   383.90816853220696     
   382.13372069307184     
   380.92474844297033     
   381.23106732139729     
   381.89734093124446     
   382.32187699247237     
   381.66171157398270     
   380.39617535133300     
   379.31861552386300     
   378.28444145743617     
   377.02434096791353     
   375.46489385324639     
   373.70424588790218     
   372.74292550713659     
   373.36612676735706     
   376.62015992943958     
   384.03339922091385     
   386.38163564906819     
   390.71306883389008     
   401.92957565710503     
   404.62082857050831     
   403.22441093407781     
   408.91145655669430     
   422.01813531482253     
   422.68724976769749     
   415.82350840008974     
   420.80864463381187     
   429.31847620060057     
   424.46162157862193     
   431.53474017467687     
   431.70187795115163     
   435.58489801150318     
   440.14773111273030     
   431.99363766952069     
   428.24123161921835     
   435.82061770313680     
   430.59331695317195     
   427.53349052980991     
   419.31853275248989     
   415.87738275888120     
   417.27431141926809     
   411.92791612085148     
   407.41165680431402     
   403.77414696236082     
   399.15790728583937     
   396.07003983066596     
   395.85768559357302     
   395.55841742863890     
   394.61360286121419     
   391.76212771021960     
   387.33417531886676     
   384.89585861913667     
   384.70859895662204     
   383.98738079919804     
   383.97084643575624     
   384.42735948370813     
   384.13547861291966     
   384.13398073392528     
   384.66229925538471     
   384.72783055803222     
   384.58127338320787     
   384.86887566454828     
   385.09568093549967     
   386.90124198879209     
   388.36099852087801     
   392.02902571734126     
   394.57239402844874     
   395.28749891502298     
   393.09034729616315     
   395.15982977577102     
   396.45927525750017     
   398.07573759044362     
   403.02744249645150     
   404.39313017254824     
   401.08232775423244     
   400.58919558807486     
   399.28740736565430     
   398.04344762569497     
   400.35647811040354     
   400.61889335296115     
   399.53049070904041     
   400.53646012632089     
   398.95295738802128     
   400.74897917322062     
   403.57972331076689     
   405.83660061645475     
   401.57109046752868     
   396.99102807205060     
   392.04434949361092     
   391.36375578761101     
   388.95035921496543     
   386.49063714364462     
   385.72073987390303     
   384.54870083845248     
   382.85102456564306     
   380.99481729695356     
   383.06993927178075     
   383.08454515803118     
   382.28171177289380     
   381.11670285816336     
   380.83574196366186     
   380.36269382287821     
   379.90966913911126     
   378.13228647624118     
   376.62437078248013     
   376.61583570761815     
   376.35390224709511     
   375.79194614221797     
   375.70675975308734     
   376.13778246058888     
   376.57704520202930     
   376.87752588247776     
   377.04134142600992     
   377.75733679047903     
   379.00560220680040     
   379.36667243854680     
   380.30639364637165     
   381.57313261470517     
   383.40785555796697     
   383.65649437748709     
   385.94714873831174     
   387.87907596522592     
   387.39283769384042     
   385.66324603919776     
   387.46568412235587     
   390.29999543762011     
   393.91468330690645     
   395.60168577235396     
   393.10667298939694     
   390.78147425066066     
   398.21706256380719     
   395.64985510000122     
   388.97858216495092     
   387.71927467918238     
   386.83123673486597     
   385.07401481406743     
   382.82023121970349     
   381.14300206603895     
   379.76942562726038     
   374.81641151849971     
   371.27237921444066     
   369.56494972837578     
   368.60460235484072     
   369.26968352422455     
   370.00934208968192     
   370.28027957861354     
   370.55110585763049     
   371.08030683602243     
   370.52872441765982     
   370.16221637020999     
   369.93016123685885     
   369.58082575979950     
   369.59675650924271     
   369.02539526001880     
   367.49227878680102     
   367.09130304867733     
   366.36407826840792     
   366.02664438801452     
   366.33944549976644     
   370.38093905431606     
   370.72917290360817     
   371.71880609986590     
   380.75040000840625     
   386.37365430577239     
   394.84195627821776     
   398.69231285609567     
   401.04437411109774     
   407.11341166014455     
   423.51761472500471     
   428.60219017195186     
   427.32493735958485     
   432.05080085786938     
   437.63816797205652     
   445.66843718536279     
   442.88800991705818     
   440.52796139454892     
   449.09713763580635     
   450.00442721666064     
   446.58785102411355     
   435.75104680222711     
   438.40728330487201     
   436.48972282362996     
   435.93489524367897     
   434.86628503929131     
   429.21980096113049     
   423.81207094495073     
   417.43441796514151     
   409.25671820633448     
   401.34796106266992     
   394.19442574591949     
   389.74966400940986     
   386.06331609138448     
   383.70936345693156     
   380.87259570139008     
   378.61131587444697     
   377.23011456494822     
   375.14373790872293     
   373.02759984607763     
   371.00234820766519     
   369.44042450786827     
   368.71633143771379     
   369.76300891192358     
   368.07744306919369     
   365.89793098519351     
   364.93269015003273     
   364.05106395959240     
   370.69852916726734     
   376.38208959474883     
   380.86556181618442     
   383.30000910981971     
   387.74927460088190     
   392.65349547700220     
   397.78701141753470     
   401.10965253403634     
   408.17059041571844     
   420.24066631157825     
   420.85016388455301     
   432.18283702624268     
   435.31357216577487     
   435.51623331360457     
   437.30220222730679     
   441.50417293990472     
   437.65503740864227     
   436.58533886323409     
   434.92692629161218     
   435.75281584700667     
   434.97871622874663     
   431.35735158053899     
   429.83321717841193     
   425.77296571036652     
   422.10315381023139     
   417.28549992752960     
   410.92001349870321     
   405.82427201085721     
   402.04014513885033     
   399.85310357511997     
   398.19940152364973     
   397.24586582970659     
   396.49474991866231     
   394.83019353639776     
   392.15359065080952     
   390.23391357986515     
   388.56805822783150     
   387.57115320621227     
   387.05951900270674     
   386.73899433790297     
   386.06026925911732     
   385.21940560476440     
   384.24268218805429     
   383.39171289446580     
   382.35017197035245     
   381.40553902514148     
   380.79978512022075     
   380.00975369643805     
   379.83066710063179     
   379.34725656062921     
   378.84763377470722     
   379.09668773988506     
   379.25428092901643     
   378.91079836679774     
   378.45778075088623     
   378.90594748294512     
   379.34654021246757     
   379.64564105003478     
   378.54095333905053     
   380.77379027375736     
   382.88916445319239     
   384.76522896497499     
   384.38076733476782     
   383.89885760363791     
   385.85234536151705     
   387.26821006739368     
   388.63347690740125     
   386.68441591218783     
   386.51353188719406     
   386.78973994221946     
   386.49103377633827     
   386.70193992428693     
   385.61593323480980     
   383.10468779084988     
   380.51083419056181     
   379.00505605131184     
   377.87353256284871     
   376.54770409468966     
   375.48131539037462     
   374.36398230873726     
   373.76487065495218     
   373.28830716350615     
   373.17894347205061     
   372.44167549246464     
   371.98151517110767     
   371.52741495627470     
   370.95964595972686     
   370.53038073103539     
   370.06776248047237     
   369.70865372642305     
   369.51103123711334     
   369.42351069784394     
   369.12106977021273     
   368.62141100225375     
   368.05916531524588     
   367.63067057169218     
   367.60759464370921     
   367.61479209724553     
   367.32975344111486     
   369.22192804222090     
   373.31254226467797     
   376.98708959373874     
   382.15967037136568     
   386.87085489673450     
   397.71536236964846     
   396.86298891124341     
   394.97522411692330     
   394.41750097975734     
   394.66786331404023     
   396.87193510154731     
   397.58186444900713     
   403.10088226553705     
   400.53517945876035     
   400.13178909185945     
   402.91578297633305     
   401.23534513155982     
   394.41202310759724     
   389.66989694485176     
   387.95721524335016     
   388.91434997193261     
   388.01504657743703     
   389.45039427057316     
   388.70233090492087     
   386.57313989019002     
   385.08613032080586     
   383.59797016406998     
   381.95632816200055     
   380.48305762681639     
   379.19330886066820     
   377.02775007185409     
   376.31968688545680     
   375.66354665704108     
   372.09286042312829     
   368.96058417941720     
   367.06336017481806     
   365.64075237339347     
   363.20519841161365     
   360.99323031832068     
   358.63055651852301     
   356.17541762544420     
   353.60684135529362     
   351.81728821715302     
   352.25132082342992     
   353.43176205559536     
   355.03135333555070     
   359.11588718978624     
   367.11656220253337     
   374.26628712482750     
   385.00010308653867     
   395.11281597371226     
   406.04341672395395     
   417.28455144252928     
   427.04266613986624     
   435.71950083695907     
   444.22513210591620     
   451.21248186575252     
   457.73899682049228     
   459.93648425461652     
   464.01055697641402     
   459.01610856449173     
   451.24314150864063     
   445.15501060765757     
   435.35200675864462     
   459.75795398938675     
   466.73569801718645     
   447.97562526375509     
   446.16156692787706     
   452.92759603008091     
   449.74250280234185     
   444.77374974247573     
   440.42756586683078     
   430.82733190246904     
   418.32998391046101     
   408.26766579286056     
   402.75286056207568     
   397.67070538436934     
   393.95444565969240     
   391.63190136776950     
   388.94415313038326     
   385.37760171632067     
   382.22637554494935     
   378.74766321941047     
   374.69757662012347     
   372.83792147063014     
   370.77404908944783     
   368.60719196954437     
   366.57445930516093     
   365.65026169500965     
   367.52416421629891     
   368.56199518330652     
   367.58159404911231     
   365.13885350000413     
   365.97738344710001     
   369.35928027532663     
   373.72651429468891     
   381.14776500386967     
   392.85521702543150     
   402.98915694289110     
   409.99534771369071     
   413.41552572166387     
   425.61598277144128     
   427.69362874370273     
   435.32071659293035     
   432.30418623395406     
   430.32054776098840     
   435.53458602227823     
   424.79699413554573     
   436.99259296677468     
   437.53076372344088     
   430.53895194019708     
   422.74277120444447     
   422.47631273711164     
   420.32300511789583     
   419.59660249780836     
   415.47510206915268     
   409.70893832694287     
   405.52439529881678     
   401.88714148942279     
   398.66702380636309     
   395.47721848738462     
   393.10570889266194     
   391.31255413115673     
   390.09230426307590     
   388.71897058287630     
   387.13997879830021     
   386.28183129580339     
   385.60760984336355     
   385.89933258523899     
   386.24534946356437     
   386.28409241920139     
   385.91680155745325     
   386.25354872439061     
   386.75385356960601     
   385.18525478544132     
   383.39583799573757     
   381.79658054708045     
   379.56100962966576     
   376.89393023082147     
   376.25026593132554     
   377.49395250362682     
   378.49241543297171     
   383.79535752881361     
   387.68031019148390     
   391.36988716612211     
   392.26757299383854     
   396.37280900735118     
   395.17837322636564     
   400.80895695943173     
   420.04224942468448     
   419.55771110020845     
   430.59665727243339     
   439.22715062017079     
   446.91756015447936     
   442.25164158001741     
   440.46854812103936     
   446.90305931171190     
   456.13724482342633     
   449.21612247772356     
   444.43489152251567     
   445.72737212836410     
   453.41170663678469     
   450.29043867549558     
   446.81240731930973     
   447.97939622652933     
   438.99343860498198     
   428.41128852291348     
   423.73934019036295     
   420.76885150242788     
   414.44875375876831     
   408.96309955654789     
   402.96369930838932     
   395.90533605684459     
   391.62520514256408     
   388.20881811889109     
   386.39525160470458     
   384.08754808524913     
   382.57931701689222     
   380.44206360035810     
   378.88124505865107     
   378.93456669691068     
   381.73334888254158     
   383.54011351154264     
   383.75300344206539     
   384.14625829836513     
   384.17823652197944     
   383.47156502857962     
   383.16624950880197     
   383.89102653223375     
   384.81563976107839     
   387.32667320809901     
   388.84768079783822     
   393.37735550762881     
   393.21605387628597     
   392.15643511566395     
   393.27028563699685     
   395.83222488244422     
   395.80436931016771     
   395.42849630981431     
   402.88951000848078     
   413.01570176018345     
   423.53745358638815     
   427.81281520436653     
   430.30758766732635     
   434.47698758918403     
   422.34319451230465     
   421.00590605500042     
   422.08312734424635     
   423.64271730530544     
   425.01111096946642     
   422.62947392498694     
   419.89181585727562     
   413.90268774828587     
   407.28533309984459     
   403.76165339833847     
   400.02943386895498     
   396.76965789215683     
   396.83270439257666     
   394.57617401513153     
   392.83688620879030     
   390.46050089419930     
   389.19747139707164     
   388.06246800744623     
   386.95899714572624     
   384.32958166627992     
   383.17071286690452     
   383.25033247368003     
   382.20771549356732     
   382.54626583752167     
   381.92299896280946     
   381.45639244426542     
   380.73300169042398     
   379.96352935098633     
   378.61608062850843     
   377.32270342943656     
   375.73687199848280     
   375.84665368307003     
   375.87324727222091     
   378.41888219334328     
   385.69891108790375     
   393.50097805787840     
   398.82094795262890     
   404.31128167425015     
   412.42851056742683     
   418.15912081581183     
   424.73927400718020     
   429.05237754941055     
   424.20485598985368     
   431.96944896520091     
   436.49738326392554     
   439.95845205839470     
   440.16139169922769     
   453.00178546346825     
   465.39349089676824     
   458.90457827514194     
   460.35189163112454     
   448.36547470440559     
   456.56901979034126     
   448.56936798117317     
   433.85215427832014     
   424.37307238549545     
   417.47621855560811     
   417.31285684997624     
   413.17774321579225     
   407.72060653478349     
   405.09017250013818     
   402.08774167077746     
   399.48488563009965     
   397.01042842329656     
   395.84732692847905     
   394.42035191113365     
   392.66631783977141     
   391.85630826145194     
   390.48897106829980     
   388.92388313836824     
   387.54792612844722     
   385.71789274365312     
   384.83697242278691     
   384.04619215384071     
   383.07312297147848     
   382.35462795180803     
   381.54764770003675     
   380.61332555316250     
   379.67033889683756     
   379.32732276177859     
   380.60768269777680     
   382.73160100511626     
   385.22326446013085     
   392.21861445644021     
   400.80297009688746     
   401.84851156306570     
   411.15787875340720     
   424.12873201619971     
   424.60087531927229     
   421.29776783892697     
   430.98721333174922     
   429.51668951954923     
   450.08054000907316     
   455.27104452802308     
   449.22304497990012     
   456.28928977174212     
   470.30428746181559     
   474.02644834668780     
   460.00866345776012     
   454.12017342075467     
   453.26266121038674     
   460.49272361566813     
   450.63680622957708     
   443.01221054404908     
   443.31439283910692     
   435.85750572786719     
   426.65766822965134     
   426.01570953410686     
   421.15257415390977     
   414.98833991105573     
   407.04063842115971     
   401.21089615629216     
   395.86310633403025     
   391.72912426349023     
   388.75925120317419     
   386.24629366263144     
   383.68320373369266     
   381.03401055728187     
   378.99591994692315     
   380.47478912077855     
   378.48853890044234     
   376.41835254060214     
   375.16442069300467     
   374.04020580718606     
   372.65175772486043     
   372.66938588942963     
   371.20498301830401     
   370.57226585136789     
   371.06866010334153     
   376.47545148835439     
   382.84134287272661     
   390.90791782958223     
   398.72774436100605     
   407.39384176286808     
   417.73368424680439     
   427.62886573291530     
   425.38077328632920     
   424.18226543541698     
   432.48791236359347     
   433.10951314176009     
   453.65574151646649     
   474.05348709465147     
   468.26804372243271     
   463.41473378385967     
   457.55021464415739     
   461.36647305545790     
   459.03481020730874     
   477.41730361328479     
   480.07661263786082     
   484.17215970812134     
   487.91357537729124     
   475.57020827799766     
   456.68552694964291     
   447.46595333057320     
   457.13109312969675     
   443.82843674184426     
   435.28034620969970     
   428.02065608384532     
   422.51342195978611     
   416.62700535945140     
   411.57051432207345     
   407.46212421479544     
   403.60450641756916     
   400.36516835188513     
   397.16767676127762     
   394.86820320467740     
   392.82962971824571     
   390.33891551681415     
   387.49201069064964     
   385.02986914138086     
   383.40403106747561     
   381.19981798991165     
   378.53347807575534     
   376.36416261767658     
   375.12757770615303     
   374.86840495209043     
   374.73872845338269     
   380.34126365613827     
   387.95467031641499     
   399.47926845251180     
   412.88447100258884     
   424.50882762803781     
   434.54539092139220     
   441.78539961611591     
   453.05384445446879     
   466.46341447116663     
   471.51352196440394     
   473.71459423518826     
   477.67843775284996     
   470.70637942156287     
   464.62103982555925     
   460.67884480485634     
   459.86237572453740     
   455.64546094763182     
   448.50114935371084     
   446.93521616282254     
   450.13772526655208     
   454.84321363064572     
   452.82675251811133     
   441.37786154484394     
   444.71730062989718     
   454.39646878396877     
   447.20883825645421     
   437.96478137387425     
   432.36268575090844     
   427.75663436229524     
   422.74171727342008     
   418.20430749613899     
   414.72101568513244     
   412.54834958205510     
   409.76644567176425     
   406.02244278477338     
   403.26326955524661     
   401.84095234909967     
   401.22462123526691     
   399.24126713322772     
   395.21400795832022     
   390.50497074715855     
   387.11124235747661     
   385.22774149887442     
   384.51778560924970     
   383.86559351913775     
   383.43134008523350     
   384.81283126712509     
   386.87325667338166     
   388.57409377926206     
   390.10059989672584     
   392.04039481633907     
   394.05335584593644     
   396.19708884832244     
   401.21770734949126     
   414.78060839043644     
   422.36127546539922     
   437.81808021609783     
   448.62582685714574     
   445.86496457574759     
   439.03198687777490     
   430.13109060081376     
   430.33222414624259     
   427.99252170734462     
   428.65776341969365     
   419.90571346889192     
   410.99939608890458     
   410.81823134751284     
   418.20228030977313     
   434.62624849673597     
   425.98499354482567     
   426.26013693356521     
   418.36020251702320     
   410.22562494161491     
   406.27887636916478     
   401.83302165419383     
   396.39029559304993     
   389.58285810787362     
   386.64481867661658     
   384.70801195227097     
   383.47415361337136     
   381.18962861029172     
   380.15401893081457     
   379.92005649284289     
   379.12272198284211     
   379.02481960444169     
   379.06740060248148     
   378.79088688840807     
   378.79756811736206     
   378.75615438420414     
   378.67532109700085     
   378.73303841818705     
   376.98585563618587     
   375.95604849156149     
   376.58383860072024     
   375.61200998676458     
   376.96971777124526     
   379.37291449807418     
   379.75236001671180     
   381.02262976437424     
   381.66781653799217     
   383.64450698397019     
   385.93226984834115     
   387.47272853389353     
   389.34445774533935     
   393.61674982487193     
   394.60370241993832     
   404.81247709862890     
   412.52021324517841     
   408.46110984063506     
   403.35585847079193     
   408.70778548462965     
   408.16714687469494     
   402.81462666555149     
   415.26242921472948     
   428.18020375720107     
   425.57545094801668     
   425.51799587674333     
   427.08194861968104     
   426.70948865488305     
   419.36733964993647     
   416.95282930916619     
   418.38301476050037     
   410.93085571879038     
   407.25413521381569     
   399.31519082694285     
   393.15880934054184     
   392.38262329963942     
   392.29662111658394     
   389.56979707342072     
   388.30037648312322     
   388.03751821340677     
   386.52037520784654     
   385.32994227676539     
   383.90568934774598     
   382.74491924242380     
   380.40319116880875     
   378.49100135349892     
   377.75972206450854     
   375.30513227931243     
   373.82389188200352     
   374.41995322273431     
   371.64166697992204     
   371.56657438639502     
   370.76606188609640     
   372.33710023467040     
   381.22202538699474     
   382.95214980925061     
   385.60846675808625     
   401.05226170001617     
   405.48046906763796     
   409.12439309055287     
   420.90422165882603     
   415.68356204663417     
   421.20709043368419     
   420.51788840196235     
   433.76799400098690     
   436.54263114510843     
   439.15236551398652     
   424.72395123434148     
   410.76071426063857     
   414.91984977250053     
   426.71350612942399     
   421.77692750791277     
   414.81871013500222     
   415.54042113371827     
   419.33080376038816     
   413.77776996213186     
   408.06753298234713     
   400.60744605269576     
   395.79391170154042     
   391.45725415332555     
   388.23024768552102     
   387.49106119798864     
   386.95316145133131     
   386.31917011180889     
   385.90367243781606     
   385.13257492076963     
   383.56204497357521     
   382.09439564229746     
   380.89754362264449     
   379.43208409423528     
   378.70533148276212     
   378.51717228510546     
   378.57311626698015     
   378.24377755462899     
   377.88230435428494     
   378.26433579156782     
   379.06201292982661     
   380.28545964823257     
   382.30611683998160     
   384.23114430967007     
   385.57387532449178     
   386.24753336229003     
   386.78386382192707     
   387.51792537964150     
   389.04111540230497     
   394.64627193030822     
   396.24746483575893     
   402.65730528560675     
   400.44816452280719     
   406.57798994022335     
   427.91148164390665     
   439.66410177349235     
   442.34412180686621     
   450.36828140434420     
   456.44446936805537     
   456.67000012256273     
   448.48295710466505     
   447.84979187818021     
   446.71653409561890     
   441.54219127153618     
   438.39604668713542     
   434.49002604957911     
   432.57658046831642     
   424.59349337117879     
   429.14085345963156     
   432.04502190074061     
   437.92497335731025     
   432.34384376724256     
   425.55034024423230     
   415.56997124845714     
   406.79546931647184     
   402.39971462439593     
   397.39584607211555     
   393.15358994258878     
   390.91947156085217     
   389.84359353585586     
   388.52396493795163     
   385.62204498490831     
   383.23770527673878     
   382.57444752812728     
   382.32529554208929     
   382.79014559484602     
   382.32213751879385     
   381.11179903324097     
   379.56338923482622     
   380.30547423404460     
   379.03742341501527     
   376.67134245639488     
   376.89111807708144     
   380.50763347815217     
   386.63308066960639     
   395.24179927004428     
   405.87674032116524     
   415.03902329891429     
   424.53201810936099     
   434.25381404567236     
   440.37779091452614     
   449.25792127284711     
   452.34735827484894     
   457.41546475754188     
   467.39637806606856     
   470.93800942667468     
   467.59087326906337     
   470.84448374541068     
   474.32752492067539     
   469.95224865414826     
   475.14335228116192     
   478.76404460162649     
   487.92622942573274     
   483.61284692368923     
   473.02193140898765     
   476.79199116048619     
   476.23901500192727     
   468.54594397500853     
   458.46061230006421     
   450.41876428308859     
   442.17672978166195     
   433.35433207573493     
   426.92666375490620     
   422.22079815069560     
   418.73494184338381     
   416.11904157419673     
   413.44954875840034     
   410.89810134209404     
   409.64003937050762     
   408.39649495492796     
   407.03031785428863     
   405.58050539388029     
   404.03530151322332     
   401.55666921776981     
   400.03727727368198     
   397.78230320571117     
   394.24478833436928     
   395.13151949142281     
   393.61708673655806     
   393.54501352051653     
   395.01682622066858     
   396.49918393797742     
   399.28965681257051     
   403.26651077229673     
   408.07882511135034     
   413.44645079423537     
   422.37354977521829     
   432.21152778256823     
   440.59490450227287     
   450.17139401011673     
   449.58844180915617     
   455.19354624472868     
   448.70252775482135     
   443.19981867746202     
   450.65390098105865     
   443.79467883590524     
   445.54292463394881     
   445.23000539517579     
   444.40454362737745     
   441.77361285649101     
   437.25454797356622     
   440.44048700664922     
   436.14765540439333     
   439.37500314786638     
   434.90155710553830     
   433.16621563007300     
   428.40016717846049     
   424.80584064334255     
   423.28399787031435     
   421.86328177436440     
   419.30904686355541     
   417.37705596722031     
   416.12997394677780     
   414.79150451668426     
   413.43335579064325     
   412.76005361845426     
   412.19594881889321     
   411.36830819863917     
   411.09309200485717     
   410.80703803327498     
   410.33179008654901     
   409.96367969571594     
   409.08279601746835     
   407.93690970173219     
   406.71668114981964     
   405.93833883550974     
   405.11051082207865     
   404.74008679354904     
   405.08237585319080     
   405.73037987503062     
   407.44727937960857     
   410.69154106982091     
   412.59193320820287     
   418.89632945158388     
   421.07195676487891     
   425.38263688613893     
   430.01407578086128     
   427.41321375486007     
   426.04526126054731     
   426.14118884294925     
   429.05926470117413     
   434.77050844191143     
   438.14947916049624     
   449.52660185968688     
   439.20072374152159     
   440.09059281847584     
   441.98115561758237     
   452.49657781258571     
   462.45624700193002     
   458.42062875625408     
   470.28918531889258     
   461.32900751025136     
   454.85682885518810     
   451.72377548136467     
   447.16677782903417     
   449.49616102528262     
   439.24262900575923     
   434.27333952662246     
   429.22988925908413     
   425.57683002310324     
   423.27020451201247     
   421.91447327889603     
   419.98005325085387     
   417.25422890799535     
   414.92483912248349     
   412.67175017640272     
   412.70054026385498     
   411.91304759056777     
   411.61506385926947     
   411.52718491439316     
   411.67132702806299     
   411.40905898867697     
   409.99908533549524     
   409.82716458259370     
   410.79217358641250     
   410.69048608647478     
   409.61431169176512     
   411.83185737358815     
   413.39351961572061     
   416.57084562908278     
   422.93410036123009     
   431.44843606627637     
   446.17558413288560     
   459.90858205923826     
   460.31745137484802     
   464.10589420694839     
   463.40512389657118     
   456.46981123861445     
   452.88647005283445     
   455.79237618316080     
   467.50918058714376     
   475.37613632983226     
   489.03836846636904     
   499.87309356018420     
   508.65101619217506     
   504.32729360855581     
   505.10188624711429     
   502.59259303685928     
   500.65823324785407     
   494.12002625889710     
   486.87885429026630     
   477.55173189850518     
   468.78010085732950     
   452.12948162160632     
   446.12042461920379     
   437.87228443835738     
   426.14814650570366     
   417.86258533998932     
   411.78633901187834     
   406.31575957736817     
   402.53014986886933     
   400.52729638929918     
   398.03312136573413     
   395.17980932182263     
   395.13955634070129     
   395.54168576922291     
   398.17778478129617     
   399.52385339638471     
   398.67381331585557     
   397.42493225973766     
   396.92084403199470     
   396.63095854814952     
   396.86868255129451     
   396.96517114986887     
   396.59598846522897     
   396.64581546772223     
   396.80587616684744     
   398.69805532732533     
   401.20264017430804     
   402.86248928034922     
   403.47542649943318     
   404.25961904597926     
   426.27993165721034     
   438.72281502007519     
   447.34112925496936     
   454.99869251556555     
   458.60539173589808     
   465.69758709752386     
   467.66587157296624     
   469.09806622394308     
   472.37672337236546     
   470.83611490908447     
   473.43708382951058     
   458.20727869290380     
   465.60265640271979     
   456.37114720896972     
   456.14328865654039     
   456.38929923793972     
   441.12929935974034     
   432.12623959904084     
   427.26648128592421     
   421.29932435626250     
   416.63679587169207     
   415.08108573616482     
   413.82612543783955     
   410.88694637691054     
   409.02649060401899     
   407.45989610745852     
   406.16339432245894     
   403.97432194485992     
   403.60056095530121     
   403.14760729041654     
   401.87207300647941     
   400.89820575349529     
   400.20178116822456     
   399.75620867092908     
   398.85106547649514     
   398.56246508546809     
   398.37213202783960     
   398.32457657199723     
   397.40331582380674     
   396.89501495416891     
   397.00290538177666     
   396.29715711209707     
   396.18653470472663     
   398.61353675834891     
   407.12655941381388     
   416.23411363514788     
   425.72293210557677     
   420.75694278865819     
   430.80401559773276     
   435.90983310921661     
   445.96378724466837     
   447.26188866880307     
   453.97796614315644     
   439.04971765916747     
   437.64782020252733     
   448.46658408056976     
   438.91230488745794     
   452.28393053491988     
   435.92720460295391     
   446.46343713666477     
   428.34814124513599     
   436.32092131556840     
   445.52878526099232     
   433.61212786168630     
   421.79658957654840     
   426.81670447450432     
   420.41855280589454     
   412.02102117694142     
   406.79214081091658     
   403.06011411644266     
   401.51314332837893     
   399.25449784762793     
   397.01859833626696     
   394.20969018300150     
   392.56084648706923     
   391.35809340105908     
   389.56370219805257     
   387.41674642434560     
   385.99729736604593     
   384.33990953100511     
   382.77667783447458     
   381.69689069028033     
   380.78603833263105     
   379.89471845256014     
   379.06980778976197     
   378.39293255573091     
   377.82847441553810     
   377.10360110414973     
   377.17270695081726     
   380.51711347352131     
   387.19526799505587     
   393.73117857000591     
   398.02441217958307     
   406.73664383810058     
   413.74804579632877     
   414.36676820352579     
   411.90639771307343     
   419.85304657045543     
   421.26642635547034     
   419.16346373951262     
   423.41507064106958     
   418.62124911011773     
   425.00942672234271     
   426.57009873297363     
   423.96430740481537     
   439.46810392351370     
   443.38227574091866     
   447.79643296478480     
   453.65623022401530     
   452.06056009277734     
   449.89394891621794     
   446.07248771981159     
   438.39387100819300     
   436.77259802639310     
   426.10297812969407     
   421.38843577851145     
   414.10780325512940     
   410.47141862596055     
   407.39072084447395     
   405.30875417372050     
   402.64204043653700     
   400.01835559728278     
   398.30587901582868     
   396.74824719962703     
   395.60842699623066     
   394.34449144982938     
   393.33956675571665     
   392.30732123994574     
   390.90944637343893     
   389.54063674788642     
   388.65974042448858     
   387.95010925972235     
   387.05629525697577     
   386.65527930822310     
   387.08817956838834     
   387.98438148514452     
   389.29820943773393     
   390.51011137201817     
   391.84125208686919     
   392.57137028586624     
   392.18456451326784     
   392.87168798701543     
   394.45048827461676     
   396.81006315014696     
   398.68244279929411     
   402.26871386005786     
   405.47689686615541     
   407.55092523223846     
   411.17635094151819     
   413.11271395315009     
   413.04247177546216     
   414.84209549548257     
   415.18791483360820     
   413.80655173710960     
   418.49633929471162     
   414.77350336414321     
   413.79476878927517     
   413.01465020616467     
   410.32381122325006     
   409.21633567721204     
   408.38676984378048     
   408.11163458363785     
   407.97744773286763     
   406.21965527321703     
   404.84510155124997     
   404.28636356542006     
   402.91953640382621     
   401.82307750111300     
   400.73539127293077     
   400.20539219282313     
   399.45393993606064     
   398.60526202337752     
   397.72933598045063     
   397.18523724181631     
   396.83508818871110     
   396.71484146938582     
   396.58081955903640     
   396.25785211132694     
   396.00364875696772     
   395.84262506998681     
   395.52171586380211     
   395.32629497693296     
   395.10938041969695     
   394.67264628058751     
   395.05644145962106     
   395.48126116681112     
   397.36186244933140     
   399.02545117539518     
   398.48333125145018     
   398.84024330699918     
   402.19525697648402     
   406.91969028595838     
   404.60960069836977     
   407.03903035541396     
   412.18103017053687     
   409.06085957728300     
   409.51881718590522     
   411.89697537196520     
   411.22730405902871     
   410.86351182324523     
   410.91921239895402     
   415.66405940357930     
   413.43357829179837     
   411.43922089221246     
   420.06574193855806     
   416.57570770549853     
   416.97306704645814     
   415.10700227925304     
   414.12819218334420     
   411.31687981771074     
   409.56413530477914     
   407.89193414030098     
   406.51325608175779     
   404.83470444669888     
   402.90449909412587     
   401.72360947973613     
   400.98946690275426     
   400.55601764512812     
   400.37348139973892     
   400.01977477534484     
   399.83559885715226     
   399.62845618280380     
   399.36834822143851     
   398.88631971625040     
   398.44585673557339     
   398.27192947215104     
   397.89422097538858     
   397.69596297816889     
   397.32816768954422     
   396.93734984790802     
   396.95242951356693     
   397.06772383663656     
   397.11048395214885     
   397.30565513403189     
   398.15091670252264     
   401.47082017266018     
   403.56174002958829     
   404.45193007067991     
   406.86585353652544     
   409.17103067174799     
   414.78138492130478     
   420.29568718546739     
   430.01087452639462     
   443.34424913208721     
   441.43214538175488     
   441.07489903490597     
   446.44028436968722     
   456.68938876262405     
   465.15456788753966     
   468.77219132323364     
   456.60108736027797     
   461.95380422240447     
   459.92461014361896     
   446.08169742913168     
   435.66817660263342     
   441.00795781060771     
   442.99141131005672     
   444.23167093840550     
   442.16855699351964     
   435.08408368520173     
   429.80024197848059     
   426.25578719461043     
   419.84748572613967     
   413.47792499131305     
   408.07827400945098     
   403.05932900760115     
   399.02528153228212     
   396.05238771560215     
   393.20893882429499     
   390.56553481127224     
   388.05308013806723     
   385.90112838496566     
   385.99452349611443     
   385.22873572028396     
   387.15074694133097     
   388.13886334291067     
   388.06627796961408     
   387.70664079931527     
   387.85809551187259     
   388.46555562560053     
   388.95598906245084     
   390.15351654378043     
   392.33967299948256     
   397.30792566991067     
   406.87611947137191     
   410.59220571471951     
   414.72849058395656     
   422.53000180862210     
   437.25271444584808     
   443.06529055678698     
   446.39997049478961     
   461.88523768900268     
   464.06574629386404     
   464.10062600053396     
   470.15011396087061     
   459.90636172021715     
   465.92524921296706     
   473.37802024598778     
   464.06675898497286     
   464.03823314131517     
   453.00809774206402     
   451.36082395304766     
   480.03184703514842     
   489.22245425053706     
   462.87535510510810     
   451.02248009933504     
   445.11233073339292     
   443.03958615053017     
   439.19891196487390     
   434.48297319009765     
   428.56646560300680     
   425.65294735671085     
   423.16931667412592     
   420.11630719044734     
   417.24754231793628     
   415.09997623698007     
   413.98773489155263     
   411.64024755413277     
   409.89573533851069     
   409.36449310187879     
   408.23666309797278     
   406.46926430231628     
   405.05359515722398     
   403.40631676077015     
   401.83987453343298     
   400.16789701026096     
   399.10896409106294     
   398.84358858152916     
   398.97583171025553     
   399.88059303764135     
   401.40510701222780     
   402.71784785698446     
   403.82916654501889     
   405.40956646371586     
   406.93402935925195     
   410.32678191174290     
   410.90967164586516     
   414.65805974277328     
   415.37100823038378     
   418.24870159387336     
   416.71249270222080     
   415.40593606513585     
   416.03159795400546     
   416.53327484808108     
   415.35036260747535     
   416.51517605979910     
   412.72215131165075     
   410.30927912657205     
   408.98505516946653     
   410.56346162008344     
   408.02238987291912     
   405.40394436114696     
   405.52311916746550     
   403.82352486359855     
   401.51025082298094     
   399.04929357771886     
   397.51616611412373     
   396.89866481938674     
   396.22699878869702     
   394.62186097052177     
   393.97389688865650     
   393.43176640709908     
   392.78876351608591     
   392.33454280201875     
   391.86547553858895     
   391.40736882487380     
   390.89149114848271     
   390.27869096495783     
   389.69474351514282     
   389.05632052300666     
   388.27097707723368     
   387.55157022194078     
   386.98322337118168     
   387.03064057073067     
   387.18551316331315     
   387.57674492162869     
   389.38596092627370     
   393.71159950410288     
   395.12015354706563     
   397.84444359347572     
   401.34439277593486     
   407.09783948695690     
   410.32924326124140     
   414.79542217207239     
   419.88869703925718     
   427.63720916866754     
   434.80864747799694     
   441.18408233296049     
   445.43520117446832     
   433.31743384664821     
   428.76103523969351     
   420.33559244755497     
   418.01064398099305     
   421.32537576040846     
   421.38351398754185     
   418.44666854558244     
   423.65266090571600     
   433.55002972130052     
   434.41424582135915     
   423.38064410383276     
   417.97046729088146     
   413.18900305404816     
   409.15258044778966     
   405.57674712068092     
   402.84619187093762     
   400.11160592612651     
   397.89005218562170     
   396.91616320641498     
   396.19491048775018     
   395.84331288401359     
   395.44501477995794     
   394.87798987693310     
   394.43136078405013     
   394.34232459142061     
   394.15505049649721     
   393.75004260549497     
   393.39819952307920     
   393.10969382939481     
   392.48456034803166     
   392.25963561165321     
   391.96712796342530     
   391.69408227996490     
   391.58854131011606     
   391.56930115691182     
   392.31680665165402     
   392.77758032621790     
   392.93390510038637     
   393.41555810970544     
   394.93316801741827     
   403.34090015630352     
   407.04219872365718     
   411.38717720999387     
   417.48169005655478     
   427.23823948378339     
   433.36442386289218     
   438.54560569930044     
   436.75551272257417     
   448.62008825478142     
   442.30444910299985     
   459.15086217502528     
   447.16354705441182     
   446.77176563789595     
   453.27118202976345     
   473.42729113183663     
   474.48622306207926     
   471.96515329060043     
   460.79411487635826     
   461.47510957415614     
   451.25847467777055     
   441.53999383289391     
   437.85030433704384     
   430.68600334020402     
   426.55133368185636     
   423.70669561995015     
   417.60878790416092     
   414.40953290336262     
   411.45346585005382     
   408.14401845611621     
   405.77520147022614     
   403.77808486787626     
   401.74739934199994     
   402.21555531910417     
   401.82722402451566     
   401.16423798945937     
   400.69158047668657     
   399.47046805120254     
   398.64408224717215     
   397.82598315537496     
   396.91281074502052     
   396.07603171107223     
   395.70590262446854     
   395.28453820594285     
   395.11220328735857     
   395.21139025976572     
   395.98315487196936     
   396.94567987926996     
   398.14175772497549     
   402.07734614418445     
   401.52639640863231     
   402.61513671079314     
   406.78269869977009     
   406.58600499987608     
   415.84747484942483     
   426.77677317304403     
   417.74873901909581     
   419.73212312151077     
   422.14205099863801     
   427.59035804970722     
   432.24454841801173     
   422.03785939477336     
   426.64573942349620     
   428.99269086389364     
   438.48194726836761     
   436.74423084571714     
   440.10955617608141     
   437.42694454058699     
   431.58649651534296     
   428.58493264630982     
   423.92985758014402     
   419.42960077323579     
   416.39671426226556     
   412.97665735731590     
   409.54350070549702     
   406.48971304153463     
   404.21180285918763     
   402.72799454081968     
   400.83273627889741     
   398.33289111570741     
   396.47267327080812     
   394.90399790825381     
   393.18949364472826     
   391.35632561052876     
   390.22946293264761     
   389.29485291056670     
   388.21497047822629     
   385.93175854727144     
   384.10942967308722     
   382.81278908160198     
   382.39606818159723     
   382.16531624920464     
   382.99326534615835     
   384.37835786501392     
   383.99055217569065     
   385.53738324019309     
   386.57695708008265     
   388.64026963799779     
   392.00835505433554     
   399.20599761714379     
   404.06885728133761     
   407.20884014970261     
   414.26480670626569     
   421.02672447606545     
   424.73991344089018     
   444.93199637010173     
   432.89780358592850     
   423.65341235007884     
   429.28020482226214     
   431.48085028121824     
   449.51422470343834     
   453.91643173265470     
   450.44462570312828     
   439.79731591926054     
   428.08106711161867     
   422.45750466487186     
   416.21559972181637     
   410.66442043343221     
   409.25749789926004     
   405.37504398814718     
   401.94130543525716     
   399.83010339981831     
   397.50428287994930     
   395.37917400395082     
   393.46924987831062     
   391.83931572825531     
   389.88737903147620     
   388.89929512975988     
   388.45335270760847     
   385.41419908803732     
   383.05620939462761     
   383.19051295391989     
   382.74377289789840     
   381.14546300870484     
   380.01650330315329     
   380.41404049130955     
   379.20258685782312     
   378.42395089809344     
   378.72280589590775     
   376.04246253799812     
   376.48438506670738     
   378.65667762337597     
   385.54746877607113     
   393.49288411754191     
   404.55191751601649     
   402.17150269536171     
   411.38953274220967     
   420.42132544564049     
   423.08840907884820     
   432.24643554391429     
   438.07275859604243     
   432.42188028794442     
   410.87974050948418     
   410.04267123640784     
   444.07947070284405     
   429.39579581852746     
   442.17088111861267     
   452.89283006733700     
   451.72839538472198     
   448.52329282593809     
   461.00354251026289     
   448.60879166849116     
   434.23769549093129     
   437.80000250054627     
   435.08491580984264     
   432.65478792908863     
   431.17187990360492     
   420.97256998670883     
   412.45841211529324     
   407.23307932180398     
   400.62396392316606     
   397.17871289161008     
   394.98055642374641     
   392.65255128183321     
   390.79755011932667     
   388.60619025395931     
   386.67550806163734     
   384.56295142950819     
   382.63353982254228     
   381.43103439841690     
   381.44038664878502     
   380.54859375914009     
   378.43967032484369     
   376.91152519358104     
   375.93922401457979     
   375.00616411238076     
   373.75545183628907     
   372.99986132516347     
   372.93417499384816     
   378.30760598327174     
   385.32945873629649     
   393.31277880084195     
   398.98376540832527     
   410.97053750762933     
   413.80252774160601     
   422.15653291515406     
   427.12311529098645     
   439.00004308202091     
   442.44164325752683     
   438.20781640347820     
   444.60086227307022     
   448.19023223519690     
   446.39390053428531     
   447.30551633430719     
   439.16994807403159     
   430.68709277069570     
   425.93345144393726     
   418.88069397361556     
   414.65947713318707     
   411.65616111771124     
   408.81653233396497     
   405.37723145928715     
   403.07124052792568     
   402.41425902762927     
   401.40398478280429     
   401.15619301700730     
   400.96568265884196     
   399.86092876735830     
   398.44290223803927     
   397.27822587515425     
   396.83165003476728     
   396.69480803422005     
   396.68840971545876     
   396.59896071406035     
   396.19284934876401     
   395.64138940136189     
   395.14108387776002     
   394.98785264672273     
   394.91608589834129     
   394.23277920251735     
   392.90933964359073     
   391.42896740312221     
   390.71369420874476     
   389.80037502647605     
   389.31088373543599     
   388.68028937585512     
   387.58987440318481     
   388.72050807138567     
   391.68200537114450     
   398.23010569990339     
   403.94612919407956     
   415.48793204785278     
   420.36476901682016     
   416.55430110375272     
   430.02468427242593     
   431.72504699804210     
   436.67770529676113     
   442.87357838315990     
   446.63332337435247     
   436.38197257596869     
   438.43300895474584     
   441.92817043797538     
   450.64014337036281     
   457.92594181729481     
   459.15406939223521     
   455.55856005181386     
   443.94559812593411     
   431.06095105863574     
   443.17832994260635     
   447.72020180457878     
   450.30948111403353     
   446.27835105884196     
   438.10890270510885     
   435.05564899205058     
   428.71589618400247     
   421.01514226425047     
   413.51848292313457     
   408.94830206248588     
   407.16656657774354     
   404.54643221503278     
   402.93052038338226     
   401.03657199808896     
   399.26339996853238     
   398.48514662739859     
   397.16989050435518     
   396.62582972828193     
   396.35594630429745     
   395.83531607557512     
   394.98491330215234     
   393.94674563290965     
   391.83443805637620     
   391.94615638883016     
   392.13894391208123     
   391.89266658991806     
   392.32643170361001     
   394.16276185080420     
   395.63463132605654     
   398.48970233028342     
   399.18509295445665     
   397.26921751548849     
   394.60293173344962     
   392.28446375231152     
   391.86371274960698     
   393.68107186991119     
   395.32022252417408     
   396.17288218655523     
   400.20211137860719     
   402.29092688431990     
   404.31237464691753     
   409.34696918243327     
   412.58374408583529     
   411.68199102719586     
   411.19073323998327     
   435.18308754527078     
   438.20482268539206     
   434.79658784680123     
   426.07052867059730     
   417.93607034690228     
   409.63091232280158     
   405.63718333798238     
   406.05796619838679     
   404.15067387389882     
   401.28835527997018     
   399.48081557445369     
   397.69467774457462     
   396.10069521633278     
   394.67037169413089     
   392.81374082518846     
   391.73451115410910     
   390.69751816515173     
   389.78272397705507     
   389.25742956077266     
   388.75901421146182     
   388.42216453697660     
   387.64500848409233     
   386.48833029991158     
   384.51566031851075     
   382.56416787876424     
   380.78217108782968     
   378.57715093576462     
   376.89579576528757     
   375.85178823558044     
   375.88594654327869     
   378.32200549609308     
   381.53661013102720     
   383.71251308030577     
   389.82539749287372     
   397.28810345357545     
   408.34222018713399     
   422.07979836078277     
   432.10849951992719     
   428.14022130528650     
   427.07281646816313     
   433.49825439683360     
   435.87769607250959     
   425.39264377112892     
   417.47155876129466     
   421.41478522854629     
   424.88531532252051     
   418.76660017982982     
   426.91925051148752     
   417.60599931513127     
   429.03643592386089     
   430.81743907354780     
   438.70637937918980     
   443.30190924416092     
   436.39190866524416     
   428.97225228773198     
   429.36393326071845     
   415.73002636746787     
   411.42637314988184     
   406.99224460574038     
   400.58196988860846     
   397.91882552238172     
   395.91347201927232     
   395.70344732408944     
   395.47813761898021     
   394.93749648264685     
   393.54095621596286     
   391.83916521469013     
   391.67641845660324     
   391.95200128513062     
   390.93483759528715     
   388.35995350425628     
   387.23913328037833     
   387.83703766651070     
   388.45648409086334     
   388.70980788142640     
   389.03847521428918     
   389.05636204096004     
   389.30625370656230     
   390.00211707322410     
   390.39855738309728     
   392.91926677352774     
   394.01267361573110     
   394.85781365883923     
   395.47327233543149     
   396.69450154762126     
   399.97955851244615     
   403.20556537743579     
   401.43495453574627     
   402.05350631776389     
   403.93359029953592     
   412.99289137416878     
   415.90473158803832     
   418.48531536998848     
   421.79607176752791     
   416.50593961527528     
   418.92294185850164     
   419.50101128582469     
   415.18844040512238     
   415.58583461309127     
   412.61928477601975     
   410.48255020056894     
   409.78799689973016     
   407.94431678132622     
   407.77431906951517     
   407.13257473547287     
   405.65747869282541     
   403.16842229233936     
   401.08359981424672     
   399.64840086067096     
   398.22708205824244     
   396.46853830361795     
   394.86657476171649     
   394.48318657000618     
   393.70033465984505     
   392.34906632948781     
   392.25824687057712     
   393.07330372936599     
   393.11308377693143     
   392.44301207310684     
   392.19271343942665     
   391.55252574955057     
   390.13988931273127     
   389.14044912990698     
   389.52329042318121     
   390.58930581456497     
   391.18791485455802     
   392.09263538116403     
   393.88667623175076     
   398.00810688511876     
   403.82753951194320     
   416.30755103955806     
   422.39824607331377     
   431.68620613975719     
   428.70210804966422     
   431.57003313291443     
   440.42420533035533     
   440.78568369619700     
   444.72610314682953     
   450.51424768162883     
   455.75636447073578     
   461.29747490815112     
   455.51557666167298     
   459.68830198663738     
   452.26153680476256     
   454.96195336881482     
   455.52993280889825     
   463.35200217758506     
   453.19863093828144     
   446.72173225965162     
   444.24644961600586     
   443.26800552060979     
   434.98443109732784     
   432.02240096597927     
   427.37524186740592     
   422.68784423171144     
   419.17954515661239     
   416.33236537018206     
   413.58760505385567     
   412.26691011707072     
   410.81069135521324     
   409.63576446741354     
   409.02720041960271     
   407.80710866609422     
   405.35270534085998     
   404.75334742010972     
   403.35786300519413     
   401.31102839328400     
   400.73053294951967     
   400.13183862341344     
   399.05015964111936     
   398.08999947966754     
   397.31950122705643     
   396.75376116482300     
   396.62951080860472     
   397.02129644345604     
   397.61154295238481     
   400.23428225137781     
   403.10997143909168     
   406.03118883012917     
   402.96076969910973     
   401.76928936814431     
   402.18058831789534     
   403.82560215761140     
   407.50209512001345     
   413.16000348184235     
   423.21400509744183     
   432.97055506239303     
   429.86483288468287     
   432.98925384408284     
   426.31926694381309     
   427.41774651713132     
   437.47615451433967     
   443.62617420877012     
   436.27963045664006     
   439.26550496999107     
   453.48736361725724     
   450.21856106485717     
   446.21586065452124     
   439.75359645632659     
   433.45478811871521     
   422.98073145042321     
   415.54215010449593     
   411.52947840563638     
   406.51059634141347     
   405.00846816850361     
   404.14771903733185     
   401.42625014794913     
   400.68749928795563     
   400.18817188041169     
   398.65385524455309     
   395.66230121400747     
   393.85035623793635     
   392.22906734266786     
   389.88651837173262     
   388.78847840213984     
   387.91701224802347     
   386.03793738362828     
   387.11870173650283     
   386.45627685963740     
   386.53825029016565     
   384.51743165541131     
   382.57066057069562     
   383.85865178409580     
   387.20332202743407     
   395.56770793598048     
   404.93138714710136     
   412.03749491141826     
   415.45923082735783     
   420.82301876976999     
   419.62096205356028     
   423.32613225379748     
   421.89930786008631     
   435.53120912871532     
   430.92505074084244     
   439.81423613273188     
   451.45913913849142     
   445.39215716596095     
   450.95652509643099     
   461.23513816631726     
   453.52742658497095     
   454.19765294241012     
   460.64763576685084     
   445.97993802483614     
   434.95343120582680     
   445.51595610270584     
   437.58801004226092     
   435.89550829493885     
   432.84101974161001     
   424.64355104073684     
   418.97596534788272     
   414.97321285848773     
   411.83118833509292     
   408.34823532493698     
   404.75898441094142     
   402.10640039352870     
   399.01458627331129     
   397.15194204100465     
   393.79900168013677     
   392.38046035132481     
   392.88729112676259     
   392.84742210184123     
   391.95282419609481     
   391.21839115074414     
   390.16519538455600     
   388.97620806357634     
   387.29122260032983     
   386.07649617777099     
   383.71023476961824     
   382.41822321044333     
   384.47411524583737     
   385.47326136013646     
   387.65772668380066     
   391.15212218429076     
   394.67765003779431     
   399.25876135325638     
   410.59719590839222     
   417.77830823506628     
   414.23386342007950     
   424.51466955996989     
   428.14569773533651     
   421.70941459940548     
   425.01654403641083     
   450.11999797399955     
   444.79051841604428     
   426.55706402288075     
   447.35843324397382     
   462.70174299623756     
   465.40610649774970     
   462.94235299100404     
   445.11172114816736     
   443.57230401250234     
   436.29639800806035     
   439.91366972091851     
   435.25993113660877     
   435.45726597256584     
   432.08816070271644     
   430.60204367809820     
   421.94290396498985     
   413.52523119417157     
   407.98052482541772     
   403.74780369415868     
   402.49987351353042     
   400.71240753900412     
   398.75305963385682     
   396.62988865702579     
   394.91123540569185     
   393.00466472289264     
   390.69996797540540     
   387.12126779392958     
   384.59349755699191     
   382.81972050459535     
   382.57312752069521     
   383.31862867212118     
   382.92248312744942     
   383.35123801425550     
   382.97338197198957     
   381.69405476665361     
   381.41872587319614     
   381.42130676740555     
   382.13956325991177     
   385.12604023678495     
   387.72330683197498     
   392.01417721289005     
   398.31061643581256     
   406.39187980544085     
   419.86246761454635     
   430.60240522425016     
   443.82941436630199     
   452.14563585505118     
   447.74123648568218     
   463.32749409533136     
   454.43082489127846     
   465.75564305541246     
   470.86277421179426     
   475.77741394379251     
   473.23042978487587     
   473.22223324516881     
   469.92582496769620     
   473.92787322550419     
   472.09282310569529     
   461.34335601737200     
   462.72268197670928     
   457.99070940232963     
   455.92574093147027     
   449.22606096305913     
   445.84276559334592     
   436.40079026318557     
   427.52087375891790     
   421.38919167862525     
   417.47612382501404     
   413.98195436399476     
   410.31215010025841     
   407.45662340289050     
   404.30752020954912     
   402.56385271148719     
   401.04458880212576     
   399.71868961240739     
   398.59710563704442     
   397.76529760612209     
   397.81137148278412     
   397.23959141030878     
   395.59531147254302     
   394.83625946302897     
   394.53978598917530     
   394.53412593627240     
   394.38350599920341     
   393.85631774130945     
   399.71968599375384     
   403.78031856067395     
   409.81548993768411     
   417.75858042316651     
   422.97677868689334     
   429.27139323133292     
   444.18457955284140     
   450.01004543828492     
   451.29416059016592     
   466.70265650098418     
   474.99125807554373     
   482.60915106392031     
   486.40045417238764     
   491.46425488470084     
   496.10678506100504     
   498.01812486161572     
   498.98816880300546     
   501.28627724795683     
   498.52962566488219     
   495.11114000283936     
   492.40806537940870     
   488.94097499350391     
   483.40161861356324     
   477.82017204848995     
   471.25602941108434     
   463.16927795800729     
   455.50883239462189     
   446.20476953828506     
   437.30767271605134     
   429.63618148945204     
   424.16189524706789     
   419.08016735732332     
   414.29686879404107     
   410.70436447640748     
   407.28731227310936     
   404.38251115098916     
   401.45744015983797     
   398.71692768862476     
   397.43103484285933     
   396.10958691272288     
   393.68956239076277     
   391.34094317905516     
   389.89015121229693     
   388.72793565370245     
   386.95392381368492     
   385.65959764421541     
   385.37282549408178     
   388.98319882014101     
   394.98317890546423     
   402.80813709952349     
   412.05233408244538     
   422.46870240402626     
   433.24889847069278     
   442.96592088232131     
   452.35076553128101     
   462.96747313327921     
   473.87497054689612     
   482.97006315050663     
   489.66473121694310     
   496.10427017952117     
   500.80711924593578     
   505.39562343730728     
   508.69432342188588     
   512.18680324671675     
   514.48131443633224     
   513.67957556010617     
   513.75545439852658     
   512.57093201476891     
   509.37017082085509     
   504.78373047368729     
   499.56324699931162     
   493.67963118851918     
   487.18988919716196     
   479.50467162033505     
   469.83134326788769     
   460.50701388122610     
   450.97098915595456     
   442.82950021614147     
   437.39945832788669     
   433.01989036535338     
   428.73750391826849     
   424.72424643411705     
   420.93861888570780     
   417.31485097941487     
   414.05398650180126     
   411.35381442482043     
   409.22689216815633     
   407.08297323346767     
   404.64649166825029     
   402.34294662621181     
   400.40667283964120     
   398.64264649734577     
   397.25552708300847     
   395.96653025080911     
   395.26273398480686     
   397.65212021845349     
   404.31564447058236     
   412.97189006467545     
   423.45450905165637     
   434.90112614840143     
   446.82546852175346     
   457.55393321998451     
   468.59801712508278     
   479.79310457968228     
   489.98113492419998     
   499.77432522976960     
   509.02049546902265     
   516.25051947012241     
   521.74956249060983     
   528.18105693212988     
   532.61943824668026     
   535.31545239813693     
   535.84534701396058     
   536.63308690614235     
   536.56517002998373     
   533.54516408312918     
   530.20450306530074     
   527.23784794092489     
   520.46667623764006     
   513.94406705059953     
   505.86834844170676     
   496.78885722532863     
   485.11314518592735     
   473.58304581521600     
   464.29186745386335     
   457.53536588335515     
   452.26388940134069     
   446.61225812392627     
   440.79303792233475     
   436.27584062918697     
   432.37442282295558     
   429.30245342443692     
   426.20194938590924     
   422.61499888309908     
   419.02025714969585     
   416.23997836297065     
   413.72832235935903     
   411.33823797697039     
   409.13212307022280     
   407.25103914825633     
   405.23550818288618     
   403.16349310490023     
   402.19309247146771     
   404.38490471201368     
   410.15780699479444     
   419.17809900686734     
   429.30778746243351     
   439.36158459725374     
   449.36749112499598     
   459.95588673209096     
   472.10020738596774     
   483.58005263983233     
   495.35370415362001     
   506.48774175427121     
   515.61379265761673     
   525.48818653103342     
   532.87702744997034     
   531.85404646212089     
   529.30736949994287     
   519.26020167792137     
   512.70485127415645     
   510.84643169802467     
   513.24953954864679     
   532.26132544249890     
   532.95850216847293     
   518.50833631699925     
   518.52607988907459     
   513.01884206239060     
   507.44996916917250     
   495.24516128099566     
   484.01416361012974     
   474.10171787246395     
   465.00852340349809     
   457.65723182713549     
   451.40272078350824     
   445.71941390646077     
   440.09648600214513     
   435.16709805879469     
   430.78582312364432     
   427.00522691435742     
   422.54576114718031     
   418.76342281023614     
   415.36509769677980     
   412.44148607732484     
   410.02915280369780     
   408.29128666046068     
   407.28095811371884     
   405.91848613027651     
   403.71962653117015     
   402.54097446091487     
   401.09609453258184     
   401.69861370561131     
   403.70071205159547     
   407.00026519264634     
   413.74454147937018     
   426.17278352795324     
   437.88024616731389     
   448.23495738025406     
   459.02461699270771     
   468.32081018903568     
   477.83526171262679     
   490.01973432809223     
   503.41724339723532     
   511.88611185182674     
   519.93791431650516     
   524.59330358860495     
   518.66092833501989     
   516.88723271925403     
   526.08790828695726     
   510.59764445272970     
   504.52748143255468     
   513.03737997573080     
   523.04151952250072     
   523.39634252982171     
   515.54320763854344     
   507.96596564602100     
   503.07486381675125     
   486.32277492792502     
   477.80823152802117     
   471.42456168243143     
   466.30392632604332     
   462.31332873419541     
   459.28872990741462     
   455.62497729662442     
   450.24800260096066     
   446.51372060054950     
   442.97541629450973     
   439.44219976357761     
   436.28972157090203     
   434.15504861245068     
   430.77165265352255     
   426.81211765080252     
   422.20414792099683     
   419.08567640871001     
   416.49235881641960     
   414.06011678989847     
   412.97832683329767     
   412.84133013465151     
   412.03996961305097     
   411.77545794558029     
   412.58319684755674     
   414.67233845068307     
   418.76878193001085     
   425.78559765140483     
   432.31893157819604     
   435.58041133829556     
   441.04652872753047     
   457.87456922797116     
   468.91499021915655     
   478.40697974593746     
   488.20248547059691     
   493.65134787285575     
   482.89102506179296     
   479.55748313065709     
   495.20716457088491     
   504.77181013006549     
   507.46189407565504     
   513.99363260330028     
   516.17682514495300     
   515.01865812765595     
   511.58325473951771     
   500.21363929500467     
   495.02639399104322     
   485.84821634783748     
   476.38439976703842     
   464.02163616092264     
   447.83131789093119     
   440.42144538985440     
   434.07091634356965     
   429.94551629082287     
   425.04872855890108     
   420.86390134723462     
   418.44386683724946     
   416.91418137676970     
   415.17172258910449     
   413.10726969000132     
   412.40197430984716     
   411.00264670065297     
   410.05435158659191     
   408.73988063263596     
   404.83286957942499     
   399.69923532494391     
   398.67231169987866     
   397.17940626897183     
   393.25169902901911     
   391.27399047052813     
   387.08620179952686     
   386.70532835889378     
   391.82774357851457     
   399.91056587725149     
   407.92411331676072     
   418.30121656672111     
   427.38798866669924     
   437.02800277257018     
   445.73029215422184     
   452.37449602397811     
   455.74553106168668     
   448.38548891527364     
   447.54805197709283     
   449.00821160272613     
   456.91624120107730     
   466.88411145363068     
   469.34277864330079     
   471.93833365661146     
   474.71248175564085     
   471.35936225264930     
   467.79772425543354     
   471.72135176183474     
   472.68165924035623     
   466.66137299907177     
   460.08629035853340     
   453.79963634474962     
   444.56015340298262     
   437.04494036290879     
   429.36102650961288     
   420.13571242243222     
   411.84154423473996     
   406.24562833251832     
   402.28165327794051     
   399.25058681382791     
   397.32440836800953     
   394.45141475182470     
   392.40684845274586     
   392.17948499531360     
   389.50089548498096     
   387.06525484203229     
   384.86923869208141     
   384.55195767618898     
   384.86103318644024     
   384.00976564696953     
   380.64022102637642     
   378.48525027916236     
   376.94423060129526     
   375.40373500191561     
   375.20140401894309     
   377.78888288315238     
   381.72974755009079     
   391.64863206528929     
   397.33384051006800     
   394.39562664991320     
   394.30470599781250     
   402.34820212204846     
   418.45268199510679     
   432.95638617935725     
   443.44211211664395     
   435.14940960223021     
   424.72169898939688     
   413.04752082747478     
   420.77231590165502     
   441.33776580954691     
   453.55288201287357     
   454.62841861013470     
   448.50004751897990     
   458.65334124564430     
   458.07992357062398     
   460.03287568606231     
   456.43911654819544     
   452.12342001213614     
   448.20232704406106     
   442.52851359427649     
   434.94282287905219     
   427.76993520965704     
   419.15226955393831     
   410.49633440071068     
   403.23848863965634     
   398.66609506746374     
   395.12498856710198     
   392.71089437607401     
   390.57422514508937     
   387.80993973584668     
   385.17400911117039     
   382.86231699598494     
   380.53310978969159     
   378.30329360207264     
   377.10926394183980     
   378.77211160679946     
   378.30753008232841     
   375.63652647930451     
   374.43978102571072     
   374.79940456717230     
   372.82770378271567     
   371.45452682032720     
   370.04242646633804     
   371.93923655313353     
   377.46653246461727     
   385.50917569710805     
   394.32187989891736     
   403.23581005008941     
   413.21037521875957     
   415.05935000047174     
   421.00951172346765     
   433.11791410779261     
   441.20549738924018     
   432.69761992515043     
   429.12559807564446     
   426.92158105709564     
   437.02947943308186     
   433.46640426465183     
   440.69630366092514     
   451.54396553524032     
   457.16679845755652     
   451.78791556032854     
   455.63059941920835     
   459.58257164495797     
   452.77630916464619     
   443.54908621970668     
   437.18422749440390     
   433.15732372774039     
   426.21086190826361     
   424.86946285460908     
   415.90871151943770     
   410.68910670033773     
   407.44613645742135     
   405.14477143615682     
   403.72074568675384     
   402.00810767825283     
   399.89588410351053     
   398.43457168725632     
   396.82005671375094     
   394.91487068272392     
   392.96144561709286     
   391.36109729936942     
   390.44672923482995     
   388.79272511711679     
   386.25755483534971     
   385.37035776614630     
   384.68827443041721     
   384.16909838763507     
   384.12627239953275     
   384.44922224498436     
   385.92466781477742     
   387.82565647185538     
   390.90856158489339     
   393.96636856792350     
   396.26032902506648     
   398.47156314253084     
   405.84458606138861     
   419.12579046778671     
   423.72913174158725     
   420.33273804409146     
   418.89266899686061     
   419.77417528786293     
   425.69513256959334     
   429.13551588792086     
   435.98166814741944     
   431.43699801541709     
   429.64946793604167     
   429.15166132152314     
   431.55024936846922     
   430.74914369036827     
   437.22180423836920     
   442.37625162138715     
   440.69757779966113     
   437.00310422705627     
   430.59739104833358     
   427.43690328478465     
   427.00530372781213     
   423.97870900319123     
   420.84135316056927     
   417.69582833392752     
   411.78705366212364     
   408.10880977980383     
   405.83570237169744     
   403.29822172831172     
   400.52438791944081     
   398.07886712618023     
   396.34454312877830     
   394.25684709433466     
   394.45434265409096     
   394.35054686494277     
   393.26454708722275     
   393.15757633975579     
   394.39011631651601     
   395.20009779142396     
   395.25986550876354     
   395.47593717720662     
   394.95609190022583     
   394.82426180041415     
   394.92198240359028     
   395.47129192443998     
   396.26321796416767     
   398.97397033000345     
   404.43241865747319     
   409.60528460359114     
   413.93877583546117     
   415.63006217433724     
   420.44222454142397     
   419.47255966276168     
   419.37956190086720     
   421.22736447692301     
   418.42512160250516     
   422.50848791843185     
   426.31244960698422     
   440.83815569547812     
   443.06333674870120     
   438.30774176165164     
   458.96802998618915     
   464.90578021264423     
   464.16008158594025     
   453.60855236717373     
   435.16310639969350     
   426.96441147020658     
   423.82101015350804     
   430.39568198683020     
   432.44724362938985     
   428.14688810331864     
   420.97632766252519     
   416.13705736518159     
   413.62880748531376     
   412.75455224827675     
   409.67579623127153     
   406.87768927176717     
   405.66101526325991     
   404.64508179044589     
   403.44307909467875     
   402.94587570864854     
   402.42403526120063     
   401.80401381359218     
   401.06163983509538     
   400.05684211369743     
   399.24681457169100     
   398.43782101000738     
   397.75399718863707     
   397.03182699947359     
   395.25818808650035     
   393.79121914311617     
   392.28386588988900     
   393.90094728303336     
   397.72432990988608     
   404.14765815340922     
   408.72268213617883     
   410.20451217806072     
   419.48787195463746     
   427.40511457642913     
   433.94103510722368     
   441.32044324480648     
   455.43135009043834     
   441.17336094921905     
   449.90237191011641     
   454.99154153340663     
   447.06254861473059     
   442.25292187147244     
   451.33858274579870     
   445.19757121962107     
   440.98587419791244     
   445.23420340038302     
   449.92606095923730     
   445.23603806095178     
   440.14093425043950     
   432.26932163659257     
   424.69807141356216     
   420.08072612618150     
   415.27458610785447     
   411.20886609854574     
   408.59191265536208     
   406.87363635528669     
   406.15203664953719     
   404.83898540006300     
   403.29737688517298     
   401.83541648331970     
   398.88962924182329     
   396.70200537018496     
   395.28282461835931     
   394.61750826708345     
   393.44260069581071     
   392.41794547748111     
   390.73584436039266     
   388.73117626392076     
   387.59901879649749     
   386.59332924096179     
   385.93392615133598     
   385.76351830573242     
   385.79431255847186     
   386.32020522577767     
   388.12799697524491     
   390.55169051408194     
   393.29167883564708     
   394.14710155282000     
   402.10501728943365     
   410.08400000946153     
   424.27028169015858     
   430.41175728905398     
   438.94765574464162     
   429.80610364734548     
   422.23466207032794     
   427.70931207080616     
   444.10122114875861     
   456.96309183188106     
   460.91516044581658     
   456.08121292916650     
   460.99307360311445     
   456.36319309023241     
   462.67784128781972     
   463.02579437658159     
   463.56461663909676     
   464.90767109131582     
   466.08216896569581     
   457.62158749995069     
   448.95525363869450     
   443.77854862429473     
   440.86940555415765     
   428.05444481019020     
   420.56301903756241     
   417.14284898157041     
   412.98482750575772     
   409.69944077536888     
   407.87344999755237     
   406.39257388657802     
   404.91145630114585     
   401.72239163091126     
   400.93697493477282     
   400.48379393907811     
   399.36535553335341     
   398.18643869573884     
   397.57527664780241     
   397.11917842044539     
   395.74859255518481     
   395.85651066443961     
   396.44835534426210     
   396.61454389982259     
   396.47488683454816     
   396.13536910950916     
   393.84118927022689     
   392.40850210126655     
   394.56458590776026     
   404.07588318669923     
   409.55812083153774     
   412.35283805353140     
   422.92795761558153     
   433.49177641509925     
   435.60398686010689     
   436.51369578615652     
   447.11098448375486     
   444.02040767550284     
   441.49529580356773     
   437.36146490424665     
   451.22342983809085     
   467.07085028261878     
   470.76419654043167     
   454.85159463671329     
   459.63050530479620     
   459.94503081669887     
   457.37007789649056     
   454.66556703414932     
   454.28825638010653     
   449.76386230263682     
   441.25192707410400     
   435.62567712515465     
   431.35131015952879     
   433.49136945215650     
   420.68648495076013     
   414.26993200581325     
   409.75454483845124     
   405.53530219623400     
   401.92728899823487     
   398.61201671101031     
   396.33142040868404     
   394.22818271202476     
   392.74821456723481     
   391.61606756200490     
   390.58694153574442     
   390.16506044463597     
   389.86862146080443     
   389.95597193006876     
   389.38009711066093     
   389.99894205768993     
   390.25402922711390     
   389.83138008947270     
   389.64955730365938     
   389.00798975670688     
   389.48944752906510     
   392.40722315496754     
   393.04424030012058     
   393.09279465260056     
   392.74683838716305     
   393.61716607448130     
   395.16857385939954     
   403.49710523032377     
   420.97624241416025     
   438.03412686190893     
   423.04917220223768     
   446.81452695343427     
   464.73416900009551     
   457.42269613865960     
   465.76075375961869     
   454.39455858038559     
   458.72472204152223     
   454.53876790118682     
   455.02381249157298     
   458.49295037899543     
   458.23066018986896     
   450.28844801134869     
   447.14523365795594     
   435.71027058615960     
   431.29224216869761     
   432.00267920645518     
   428.76871180764385     
   421.34521213636623     
   416.53651377132553     
   413.90786470651278     
   411.62127277386838     
   409.75522820072212     
   407.89166764984662     
   406.05032583234401     
   404.44464959439580     
   403.38802475650931     
   402.21877686792584     
   400.92145301966053     
   399.55300708798791     
   397.99768562221851     
   397.14276875002645     
   397.00679443649079     
   396.61020883074815     
   396.02630823847926     
   395.82420787936741     
   395.21825050982443     
   394.47140919021393     
   393.72197930220381     
   393.09500207686023     
   393.33726724438054     
   393.95925860952718     
   398.97292867214810     
   402.65119323124168     
   413.80110457196270     
   421.38531621783841     
   428.17508647558509     
   429.76104610195546     
   435.48611727163035     
   436.31438993734503     
   439.77700146924741     
   460.41133103279105     
   454.37885799423219     
   448.85092888128867     
   450.74408272088192     
   446.45740545981607     
   437.71222692733375     
   433.18461240518826     
   439.02210647372806     
   430.85182025069923     
   429.75808190658580     
   424.34312239848504     
   419.35594735341857     
   424.40825999294509     
   427.63816805673531     
   424.66761779705746     
   417.29853876487368     
   414.54883899067335     
   409.22754204884410     
   405.15930405707894     
   401.57618330902159     
   397.79234981258492     
   394.73203573647004     
   394.00068819662113     
   390.46290032100359     
   386.62191906630778     
   383.51480607889755     
   380.75481353256134     
   379.41622558440156     
   382.09761850767035     
   380.28148313335157     
   377.55682716176568     
   376.80800869826305     
   376.95468611751431     
   377.00153158980004     
   379.48022592631668     
   381.52595392649937     
   382.38144589362514     
   383.05590104264655     
   384.48675116324603     
   386.68436924648927     
   388.24816923484121     
   390.59588139180988     
   392.26131830439101     
   397.06043610697560     
   404.69703346938451     
   413.06415317694297     
   412.22168052575256     
   412.80013964426507     
   417.24947292826516     
   426.10375899806002     
   435.82270945389047     
   431.99568238462837     
   433.55352937084598     
   447.90024003359093     
   434.05944307622923     
   432.97877653919357     
   434.49599363204823     
   428.13841856315935     
   420.45916300375330     
   416.11277151974315     
   413.69150872419215     
   409.65514028201261     
   407.39074338258541     
   405.47300654272487     
   404.66647309259054     
   404.09730196153259     
   403.97508004701353     
   403.77703792230767     
   403.61712059166052     
   403.28239612701060     
   403.18688753461004     
   402.79708959058922     
   402.76505071100343     
   402.16117744224647     
   401.17228422741471     
   400.11429437235051     
   399.35279775457605     
   399.10946031332327     
   399.61422253477599     
   400.06132276200799     
   400.19229271391185     
   400.39767805206765     
   400.47930200014235     
   400.51419892547210     
   400.96820078206179     
   402.15486848570254     
   403.10930262473465     
   406.46739595232174     
   409.25665945510406     
   416.94142774066597     
   431.92206180453536     
   428.10824569377280     
   423.18170716781452     
   435.40808440759531     
   453.91913630406026     
   448.62798964880136     
   442.39769418520314     
   448.09825134627454     
   451.86260834480089     
   463.73862047609504     
   487.86668997782670     
   468.26190716514310     
   469.46437891187543     
   482.50196172084424     
   474.90474875974934     
   466.45823713105790     
   462.69032904381265     
   459.94384843396870     
   452.54448127322803     
   447.30934811128952     
   448.02661062044507     
   443.15639362975162     
   436.82387100567178     
   430.68383893975135     
   429.16695952920247     
   427.97848226692923     
   426.28714598591984     
   424.33369505134766     
   421.12450908913911     
   417.88203648888054     
   414.34352251714580     
   412.00619580845682     
   409.56888131190766     
   406.95535826202200     
   404.82197418877576     
   402.74437726655555     
   402.05341077211563     
   401.55090233472254     
   400.56149822034911     
   398.73811069651435     
   396.84448366198097     
   395.54041409080395     
   395.18893341354135     
   394.79587629896201     
   398.09897881646839     
   402.07848419436061     
   407.14399890811973     
   413.65897387394557     
   420.98241966554468     
   427.39624497259081     
   437.92908271067881     
   446.39705551575298     
   454.23254919349455     
   462.64641243954014     
   475.85382896520730     
   487.61353613063261     
   489.07767923793028     
   481.43630789528987     
   471.79016832730042     
   486.11326727478303     
   493.75137009117981     
   497.80313203264859     
   486.26204848715571     
   496.64050621603678     
   502.53444331268162     
   496.17812305649352     
   485.96825897080623     
   482.29233065595207     
   475.89111602834305     
   464.05021908217947     
   456.29526644487828     
   449.45630671454040     
   443.62883701028477     
   437.93132276816897     
   432.74580927163908     
   428.75326325070387     
   425.63968311243269     
   423.82713666114898     
   422.18128385521436     
   419.39227716473096     
   416.42682253053181     
   413.22097281612002     
   410.49549218579233     
   408.40589061994558     
   406.31167928582539     
   403.63280955699230     
   401.83653898808984     
   400.36034065016287     
   398.49045780346137     
   397.14869968430907     
   395.82635202111510     
   395.20663496637053     
   398.52621496404873     
   406.10503296352954     
   414.46579761501158     
   424.69803879665500     
   435.80952946354699     
   446.71447538581032     
   458.08950948046049     
   469.41389859073013     
   479.20910908257866     
   489.80032339124944     
   500.73380561494514     
   513.58728833479813     
   517.90351606906859     
   520.95605409386485     
   523.33766782133773     
   525.86791527026276     
   521.06996838199802     
   519.68916091676704     
   519.03445391815535     
   520.77090155157634     
   516.73899030507607     
   506.77138255931897     
   497.68287568446317     
   491.68926779778610     
   486.88373887962496     
   478.64543450615253     
   469.33174483160457     
   459.57226461298285     
   451.65073913850398     
   445.27759332376286     
   439.07360118936049     
   435.03973617628048     
   431.06084119475594     
   426.26541647793715     
   421.57061850779775     
   417.93544964648100     
   414.73104280823236     
   411.67004497447772     
   408.63096719041584     
   406.09133321846497     
   403.91441122103481     
   402.08269292677778     
   401.21319775299980     
   398.66268341104598     
   397.01962867859294     
   395.08897442313344     
   395.03766095948765     
   395.89549088397882     
   396.56052252134418     
   398.65066108470091     
   404.73924033517727     
   413.38698694568592     
   424.89840892892289     
   436.49610606560805     
   443.21960036166519     
   454.81686170123817     
   465.11129650550782     
   467.50779848963811     
   470.10240503446011     
   473.75428974518076     
   483.79750158410548     
   485.71996107209077     
   483.79159389422392     
   488.36952030669261     
   491.70879160991109     
   487.92009561094739     
   483.90047699366522     
   487.81055346863081     
   486.69474246776502     
   472.52224708127960     
   467.24165196431511     
   461.51097179060963     
   454.13540919890534     
   448.39639864370338     
   441.03337011501998     
   434.53949552494873     
   428.28458646903414     
   422.82995084151543     
   418.09674141669637     
   415.03631452185783     
   412.32439824628068     
   410.91175906585369     
   410.09049012325352     
   407.53697031842995     
   404.65062673559436     
   403.31490701148908     
   401.51223380455389     
   400.90051623588334     
   399.66044122906948     
   399.20606682445100     
   399.60540343142304     
   398.36538723219735     
   396.95117806972939     
   395.48029832882105     
   394.36179044042706     
   395.22815520079774     
   396.93549160266747     
   399.82632224807696     
   409.36243772125221     
   409.86342402939317     
   410.04610129870844     
   416.32516736978215     
   424.75303996112285     
   420.44324837197610     
   420.81142114449960     
   423.41814990343590     
   422.35630256027036     
   421.07385095784201     
   424.71141516689732     
   429.27528012655796     
   440.79705506974688     
   453.75032286473481     
   466.98211608557210     
   478.18763190021599     
   467.32541994140388     
   461.59222115494293     
   455.89334246863001     
   462.72384249531120     
   463.92295556545025     
   465.82809307749403     
   463.67827235425460     
   447.51224471716324     
   437.07062864261138     
   428.86121517820845     
   423.09277545918928     
   418.64303200393488     
   415.13507452179709     
   413.10692254782828     
   410.86113467012137     
   408.41117840079835     
   406.58785526975743     
   405.00858899657203     
   404.42012366172474     
   402.79450224668028     
   402.19373168680454     
   402.76496823474764     
   402.15078291145835     
   401.24695273031011     
   402.46876280441717     
   403.46349699585244     
   402.91801176348588     
   402.45619755632686     
   402.27059536847281     
   401.76918785475266     
   402.57874680934765     
   404.44030650237698     
   407.09763129232294     
   413.43694627185624     
   418.24462398798374     
   422.44741053667877     
   427.00968989305477     
   430.06206084354687     
   437.35103079194511     
   444.59182072715805     
   446.90848965459185     
   449.46755466957239     
   451.59347422175978     
   441.95751376107768     
   436.00407053067545     
   431.10856437586943     
   435.09298894410080     
   438.91256819328703     
   444.79602733265307     
   442.18794867842990     
   436.48436328735147     
   436.33415386742786     
   431.96826444731727     
   433.72175852983986     
   438.21710303855303     
   430.88690308319593     
   427.60542142750307     
   420.02997459714601     
   416.19094042975894     
   413.75348628013734     
   413.33899628760480     
   411.46828509574772     
   411.65535303880421     
   410.00699017512244     
   407.63415834182257     
   407.29046324912338     
   406.83608938984702     
   404.07005746917207     
   401.22937369388228     
   398.99024500210317     
   396.88913530591515     
   395.42513474927870     
   394.06125273344759     
   394.06608273286395     
   393.52540115601369     
   394.32041478934093     
   396.23569629425225     
   396.82982378288887     
   397.48450553976579     
   402.50205659918640     
   407.82053215594016     
   417.21095961237722     
   418.96153729936043     
   419.22107614725712     
   422.72325114638971     
   426.08094146792939     
   438.61488790167812     
   452.82857483307743     
   464.31586007101743     
   463.80847802130927     
   478.41587473874210     
   484.16236951497757     
   475.66010327766116     
   476.67626665566780     
   482.13575958037882     
   489.94625877497521     
   473.49671765103756     
   467.84528915395521     
   478.31235182224043     
   475.76984770713710     
   475.82127369076414     
   471.74593601688326     
   466.20833205850818     
   452.26963594952588     
   444.35268112595861     
   438.03068284648850     
   432.95254363020354     
   428.56774906893060     
   425.79774507332212     
   425.01236306085161     
   423.65942316557414     
   419.85651368762075     
   418.18329956718668     
   418.03546085798683     
   416.65283993251120     
   415.28650720430034     
   412.39429527987477     
   410.79247701863130     
   410.43569236448042     
   408.41346227157049     
   409.02886673592553     
   410.25728839849324     
   410.21426695378597     
   407.52920671297170     
   407.51999952210434     
   408.71775436064644     
   410.60567132537972     
   413.13634323085802     
   415.23443568005888     
   416.91255628990166     
   418.94433688284477     
   419.76565419094777     
   421.70042282402642     
   422.86250641251593     
   421.00520664616113     
   420.08635437971344     
   419.05628024624406     
   420.27691305656526     
   420.00484162361096     
   418.29885704781293     
   413.98472294805720     
   410.87243971290206     
   415.42448303594279     
   423.13674000199717     
   426.13000207763326     
   430.21071811744497     
   436.12522376071030     
   442.10491276314838     
   435.54673039209001     
   429.06977166517231     
   423.45531715653243     
   421.01505504716050     
   416.08369059311866     
   409.67864090831631     
   405.78221367577083     
   405.11984362267435     
   403.20981839896007     
   401.22990056700178     
   399.79298397059893     
   398.78829755924613     
   398.89031395591763     
   398.48640675267404     
   398.57275107456070     
   396.24953289798151     
   393.74819874942898     
   391.86089210466110     
   390.71510573792693     
   391.90596039060091     
   394.41164578194309     
   394.18678719450247     
   394.66992660277128     
   397.05563160914812     
   395.62599295664904     
   393.33437016010942     
   394.65767512141298     
   401.69078052665662     
   407.03648053183588     
   414.49424192895196     
   417.54221651821314     
   427.82731099753750     
   442.60018650132338     
   436.73005943827110     
   435.52892829565280     
   446.11271427656135     
   456.47129638836270     
   473.32574410636926     
   478.32371408437325     
   473.93367067062866     
   467.40940124024871     
   465.23766622580933     
   464.12107994800300     
   458.11885933998241     
   458.55940952405024     
   453.15546975986530     
   446.67441939846896     
   442.15042698945911     
   437.45437516576158     
   429.83753463193153     
   425.98931492978585     
   422.65730180319503     
   420.50727973934653     
   418.34581342997075     
   415.95053596573473     
   413.44467621244195     
   413.12343103587216     
   412.47013022013800     
   412.10030754355898     
   411.93198581392710     
   410.89617639761707     
   409.82835009518556     
   409.94273931640168     
   411.05850430050975     
   411.47319848662579     
   411.78931136405447     
   411.25684719074081     
   409.63309638237314     
   408.45762509703991     
   407.93068958290968     
   407.24788834725462     
   406.92804636672503     
   405.03008571592966     
   406.05173162214544     
   406.94024241381567     
   407.75171031570949     
   410.24865566818255     
   413.55617945768449     
   415.06035071177547     
   416.50074495142530     
   416.74488928988364     
   417.96091549126368     
   428.38166437083140     
   428.58583502412699     
   430.43195068157763     
   434.20097024193524     
   438.76785097634468     
   446.54662045422771     
   447.98117124845049     
   452.88605734598406     
   458.19150718356076     
   475.48329815448210     
   482.07912408552710     
   473.17703646446972     
   473.33411410092083     
   462.92596685487518     
   457.70572038724839     
   453.08151624375915     
   449.00927299088949     
   445.83701679498580     
   441.51824899368722     
   438.68390724939536     
   435.41024464440062     
   434.23499191662012     
   432.48658383766133     
   429.14941675080644     
   425.93486362420578     
   424.63243882744365     
   423.19809716640776     
   421.32728500449304     
   418.29633561945735     
   416.72974743492506     
   414.42175728920961     
   412.59060056273853     
   410.76275971827408     
   409.33979089244451     
   409.21646505034562     
   408.55390862791677     
   408.47955993926121     
   407.05745077420909     
   405.67395226526315     
   405.44437501610355     
   408.40170179988274     
   409.73986340169813     
   416.72871495831242     
   431.61236517963289     
   433.76899939358856     
   437.47772668931054     
   437.66934433185043     
   445.18915551715338     
   451.88115663256156     
   456.30043103675365     
   464.57462879331678     
   485.34186417953538     
   485.78845621296460     
   482.56314704235268     
   488.83645587465861     
   494.74705945487108     
   499.17195948661919     
   501.89521474251006     
   498.07474208830274     
   493.00398267309890     
   498.62432016244099     
   494.39896451477534     
   492.88826725529589     
   487.26146610135731     
   479.91158899436334     
   465.52888707240811     
   455.37009041962222     
   448.92994209064170     
   444.46478203039436     
   440.61550048550311     
   437.38383161265870     
   434.40988442942046     
   431.42558679845052     
   428.59334842927899     
   426.12713395438089     
   427.50815334705845     
   426.13758808836138     
   422.36936661180511     
   419.68782458991387     
   417.54605507239188     
   415.57601020981417     
   413.86273125293030     
   411.88646730554296     
   410.11102589013717     
   410.02314151179115     
   409.88108615236132     
   407.48330884995710     
   406.02727718273860     
   408.96726284333516     
   414.50365769557305     
   424.45863455664505     
   433.31598877095888     
   439.42763779314714     
   445.94953023664880     
   457.97888669547507     
   471.99116695591835     
   482.59613486011318     
   493.70249303000116     
   499.25512144881054     
   503.14006647911128     
   498.43627947623804     
   493.51972582589008     
   491.25165965215712     
   498.01021030179425     
   502.42807650028504     
   508.80601130460298     
   510.92459932638150     
   509.23509206854612     
   503.89996002687150     
   497.43816244101447     
   489.90896253820267     
   481.50691518297680     
   473.54755806623086     
   462.66386828582063     
   452.44020583813693     
   443.66631190745574     
   438.38695659459268     
   435.50641769295100     
   432.08615182076306     
   428.82406556147282     
   425.76002814164582     
   422.71679602280074     
   420.13837692718585     
   417.96817286934925     
   415.71507154600573     
   413.29499512807081     
   411.25501957063676     
   409.14429883741434     
   407.27025830483956     
   409.63549592399954     
   411.69453648013734     
   412.86297633085877     
   412.94890901106356     
   412.04797697412766     
   411.43703547684299     
   411.88779563468177     
   412.32614797247106     
   413.53613439976783     
   415.46409694229516     
   416.46145180186790     
   418.59599589404053     
   420.19440933559343     
   423.49574901315526     
   428.97531381081632     
   432.64058645867442     
   441.48734490963284     
   441.18953835557744     
   458.16725406919244     
   468.13681857053444     
   473.78951009548888     
   476.87729392088067     
   474.06167422303349     
   476.33610976288327     
   470.52569222624533     
   470.03394968227900     
   475.48748608975387     
   476.84503114081701     
   472.66428689789825     
   470.93134077290790     
   464.61102024760459     
   457.25250769752631     
   448.56134211974808     
   439.12596882569954     
   431.13170247238514     
   425.81282725447613     
   421.57837505990807     
   417.76967706478104     
   414.36205159791825     
   411.69856095211355     
   409.59525432187769     
   407.27604059183147     
   406.03381744713943     
   404.45960154513278     
   403.76524347205640     
   402.86458046242194     
   401.63279312954569     
   400.82806814829678     
   401.05143464656862     
   400.76855892797414     
   400.86296964774215     
   400.90330751393316     
   400.31478058410033     
   399.58713092706154     
   400.42741327914769     
   400.80341389793580     
   402.60334305455990     
   404.57185876509436     
   408.18843091358093     
   413.29772585006839     
   418.02900089736863     
   425.65169470676318     
   424.86548083520279     
   432.42026639773485     
   448.11589492492618     
   459.99406510128597     
   453.98228140180629     
   443.73255551385114     
   448.40972023894113     
   446.44128167511633     
   444.69974360556603     
   446.88302198026162     
   449.22828220860350     
   449.99620885790631     
   444.79724293080210     
   436.46310260149329     
   430.49652652135171     
   427.77977790949848     
   420.99843577121260     
   416.71266190396608     
   418.61469357791560     
   414.83272900295617     
   408.87142874730097     
   405.52679300612022     
   403.65778110993722     
   402.49588806553851     
   401.39328183751576     
   400.00875072073535     
   398.35308484831836     
   396.73281287465619     
   393.99019442729190     
   391.92943125722860     
   390.03950590457504     
   388.53690858986965     
   387.32453328014731     
   386.75461214409063     
   385.90131925311277     
   384.74045399734808     
   383.24527311168595     
   382.16652212103469     
   381.54061295929137     
   380.76466029755403     
   380.95244463793722     
   383.23369781411111     
   388.12754125879695     
   391.41842145438227     
   397.55395571082175     
   398.63606424202442     
   399.52566567268053     
   406.54002705012613     
   421.49425359714377     
   422.53550363832784     
   425.18385067039617     
   437.36087173808994     
   432.42355716025986     
   442.16786125761854     
   455.34585003780381     
   458.77033175005636     
   464.32601670713973     
   464.93270626108688     
   457.12890086369578     
   466.43426203500491     
   457.04240438527040     
   453.83490364835427     
   452.35619391646946     
   447.57635944711848     
   442.35085249452152     
   436.19026326464427     
   426.87937469410247     
   418.21042685113997     
   410.73339782306067     
   406.31089083650517     
   403.27613826894236     
   400.18132119752232     
   397.70783208059873     
   395.56307789413910     
   393.87469339967515     
   393.29891922166593     
   393.10938999182065     
   392.40456477390381     
   391.15954833766489     
   389.61780777017134     
   388.10179529109831     
   386.39769475092811     
   385.33335033110467     
   384.63385372031041     
   383.56352461314748     
   382.84333243641095     
   382.34879540787722     
   381.64682290648790     
   380.09225958576570     
   381.55940798328146     
   386.34864234647387     
   389.84086113122584     
   397.35983301079824     
   408.55649998342733     
   415.98838690345542     
   419.02948024785479     
   422.66103515903171     
   442.49343070423566     
   443.67024769675368     
   444.19914972705254     
   447.00554054530505     
   458.43204710695204     
   457.57996145855532     
   461.80026601180441     
   457.84542632654632     
   460.50842690384076     
   458.54731185228536     
   454.76473740099033     
   447.46077223016999     
   442.44412255844969     
   443.34656752753750     
   438.45174468329611     
   435.66675702244248     
   428.66525398144540     
   423.29747646626811     
   419.10721006394169     
   415.34109462125519     
   412.86467828648591     
   409.92477539040141     
   407.65489733299995     
   405.79053623905065     
   403.32567423269558     
   401.34434933213265     
   398.23048551814776     
   396.79004336484763     
   394.38968332007795     
   393.78912468684672     
   393.66707345057250     
   392.90812160346246     
   392.29537972034387     
   391.25603655229583     
   389.26344443535476     
   388.04182721095287     
   387.45846070050015     
   387.71710832139951     
   388.31559826278556     
   388.41727107021933     
   389.46994426637002     
   393.54211707208970     
   395.23068844909602     
   399.58467487519397     
   407.85637603308419     
   421.21833756632742     
   423.63633185661575     
   429.54126096858988     
   434.81141194402790     
   431.75625790285812     
   426.95786078434276     
   428.65524788360699     
   427.78984542336400     
   430.44609041011825     
   431.61227853440533     
   429.03551683144724     
   426.99683736948390     
   425.85894798933691     
   430.29697554932613     
   420.62134284516458     
   413.93765305116443     
   412.03449494961927     
   411.31746001667892     
   410.21720995965632     
   410.05801657395483     
   408.05517922881427     
   406.00462326666928     
   405.30032269895986     
   404.94821347122308     
   404.81001212366414     
   405.32414404526321     
   404.99234074784977     
   402.86856890165012     
   403.10905432338882     
   403.64546802142320     
   404.00110590678270     
   403.26672820428894     
   402.58786842417436     
   401.84887153416361     
   400.85598630307283     
   400.63314221142610     
   400.61163150659257     
   400.14989974365307     
   399.68726687473043     
   397.84116433842706     
   397.78383018296478     
   397.31780812609901     
   397.26912133022722     
   398.67770021530077     
   400.69883236748962     
   403.92870280747184     
   405.08880130032259     
   412.36627462879778     
   418.35812761864435     
   427.53736586437316     
   432.71317780223040     
   434.16134366205540     
   430.92161854378975     
   431.65549706472927     
   435.46570425777571     
   445.79560670380465     
   451.45189871315819     
   449.91011175322842     
   456.45081312790865     
   443.83012534850411     
   425.60523789992766     
   433.85234054434392     
   433.87075636064264     
   420.86512335297829     
   420.76825354300325     
   424.24838003613047     
   421.53273206065404     
   426.82279417326583     
   417.09472896513086     
   411.73583129969563     
   409.25120633764504     
   407.38165927541149     
   403.79475208256235     
   399.82083817853118     
   395.08856661729038     
   392.59003544176159     
   391.19542688028758     
   390.53147044362476     
   389.26129751564281     
   387.20340303085266     
   385.64663441793232     
   384.97644398179159     
   384.53972396975928     
   384.49730847160606     
   382.99132480507012     
   381.69925830491667     
   379.96051743661297     
   377.95972330999484     
   376.71928328264443     
   375.63885190502981     
   374.74195900428919     
   375.66419132078988     
   380.45042532801756     
   388.11470177958921     
   396.29357705184736     
   405.51013349131546     
   414.56997082763718     
   424.52486874029341     
   432.92631164558316     
   443.04269726064268     
   443.80659323088122     
   450.83823754759629     
   439.48043164787538     
   449.33697185877685     
   452.62733203005433     
   455.30821522868035     
   456.50963848589271     
   446.96437081487318     
   441.32607170364565     
   446.54754091135612     
   445.96124966289977     
   440.36099174327552     
   433.36573554039671     
   429.12309927898667     
   425.15437951847639     
   420.19915042867245     
   415.67735749981733     
   412.48208471730663     
   408.45499177426234     
   404.56564924225802     
   401.65986221786983     
   399.16105399923873     
   397.84893558017160     
   396.20542335405406     
   393.78943373789122     
   392.01035494793996     
   390.90890436683748     
   389.24469390118190     
   387.34881301823981     
   385.86670101258926     
   386.59897736245244     
   385.90674513461965     
   387.37214778950585     
   389.36986900982038     
   389.70373146253331     
   390.22372917074460     
   389.27534814629007     
   388.79971268945621     
   389.50766528387965     
   391.01454885724621     
   393.04395220767083     
   394.83484638369930     
   397.86209010631461     
   400.55611850731384     
   402.07053418756993     
   402.93253300785551     
   404.59150986283942     
   409.18878208644281     
   413.53159666647582     
   419.45530252377318     
   423.58213318996894     
   424.21970587125531     
   427.89453549783997     
   438.33233742951774     
   440.90518578716734     
   434.14785484187485     
   427.84808138196070     
   419.74871947443074     
   413.95504173606736     
   411.23540925933850     
   412.07660667179050     
   412.57093071217690     
   411.44887929154021     
   409.56516828170174     
   407.13265501682554     
   403.99994034319798     
   401.03134719710789     
   399.85722019968722     
   400.01671715798511     
   399.68564969606979     
   399.51442972547210     
   398.95894313097745     
   398.38067378617154     
   398.37530886688711     
   398.78795392262310     
   398.34449471066341     
   396.53117876116534     
   393.65449642874250     
   392.63755663213391     
   391.14487702594874     
   390.38857155267084     
   388.26369143867527     
   386.50188415069357     
   385.01735253180465     
   384.00414334703078     
   383.58244108087098     
   384.37499265825846     
   386.83540775132411     
   389.90482622213602     
   395.77314193724465     
   403.81250050064483     
   411.11650825472833     
   416.26340223769176     
   415.57450471852206     
   419.46506123812622     
   432.52520773323909     
   442.27192423648472     
   435.87500252387088     
   439.27678179382582     
   445.41475921714471     
   459.14414645525244     
   451.04808684925428     
   455.16048553518499     
   451.41072603399971     
   458.38402195112212     
   456.84030890849965     
   453.43991826436195     
   455.83683817664178     
   454.07402355565176     
   446.95776364436148     
   440.01733781049870     
   426.48508250878575     
   419.98004138662287     
   413.53377165907131     
   408.93724790563436     
   406.72093087774061     
   406.50767814762804     
   405.84033415077261     
   401.89776426848022     
   401.72747342645761     
   400.09349194425431     
   397.83049570569256     
   398.34966043232828     
   399.42259206395403     
   399.01810634972821     
   399.13962712908148     
   398.77243205699642     
   398.27612931793743     
   396.08286330896806     
   395.13778640803650     
   394.07346667512195     
   394.20819349422214     
   394.90898914045101     
   394.36880482256311     
   392.31514683760741     
   392.22760278416462     
   394.64373316588444     
   401.43649136738162     
   402.57223931900091     
   402.49397372520428     
   400.48975471508669     
   398.58452495693172     
   398.36593210147998     
   399.82994526933339     
   395.76109578065171     
   392.00369757192112     
   390.85302918646539     
   391.56447447131171     
   393.49843868343135     
   394.76141152094010     
   394.24112800501058     
   398.70308819320098     
   403.51209644386631     
   409.69724251175126     
   398.01240578502836     
   405.48153723814562     
   415.04692110082601     
   412.25834139122480     
   417.57233306433017     
   411.59278448677304     
   403.39170561676821     
   396.69883249530585     
   392.70353686329889     
   390.03552326676083     
   391.07364841739508     
   391.07305135310474     
   389.27673044134997     
   386.59509349236134     
   384.55068240784607     
   383.63017747760074     
   382.70817097431944     
   382.27753319352576     
   381.25038966671138     
   380.04156997837561     
   378.89672285257058     
   377.86173844274157     
   376.93171785480581     
   376.70647279688654     
   376.97252165827138     
   379.64952015171843     
   381.02731512975333     
   381.00241170199718     
   381.55433941224413     
   383.40835460724264     
   386.02788970646782     
   388.50076721192494     
   391.71120652653985     
   394.60301371819799     
   398.97738661450114     
   412.10011713043752     
   413.17220004927390     
   410.54840288482711     
   406.34317292060950     
   412.11613109502923     
   420.90245197075467     
   428.33725893200528     
   428.86617406299956     
   443.62458843947979     
   438.49387636580298     
   436.80217449428119     
   434.55927627853436     
   428.21111663174605     
   436.04280095493397     
   424.72928179424474     
   414.88232154736738     
   415.51371235286030     
   408.21472747865585     
   414.62630517894365     
   405.02910302314984     
   396.86741341997873     
   390.34762413140629     
   387.40768308725916     
   385.44843177217234     
   382.12426792146084     
   381.04105696976166     
   382.59315377773720     
   380.71682218538484     
   379.72215846018582     
   377.51118242282945     
   373.51845623818031     
   370.20825791501045     
   367.67788748476204     
   365.39587303770810     
   363.37242242769310     
   361.11184153698815     
   358.87371145063099     
   357.18535149754530     
   355.75936389406343     
   354.32237426098919     
   353.12574309161101     
   352.31546730578657     
   353.41624400452082     
   357.97707719645877     
   365.08432575417743     
   374.70892135053549     
   384.96104273335095     
   394.57896872136689     
   404.88451269456993     
   415.80429922419796     
   424.10404549983025     
   419.35607581551790     
   422.08517799569398     
   429.25391163128489     
   431.70015887184798     
   431.03874867464100     
   445.13306371069990     
   446.37749502917785     
   440.90752143855718     
   447.27618589771816     
   446.21035376075378     
   440.73619247262866     
   437.25431329963607     
   431.41985830041762     
   426.15773922704511     
   420.87492360383288     
   416.36331921872068     
   411.66828169484489     
   407.61228254027736     
   404.07219143675877     
   401.13791735639472     
   398.19803652748766     
   396.48016919495200     
   395.05367390075048     
   394.28273235548636     
   393.64107034759093     
   393.46012310536787     
   392.70204587226914     
   391.94079749731509     
   391.37564860294862     
   390.73144421867551     
   390.19611554120041     
   389.60734578555150     
   389.23900655982442     
   389.50899583136174     
   390.00956483011680     
   389.77491873452772     
   390.08381281473373     
   390.24006185273061     
   390.06317194671635     
   390.63986303412003     
   392.56502607157819     
   394.02432737449641     
   396.46252229065914     
   397.33663275080460     
   399.09095890584268     
   403.70740727517375     
   411.39613432571105     
   421.95795654040359     
   434.69453099735716     
   436.07667359405923     
   440.24237869465605     
   451.70909330444795     
   449.41998630715142     
   445.89682864898919     
   447.59575025656738     
   449.48727286971160     
   449.16466186374424     
   450.90118372285173     
   451.50214711602905     
   440.93110285768086     
   444.13359813302327     
   440.38735361770301     
   429.93524410335493     
   420.54158248641977     
   413.10252256079605     
   407.82610431355351     
   403.50046535626410     
   401.35901892555370     
   399.55908371291895     
   397.09126146612380     
   394.56788172079456     
   392.00994597830982     
   390.16333661010287     
   388.37477263300644     
   386.86600138505571     
   388.23467788385983     
   389.11495822628422     
   388.77847535507863     
   388.07339074595063     
   387.51667058856350     
   387.61504755322966     
   388.08231074529868     
   388.52410727491218     
   389.48459893870137     
   389.91098012879485     
   389.62073151206584     
   388.97019938272194     
   388.86482594412723     
   390.52022778901016     
   391.39430446377315     
   393.11755964565725     
   394.13115339729723     
   395.19797965516858     
   396.37774132765782     
   399.84974630426763     
   405.29511981383956     
   410.35996710217597     
   417.90718852952790     
   418.76217929085652     
   417.62229113567741     
   417.93656664543084     
   422.68245342515416     
   432.63451497413001     
   429.30009846932455     
   425.39961582599540     
   424.79962328119353     
   424.64412177452851     
   422.64998157337521     
   422.58031765931014     
   424.12702261707614     
   422.62872843436679     
   419.54913159612408     
   416.28656774215528     
   411.34214383698117     
   411.37499903666657     
   410.86903833216411     
   409.55098708275563     
   408.42388670408627     
   407.13796767275664     
   404.05848403775957     
   400.02972564771738     
   397.65393253098802     
   395.76160903685781     
   394.41559203251103     
   393.67338759418601     
   394.72258541691309     
   393.49640254419717     
   392.30308842676311     
   390.71280672051739     
   388.32762765250942     
   386.39073492285007     
   385.40561810130959     
   383.47367004681803     
   382.56132716156776     
   382.04514877744515     
   381.19610299472635     
   382.63728461960415     
   387.08362718574324     
   395.50198688873650     
   402.76633502819277     
   410.04380104889032     
   420.91288519775009     
   431.60869718453273     
   442.34750550243353     
   445.68603855466915     
   457.33677417953163     
   465.63721617815321     
   472.68884819363927     
   478.08195320387972     
   483.04326166579403     
   486.68312274544559     
   488.38387018947094     
   487.23829915145802     
   485.16368927059006     
   481.40290262827472     
   477.21040819041497     
   471.50935347599096     
   461.05696719729718     
   450.42474382255995     
   443.84326209538966     
   437.06226467440700     
   430.71762094370069     
   425.58117606535870     
   420.56000437673464     
   416.46142729395854     
   412.89790485797795     
   409.57826984500554     
   407.26896083828632     
   405.02340177440209     
   402.50327138003189     
   400.78252460652715     
   399.14792142886034     
   399.88741716480047     
   399.99267148412639     
   399.64077268289839     
   399.04123412878175     
   398.47997369754580     
   398.14771886276867     
   397.90312330170991     
   397.33350964294976     
   396.44413406063410     
   396.11729492488706     
   396.42220434977395     
   396.74277740603588     
   396.65782464600869     
   397.04621068164403     
   397.17385709478197     
   408.20301160132658     
   418.20906067786490     
   423.48533249422405     
   433.44348104640920     
   435.84456223966862     
   451.17224625433522     
   453.67774427851128     
   462.51044686439775     
   473.41150530520491     
   470.49171338662683     
   464.23462599548384     
   458.56022835829555     
   454.58550939115560     
   453.09273802058141     
   449.40947435348539     
   447.60885931416891     
   444.87617386003569     
   442.80646583881884     
   440.76645340085679     
   452.93858050477280     
   446.88700246954625     
   437.03322504017325     
   429.77847013134482     
   426.38961119330071     
   425.41640662258720     
   418.63811768506247     
   412.04947622373538     
   405.11542641162816     
   401.45685946939261     
   403.72286249781342     
   402.67837981492255     
   400.28307907816645     
   400.18085589587963     
   399.47996783070033     
   397.64986929064935     
   395.71928088985896     
   393.89117074542816     
   389.54126557443698     
   384.97606033939121     
   382.06069074523833     
   379.09649831470273     
   376.53286107912072     
   374.58192352658432     
   373.46757980133179     
   372.70049041219181     
   375.05117879515120     
   380.38651966636388     
   387.72098306240986     
   397.44471512610642     
   406.80157213259292     
   416.55411914595652     
   423.34792356318673     
   427.93428647729451     
   429.68092051433905     
   437.09307635559838     
   438.30307323753271     
   448.42620411028594     
   448.71442142984068     
   456.48854949880553     
   460.30958648516150     
   461.97859306118499     
   462.62585542759115     
   461.79287030489405     
   458.23495454199514     
   454.92026731939950     
   450.66154456612378     
   445.10340227568770     
   438.39567708236166     
   430.96436457406134     
   422.07259251997090     
   415.36087771854608     
   409.85061998270692     
   404.43421329132195     
   399.93942272920947     
   396.33417235076098     
   393.05166316491682     
   390.70816055091785     
   388.58484080149600     
   386.31201438212503     
   384.53044445999865     
   382.59164348214597     
   380.28745907565070     
   378.35800758899597     
   376.57656850638000     
   374.68297429556202     
   372.57061904049914     
   370.74247936166091     
   369.14223760566961     
   368.30385037727126     
   366.86923197243920     
   365.45296335652699     
   364.80409751264835     
   363.65678618789309     
   366.86436612129137     
   374.07856502651782     
   380.26891000569833     
   389.42933035553204     
   402.29054164324725     
   417.47318749360591     
   426.45340119242780     
   429.96004594492143     
   435.60448955067017     
   446.05984555465392     
   454.08416358734894     
   461.72751137207524     
   457.38711675889817     
   456.04914793489888     
   461.23267314809596     
   455.53042967778464     
   458.86542881673114     
   462.54301861134923     
   461.64645017467745     
   456.96508186604268     
   452.69996934206063     
   443.92584594449517     
   438.06638479355678     
   428.41246213091699     
   420.44303029949236     
   413.83052243684409     
   409.61531156065467     
   406.29796566225264     
   403.32664164632496     
   400.22355178405439     
   397.65939589319817     
   396.07020080136385     
   394.12774357008806     
   391.80109015253305     
   389.50229397493217     
   387.45005668563977     
   384.64694686320092     
   382.15935259176604     
   380.81274026730603     
   379.79642313416770     
   378.84063887746032     
   378.05838824749094     
   377.52257549397325     
   376.94199069938742     
   377.34855945562543     
   379.15901568329713     
   379.92321659680573     
   380.65314015165364     
   382.10588706145802     
   382.70979104536286     
   386.57708913184501     
   398.43324525337221     
   409.83450208871022     
   419.66097834323250     
   429.99518543518155     
   440.27341953332962     
   449.68818966954137     
   457.45446137879924     
   464.42363955151416     
   470.33035406507804     
   475.17557342260301     
   477.60676771830617     
   480.29772665537206     
   481.92131117217252     
   482.16783938446446     
   481.84291889782332     
   478.56343419994784     
   473.85266057162897     
   469.09041777310534     
   462.81666303641572     
   454.86533418956350     
   445.01383595154221     
   434.79535963414492     
   427.47409983286872     
   421.71533921041214     
   416.45947622158798     
   411.86021228103306     
   407.58523167945168     
   403.40291310765201     
   400.16207520263112     
   397.35607655065132     
   394.06493880863889     
   391.52392292968267     
   389.15852003536003     
   386.69485989336567     
   384.05040622554003     
   381.36296670541475     
   379.75622198815694     
   378.07949277849053     
   376.32909088932479     
   374.45921153491025     
   376.72078323390411     
   377.15846038588273     
   377.58732492715990     
   377.43940324254038     
   376.57256859418339     
   376.09688381968618     
   375.82032679206390     
   378.39066090306397     
   381.18752546224721     
   388.58411248352598     
   396.71782745655742     
   410.36095475918438     
   418.38708479041691     
   432.64670235374518     
   448.51056999820065     
   455.59419777753391     
   472.47976531293330     
   482.52688636199508     
   488.00643232946709     
   491.75881853325575     
   494.04948683056722     
   478.85579183745773     
   476.24243288019659     
   471.16144880099006     
   473.51887548905552     
   472.04005964309931     
   465.76415031916036     
   455.69376735344224     
   443.48301486310294     
   433.71847064299783     
   426.59865892788400     
   420.78761641698799     
   416.13921259506424     
   413.39435108612292     
   410.49713913306107     
   407.31881641142917     
   403.61987833417419     
   400.67048470451221     
   398.96753488233247     
   396.92225957059236     
   395.37284000498460     
   392.52972677510672     
   388.40148501239901     
   384.34344655065797     
   381.17625250495399     
   379.88159011458322     
   379.67385716976855     
   381.72706285212610     
   382.49558122131805     
   379.90785344964047     
   373.94302404085727     
   372.37633419342632     
   375.91425355069873     
   380.38677437498484     
   387.15473006993619     
   398.86091395719859     
   411.31312959302431     
   423.40052175771780     
   434.61518980022532     
   446.23444802223901     
   458.16366849338721     
   468.80975907196137     
   465.95374489879168     
   472.36772823683435     
   481.78173468948114     
   485.37489402233740     
   484.89252331651107     
   480.26319101552752     
   485.12493869621028     
   476.96067146737516     
   470.62000128052642     
   460.00190967007700     
   452.34688355550310     
   457.96060017051605     
   447.73239436329322     
   435.53704119615929     
   429.61211221749011     
   424.11528416204186     
   418.09927223603324     
   413.42368030499466     
   409.99805767646922     
   408.04400152448198     
   408.69841025790851     
   410.16278551215686     
   410.38607382477903     
   409.98379408936972     
   410.07844835801814     
   409.07562272815159     
   408.45337587246371     
   408.32822543262768     
   407.23797028379010     
   406.60571327155850     
   405.16084625482955     
   404.30697147700147     
   403.61127461646277     
   402.60339635831838     
   402.39921637149592     
   402.10039457035612     
   400.83694178381313     
   399.33873044602507     
   398.31442357042539     
   400.12757570196607     
   402.03723739116163     
   405.59125604979528     
   411.24036801852765     
   411.79816250963421     
   415.58738968816385     
   421.87338717018463     
   429.51542140903035     
   433.27279086426131     
   432.57909512320583     
   441.11821883235632     
   435.04296301149242     
   437.42978039179815     
   446.93634180355531     
   442.09927596281568     
   437.40879171874570     
   441.33159889949144     
   434.38757324843851     
   433.41562168280683     
   430.10329646145732     
   427.40183977234688     
   422.99103228058289     
   419.80232681853374     
   416.08314467581562     
   412.94020773440411     
   409.56797407041330     
   407.77960053078345     
   405.87603807126550     
   405.77805273787931     
   404.92962147512964     
   403.89590387679021     
   401.21252398364425     
   399.14207794637025     
   397.55593155299556     
   397.48822991334259     
   397.84275975087348     
   396.93446706144243     
   396.60077673611971     
   396.01754011017374     
   396.07367913392261     
   394.90468154937111     
   392.18580932705237     
   390.64453345495616     
   390.12765255861098     
   387.91640682289602     
   383.69110910159986     
   381.31418556728579     
   378.47853412231785     
   379.06504330082316     
   382.87243445745520     
   389.43639582776194     
   393.79435039844611     
   395.74899856578691     
   398.51824439444982     
   408.27615952001355     
   412.95253692265334     
   426.40194308006579     
   426.60130915540657     
   436.34980471834945     
   435.08322002234081     
   440.06619689062882     
   439.87053487006744     
   450.57942008248898     
   454.04300381772413     
   451.96893151880522     
   440.80103758147902     
   432.25177306513046     
   423.10788304169552     
   417.09941308413840     
   410.10745373072677     
   402.06903661184339     
   396.52519942262279     
   391.65090952501561     
   387.39736077472969     
   384.12378283202889     
   381.59700904582729     
   380.08926214898759     
   378.87521680001583     
   378.03236411339014     
   376.13862751259762     
   373.21589256266520     
   371.11991828790701     
   369.48970271086625     
   368.09574074914576     
   367.91990121055983     
   367.34623603773525     
   366.25763157584242     
   364.68820305801995     
   362.90042388802971     
   361.44405302460223     
   360.55001678978402     
   359.97204037934051     
   361.27915843918566     
   360.65295389835273     
   359.20867627038513     
   358.43128090301457     
   361.22800841187347     
   367.31620017071316     
   372.60652183175512     
   379.71670994841855     
   389.46395430768075     
   396.95743240649426     
   401.01682844120921     
   400.24453285195057     
   403.66036600205842     
   418.06755561027484     
   426.88977492099036     
   427.58952288180507     
   420.31882110857879     
   423.02936350276400     
   424.91521729574674     
   430.79490167065853     
   423.97867323199705     
   432.23005550315656     
   427.14700388672190     
   426.00894146170066     
   427.58994084035010     
   420.43784747872451     
   413.05779626945758     
   408.78889930138644     
   404.75379899932284     
   400.22576307007722     
   394.17744027601390     
   390.38214121380474     
   386.75739184294281     
   381.63937720427509     
   376.86255192231027     
   374.30123420135169     
   372.03882668067746     
   369.86457935310682     
   367.85424010794270     
   366.30696816364235     
   364.55093462071750     
   362.92585867994973     
   361.18919293037453     
   359.72618497596170     
   358.48328828352919     
   357.21765687650731     
   355.82849364847294     
   354.39502095617632     
   352.97458932177432     
   351.73594869123622     
   350.91093440255679     
   351.03486837216735     
   353.20736224998979     
   359.06727595644998     
   365.98315855229720     
   378.95686522153414     
   384.53896905325320     
   393.76256032834482     
   403.64126293002812     
   413.81548055823254     
   422.70949449338042     
   428.44331939211145     
   432.16349698444856     
   438.02995456853364     
   439.89052416019297     
   444.70157013807324     
   447.43462245665353     
   449.05815143430050     
   451.24261285092763     
   446.47849586319086     
   442.30971350601442     
   437.25470889801022     
   431.32563483386622     
   426.33623421720864     
   418.17160745038342     
   406.90877043185446     
   403.25435799732270     
   402.61650745408622     
   401.33287828595064     
   399.48067031279317     
   398.43239512938095     
   396.39911904797140     
   396.58243232142587     
   396.20113549085221     
   395.63549711547245     
   393.90506133347367     
   393.75544328335474     
   394.40024750379001     
   394.65439486001810     
   394.07803374190541     
   393.41044371680169     
   391.64165630799897     
   391.40451589040885     
   391.46494230449645     
   391.59457596755732     
   391.60739025229816     
   391.39372605064005     
   390.63148953255518     
   390.89100416560910     
   390.40916455202142     
   391.24595207414887     
   394.04729035370156     
   397.94661820946288     
   403.04083026558084     
   408.38129749963434     
   410.93653323774527     
   413.87454855894435     
   427.06942626764345     
   441.77029714318445     
   433.92731450590355     
   445.54027998575464     
   440.64187283606066     
   433.61128199794439     
   436.58399594825124     
   432.24307369659522     
   440.40726584561963     
   442.29780751907469     
   438.32665761223308     
   432.93032208961449     
   426.61641852531625     
   421.99683461889867     
   416.19214647941038     
   410.94949407863425     
   407.12624489389486     
   400.98943415783106     
   399.55817779066876     
   397.06292126674731     
   392.14060393665392     
   389.11863761373525     
   386.89424010118717     
   383.70429381445683     
   381.99685046821355     
   380.91886177841030     
   379.11458941703563     
   377.71636476256663     
   376.40854713017859     
   374.41977977922346     
   372.66037558143228     
   371.29063435077842     
   370.17140909668234     
   368.64854426671252     
   367.66809624249322     
   366.48282437131621     
   365.71380000778674     
   364.39247291208585     
   363.05226333049904     
   362.20082187785459     
   361.84811991169352     
   363.99609681569882     
   368.52668684806179     
   376.09768337638451     
   386.00188384722912     
   396.43879792822759     
   406.48434579620152     
   415.94908010038301     
   425.24242793752433     
   429.54751920122033     
   428.72423341229870     
   434.53590136393967     
   444.23985807854757     
   453.31351878120108     
   451.27026156422926     
   452.52344105586064     
   451.87157289869157     
   441.53256361597380     
   435.20661162103801     
   433.83661210339181     
   432.69643854053851     
   425.22874738022830     
   419.05918318289014     
   414.20548302184278     
   410.66049423219778     
   407.58356836422018     
   405.73268467075349     
   403.81071298389071     
   402.08622196719404     
   400.88509334529232     
   399.35773775331234     
   398.24762923556307     
   397.12055922541367     
   395.73995275149855     
   395.09874880560864     
   394.54090156963497     
   393.52913562463158     
   392.99256605746916     
   388.93096325633729     
   385.98611173832677     
   383.89298934468138     
   383.11097492660974     
   384.11651474319780     
   384.24159585078684     
   384.12059129644649     
   383.72002214152843     
   383.71015204750574     
   383.46306782627903     
   383.69906428101581     
   384.49429864381210     
   386.23307605310549     
   388.36697968308277     
   391.59053586456480     
   392.77637558238592     
   397.41390640740798     
   398.69862849151735     
   405.53935435186656     
   413.61504671810837     
   414.41074213413413     
   419.63019062893261     
   426.13392488449290     
   420.08568056283440     
   413.72219083698843     
   416.19318563544499     
   418.37481860888727     
   419.88819651114022     
   416.35171186843894     
   413.01894482608924     
   410.06110559013030     
   408.79017917155426     
   408.10416233739630     
   407.37513501102291     
   406.30725533767725     
   403.53243782374642     
   402.27095037229043     
   401.38212419030043     
   399.87443344752432     
   399.79794894682493     
   399.13107679776567     
   398.89290157681597     
   397.78137342562275     
   396.47068790966284     
   393.95142277325778     
   391.24760589711843     
   391.49025676758430     
   390.32109624166071     
   386.94834381418661     
   385.51486888600522     
   383.82842753961756     
   382.24099674861935     
   380.31504743238060     
   380.70707056484889     
   382.06715564997177     
   381.58915546887840     
   377.98281508232191     
   376.63298117957413     
   377.63033649781056     
   377.37629519849838     
   378.89817682444834     
   383.12257034740037     
   391.11073649319195     
   393.93515156529583     
   403.94543323083531     
   410.74668522698971     
   413.01174883832141     
   412.37845631892924     
   416.12761956405791     
   415.41348421079607     
   420.46368417845588     
   415.14177815207876     
   411.05284807775735     
   411.64036980633364     
   416.15109126067023     
   416.01365680445628     
   413.96790564175882     
   416.20001938934149     
   413.90222493160991     
   408.85382594831077     
   406.71414726279022     
   403.93350340852078     
   400.67594060233938     
   396.20275015013698     
   393.10820055088067     
   391.25622720579139     
   387.67532543737207     
   384.81536619583096     
   385.04009689564901     
   385.40056418275230     
   382.33139400562158     
   381.05379589122435     
   379.56852522349595     
   380.42863791941562     
   379.69167468115461     
   377.64307129629645     
   376.52158975819532     
   376.37559625484255     
   377.15468168740358     
   376.10589871743110     
   374.76150174674234     
   373.35956264464340     
   371.87773038039199     
   370.31850843275447     
   369.45399886053292     
   368.26051662872084     
   366.82447114411013     
   366.52677974369249     
   370.01667376236878     
   376.96509461515672     
   384.71665788137256     
   393.40220093662413     
   400.79184620267256     
   403.69182090064828     
   411.15836143560580     
   418.19449482307897     
   425.38521595038026     
   423.53580285309840     
   416.49798210238180     
   420.16073591700797     
   433.09465304661575     
   435.76270553679592     
   425.40579308439652     
   426.67810145673820     
   432.58271720637106     
   431.53301739594752     
   426.22324030406941     
   419.97796669307684     
   413.73703190876245     
   404.39808392069665     
   394.84768002646837     
   387.76945205677475     
   383.84325426646461     
   379.55349226172893     
   376.58909438351139     
   373.98317205484528     
   371.27725758821788     
   368.31418267200058     
   366.26629552872845     
   363.70978081432497     
   361.62046960485861     
   360.30013607957545     
   358.95772387326338     
   358.26483996696379     
   357.79205134958937     
   357.20051500466502     
   356.43838501807397     
   354.86604755086205     
   353.02324974425045     
   351.50782140191052     
   349.59977724345964     
   348.68432224387692     
   348.08746623144157     
   347.14444908396939     
   346.70767297535417     
   348.34285695939252     
   353.05696297845708     
   361.18750465914013     
   369.82139493910012     
   379.78559191225526     
   389.28624609091997     
   398.43453044080451     
   406.36201038456147     
   412.27172938684913     
   409.63504042186815     
   404.00086467963462     
   400.99479491442918     
   406.75466545712356     
   419.34488210820479     
   428.86284956162848     
   430.31982340811646     
   433.74704424773421     
   431.31406321770834     
   423.83667519451058     
   425.56320128775974     
   407.12089535865249     
   401.49769664549348     
   400.13880693822415     
   393.59337549088247     
   387.54130386516022     
   382.98691584209502     
   379.36084948648863     
   378.25705491954130     
   378.81714521576987     
   378.54641795368030     
   377.48397269501311     
   377.06420564496852     
   376.84249732989662     
   375.80811295968874     
   372.64980820390326     
   370.54015231696121     
   369.17410133323409     
   368.77053622033361     
   368.87611572697102     
   367.01685117249338     
   367.37374992358326     
   368.33234076505209     
   369.49161331700026     
   370.01763941473467     
   370.17411043317099     
   369.76365324984477     
   369.01604847712036     
   368.27338556917903     
   368.12637704734180     
   369.71800608946245     
   372.30463666997309     
   377.19140375893608     
   382.99187355796715     
   392.16201697137240     
   400.41466390666130     
   407.43215944552105     
   413.61909574858214     
   419.48451736877973     
   426.31839936080559     
   432.71835681694466     
   435.90471955167123     
   437.72869179464072     
   436.11935470082574     
   428.30947134218422     
   424.85749509271682     
   423.25564601034938     
   415.73245064966829     
   412.65071453061336     
   407.11120518435490     
   402.30474439698929     
   399.89114277871101     
   397.87246430288889     
   395.65694717577293     
   393.47709725446595     
   392.61726434537451     
   391.74018912195879     
   390.53394158888779     
   389.68765560074547     
   388.80016517462610     
   387.94002025048866     
   385.64655209028149     
   383.48631268066498     
   381.19606805090893     
   379.94420045422771     
   378.93560632548787     
   377.83689730222005     
   376.96853104398082     
   376.83912111078899     
   376.32483887835332     
   374.79770747737342     
   372.92398089486665     
   372.31239624933721     
   371.52740141196188     
   371.51909151955539     
   371.67486412796927     
   371.69588136429974     
   372.43583812788393     
   373.67231924251382     
   375.75218501506760     
   377.51405795062936     
   381.90196608070028     
   385.23747839345236     
   389.13333032469870     
   390.14841978463164     
   393.97836472386615     
   399.97167895600438     
   403.10859105841467     
   408.29457616069135     
   409.76220978133711     
   413.45142841008993     
   415.72098431413292     
   417.19998405378556     
   412.70113033957568     
   404.48498605271652     
   398.80490447848678     
   395.90915844121815     
   393.97013208886028     
   392.30477967674221     
   393.97686017524910     
   390.33688985801535     
   385.78571970320729     
   383.23998050399786     
   379.59138451704291     
   376.70161088958599     
   376.31420421317063     
   371.78782983581846     
   369.81016882704859     
   369.89953109047821     
   369.52042581886565     
   367.83031182858247     
   366.90228237230366     
   365.97690494046293     
   363.46043909066685     
   360.34318659822929     
   357.97279355362303     
   356.02975852153958     
   354.22642209048121     
   352.62669846016848     
   351.12465978462683     
   349.59913331621556     
   348.16311363819369     
   346.93542387352954     
   345.50172146441309     
   344.29631566169775     
   345.81794068250070     
   350.04757414733803     
   355.75679587825095     
   362.58049151097828     
   371.34164625385347     
   380.92091246229910     
   389.70634698288956     
   397.30315329273986     
   408.89484804690579     
   410.66753585237581     
   407.95936044834360     
   419.60198848025618     
   424.04948256608759     
   428.00319097372864     
   430.02242316491078     
   430.37894019549793     
   427.24140517687948     
   422.22702133675483     
   419.80922404832427     
   417.08491206925208     
   409.80894921010076     
   401.49919110923173     
   396.31650856746762     
   390.97948732231799     
   386.24644501756865     
   383.26955770069907     
   380.50769282519940     
   377.89008776481080     
   375.18677062414213     
   372.83293621288294     
   370.60224358232955     
   368.07290063081507     
   365.97454980983559     
   364.20243570185340     
   362.51410801625525     
   361.60708639424001     
   360.26968440339709     
   359.14848643080109     
   358.12500902431663     
   358.02398983798531     
   357.69746584149146     
   357.36964429722508     
   357.19863293979722     
   357.33280574845742     
   357.55720031965450     
   357.63109167573003     
   357.76715959081884     
   358.44582776591648     
   359.58229032959508     
   360.61484612760239     
   362.29984172295434     
   364.60739631456187     
   365.65800776494115     
   367.94028465481614     
   369.31925743826372     
   370.46967894641301     
   369.44107188934851     
   368.46977720080167     
   370.07002189085620     
   372.93004554892474     
   373.14410484639774     
   372.64499651884694     
   372.52139546724499     
   374.16514354900443     
   374.51456008078412     
   371.94344997926908     
   370.62232576412970     
   370.16046566257586     
   369.74495856413353     
   368.54040185452214     
   368.04327721370174     
   367.62937197892734     
   366.47032933539276     
   366.18713999510453     
   366.16693340348382     
   366.33900539585130     
   366.38456307479117     
   366.42946983094299     
   366.50307268270825     
   366.48160776263313     
   366.38671694634019     
   366.25465811110621     
   366.35561913990472     
   366.52795553394895     
   367.05709094805400     
   367.86950418920719     
   368.66312212064065     
   369.41431854042787     
   370.68212642897464     
   371.73108176279396     
   372.46732113828324     
   373.09527422868786     
   373.62258538859999     
   374.14562465974609     
   375.07797545085077     
   376.25512773372384     
   377.48220789377842     
   378.75625952530339     
   380.23943134891709     
   380.63885745754845     
   377.51338191658505     
   374.27057335006060     
   372.09369759301967     
   371.71374244196807     
   373.41642334892538     
   376.28063642282905     
   382.15929542634876     
   387.33570346732233     
   388.95226688206799     
   388.08458193673158     
   387.86018059555090     
   390.50548936455255     
   396.16492764435492     
   394.22757018321096     
   400.69438833759318     
   397.48730189477317     
   391.25263961962156     
   390.67324274429939     
   384.39024785397282     
   379.64692185011381     
   377.87998329248859     
   376.57956357094679     
   374.91708457857465     
   372.50054318825619     
   369.82439275190239     
   370.42663562317654     
   369.33767133475618     
   368.22788452176815     
   365.71852925359667     
   365.82771279031635     
   365.13675162784523     
   366.18498248969166     
   364.80252421165460     
   364.61191524586241     
   361.10279621138773     
   362.36844571992373     
   359.27101601572173     
   357.32412545797047     
   356.38281385081478     
   355.67678331301317     
   354.89118333771631     
   354.52357463156926     
   354.40733722278026     
   354.53039024934651     
   355.61773967395533     
   358.82154423145761     
   364.72669467713206     
   372.42504216427540     
   378.21138056338975     
   386.78710672875269     
   389.06983540767038     
   398.37770534728548     
   403.32182760938792     
   402.72583732657893     
   407.26715910531760     
   408.64943106110297     
   405.35274942340800     
   408.39993816648615     
   410.00976389821255     
   410.15376980948884     
   402.57826465982146     
   399.72511290753266     
   397.16540560906736     
   395.00084485660551     
   392.77773942153800     
   388.60000722606310     
   383.08170713773978     
   377.71525797624099     
   375.93541944689036     
   374.81918403754941     
   373.99701230897335     
   372.84501242300098     
   371.71857807007234     
   370.57702461886129     
   368.64604013625609     
   366.94331582993709     
   365.66763337839154     
   365.53563405751811     
   366.10288392961212     
   366.79211674784904     
   366.80823014410095     
   366.51277959251365     
   366.23139868948641     
   366.63354881206192     
   367.69449410145296     
   368.01959844432417     
   367.84856867870860     
   367.82183591898786     
   367.15004659183660     
   367.00288858803549     
   367.47610144789024     
   367.62040348402348     
   368.55508507336890     
   369.52992094277454     
   370.81848684301525     
   373.69854838657761     
   376.47442817969937     
   382.01122887796532     
   383.12992292296508     
   384.37055687875937     
   392.68910132812186     
   395.76910616262387     
   404.01058244354914     
   412.52611702785032     
   418.84510355138474     
   425.14615230722740     
   411.33011421724393     
   404.04477235311077     
   397.20709739199413     
   394.04547126596748     
   394.17017085236103     
   397.58719239536288     
   396.83670915094115     
   393.79839775612521     
   388.93239681946363     
   385.59857819122999     
   383.07164598297317     
   381.61953572609610     
   381.48860864197479     
   380.83992483707874     
   379.20076011347777     
   378.00834772111835     
   377.68482666963291     
   377.97555030799828     
   378.09534668808033     
   377.84401588197818     
   377.30240426446125     
   376.70701617919292     
   375.96625770736972     
   375.38631750868279     
   374.94126995423454     
   374.95167374035395     
   374.97582870952897     
   374.85401068355736     
   374.46671323585139     
   373.98422260947700     
   373.74281584491160     
   373.49068111057983     
   373.17615523363753     
   372.82282571005135     
   372.53713440925168     
   372.75751415932160     
   375.73096722293809     
   377.34739399101215     
   380.12181819441378     
   393.32679269607223     
   405.66234086167316     
   415.17673314384149     
   424.60154241689850     
   422.48732861178064     
   419.38368947841110     
   416.11054462330600     
   413.70081815925550     
   415.24372713674182     
   425.85079341861018     
   417.71271255317004     
   412.59691542189421     
   417.47335325784991     
   415.92308943791721     
   408.63494074293538     
   410.72955698005109     
   403.65504229527141     
   398.77568431770021     
   390.25848011114152     
   384.50412036663818     
   380.34112521192350     
   377.18332585631890     
   376.90814688892169     
   376.79835390882636     
   376.23942133310624     
   373.18096612194734     
   369.54576282994054     
   366.95921646681455     
   365.86425445384884     
   365.64370593090428     
   364.99480468021045     
   364.01971789528790     
   365.54341053893808     
   364.21733957713974     
   361.48676470432781     
   359.75138982951785     
   358.77746387876863     
   358.47813788078224     
   359.87441465526996     
   362.34165316890574     
   365.20883876235905     
   365.66552045444917     
   366.07467105983608     
   367.79827847859843     
   369.72850727043556     
   374.34605963120941     
   378.54069062134215     
   384.48323605258372     
   388.70826212521740     
   391.01729497652485     
   392.48458125455568     
   389.97410052735478     
   389.22035714490943     
   398.38122446972790     
   409.05464711137438     
   409.76851079040495     
   405.92010422300666     
   414.71977499982023     
   412.83579144432815     
   407.89678698789697     
   406.42100054523610     
   405.45164357716487     
   402.14655108351121     
   403.45388156194167     
   399.34923386274625     
   392.40507336012763     
   387.30528930656504     
   383.50844061005864     
   382.42745776345583     
   382.05839989200467     
   380.05881367855812     
   378.13691131419563     
   377.94402492983789     
   377.00718848952778     
   375.29466579331313     
   373.41265260906101     
   371.59859869688830     
   368.74954184356278     
   366.75678804262856     
   365.08584029270202     
   363.64333592003106     
   362.61205852487649     
   361.75452039213218     
   360.44986025762358     
   359.15487193268712     
   357.60477640791771     
   355.99176159479606     
   354.67387996354392     
   353.66180780400862     
   352.88144875870546     
   352.04420965033756     
   351.83768756305813     
   353.87230547048495     
   359.22236826110696     
   366.89740479080461     
   375.41723312905447     
   383.49241207906937     
   390.87330833881191     
   397.72768243157611     
   405.73310760478819     
   409.64295300016204     
   412.13149006308828     
   408.60418810930247     
   415.31873916029605     
   424.45154798936500     
   419.11153400357148     
   414.22471780617633     
   421.00416626372862     
   418.80023673674373     
   415.05746757941239     
   412.26563496256915     
   409.38606537529887     
   402.27959279365615     
   394.58663073903500     
   386.88421033001083     
   382.03652785106425     
   378.23300329745814     
   375.06960012679889     
   372.51013767655627     
   369.88819052447462     
   366.98938735375913     
   364.19729047196745     
   362.05487233532045     
   360.71844030778732     
   359.26257778162989     
   358.02911621490176     
   357.86360792329327     
   357.02655595470173     
   356.16902233129417     
   356.82089407116047     
   360.16234410842304     
   360.79525126161559     
   358.38474408520881     
   358.86817851089410     
   358.45473434773379     
   359.18527223931261     
   359.52144552133996     
   359.28098831758314     
   360.06104057050084     
   362.24436035727069     
   366.44912221434760     
   371.74851667280154     
   374.97337359075743     
   376.90031914003850     
   382.13952189187205     
   390.49588140336175     
   392.66634157489432     
   404.73537181798429     
   405.87697508798027     
   401.38344495326589     
   397.97530055065477     
   399.22232847436686     
   400.78024374841493     
   404.57153300538636     
   403.17885850719358     
   403.79082159801362     
   402.36697777432943     
   402.09809581487400     
   399.63409917057288     
   396.77887206277910     
   395.06779605439334     
   393.02939834656013     
   391.18722394668436     
   388.48665131570408     
   386.92175974711603     
   386.54157484607026     
   386.21127354215645     
   386.48713720398166     
   386.92236680806184     
   386.87514923990022     
   386.75145199119714     
   386.74898883312466     
   386.81531721455804     
   386.83504689860581     
   386.42616772445155     
   386.01835267392801     
   385.83217298041887     
   385.82250418410524     
   385.66804646393661     
   385.77822697281596     
   385.97248368388131     
   386.27493721057147     
   386.46732827996328     
   386.49906500848510     
   384.37824141530234     
   382.53436364436817     
   381.70402931248901     
   381.66707278985393     
   382.48962258609549     
   384.40271321947841     
   388.38517207476792     
   397.20786733739737     
   401.89805095634040     
   402.65481906625564     
   404.05987717624839     
   405.65700113490965     
   415.82547104914073     
   414.90011791103444     
   416.79750759445301     
   415.56146303105521     
   421.76557522444875     
   421.10914857558697     
   421.32371515514018     
   427.14106115864007     
   424.99191532043955     
   408.94641788798140     
   401.46597338166299     
   398.38810141776497     
   397.08964535654377     
   391.94834201764957     
   386.93707499017643     
   382.94168739363158     
   380.35177788757443     
   378.60497022901427     
   380.30829415185076     
   377.34173800813488     
   374.59522212801306     
   373.93776996120317     
   374.07116003527722     
   372.04569626512068     
   372.53627123802397     
   371.04595296119038     
   369.18853160891371     
   367.95314545791700     
   366.91891308007462     
   366.19534204454555     
   366.92205629991139     
   366.63749737770274     
   367.04240895620569     
   366.50551495424776     
   368.49331770296652     
   370.14221881436663     
   371.14853237385148     
   370.36402727074267     
   369.63328730293978     
   368.95624800501065     
   368.73495449907512     
   372.30541233398446     
   376.87114933981439     
   381.18959109358713     
   388.73559311885140     
   393.80926834389180     
   397.94895163558431     
   408.10600117483563     
   411.97142244904734     
   413.81063945617876     
   418.90723403946436     
   411.89310493386239     
   414.49475949441307     
   421.59049439116279     
   423.86166276760963     
   415.95989929201357     
   409.96617172201917     
   405.97121892161510     
   401.94915880226750     
   396.96796977388846     
   391.60060322449806     
   388.59997006385771     
   387.83840657128900     
   387.01911376982844     
   384.91807059060466     
   383.56189790712534     
   383.25041126353216     
   382.42014807803429     
   382.53863973432630     
   383.56103965526751     
   384.19795223688112     
   383.29012057441992     
   380.45795640326992     
   380.02345133935978     
   380.13029951485208     
   378.51666090094375     
   374.94444703056064     
   372.15674887414366     
   371.01472316068003     
   372.41867144939152     
   373.33852894927298     
   371.76976130740502     
   369.12678418724948     
   368.55001424124322     
   366.18914392669046     
   366.19919300231123     
   367.52407245680422     
   367.99046325877265     
   366.83532835166932     
   368.03123239792160     
   368.90167227667615     
   370.03510663377915     
   375.61868424227748     
   385.10441188851632     
   385.28976671397845     
   388.08345904481007     
   396.02406863405827     
   403.29319562078916     
   411.35256711927855     
   416.41805151743864     
   418.33923922493341     
   410.83667559362323     
   392.95102484929566     
   396.68270904942347     
   397.91444241709115     
   405.51667303502404     
   398.36711734496856     
   388.25114411401711     
   379.58389753810565     
   377.77352412186286     
   374.03631589357599     
   371.66541182762739     
   369.91295455706603     
   368.82277255074393     
   367.17433416876241     
   366.75862843660667     
   366.87296052778646     
   367.24931493267729     
   366.78156604490295     
   365.79065218066825     
   365.06344903915243     
   364.60579158327027     
   363.81338786657619     
   362.74453008507265     
   361.37233952932655     
   360.43982655990175     
   359.63105730349542     
   359.12966339837459     
   358.44170763704534     
   357.94371826175399     
   357.75539780331218     
   357.05868173830731     
   356.22397051154479     
   355.59106463369585     
   355.21183546277217     
   355.35508754789441     
   357.54903010492683     
   363.03361922331345     
   370.14995791316784     
   376.73780982266595     
   384.60538510310164     
   392.14734846769130     
   399.40643499944008     
   403.08496175828560     
   408.00683502801786     
   410.26311077348976     
   416.58403694213746     
   421.76229474283525     
   410.76471391572795     
   411.27313482005832     
   405.87851914882617     
   402.78808750487224     
   409.51746619090363     
   402.71222327808715     
   399.66847081891711     
   394.38920415729632     
   390.38409071556475     
   387.90334399743875     
   385.17231625544986     
   382.84255862971617     
   380.78567983252827     
   379.37091876307687     
   378.38207126974447     
   377.47128080038209     
   376.81541084818099     
   376.18196339227319     
   375.73527256630405     
   374.54366224523199     
   374.03187081248240     
   374.06033977232346     
   373.65482219288248     
   373.17077535360454     
   372.63140813612148     
   372.44020648741207     
   374.04251781528791     
   378.74552165059629     
   386.25343183791153     
   382.98482264959711     
   375.57444520447302     
   372.66192162821750     
   372.19437776086755     
   371.49868495032302     
   370.92550613280332     
   370.78616918540223     
   371.49729543323099     
   372.79517865614997     
   374.39449613902389     
   377.05124726745817     
   383.40692830370318     
   387.55256956171496     
   395.59111906725559     
   396.19300183516822     
   397.12956388795629     
   402.12311499446031     
   403.02736181656303     
   402.74714336580718     
   399.61232313433914     
   394.73840592737901     
   394.09709265035491     
   391.19571286689495     
   388.67782828925141     
   387.24541456315461     
   386.19247317162029     
   383.94043392451471     
   380.78673822127286     
   377.52554738690077     
   375.55599859489439     
   374.34538234428237     
   373.64753334081342     
   372.68516148709256     
   371.59779146320739     
   370.44724332764270     
   369.73760213768077     
   369.00313354746248     
   368.11730517951167     
   367.24744834409501     
   366.17965913333586     
   364.51665931688825     
   363.28320162322916     
   361.83783843353882     
   361.04735635729833     
   360.13512688401238     
   359.73231610871858     
   359.45609954481864     
   358.98524218263384     
   358.73354703054883     
   358.59797497275110     
   358.44685792189580     
   358.32646156447260     
   358.14473248895240     
   357.91104062699083     
   358.26672996312624     
   358.14506557593478     
   362.32294868757663     
   370.98407432289514     
   379.15580542088924     
   388.25322584231589     
   397.58823530415492     
   405.46862628429511     
   412.23613116388191     
   418.47479813987729     
   423.53549482520646     
   424.95372298844939     
   421.46812955562990     
   431.98828659660722     
   420.93931777575648     
   416.25379514510985     
   419.17212497967262     
   420.68037323373136     
   407.24362031476630     
   408.52381397611128     
   407.14238780712731     
   397.54630924985668     
   391.37338193506497     
   388.55543527073263     
   383.34141877042993     
   379.02122160475432     
   375.43666113396023     
   372.58539073935589     
   369.64275279898050     
   366.43136110832438     
   363.53276851280793     
   361.60469993594529     
   359.59620746499900     
   357.52194381686087     
   355.64232025009017     
   354.16314234917581     
   353.79182953192259     
   355.51316500683464     
   357.64048623863448     
   354.53413865740521     
   351.47372477219898     
   349.50738333434748     
   348.86159685700017     
   347.99682083194307     
   347.59155774861716     
   345.94976981654139     
   345.27953609891165     
   343.99618675011891     
   345.98891449234497     
   349.85353799828169     
   354.33705532191055     
   359.31090584717714     
   363.20882474375725     
   369.97447029601096     
   372.31151920521523     
   383.44081953657201     
   392.09734094946117     
   394.55035460456844     
   394.95936831794654     
   398.09170013770665     
   403.76687578600797     
   408.36788379117075     
   404.60349156599375     
   404.86410327715754     
   409.97423668012266     
   406.72787014027477     
   397.97979983353662     
   392.89044414569526     
   388.37702674115400     
   382.96390307976225     
   378.08111508528106     
   374.67746198827166     
   372.10746070329577     
   371.07258994766761     
   370.50814586519078     
   368.54889725676611     
   365.68859469748185     
   363.40241774360493     
   363.50208486852824     
   364.77249535319987     
   364.45175295474513     
   364.35816044868096     
   364.71889317872063     
   364.74738619526477     
   365.16879281248464     
   365.95632811423974     
   366.43957586288468     
   366.83319440493449     
   366.85497824532854     
   366.39493368928635     
   367.15530307053922     
   368.05793412087968     
   368.91039266673454     
   369.03759325288445     
   368.71993231362131     
   368.86164202440841     
   368.84815038222894     
   369.28114180155171     
   370.42699759054130     
   372.44187352978417     
   373.61473301766006     
   374.26080739331212     
   376.34149995224971     
   377.37321638443808     
   376.94331982337718     
   377.21655360737850     
   378.69382718504067     
   379.82098378814442     
   381.32859838666326     
   382.93341863329618     
   383.77863873523091     
   383.74512321330468     
   383.74133586545258     
   385.15530336116171     
   384.91158592992463     
   382.35618777710874     
   380.93972772866493     
   379.80042672240234     
   378.91881420361671     
   377.57575743412690     
   376.95749859220786     
   376.36013033982351     
   375.94704104589118     
   375.71138494697203     
   375.56835152764893     
   375.55642921323226     
   375.23047121835077     
   374.75881831718999     
   374.49463004483266     
   374.24000880404083     
   373.91825000070503     
   373.58683115221612     
   373.21288348990419     
   372.90577160404035     
   372.32037480597808     
   371.60815571753926     
   370.35759841901472     
   368.68405400211356     
   367.08272986485264     
   365.95181925925220     
   365.57703413027281     
   365.24871483016346     
   365.46896344812239     
   366.23158655874494     
   366.01341730318126     
   366.50633296874628     
   367.07536382817170     
   368.24040783472731     
   371.13384422850635     
   376.04473861621790     
   377.22350519104344     
   380.05436680383235     
   380.64728781251972     
   380.93051786400861     
   386.04797715921529     
   396.65857249839792     
   396.90475993324475     
   396.22625162606300     
   393.56372236961238     
   390.11713614134584     
   387.69608981639914     
   385.80407355003712     
   385.36068956767161     
   384.87120669506174     
   382.48150592470336     
   379.50160431851685     
   377.08538651875443     
   376.02079244632017     
   376.05719792741621     
   375.93518251841368     
   375.71145559275379     
   375.29331859194593     
   374.81022679190443     
   374.25841562418805     
   373.75788437952889     
   373.32164705571682     
   372.98894158921473     
   372.49651853368619     
   372.03420853317834     
   371.88731150154956     
   371.57926087782090     
   371.21797209811439     
   370.60845881253675     
   370.20115902282009     
   369.83193086361621     
   368.48971058481095     
   364.67787721141934     
   363.32415076237595     
   364.53302011481338     
   365.27393710494346     
   365.49084538110344     
   365.73925637434519     
   365.55204633703931     
   366.10540145815173     
   367.23231325454941     
   369.13631795927364     
   372.39521442127142     
   377.19605832092236     
   382.40301863026826     
   387.05653032313688     
   390.13842462143975     
   391.50447489753208     
   393.01117108394169     
   393.20229999859930     
   394.30781480528441     
   396.07662447815306     
   397.50561767291225     
   397.08195363324239     
   397.28129350938048     
   396.77091955971343     
   395.43365198983844     
   392.97705861354848     
   390.71920121537869     
   388.67015586985553     
   386.56480442746556     
   384.62772354385618     
   383.35917897307473     
   382.25086030602591     
   381.20484471064657     
   380.03372424105606     
   379.03129380762249     
   378.27913930117808     
   377.58734214319355     
   376.71157855432443     
   376.07055073906037     
   375.51849216264117     
   375.37597950527760     
   375.19788050402758     
   374.63626823329093     
   374.30395534862151     
   372.93430417324828     
   372.52741116459634     
   370.99553155628450     
   370.29009957027529     
   371.63718525396968     
   372.18212752921443     
   371.72405891622213     
   371.58953185378800     
   371.66936281331647     
   372.48007687093036     
   372.58776203486815     
   372.71105099754089     
   372.33461168999543     
   373.22111053230742     
   374.48452977337462     
   376.99162200051762     
   378.91925066352269     
   379.43355670407374     
   381.10680608161078     
   384.16168567848018     
   385.69855944729613     
   386.02567499140417     
   388.33750582366287     
   393.04714867327436     
   393.36697221183346     
   391.49189374464237     
   389.16163912198840     
   389.76271856101920     
   389.66347015829598     
   389.86624411370400     
   390.09774467488324     
   390.51484859837564     
   389.92352791475611     
   389.20897195407099     
   389.43712357992524     
   389.58854562092597     
   389.47909511244842     
   389.30268617535950     
   389.04171548328850     
   387.40347101746414     
   385.33002164503853     
   382.73637381877774     
   380.75116429621301     
   379.44666092410904     
   378.20525436595727     
   377.01756240959361     
   375.04692655089320     
   374.08066472025200     
   372.70530775344116     
   370.87403595142183     
   368.63602872696424     
   367.56649531710724     
   367.23729472207361     
   367.04884074737009     
   366.58812469834254     
   366.18353038480342     
   365.21939315582881     
   363.47561917422934     
   362.48134447183770     
   360.08016501765314     
   358.65949377950341     
   362.62129930956593     
   368.40787590674859     
   375.24478195291260     
   382.19929131016596     
   388.02614227287143     
   393.28803532268580     
   387.84184139204768     
   395.68207600585879     
   396.14942277067422     
   399.77227329137418     
   398.42005765312780     
   395.25971518671679     
   398.86131436290287     
   396.69850025057747     
   392.04907713313946     
   393.25993500714850     
   389.26833810831613     
   388.57360841544471     
   379.43031391536027     
   371.83916368579122     
   367.71728223133266     
   364.83734235741457     
   362.83812351178449     
   361.95109761110461     
   361.81146117693612     
   360.58628398053168     
   361.50437443155317     
   358.87684606240794     
   357.78937225102686     
   356.69695702267370     
   356.55337261469197     
   356.58507747398119     
   356.67678988781853     
   353.97145509091979     
   351.48724725257068     
   349.57382791571951     
   348.10583496550737     
   347.38332860282526     
   347.47719455121751     
   345.94769283659900     
   345.36939838606077     
   345.88722139877541     
   346.67585220065075     
   346.72398351046832     
   347.27674067940654     
   348.44938597566869     
   347.26886368994866     
   347.92870309654148     
   351.60655883139168     
   356.09104081190367     
   358.71317358585969     
   369.38103416919444     
   379.36492099532830     
   383.67140661272413     
   379.48843099318390     
   380.32538508320835     
   390.83441480138555     
   386.20797310742222     
   397.72158562306942     
   408.41400258963091     
   395.26888004433749     
   381.13697363219080     
   389.16720345355054     
   381.12918582045779     
   375.50595732092853     
   372.56915212135362     
   371.50038579559225     
   368.48097373167724     
   366.22898378805166     
   364.57636847748859     
   362.51712297977292     
   360.79936211458346     
   359.69561615827666     
   358.93680595931750     
   358.22542363274351     
   357.08021768640225     
   355.59307712808669     
   353.84663812369331     
   352.36233034468000     
   350.94353400485170     
   349.76858774283795     
   348.71936862871718     
   347.89221156932217     
   346.94772950016926     
   345.96447544490150     
   345.03030176524936     
   344.58115423389461     
   343.71522240317597     
   341.82358078866872     
   339.86185452541173     
   338.72763091118082     
   337.37768946683263     
   334.97310456932820     
   334.96701547240065     
   334.51603978865734     
   335.32095147875577     
   339.45755471438844     
   345.96953777779805     
   356.51200402982505     
   366.13305273067613     
   376.43109129177083     
   386.40967161970826     
   396.05132817389568     
   395.99492031663408     
   398.07082727140619     
   399.85790235420939     
   398.00769389622394     
   398.27689624863643     
   397.72588734981190     
   401.71205617885687     
   398.70248772133021     
   394.95857793922102     
   390.37610387549591     
   384.66305209047204     
   377.78861292896659     
   370.66368089863130     
   365.56974262245569     
   362.00495369216691     
   359.23548568134646     
   356.76743836282702     
   354.66149182794271     
   352.63558701416412     
   350.59850953910382     
   348.65591737193290     
   347.00750089140791     
   345.13079164569842     
   343.47961551271459     
   342.26992262986175     
   341.14370093978368     
   341.65956628646302     
   344.29478542985777     
   345.23733990924057     
   345.11216574531909     
   345.97696117995554     
   346.05450232736354     
   346.81755830318269     
   347.77547074704427     
   347.85341892608739     
   348.85265907479794     
   349.88941702209468     
   351.38078342569793     
   352.09148541478658     
   352.93544826723235     
   354.78222351381004     
   356.97712093479367     
   359.62120309761696     
   361.85690124571408     
   364.44837883986906     
   367.07089632274193     
   371.03054521175864     
   376.63440390633684     
   384.01557390974511     
   380.82602686340067     
   381.63257082934945     
   382.27394688254333     
   378.44703049624030     
   378.73194855667577     
   390.65652926964844     
   383.60538789285005     
   381.51295825660344     
   379.36171479574631     
   375.46997311748527     
   373.46674519346323     
   370.99041454865102     
   368.66899324636194     
   367.92820219033587     
   367.43937116534266     
   367.15289319919555     
   366.76835890992794     
   367.54151259202172     
   368.19611937305604     
   368.80899625010125     
   369.16402099405229     
   370.00583215213697     
   370.14568999190959     
   370.34384400689362     
   370.52467203162712     
   370.03305610147470     
   370.88885857866819     
   365.80127337966019     
   361.85643563628406     
   359.07004723944988     
   358.35591855386951     
   358.41974176224858     
   359.22920564788598     
   359.61998843907026     
   359.95609665455828     
   359.17426800162355     
   359.65627863655226     
   358.39615263956330     
   357.01721009899597     
   356.99637132149672     
   361.86243060432338     
   366.52512474616566     
   372.86095899250085     
   380.04039120876774     
   385.77429780341993     
   390.10555143152561     
   398.66064372703062     
   399.65078579511714     
   404.98026835306558     
   406.31351608161333     
   406.05987140763864     
   411.91516119121655     
   407.21476660138148     
   405.30038143475713     
   403.23474780673365     
   401.76912754500222     
   392.47625055836801     
   389.44107393110210     
   381.54090085394148     
   376.37533179040719     
   372.35750589945519     
   371.86451231568537     
   370.25750537511681     
   367.03258877964794     
   364.54849575994086     
   363.83537489774579     
   362.89654170394800     
   361.41233185334687     
   359.32637192803185     
   358.32498234117276     
   357.99893973983080     
   358.67000236949104     
   359.78903937020311     
   362.00040643331789     
   365.20869315780823     
   367.58809124716697     
   368.15527781172739     
   367.85118097236796     
   368.45684634388158     
   370.10675202685570     
   372.25206103044349     
   373.59277113783276     
   374.38164300844051     
   373.00813945966718     
   370.00349616849780     
   367.81270176739872     
   366.36272083904601     
   365.70001626483128     
   367.09344219815034     
   368.92001398323561     
   371.76406653876239     
   384.58144188890799     
   392.47341820332645     
   399.80218427265123     
   400.38490033245796     
   404.61341080530866     
   406.53829280047700     
   411.17954125008214     
   410.11967079092341     
   410.16399757010186     
   406.72280647958428     
   398.62902043718924     
   403.37813966078636     
   400.48728535527096     
   395.54817258810692     
   390.80248786937852     
   385.42230569652560     
   381.40440779202936     
   378.32344610864214     
   377.74676535458633     
   377.64292047018938     
   377.77309716976237     
   377.46567266210411     
   376.35875586099149     
   376.15524607423913     
   376.28689072729770     
   375.51063173124942     
   375.61362798214861     
   376.12205337306648     
   375.45808262702820     
   373.75979052797499     
   373.38592593420378     
   372.89824839303952     
   371.88385042980786     
   371.52101578342541     
   371.43320683092702     
   371.81631599255746     
   372.51992213042917     
   372.14421082671066     
   370.24796231273314     
   368.50401791230644     
   367.75338226376289     
   367.83503183889633     
   367.25784207456650     
   367.37099245098432     
   370.33682555650279     
   372.23664783034440     
   377.16937220425802     
   379.26127782314290     
   385.02417452554130     
   395.74458851915369     
   401.99521421676451     
   404.16633233856794     
   410.12747639418143     
   416.32222337935264     
   415.42541977540532     
   408.48083485060204     
   405.99729202365540     
   405.91529434776675     
   406.05654686795947     
   404.12415523481741     
   401.77241479836948     
   401.76333347908422     
   393.99048953859085     
   391.76180459988325     
   389.42525995139636     
   386.98288254000721     
   384.63640331162327     
   382.33811121572785     
   381.04161526409882     
   378.39767119878064     
   377.31867111707265     
   376.25527459888417     
   374.89489709306446     
   372.68854805040240     
   369.60453877225120     
   367.45406337546501     
   365.64976736276066     
   364.92324931220867     
   363.60353501561451     
   364.83818276018883     
   365.28621729282929     
   363.85436241748931     
   361.91230967961667     
   361.51225861223895     
   360.32411187132334     
   360.96251273834889     
   361.35079881177660     
   360.44840423600567     
   359.75145529791007     
   360.79599281199563     
   361.11746940267295     
   361.53821918508436     
   362.63580718590214     
   366.58472712120835     
   369.31807922965857     
   370.08758089221755     
   373.28280755338443     
   378.81177673897383     
   378.92153073511997     
   378.59970960166896     
   379.81106375057067     
   381.28037181603980     
   382.54749106589924     
   384.99734189575037     
   383.85348867595468     
   383.16675790669314     
   383.87933892961826     
   382.60473804659870     
   381.39677640274118     
   379.66207443730440     
   378.05827601654175     
   376.93336538873626     
   375.75554222355635     
   373.95080656094672     
   373.30402840779669     
   372.97211729618459     
   372.74016508282369     
   372.55134351803861     
   372.15210073751189     
   371.66692547687722     
   371.23978941769894     
   371.05866587305024     
   370.90879754756128     
   369.82188121928249     
   368.40198703878252     
   367.07970106772149     
   365.85280157351389     
   364.47341586842720     
   363.42686586006994     
   362.83453121208242     
   361.96789116466039     
   361.39790147819724     
   361.32150481192679     
   361.11430922658349     
   359.74473114364338     
   358.73369300654940     
   358.12920355713226     
   357.76803387100574     
   357.67563101374213     
   355.52278954604009     
   354.75574769568277     
   354.80901444579200     
   357.56556318564338     
   361.89728965236975     
   366.76867179411317     
   370.45715004221466     
   377.07717713275599     
   385.22575922840457     
   389.17782961318846     
   395.27518928001507     
   406.80466804330746     
   406.57331306160597     
   406.05650732317173     
   410.64970757549952     
   408.04765978275356     
   400.87477891339307     
   394.99317411401324     
   390.85592780475207     
   387.27095053125652     
   384.40346436997208     
   382.19034074676631     
   379.70929608073646     
   377.92134574669393     
   376.53667152324113     
   375.79008536565760     
   375.25452394485882     
   375.20135500779764     
   374.62798420261561     
   372.79560928284189     
   372.37971038691359     
   371.88798176887548     
   371.12378354543904     
   368.49732534416495     
   366.55665981621001     
   365.13917799692035     
   362.52444009871783     
   361.98679638525630     
   363.54450325047463     
   363.21597317642261     
   362.69854624168585     
   362.91719644613113     
   362.74701235731629     
   363.42460016739363     
   363.48672831849069     
   363.19475436342600     
   362.93227083182381     
   362.53787683456903     
   362.91771817501689     
   363.61773368802790     
   364.82061653442696     
   366.24158747741359     
   367.19571663929668     
   370.07458072332764     
   372.99535957912252     
   377.27685197249036     
   381.53036089402104     
   385.02900730558406     
   384.67395150181198     
   384.88379345311728     
   385.64782360890598     
   384.61750601187481     
   383.35139772186710     
   384.62419903354936     
   383.48436236154868     
   381.54077388885094     
   380.44613657544278     
   378.91380445464296     
   377.26216883148942     
   375.56200844474182     
   374.18122648818718     
   373.12937294624879     
   372.44510256460967     
   371.95814753835043     
   371.48099514304374     
   371.12536501864003     
   371.07934249284733     
   371.09961240001593     
   371.14148523918550     
   371.08293784731228     
   370.92200386909855     
   370.87655135788930     
   370.95922800840253     
   371.00847635085239     
   371.32234113332601     
   371.38576569350624     
   371.65891514488828     
   371.91936890851997     
   372.13507380224735     
   372.31135223750113     
   372.49635531650995     
   372.74238239630739     
   372.87268407010475     
   373.15432416212769     
   373.95860493175240     
   373.96139839103461     
   374.24808943269977     
   374.94415384090723     
   375.43182020219552     
   376.67553669485557     
   378.15992959950529     
   381.54225200479266     
   382.72172009236942     
   383.83526852371796     
   384.58680737633227     
   384.14790471846612     
   383.70347798471551     
   384.57254204968439     
   388.53511823967455     
   389.65018255103269     
   388.75880618284020     
   388.13121764598668     
   387.77951805051987     
   387.58646518081844     
   387.38416135188248     
   387.24715778080213     
   386.72538456709981     
   386.25322635804719     
   385.45175377928985     
   385.23614422069107     
   384.92727149207201     
   384.63633907187972     
   384.42624910298412     
   384.10542494626839     
   383.80800177366581     
   383.67545083929565     
   383.42577430482106     
   383.27026342799377     
   383.05182133871949     
   382.87852453754988     
   382.42466870365928     
   382.17855070948008     
   381.95034914788437     
   381.70562820560832     
   381.59118358015309     
   381.39964597078387     
   381.13406583448881     
   380.83831515633193     
   380.38493883542270     
   379.69874795426409     
   378.97502451425748     
   378.35405819562817     
   378.71966118323763     
   378.09053604437054     
   377.79920975970356     
   377.81774985304025     
   378.53626092485717     
   379.50102570103508     
   380.61421965307750     
   382.39527152673969     
   383.94241860865128     
   384.13941183621017     
   383.81031750663470     
   384.03520209292753     
   385.17216951805324     
   385.58376137069627     
   385.83832566120265     
   386.16147209121578     
   386.65271952201351     
   386.97930291838259     
   385.80863041740758     
   384.97531521020818     
   384.01156497126567     
   383.20554717973471     
   382.65264177968288     
   382.26196302171661     
   381.53628540714300     
   381.46493730276467     
   381.55896238013332     
   381.55248549158222     
   381.65991020537399     
   381.48354572139914     
   381.27732371909383     
   381.06869723877537     
   381.03131487026832     
   380.76052177449782     
   380.53874582947111     
   380.36070525144760     
   380.14780265086944     
   379.74661482261615     
   379.37512409206704     
   378.80587322358127     
   378.38335378999489     
   377.96538902585223     
   377.37287829625996     
   376.99473844331231     
   376.55426480051244     
   376.02624312194132     
   375.53355059222736     
   375.21619832847529     
   375.56180285772359     
   375.62473021289094     
   375.96738090314608     
   376.08746103683626     
   376.37953861461318     
   376.95014341993692     
   377.01231309800693     
   377.60765799354078     
   378.50404277392192     
   379.95218839192546     
   381.00515690725723     
   382.71062129846075     
   383.99642908430980     
   385.11255895845721     
   385.72210641783585     
   386.81030698744758     
   387.30635842168925     
   387.02461478572997     
   386.86411808722994     
   386.91243655763049     
   387.10487615028137     
   386.53689339641608     
   385.50516192593403     
   384.08719563483220     
   381.59667490157403     
   381.47905564216717     
   381.20042726984002     
   381.85797041484165     
   382.18458262889186     
   379.94907782344080     
   378.63614507170871     
   378.09189210216073     
   377.20477189621812     
   376.98718713332460     
   377.12664202186630     
   377.16266210924556     
   378.30433804733008     
   379.51913114518862     
   380.45335762321122     
   380.72553235876853     
   380.67525743987966     
   380.11335608314573     
   379.61834774329338     
   379.46257559908275     
   379.37499264922604     
   379.08581002067859     
   378.62915051437113     
   378.38219108225866     
   378.51518661575659     
   378.28821010453953     
   377.09734181398272     
   375.32135527461145     
   374.65225457068465     
   375.05689520695961     
   375.57957873579409     
   375.10957541528029     
   375.11945696015891     
   375.82848414804630     
   377.22104295723727     
   377.93988939664331     
   378.47620218657249     
   378.38168551084090     
   376.95073110232084     
   376.82526734122604     
   377.28463002099966     
   376.96658616226614     
   376.35300070545600     
   375.54315764459142     
   374.71346298544483     
   373.61954826598543     
   372.05991121106160     
   370.99114796426176     
   369.72237367370099     
   367.39715086467368     
   364.92027062674794     
   363.73227534176340     
   363.04466580084096     
   362.01834387972644     
   360.86174909106438     
   360.53793512523441     
   360.42441705127135     
   360.63175425730270     
   360.50884997326040     
   359.78372950932891     
   359.10718333097475     
   358.74458744013248     
   358.22360887046318     
   357.66312050442309     
   357.23422578166287     
   356.81985732865746     
   356.46064194809389     
   356.35531043289637     
   356.62220762826973     
   356.31410468389760     
   355.02382487600818     
   354.35374200070959     
   354.31932573860769     
   353.82263317834276     
   352.99525825843511     
   352.17145379572997     
   352.46005368575493     
   353.65671146632121     
   355.79530256922817     
   357.35601169343653     
   359.69382970896322     
   361.96088686023018     
   362.99826236158657     
   361.97319587206783     
   361.60618822780782     
   362.58133007791093     
   363.52503421724077     
   364.24225241725674     
   365.90560821791149     
   363.82587684713178     
   360.93920778449700     
   358.43712068315375     
   356.23244302481629     
   353.52610462647965     
   350.45365777767699     
   350.04260416623742     
   348.12513818342325     
   347.06171048395186     
   345.97634139271565     
   344.99527896371052     
   342.76732968988830     
   341.28537341243896     
   340.23928015870786     
   339.11714235299979     
   338.34724045719838     
   337.54909678348901     
   336.49552052480772     
   335.47700533288571     
   333.95197055350212     
   331.72342234470409     
   328.15177294285218     
   325.62507583808497     
   323.73733130697713     
   322.32691783399059     
   321.17010826008789     
   320.30821843769371     
   320.95592540277261     
   319.58198676462047     
   318.79284089072939     
   318.24100142538333     
   318.39057071647289     
   318.14977930382247     
   318.05046267998199     
   318.55069702356082     
   320.89079496437847     
   325.84692782707685     
   331.89472673863355     
   338.17892162710962     
   344.63008048928396     
   350.78666802770522     
   356.58071807961522     
   360.91109534131311     
   363.66410147509464     
   366.36863300083110     
   367.64722612830911     
   366.83873051510488     
   366.16860564597778     
   365.51449640241776     
   364.89639468496938     
   362.77035963313972     
   358.80018476130573     
   352.79033762898405     
   347.77330238108232     
   345.45961896641086     
   343.19953040871491     
   340.37447512375002     
   338.26895608047226     
   336.72779233558970     
   335.38667105102348     
   334.31415808852171     
   333.13269031839826     
   332.00700451171565     
   330.73784387046305     
   328.95899100138757     
   327.25375293477111     
   325.66554830991430     
   324.56480951609581     
   323.24146166878643     
   323.59547948788838     
   324.02380466124049     
   324.68728557922611     
   324.46732160995492     
   324.14125722152443     
   326.06273647326560     
   327.92168018395682     
   329.04928828324694     
   330.36205085236895     
   332.13294377627221     
   334.55337079349732     
   334.62967615948889     
   335.39622223072854     
   336.83734566102464     
   338.21139116183377     
   340.55730696429146     
   342.93909971613454     
   346.80922436283697     
   350.02436916518394     
   350.55874483779513     
   350.37175842096769     
   351.60926777967080     
   356.45449589730066     
   362.12332926067864     
   364.67251343788371     
   366.36701015460363     
   368.92203904993681     
   367.48961850725419     
   365.05305128148433     
   363.43484732351442     
   361.49766447607738     
   359.66134330096918     
   358.02741090081383     
   356.90972777721072     
   355.69856192220323     
   355.24299472938679     
   354.87033998104562     
   354.59482590965695     
   354.32975532763714     
   353.97185152412970     
   353.58955294378990     
   353.18254351185772     
   352.83082463184797     
   352.58401932629243     
   352.30872285223018     
   352.18670280526737     
   351.86227957001523     
   350.97235848547683     
   350.88456514460034     
   351.63191119461794     
   351.61289272828651     
   350.86038967529231     
   351.31400858304937     
   351.89709323888547     
   351.50460003839333     
   351.16624733100736     
   351.70773835678733     
   352.12099715425279     
   352.38378786446032     
   352.10899989009192     
   351.77798810661596     
   352.99436586819076     
   354.72249088638557     
   355.51140052034151     
   357.89988603723964     
   359.60438979676906     
   366.82982809244601     
   371.08528208404999     
   374.03446950048567     
   376.57863243118561     
   374.02832653312078     
   372.58184266186987     
   375.69211091678142     
   371.82579222204743     
   384.50324469638667     
   384.91627427309669     
   378.10546382984637     
   374.43415379128862     
   372.70349498831416     
   370.40138793305215     
   368.64573418051833     
   367.68658380440746     
   366.72088633315008     
   366.13520339449286     
   364.49673815432840     
   363.01568417641562     
   362.25336186703413     
   361.58760244412997     
   361.19120254807916     
   360.45302416900779     
   359.24794118841106     
   357.69990928669102     
   356.26366990170055     
   355.08062676488862     
   353.80659160306266     
   352.72384434674115     
   351.73142560209158     
   351.17656900751382     
   350.38257850234316     
   349.76613189456043     
   349.20662448677137     
   348.93414269249320     
   348.36464630546101     
   348.04710907022724     
   347.84935161445998     
   347.20980245897607     
   347.51808556903632     
   347.18064584002201     
   346.73791051829380     
   346.87546050472997     
   350.91477383720041     
   356.54137398301037     
   363.90541510606283     
   369.19648771532121     
   372.99301868109404     
   379.59108769743386     
   382.11086191209017     
   374.68282441949214     
   372.19022717440674     
   375.37809277811277     
   374.34391515649071     
   374.10976339922490     
   372.58081047332945     
   372.56923370342315     
   369.66912286795701     
   366.67194416153285     
   363.17974126743127     
   358.65545088013573     
   353.84299316330123     
   352.93000293379362     
   354.11197894478664     
   355.19786367384683     
   355.68293463243509     
   355.50095877424627     
   354.95193176457275     
   354.65539085280375     
   354.34327476514687     
   354.04842230284947     
   353.36038005528729     
   352.80080876561635     
   352.65923046932551     
   351.61528369108402     
   352.10770656745484     
   352.69206056863260     
   353.63051723155888     
   353.14266184820048     
   352.22877455368450     
   352.08675317792614     
   351.95950967685383     
   352.28580847970449     
   351.58996225335028     
   349.34901838410929     
   348.40404189227922     
   350.74726268204688     
   350.17747285756190     
   349.88519440477535     
   347.88588535456194     
   347.57982587148774     
   350.14017543824184     
   354.73195295913638     
   358.43202784608854     
   359.76557440722871     
   363.44456896924623     
   365.20788133210073     
   369.39996198628285     
   371.33457766303235     
   369.86320352166473     
   368.50335330207014     
   370.96416473418640     
   371.55377557193111     
   373.09098079220769     
   372.05830922876487     
   369.99775512627480     
   368.05206077871776     
   366.18063133144955     
   365.70430981808300     
   365.97406044437594     
   365.13985916748754     
   364.66891674571349     
   364.96800530642952     
   365.29844413952361     
   364.78230325492336     
   361.91286246949710     
   360.89989545822061     
   360.36326852134550     
   360.01579433630536     
   359.99524808044566     
   359.30845308311717     
   357.45038251808631     
   355.12203832174379     
   354.16227763953384     
   353.43195984294732     
   352.85997440992207     
   352.32432934894206     
   351.98065497782784     
   351.71701258211868     
   351.37290260315064     
   350.96266338926335     
   350.85439444011371     
   350.46222343501103     
   349.63039117836064     
   349.23502550949723     
   349.43282427593817     
   349.02503264855130     
   348.60745294901420     
   347.95971428894586     
   349.22744157079069     
   353.37817754238307     
   355.41492629797619     
   364.18358970727832     
   362.76835433608773     
   358.35709827685378     
   357.65253550931078     
   359.03745772447792     
   359.10148015141561     
   367.94713932319240     
   363.20484747119093     
   368.35721932498939     
   365.15593926005579     
   368.82348806742630     
   370.62621181487037     
   361.23242037502683     
   355.20866136983869     
   352.99781963665009     
   353.31996507580129     
   347.30616964955590     
   341.67256760711382     
   339.05104638960751     
   338.69099724139642     
   337.26912264706334     
   336.68018988776896     
   336.72249138146771     
   337.88967441713487     
   338.66696031930024     
   339.61062757929017     
   340.25695944119639     
   338.82782598694075     
   337.69957848557181     
   338.14971516554454     
   337.71576802103010     
   337.41345625341631     
   339.45339765650766     
   340.02231745358444     
   341.32067820680794     
   342.42616750822492     
   342.54650384855580     
   340.39699558584306     
   339.49581050271445     
   338.49193165196868     
   339.20187885159953     
   338.13771358145965     
   336.13204831116548     
   334.48089530370021     
   333.82787990937709     
   337.28107633534961     
   342.16247606343217     
   349.44431412452559     
   349.03367295197472     
   356.12359110839736     
   352.25914472255596     
   358.07797350872329     
   364.23742094950273     
   370.77405654402793     
   364.86939197108836     
   362.85474330446061     
   363.37242820745979     
   368.34558571423037     
   361.56854017893971     
   360.41481870752528     
   359.36284677729225     
   353.17802891980585     
   351.49983960289114     
   348.01970390173602     
   345.21112127936613     
   342.85035693594227     
   341.37932339902579     
   339.86385268897027     
   338.15619836860930     
   336.83288216786138     
   336.11388373312246     
   335.26613896919986     
   334.28850084721694     
   333.75451425754409     
   333.59061563650579     
   332.76191928922276     
   331.54606389117771     
   330.42388541200637     
   329.38998683016263     
   328.30748328292998     
   327.81761467608385     
   329.13715927338853     
   328.29451254621210     
   328.20569300442543     
   329.43108862622603     
   331.20796684845806     
   332.42408528809983     
   332.65747433958319     
   331.29460015200272     
   332.57082383190448     
   333.03086002374187     
   332.45583252509158     
   332.59556535396825     
   336.66149018321329     
   340.32439261100109     
   341.47255639852563     
   344.07188823278653     
   344.79786056686470     
   354.68532227922924     
   361.50060946946849     
   363.95982757018464     
   364.97234879357239     
   367.06731882689490     
   364.89704590406961     
   361.73876768028867     
   361.55183102376918     
   360.28603109197280     
   357.89981742584922     
   356.28482632976949     
   353.47450233095964     
   349.70611905567353     
   346.94144002050700     
   344.50358277382315     
   342.56545683717809     
   342.21626549305734     
   343.15061378740387     
   342.74700519258755     
   340.79928951361393     
   340.92806499170803     
   336.38439473436148     
   332.51259035901535     
   330.56590720222607     
   329.60076122522463     
   328.55065912053374     
   327.31757157019285     
   326.99373417908834     
   327.65173848593736     
   329.05904385094846     
   329.87293731966793     
   329.64390095011754     
   329.96350976907058     
   330.34174549496259     
   331.00626661030952     
   331.68210910651663     
   332.79099668770505     
   334.23465660982174     
   335.50671047941967     
   336.94698916717743     
   337.10379085890725     
   337.11276952764365     
   336.83041927109645     
   336.90304206595516     
   337.12235958634511     
   336.75696056742208     
   335.23203999681510     
   333.65747666441177     
   331.92704003967401     
   334.93789404198480     
   336.24213450088547     
   342.23033388393941     
   346.15712652238904     
   348.25259160965197     
   351.69525458925312     
   350.63768635743003     
   349.66381490997281     
   348.44198255898777     
   351.82289426077938     
   347.68326803285095     
   345.30358805136507     
   344.14590550241724     
   342.65130326501458     
   341.32808141594120     
   339.13656125308978     
   338.16561524424770     
   337.05246262178770     
   336.32126284132238     
   335.21545482361290     
   335.65752914958824     
   335.98912427803288     
   334.36040667148086     
   334.66511623179525     
   333.66458810333808     
   333.20442321737841     
   331.74298584962969     
   330.86794826448028     
   330.76538119311283     
   331.30821076222014     
   331.34254422742498     
   331.44448895512204     
   331.93822386201452     
   332.31108371609560     
   332.07691727187898     
   332.03960340630596     
   331.67680494072897     
   330.90798616003713     
   330.10385786901435     
   329.75292091307438     
   329.43021915651593     
   330.37009649786393     
   329.77640485185742     
   334.73467494913774     
   337.06725565532315     
   340.96433176200435     
   346.78790157164104     
   354.58852418105141     
   359.14409004509673     
   362.55216087755639     
   365.48507092828561     
   367.78027115047314     
   369.13007297225096     
   368.47632771882115     
   369.29079490525442     
   367.25551591613737     
   365.33092222537482     
   361.17714117761341     
   356.57519654756879     
   351.29344074366941     
   347.63102821484722     
   344.37861372382457     
   341.52150266730183     
   339.55390471823262     
   337.82588756433881     
   336.77666100471424     
   335.69178184602765     
   334.20027121631819     
   331.88649822093669     
   330.82329925934260     
   329.33059579640667     
   327.42875301443843     
   325.98213011058857     
   325.41903005894591     
   325.21297905716426     
   324.51956379384558     
   323.62758011138078     
   322.83623354313642     
   321.93362011364826     
   321.53489297125151     
   321.23928319096649     
   320.94479924748669     
   320.77668118437504     
   320.18093560676385     
   319.63643256180234     
   318.87544318801952     
   318.71668530056763     
   318.08941863881171     
   317.98553233874492     
   318.47233710161970     
   323.45892371736130     
   324.94645118281142     
   329.23588230865101     
   336.93976260794386     
   347.77643798812619     
   349.81071124146263     
   355.28152519828774     
   359.98886259437990     
   368.60917940733998     
   368.88835923352360     
   367.55293157378753     
   364.72683287240932     
   363.75723722882384     
   363.05219678229071     
   362.59149058708647     
   361.62807096403230     
   361.00643231243623     
   359.92999130845982     
   358.75690689438528     
   357.77448385420740     
   357.58934897684316     
   356.24891899026369     
   353.96348464567563     
   352.94417286050634     
   352.50662016199766     
   353.57358488792426     
   354.52026528710769     
   355.19927697394837     
   354.86368970218035     
   352.73117390565801     
   348.51825661596888     
   346.65610220002958     
   345.53905585569044     
   344.45199677650663     
   343.27250976954906     
   342.02580386366441     
   341.03425810537050     
   339.90359847093481     
   338.76019261864951     
   337.73416349769730     
   336.72823290981290     
   335.95608671459070     
   335.67430025053176     
   335.18093596149259     
   335.68122542524947     
   335.83870363784285     
   336.02334196081779     
   336.00810812613935     
   336.85995314496836     
   339.84541672356386     
   344.70423111780235     
   350.06399726611971     
   355.79032513755010     
   361.84321036508146     
   364.68842386084071     
   368.96249393281425     
   368.44262833701282     
   366.95161526322170     
   367.44139357904265     
   365.74232054373050     
   365.04822277981611     
   364.47218102050840     
   365.11643047363231     
   364.11709830619833     
   362.47400649170072     
   360.46833837860828     
   358.86677506920898     
   357.90119013993581     
   356.31241936881776     
   355.86493642283511     
   357.29957767962270     
   358.23566302467464     
   359.11863207107967     
   359.52331159877411     
   359.82686711318104     
   359.66153201390927     
   355.33307072227240     
   353.68287295336478     
   354.42451298724234     
   355.95392655934143     
   357.10626523653758     
   357.03224201348007     
   356.50926391133805     
   354.08116711336186     
   355.98027435375099     
   356.67642756800075     
   356.66660447560145     
   356.32591268332646     
   355.94433700457358     
   355.68395973950209     
   355.76388071982120     
   355.62324268075383     
   355.98045537364487     
   355.83801377306753     
   356.30946234138997     
   356.79257583825239     
   356.43999372235714     
   356.37712253271718     
   357.51899723548127     
   361.98642201239204     
   368.74007814053954     
   375.93524142403311     
   380.92539746974677     
   383.57962182823110     
   387.07407972544007     
   384.20369883874832     
   375.86082731506366     
   375.26673017735015     
   378.19886506347069     
   376.41812807127314     
   371.78241861612418     
   369.94147057033746     
   368.78179833989833     
   366.78542862058032     
   364.03784250384444     
   363.75868297577790     
   361.08494535711350     
   359.95275775324239     
   360.36652997337080     
   360.35174666503843     
   359.75298194524117     
   359.09552443698692     
   358.79942777577577     
   358.56933790854163     
   358.13155996159975     
   358.01638552873038     
   357.74692940491559     
   357.61387934113918     
   357.59295372186233     
   356.96841867254733     
   355.80684702036092     
   355.37078180634433     
   355.09512257502786     
   354.37655986564840     
   354.33047925237486     
   354.10438372511874     
   353.85734894395569     
   353.08891294863901     
   351.88106394429440     
   353.06828611427676     
   353.78153493249113     
   352.29359433720771     
   351.46881486156292     
   350.21992588943829     
   349.92412401997638     
   351.47638335203771     
   355.82375322940999     
   358.55004305755773     
   361.59766391198309     
   363.60478867206234     
   366.24514415811234     
   369.19558997611028     
   369.28214213503713     
   367.08030619672093     
   364.91060217677023     
   362.99313901468088     
   362.41588416937378     
   363.52484820696532     
   364.32388161964718     
   364.63648323541958     
   363.60746699555568     
   362.48498955685142     
   361.73418599998007     
   361.09963052436501     
   360.19877885818966     
   359.34229466875001     
   358.20423137579820     
   358.00870384968579     
   358.19551666221986     
   358.24252065172681     
   358.17827178156091     
   358.27086161491775     
   357.81559208899449     
   357.26361121036041     
   357.05257072045197     
   356.90224968855000     
   357.01343318233245     
   357.00120774257505     
   357.17961572215376     
   357.06503852445815     
   356.58351180382022     
   356.25187627648438     
   355.88031013092194     
   355.43508566315313     
   355.14497435116851     
   355.00399519478520     
   354.92503790511353     
   354.99855310338029     
   355.41690469195242     
   355.13416712168942     
   354.95576552265152     
   354.57714777158691     
   354.94984044368385     
   356.48899065404220     
   358.86858594494294     
   360.48435546066474     
   362.78095681509211     
   366.38511641241769     
   369.78994859862053     
   372.58166869346712     
   375.71215634827342     
   374.73461519768580     
   375.51441768388162     
   379.25665220915636     
   379.14199022289944     
   374.74638988336989     
   375.47823976474263     
   370.96990161523945     
   364.86297066211910     
   359.05698640401505     
   355.28195737119177     
   351.94723206815706     
   348.93308463380328     
   346.73469553483773     
   345.06895519576398     
   343.59105402005974     
   342.12277164478911     
   340.80159800328227     
   339.64854550215432     
   338.51496696177907     
   337.53230892737298     
   336.56042550142143     
   335.60020891724480     
   335.65519628678470     
   335.29378399477901     
   334.03292219786687     
   334.16950885672100     
   332.81629270804882     
   332.22994376963436     
   331.77009746471481     
   331.45323942545713     
   331.04126544168270     
   331.64458549161196     
   331.57245949292428     
   330.71065280573760     
   330.21461483491640     
   330.04341974543144     
   330.01200948324072     
   329.54779341791942     
   329.38027929502891     
   329.92144695622437     
   331.16105186250655     
   333.97632145248150     
   343.80229890295027     
   351.83805140188235     
   357.60290592808457     
   361.63480511731473     
   365.53589354783423     
   366.60428266272879     
   370.88041138228976     
   373.29555224643366     
   374.39723934369687     
   374.54089871785084     
   373.72003563620171     
   370.94074928930104     
   367.03372305376791     
   362.14148662479823     
   355.82999379824167     
   353.24728866480319     
   352.24604004762108     
   350.77109906913910     
   350.52501638950378     
   350.10654502033810     
   348.95637928415420     
   346.82780443426492     
   346.48538662805481     
   346.75452570300354     
   346.63861647504910     
   346.57139830923546     
   346.60373154429453     
   346.47683771643273     
   346.53998293342715     
   346.03349734372819     
   345.55080519128967     
   346.36003642894934     
   346.94540528952518     
   347.40166773803935     
   347.77579401405040     
   347.74194357237013     
   347.63541568428730     
   347.94332553446276     
   348.50904780454465     
   348.64133389168882     
   348.61883770757612     
   349.53669289446168     
   349.96999780953990     
   350.55419023218263     
   351.50318350619784     
   352.24874785129560     
   353.33441514526641     
   354.26485198644627     
   355.97003933878295     
   358.18777664113958     
   360.21546690605840     
   361.41194130575388     
   363.59527564936485     
   365.90060148311795     
   366.46102062737805     
   368.47263897487142     
   370.30125410942611     
   371.04083340804488     
   372.67338625382018     
   373.78591955528759     
   374.33394654105820     
   374.63254022657549     
   373.78008353889936     
   373.71918056359317     
   373.95364005886904     
   373.90178860104606     
   373.68065420806113     
   372.50986062833726     
   369.70699676276934     
   367.17816354133060     
   367.71529930113093     
   368.29717593918974     
   369.43356283601901     
   368.48641654905941     
   367.42462523573471     
   367.15785055928131     
   367.13852761024299     
   366.14446047891579     
   366.17512451487460     
   365.35561993565699     
   364.76820986354886     
   362.57269754912130     
   361.09885600151131     
   360.20790639111578     
   358.79844591871733     
   359.12197514558682     
   359.19607189434396     
   359.25828896198459     
   359.46352726043222     
   363.03861069381600     
   365.17055606579271     
   366.79675011027342     
   367.84187262211043     
   368.80263763914604     
   370.32053727815406     
   373.40289936791243     
   377.80852268521812     
   379.30689420368492     
   382.23723827116800     
   385.47279730943239     
   390.43725330217768     
   390.51970091897618     
   391.36514220714650     
   390.74843623575077     
   390.92020161290554     
   387.89827959307729     
   385.52857603912696     
   384.88478982250371     
   383.13529454840364     
   381.59544444909142     
   379.61511486167717     
   378.17052104959333     
   377.35900665320793     
   376.11313914180278     
   375.45807001547740     
   374.75654873874402     
   374.31878097500163     
   373.95243863956489     
   373.67780213284033     
   373.34307399412705     
   373.12240994495761     
   372.82155942132044     
   372.58990083179174     
   372.30245661036486     
   372.25875725789979     
   371.92400048069754     
   371.36887595785618     
   371.01162663652195     
   370.98374428364684     
   371.46281861251475     
   371.43233730665980     
   371.01223857211346     
   370.57449760254082     
   370.28691995756719     
   369.96656488953528     
   370.11641185375532     
   370.33337411690587     
   371.02484375719530     
   370.37083900652874     
   370.18185196387469     
   368.94979081344081     
   367.53750364858945     
   369.69998248876595     
   371.21081538951552     
   376.23743265622778     
   381.57296286923292     
   385.41957231330417     
   379.88225990281740     
   378.13926765121590     
   377.14444788941654     
   378.05480878601617     
   383.54261729205552     
   382.97785589872075     
   386.00356228387051     
   389.56545795348842     
   384.81538775027803     
   380.14197470902701     
   374.82813860608587     
   369.52943926371614     
   366.34879800230158     
   364.16224506007853     
   361.62892696470840     
   359.65084447611190     
   358.10009107747806     
   356.66282668408422     
   355.04193001265804     
   353.45516400117901     
   352.42284339356746     
   351.68295831150544     
   350.86623534557759     
   350.55283349924309     
   350.12792039647610     
   349.28259435643895     
   348.16851293886373     
   346.45859078721230     
   345.50273134232430     
   344.35931734545318     
   342.77797348203302     
   342.22988167236281     
   343.21082532556483     
   345.27598743158433     
   346.78153163829484     
   347.28753802412575     
   347.04911857190842     
   346.76797505208549     
   346.87757768796359     
   346.56668966882199     
   346.29217143880402     
   345.87077343040539     
   346.25358537142091     
   347.11183861501581     
   348.16250572514519     
   349.80975905235158     
   351.10015310637573     
   352.50497699478882     
   354.33521976015271     
   355.66679002017656     
   356.66645203953635     
   357.59694120279801     
   358.52866973946277     
   358.78521198954905     
   358.66043799708149     
   357.88481455481877     
   356.77108407168129     
   355.55599698719783     
   354.36810759016925     
   353.42924089336731     
   353.10974104662120     
   352.77047468287219     
   352.08931673863424     
   352.07272809500233     
   352.01823872935034     
   352.07000364561361     
   352.04808331084178     
   351.97731292049684     
   351.80477862679169     
   351.71016803820504     
   351.63484345766460     
   351.75420995530243     
   351.88920440086554     
   351.98485275269337     
   351.80791526012058     
   351.62123323375135     
   351.46427863654918     
   351.57105871650839     
   351.69213202557927     
   351.74475639283776     
   351.74150087543853     
   351.57800074429190     
   351.41000449157053     
   351.29534714921675     
   351.05121825892093     
   350.92345153976868     
   351.54534966261531     
   351.07245180760435     
   350.58758163014903     
   350.38181519648253     
   350.79063904902887     
   351.18727633792668     
   351.49420029731539     
   352.19546777275247     
   352.85589890350019     
   353.73598057213724     
   355.57352096673588     
   355.68615810807069     
   356.04002751294468     
   355.89280773400287     
   356.97171136716821     
   357.30632209871470     
   357.53861930146974     
   357.88978972816466     
   358.02767151264476     
   357.79059289226308     
   357.46845912139048     
   357.70491982895061     
   358.53049305575678     
   359.59158960035870     
   359.97529123387153     
   360.28725220524058     
   360.55916851398160     
   360.72289612361777     
   361.05074764735167     
   361.53141071556297     
   362.20117881293436     
   362.85340225315878     
   363.49571294094397     
   364.01473918422096     
   364.79513683159081     
   365.67651106796131     
   366.68248495635157     
   366.91015550349988     
   367.24416284247576     
   367.26774687084088     
   367.79387741626226     
   369.01303614412751     
   370.12226760351052     
   370.95215086905785     
   371.44752130025222     
   371.88581852862092     
   372.37885726756787     
   372.41334869607874     
   371.98796299132528     
   369.60430383484163     
   365.10277823899389     
   361.86084132789551     
   360.74865375176330     
   360.69730988560030     
   361.27752431495151     
   362.13075561551312     
   366.43025483748926     
   371.73170588334597     
   372.57652032948369     
   373.23193373770283     
   373.31769190739624     
   372.57585915916792     
   371.43584700348879     
   369.19102493680663     
   366.85266644094787     
   368.21996788782985     
   366.95837684441886     
   364.93119587719411     
   363.66669102832589     
   362.22212598301229     
   359.99930469317042     
   356.44287379041867     
   353.85626485675766     
   352.09331320478321     
   350.19582516957723     
   349.33350859036187     
   347.42145397261106     
   344.89879972132104     
   342.74630615449399     
   340.89695444130768     
   339.30027140176230     
   337.96522947971374     
   336.66804009363307     
   334.97812903807329     
   333.17542698560521     
   331.91209086247204     
   330.70598075196079     
   329.63293840998864     
   328.74970790038850     
   327.74963212716591     
   326.67158750437443     
   326.39691163819424     
   326.26508636107218     
   325.99426449422930     
   325.25666099752783     
   325.02589781254511     
   325.14123210700586     
   324.64531223846456     
   323.59303581431891     
   323.40584793724480     
   323.79264045525980     
   325.30973823346221     
   328.95036025319695     
   335.26700609401655     
   344.47422671942917     
   351.93921541109165     
   356.08709671163439     
   359.16510469325539     
   363.92475395625058     
   365.94830340970475     
   367.73041823459141     
   368.29127969152489     
   368.20722486244210     
   363.42263024981372     
   361.84391085417423     
   357.07897722941601     
   353.06195448883977     
   350.23892802733371     
   348.25529886737922     
   346.61466344810674     
   345.53405958682106     
   344.85656247162774     
   343.50356703099402     
   341.80852091658409     
   339.66376098940867     
   337.99923292205756     
   337.01657695667200     
   337.48915514691055     
   338.42518860836856     
   337.27042895772445     
   336.12551807494816     
   335.90901008837176     
   335.46835738026681     
   335.66152788515575     
   336.96732077373923     
   338.53957061421613     
   337.66098648784418     
   337.21056077300642     
   337.68383185458862     
   339.64568583018735     
   343.24408587248627     
   344.42038223892177     
   343.40946271925287     
   342.30213472220396     
   342.40565842275572     
   342.66779915613881     
   343.10879238131992     
   343.34951492679050     
   344.73652773592534     
   346.73230111186388     
   349.74844813507195     
   354.25881658612604     
   358.06952655675707     
   361.58520425979657     
   362.05939822417133     
   362.89450970216461     
   362.70804672217071     
   363.11237838961017     
   363.62141022115100     
   364.18246374301521     
   365.34148984807678     
   365.60741688419159     
   365.52860848862304     
   364.95294740496439     
   364.83953798947829     
   364.04111912054236     
   363.32052547539638     
   363.38289809142680     
   363.76004573159315     
   363.72122079162597     
   364.67822219496986     
   365.39076353852352     
   365.97991976575958     
   366.43249840946413     
   367.18458775461926     
   367.42410905870861     
   368.41129791682067     
   368.83470814046962     
   369.28208647479067     
   369.56129174669144     
   369.77665599956532     
   370.15866428073230     
   370.87357680682533     
   371.48566702962995     
   371.31713318094324     
   371.76966347618981     
   371.50635289189324     
   370.99640054061916     
   371.52164599446365     
   372.46817310968578     
   373.23928242983970     
   373.89533101586932     
   374.93596357396990     
   375.38883554993907     
   375.44933709937277     
   375.85270100342041     
   376.31297845140887     
   377.00797020827224     
   378.08580380605321     
   378.79452393149444     
   379.36821062024120     
   379.83920618551338     
   380.09384442109911     
   379.90497839101306     
   380.44655333184295     
   380.81607295082853     
   380.97049965559927     
   381.31509235793641     
   381.63185480884283     
   380.30144863360823     
   379.01620947475772     
   377.89945526476311     
   377.83631294888454     
   377.69515879893231     
   374.25514811793505     
   372.11673170956567     
   371.01115666867349     
   370.43139509290512     
   369.90429763765951     
   369.59981520758743     
   369.21647727191487     
   368.92558030880281     
   369.07579944154816     
   369.13899967478699     
   369.03175834497404     
   368.64085485933413     
   367.12534887426830     
   365.87961192973745     
   365.12994960740087     
   364.47336425400334     
   363.62680197875437     
   362.75928714505312     
   361.80762166579098     
   361.16665449346687     
   360.75950565233632     
   360.51551357967958     
   360.92884178657107     
   361.16453465658293     
   361.60021704444176     
   362.28767297992869     
   363.73226940038882     
   364.32872200948668     
   364.57153530235712     
   364.76233087630447     
   364.56817199668069     
   364.73204329048241     
   364.70249231826921     
   365.01553608456334     
   365.71440096096956     
   366.66530215958386     
   362.97594138536715     
   356.00512639874188     
   352.83921735895854     
   352.74267470911769     
   352.40551644958839     
   351.81678366100272     
   352.35416181371437     
   354.03113156573988     
   360.78103033133624     
   356.62807109341929     
   355.38595461207660     
   351.56762518008958     
   349.05159446412512     
   346.88121702027570     
   345.01010937399445     
   344.53427672093500     
   345.28304104215988     
   345.61910355846436     
   345.58724026381736     
   344.97840096217283     
   344.27460582013106     
   342.99257285336984     
   342.07948038354579     
   343.57231785186605     
   346.13604193004437     
   346.78978825534494     
   350.01793186272670     
   352.82212862555008     
   353.71114324350964     
   354.71564306176373     
   355.03528973664550     
   357.57465921447022     
   359.09496450991531     
   358.44878099601567     
   361.81861313386116     
   362.43260658960850     
   360.49762881581984     
   359.16790185584387     
   359.18688007607244     
   361.03338072612286     
   361.56594900950802     
   363.46622997778638     
   365.89427076450414     
   366.87644062517876     
   367.39912899209935     
   368.39900775338543     
   369.42266344378413     
   373.80547677861568     
   375.12850112692837     
   378.15978957964018     
   378.02637249638644     
   376.94363996955167     
   375.29441821938337     
   373.97303336487983     
   373.53552366760943     
   373.11244869947456     
   372.61308740573293     
   371.83777498973643     
   371.78566395221844     
   371.86218584212600     
   371.86312271950663     
   371.91529824002106     
   371.32573995860884     
   369.50342140266446     
   369.48333144496831     
   370.61743575105191     
   364.39610391621494     
   361.19055075365117     
   361.24002253628333     
   359.84488769866141     
   357.10076230607206     
   354.95116941228173     
   353.66926887400348     
   352.82277631564057     
   351.86939053064680     
   350.71537097750644     
   350.08400451829692     
   350.12682521926280     
   349.82282191976452     
   347.82386475933322     
   346.03602791189815     
   344.65738221454899     
   343.79301690343021     
   342.27440554984821     
   341.07799283392643     
   340.46928290495600     
   340.26611902802853     
   339.17054963100810     
   338.00422759826887     
   337.23107836191843     
   336.62899089158401     
   337.22487862921145     
   337.96191130219484     
   338.98949670914186     
   339.32522404616310     
   340.46304929568498     
   348.83272185660979     
   354.02377077921193     
   359.59765036606126     
   365.42639867784709     
   366.74848353405184     
   366.64066929733775     
   367.39142909526538     
   366.78349484270439     
   364.47773730095383     
   359.42064508363859     
   354.07095372825745     
   350.22899952571623     
   347.74043435906663     
   345.93551387078003     
   344.22996991543386     
   343.29327767805296     
   342.46490183876193     
   341.63328475422236     
   340.52862195654137     
   339.18215508277115     
   338.97354856661093     
   338.20163704623280     
   336.42859740806432     
   336.19335904006738     
   335.19046388744306     
   334.54012257797029     
   334.37952081329217     
   333.81093764505653     
   333.20221094990052     
   333.13127167620280     
   332.72902814845969     
   332.10058205906631     
   330.62030552997197     
   329.95350477068320     
   329.23732551530804     
   327.65980752169946     
   328.01252836515454     
   328.07305717459820     
   328.88682091434339     
   328.81708068049397     
   328.32710968852251     
   328.54665738667404     
   329.66505902724043     
   330.88270839943988     
   332.84793298588471     
   335.75574340946127     
   338.70379602081442     
   340.95843151006551     
   342.45731857694005     
   344.03528490890858     
   346.65773708549915     
   348.33138859929164     
   349.55478827054151     
   350.50479840906434     
   351.31089827033566     
   351.88108407307948     
   352.35541180596891     
   352.95035231594642     
   353.37942298827824     
   353.97425848330147     
   354.49702438593710     
   355.13033981746099     
   355.48220486122136     
   356.01892704636560     
   356.83699862069676     
   357.51993130355851     
   358.41699554182333     
   358.83437121934810     
   358.97322259153088     
   358.86153289854616     
   358.70249471605041     
   358.38165525384971     
   358.03279743320832     
   357.99955951292418     
   358.42024798046384     
   359.09503123362634     
   359.46728958987603     
   358.87729916090734     
   357.35911705383347     
   356.83733829960926     
   357.03283265682626     
   356.40184926967487     
   354.90880102077580     
   353.34518480334117     
   351.31003939628300     
   349.33890205672503     
   347.04268470202373     
   343.88060675386077     
   341.11332680587822     
   339.55357916106448     
   338.96699746862464     
   339.74607475844704     
   342.69236752316709     
   348.35151122471365     
   347.86095563715554     
   352.85536928618723     
   360.65545724015237     
   363.93805613886167     
   362.18428254506597     
   361.16662788130071     
   368.43599136638062     
   369.59568329821235     
   367.17658219416410     
   365.54875093548742     
   364.38919258394230     
   362.37228059784729     
   361.72831816536683     
   361.22578060920728     
   361.60894412864417     
   361.25671051073806     
   360.79770103825894     
   361.90461735174370     
   362.17532704434274     
   362.00314484769081     
   362.47706080614336     
   362.71964471234594     
   362.97958288116291     
   362.95988172510937     
   363.23667789059294     
   363.10250532234517     
   362.16268159376324     
   360.18076654153305     
   357.65199591022355     
   356.44637866341583     
   355.86626006087971     
   355.66698080734443     
   355.54652953554785     
   354.32891831829357     
   354.72045165424981     
   354.50172166720949     
   351.80714452018441     
   351.03810253530139     
   351.39119945337330     
   351.29371650883144     
   352.07632686253919     
   351.92108989006243     
   351.93163604306903     
   351.67713480103373     
   351.40414332157775     
   352.44914402574062     
   354.33954099690902     
   354.54238957505760     
   354.40569496039939     
   355.35293975855933     
   360.05147917180176     
   364.75562759912128     
   369.43150236508427     
   363.86044888267224     
   362.89867004594902     
   362.00903352368169     
   360.68125280972276     
   361.08438069517251     
   358.76444350569136     
   356.46936974510237     
   354.87545930437341     
   353.88322976523654     
   353.01848434266651     
   353.10199766206745     
   352.97704110428242     
   352.31392595761736     
   351.10868730007803     
   349.85732261522702     
   348.78987324784691     
   348.27142826408033     
   347.55117317254110     
   347.36447932686775     
   347.83449644274134     
   348.26673592622387     
   348.41682919686093     
   348.24883002085465     
   348.10861050577773     
   348.04531468745648     
   348.12151282885532     
   347.92516736186349     
   347.40986141188910     
   347.01118282823580     
   346.72115356021828     
   346.32577534255410     
   345.74525017397991     
   345.19326684624775     
   344.91351915046857     
   344.81696056789525     
   344.96711030214323     
   344.88355873223537     
   345.43736446703468     
   345.13812029623699     
   345.80716622988456     
   346.67035169654736     
   348.41872160135290     
   349.48982476414920     
   350.41860459489601     
   351.15445573463040     
   351.59294886346140     
   352.22607287704710     
   355.06150270427088     
   353.34147680114370     
   352.38696837619307     
   353.29093999134460     
   353.69207650073724     
   351.47881783573155     
   351.34183442337775     
   350.44970385938996     
   350.10725027428293     
   349.61391346096957     
   349.32584510490426     
   349.20397281210870     
   348.18060714429066     
   344.38280070758475     
   344.76219503094967     
   341.56184192370233     
   340.24431625228226     
   341.34422862962032     
   342.70812025015891     
   343.85610175945163     
   344.21087517219945     
   343.54534674217160     
   343.49442570062860     
   341.99399437837297     
   341.81974715005441     
   342.69691939817892     
   342.93691317140122     
   342.87443241276503     
   342.65697781270256     
   342.59055156573720     
   342.48751426858780     
   342.23363905550735     
   341.99959147542984     
   341.63689515872778     
   341.43158646313191     
   341.33076144793966     
   341.15357188843956     
   341.34908330121425     
   341.20783131812351     
   340.95851074880915     
   340.81508117138111     
   341.08745098689286     
   341.35495045278617     
   342.07591540474948     
   343.08015393756870     
   342.54519414849108     
   344.80147289346849     
   345.73588591434657     
   347.31013072668856     
   348.80126542688942     
   347.95985883245481     
   347.60244048368668     
   347.75759613788682     
   347.79403721971084     
   345.81637255019797     
   344.28240246371877     
   343.11945458031892     
   342.14723191622954     
   341.43905126370794     
   340.75356049203748     
   340.30471589169372     
   339.17061746571164     
   336.62295468760556     
   333.80651029677421     
   334.12972457275686     
   334.83237061559225     
   334.48067023587186     
   333.95924111440269     
   330.10452318592905     
   326.90288580378626     
   324.36313090603477     
   322.29205695868393     
   320.67133039678669     
   319.40545821161908     
   318.45357572388434     
   317.88818700984785     
   317.87048634995989     
   317.63580576523373     
   317.29418566646501     
   320.90438569477567     
   322.53069851549066     
   322.40635620939452     
   323.39667288081677     
   323.90247380810041     
   322.78725121698392     
   320.03345377610998     
   318.43320725484182     
   317.55774737270895     
   316.61670663183821     
   316.79658464548044     
   319.22483992567629     
   323.91541741538470     
   326.65598271275377     
   332.71332145447661     
   337.09280308147038     
   341.10892212691357     
   344.27394822291728     
   346.68095886310886     
   348.04540546921214     
   349.14045927765528     
   349.22710255144676     
   346.66310608601708     
   342.40372760659579     
   338.34071850797113     
   334.45431520837838     
   331.86489105647121     
   329.43685977658350     
   326.97767571518938     
   324.68094280435736     
   322.25545059899542     
   320.68318433090764     
   319.09788106308639     
   317.67310038768750     
   316.39706109372122     
   315.13462781988375     
   314.04187109908196     
   313.09518990886693     
   313.28639735894296     
   313.52030224522730     
   313.28163910341561     
   313.17018957074822     
   313.29736221376152     
   313.48750761277631     
   313.81782842298065     
   313.42546085315206     
   313.12094157896155     
   313.39014770943447     
   313.20800787188597     
   312.12573126104081     
   311.09268669221603     
   309.96313676023567     
   312.72843752721343     
   313.78701501533595     
   314.93743715405753     
   315.77577196472436     
   316.57080974485154     
   317.17762403879351     
   318.89904764975915     
   320.58233623882762     
   323.58995422683950     
   324.29968812552562     
   329.34166285073377     
   333.74638797515223     
   339.04534214306921     
   340.81783198976257     
   340.29491418290741     
   341.57392898074789     
   341.14687260973693     
   342.39567048942877     
   341.79887043881996     
   339.01961534343303     
   336.42003298319781     
   332.86683924301070     
   330.38649868573856     
   328.25959498621944     
   326.38735514455425     
   325.12713166019023     
   324.36379264082592     
   323.94910341242570     
   322.09175991700437     
   320.96768283494089     
   319.97422409152125     
   319.61934444985354     
   319.08262795779410     
   318.71519939003713     
   317.98762669702307     
   317.55702530420990     
   317.27947226428086     
   317.47418302340805     
   316.84494573891260     
   315.73615005691551     
   314.31063323077149     
   313.70265450196973     
   313.24524131786296     
   312.75137742823875     
   312.76575898656984     
   313.54807623417474     
   313.90332227643887     
   313.03301220168737     
   313.00153721393463     
   313.21152483448964     
   314.17499306343643     
   314.97596147196776     
   315.67905540808772     
   316.15394601979818     
   319.46927501653755     
   324.08611811871197     
   327.06753023577284     
   324.17797162333579     
   328.96917898959254     
   337.28576435777512     
   345.52214359398056     
   345.92714068819890     
   345.31907033655489     
   345.56318044074732     
   349.23421107485171     
   345.95013441548707     
   345.06895769940513     
   342.20983809267562     
   338.81915705136737     
   333.65169820562988     
   331.01439048469035     
   328.56253793963987     
   326.80323091430176     
   325.99244878007761     
   324.84230760944610     
   323.40894027040241     
   322.14447473466998     
   321.77227785273050     
   321.85427651325091     
   321.74216694297257     
   320.30001826837298     
   317.74219200725719     
   316.22109091522594     
   315.25330368268868     
   314.19949458863107     
   313.74950671311979     
   313.99197961440308     
   313.50540106456805     
   312.08924224698063     
   311.14092485816121     
   310.38638280396566     
   309.33069234968616     
   308.48130837440215     
   308.03109822913916     
   307.81441609581645     
   307.08426792047948     
   306.88391637364714     
   306.64980479515276     
   305.84000692686209     
   305.44005333831740     
   306.69199154242398     
   309.93344038393127     
   313.15086624889460     
   314.77525830246003     
   315.23316329637800     
   318.08074598580640     
   325.71837004779110     
   330.04462836162429     
   339.53483336348097     
   344.49490765656464     
   343.81857768147211     
   340.49285570158980     
   344.48931766145296     
   344.47029249420672     
   342.40306223962273     
   338.45506695368147     
   335.83921613464776     
   333.69756824612773     
   332.87230494109190     
   333.47236956812560     
   333.69247971971868     
   333.58929605137882     
   333.13713771012084     
   333.10260226022831     
   333.22496487017332     
   333.28689406271013     
   333.12739997525131     
   333.04204825400836     
   333.07820968016841     
   332.93237266903913     
   332.87133274224806     
   333.27345524810522     
   333.94657541315075     
   334.89822283931545     
   336.09220359115795     
   338.34565344830895     
   340.62062165795737     
   342.20419156522905     
   345.21485031179628     
   346.66246252721947     
   348.02097094565198     
   350.05493785906202     
   352.08754671699353     
   353.86075308487608     
   355.85599274284067     
   356.31482972518228     
   356.57953029682392     
   358.08366147547906     
   358.18464582362088     
   356.44957363853644     
   358.06557863355039     
   357.78922086191199     
   357.12478723087503     
   358.90176271913305     
   358.27837881782233     
   355.62488118325928     
   355.69869392634274     
   355.64084954766065     
   355.67344588487691     
   356.31982710228834     
   358.92191019275003     
   357.87466976648983     
   353.51688804455534     
   353.06602226179172     
   347.92440892661580     
   344.58087135405270     
   341.94652713356857     
   341.47064309932199     
   340.89519980057122     
   338.86628925755508     
   336.51024272563552     
   334.34301651631495     
   332.81659924715234     
   331.65731687459413     
   330.43110453391682     
   329.09574634183747     
   328.04785991239100     
   326.58942229364374     
   325.67934136574365     
   325.52218836241843     
   326.31478789045764     
   326.17175975286216     
   325.15866107757665     
   324.52164800253411     
   324.86376453131373     
   324.26265818069976     
   323.56260462848661     
   322.57626736924163     
   321.81844266972962     
   321.34133784729516     
   320.66800149320466     
   320.40181694221968     
   321.48764128784069     
   322.53859639250510     
   323.61010229884624     
   323.55234762832225     
   323.50918347728390     
   323.86808512611225     
   324.47641292009212     
   328.10384796178994     
   332.21121188671452     
   336.68019288868601     
   339.71185799062255     
   344.93684810736983     
   349.32057486114741     
   350.08454050225060     
   351.66790006238051     
   351.68360592405003     
   353.46449485128426     
   353.45952970383081     
   354.50320658362153     
   351.65267523089682     
   345.00502958108598     
   339.34081104462473     
   335.89426018109430     
   333.33497786923220     
   331.31085327069741     
   329.16643018027690     
   327.17781565382813     
   325.87701766133387     
   324.32546312644553     
   323.28684253339577     
   322.15272463765996     
   321.65225582515427     
   321.57306105168573     
   321.05995591465802     
   320.21254631171638     
   320.48901530645992     
   320.53587243535725     
   320.05679300428824     
   319.77960901353009     
   318.88246168930374     
   321.50716030573784     
   321.77012447919697     
   322.71477059584220     
   322.63621291985567     
   322.80704204437660     
   322.60037564587134     
   323.92262444080660     
   324.44588257970724     
   324.90523205895960     
   325.29966736116131     
   325.90117495961789     
   326.37404989338381     
   327.09375375238352     
   327.67334285993962     
   327.91905746744658     
   327.94499511081193     
   328.11164663477251     
   332.44785273654031     
   337.39593386761760     
   339.66227762823348     
   341.09193703216840     
   340.72334372222286     
   340.97896698993378     
   341.81297727022144     
   342.13143287498826     
   343.04572263571669     
   344.01493027822573     
   338.80565564334461     
   334.77698574286933     
   330.78059928555911     
   328.25987027685255     
   326.25729552182781     
   324.77201142832763     
   323.33141858826053     
   321.39929892853365     
   319.75357725207198     
   317.84700424676174     
   316.50612299979912     
   315.56999073885606     
   314.42757058944204     
   313.59984498561255     
   312.33981604134419     
   311.50333769177951     
   310.92632066577278     
   310.23331211746239     
   308.93013257619083     
   307.78436811043565     
   306.60094385509302     
   305.79994960538210     
   305.64464359895180     
   304.51471560987687     
   303.09960538175937     
   302.66745433723776     
   302.51150314003729     
   302.65436736677441     
   302.94178418803392     
   303.39551798686711     
   303.68044983565045     
   304.72460681751932     
   304.95327566685802     
   304.84213200986994     
   305.58260351502798     
   306.81140121336233     
   308.74497799520657     
   311.94070654141814     
   316.10511624433059     
   319.05790309493085     
   322.43341340979578     
   324.00756099313242     
   325.20431516719418     
   326.36809254755934     
   327.73855508496763     
   327.68598396267339     
   328.00994797278861     
   328.24187370853008     
   328.34227732496419     
   328.48459833804407     
   328.02170724897746     
   329.33877625252308     
   330.70728708958734     
   331.35725064400640     
   332.21919458759601     
   332.75924621344058     
   333.76718419396724     
   334.42400887142009     
   335.42152042234670     
   336.10384016591286     
   336.49444151967901     
   336.28339904756564     
   336.43634192429050     
   336.75133834143270     
   336.99235569313714     
   337.18469382455697     
   335.55084567744825     
   332.83418650802906     
   333.61092967801750     
   332.46643433386708     
   330.03182198477941     
   326.45953926255822     
   325.14258643781841     
   324.73365339136689     
   325.60773843214628     
   327.45166816816339     
   328.12011556835648     
   328.21605992325112     
   326.12464139529959     
   324.31440695618954     
   323.31723218930296     
   324.78988760005717     
   326.59609646409359     
   328.42093307116949     
   330.06014580835841     
   331.80057061422536     
   333.29434206295389     
   336.62566368170167     
   341.72213987832373     
   343.52824668738197     
   344.29572251193463     
   344.66394909617605     
   343.43100482021072     
   342.43942141871304     
   341.50724130790661     
   342.46306557636950     
   344.54138905681782     
   342.16567101514329     
   338.85521303121061     
   338.48050337153882     
   336.99686368342975     
   336.34161456512942     
   337.30651067367353     
   337.93036426207601     
   337.42037768716011     
   337.81636467357049     
   338.76093337289785     
   339.26912764571830     
   339.46870269855384     
   339.68710280437290     
   339.73115014553218     
   339.43031218853633     
   339.15607623989706     
   338.76072594732187     
   338.49722634396886     
   338.08195125778616     
   337.73287861699305     
   337.54806164560489     
   337.10453894648879     
   336.77517565167528     
   336.27256551089567     
   335.38308987937813     
   334.93294184653701     
   334.50899591124636     
   333.25065249047020     
   329.71732919316696     
   327.14805666270769     
   325.37470025068245     
   323.32974336029690     
   322.23691415538872     
   321.62625885267164     
   321.26976221662704     
   322.12286857732374     
   325.86407367724860     
   326.01155486020900     
   331.11075254487770     
   332.75119923405128     
   338.64458239107654     
   344.67619479800550     
   348.59217403928932     
   351.14653633992509     
   352.10595460905921     
   351.81807604624203     
   350.71501914361579     
   348.34938758657222     
   344.45202241785483     
   339.69294848371351     
   336.26481201211095     
   333.89806046834173     
   332.03782465013614     
   330.47649274548633     
   329.00666257767818     
   328.19985250723965     
   327.06541565755560     
   326.37291212250324     
   325.27853786734892     
   325.63918819126502     
   328.02229491507137     
   330.03691957672879     
   330.60065861693681     
   330.27279810747160     
   330.10549626265151     
   329.87938984624446     
   329.70177137175210     
   332.24296567699770     
   335.55528705346853     
   338.95306935288039     
   341.08032587457052     
   342.23750072527497     
   342.98913359505457     
   343.36772095574048     
   343.87445234447762     
   344.13396523090876     
   344.17078133116974     
   344.36855020761021     
   345.38651432888850     
   345.36083654035048     
   345.54491273114172     
   345.43574504316518     
   345.09471090640767     
   345.48336906976976     
   346.04052773802181     
   346.69220496812454     
   348.89644354088887     
   350.86594484061743     
   351.16183219866355     
   355.55766261934639     
   359.89999335237445     
   359.00110049789322     
   360.73134158029217     
   357.80676803073339     
   356.89461296279654     
   355.87827736515271     
   354.67595735902523     
   352.81017819139225     
   349.86209094434463     
   345.82588240651700     
   343.28397256783853     
   344.01090188719917     
   345.03922910787355     
   345.43076220394806     
   341.67376430721555     
   338.39162072242897     
   336.45719690040517     
   334.95282232861734     
   333.69610266062409     
   332.70471879394233     
   331.46097845685523     
   332.55932475737029     
   332.36720127313407     
   331.30641998615550     
   329.53517160178779     
   328.71972649055994     
   328.94430900913972     
   328.62592399032121     
   327.70044322460666     
   326.68118006172983     
   325.54341693903797     
   324.23424202256319     
   323.03788725979570     
   322.75241396016730     
   322.71352000578020     
   322.17445115241725     
   321.81686857393356     
   320.88885324541008     
   320.48096855288816     
   320.48644860416357     
   321.09078483879898     
   323.02002229513710     
   326.34102239112610     
   330.13017204631490     
   333.82931919910141     
   337.03634792334003     
   339.97871550326988     
   342.20483937246752     
   342.74053269814863     
   343.49179658833930     
   344.06101414414189     
   340.65590748860171     
   337.11887434916781     
   340.56789386452215     
   337.19217189847217     
   332.11426165975354     
   329.04451635456189     
   326.95619281307717     
   325.28729913761299     
   323.66372262886750     
   322.25476291352010     
   321.18497999671052     
   320.18019719093570     
   318.47953695935797     
   317.00599720885981     
   316.00394245065087     
   315.31276696745516     
   315.13853165295666     
   314.23194951202737     
   313.17149887811365     
   311.90554408552038     
   310.78681922890394     
   310.18280575097953     
   311.87063507777708     
   314.81555813068712     
   314.32723752720460     
   312.30210498344582     
   311.12510813902736     
   310.45853943565851     
   309.49903341880355     
   308.85218600913356     
   307.54954390913355     
   307.11028805243109     
   307.10069594191339     
   307.48067530706743     
   306.34254063531989     
   305.78297845483019     
   306.06270023255308     
   309.56111492973474     
   312.73630186311578     
   314.13761278200650     
   315.57370923277347     
   317.09471754374800     
   318.88929683127299     
   320.13173131296679     
   321.32829741810889     
   321.59856947437004     
   322.47360484438468     
   321.70527501458179     
   322.03064230718832     
   320.81261759030622     
   319.46532927698854     
   317.67891633288883     
   316.34616885037076     
   315.83957600259009     
   315.35948839384724     
   314.50515603571802     
   313.78550160254207     
   312.67684437477214     
   311.93117331695635     
   311.24518342444560     
   310.56334909219532     
   309.83716465715469     
   309.32237669114227     
   308.97714746444575     
   307.69960043199796     
   307.09166243156523     
   305.91633527579791     
   304.82210258892377     
   304.14716059971090     
   304.04548554986587     
   303.41126718343173     
   302.75165715995644     
   302.56007329135241     
   301.77777087767561     
   302.71456694996471     
   302.44722747428335     
   299.78219215487434     
   300.66937609521199     
   300.84766974798828     
   300.34875086858654     
   299.54348746863519     
   299.95221334969722     
   300.25936741846567     
   300.87155347436163     
   300.86304957114419     
   301.67088915595900     
   301.31777256187274     
   302.93547154221818     
   305.31803417390466     
   307.56643890158080     
   309.13205416313713     
   309.96892502841962     
   311.06118205495693     
   311.64326998272207     
   312.40613804596774     
   314.78229685153781     
   318.89495201152863     
   327.07990831148419     
   326.24784591086382     
   322.90924236160885     
   321.10052289655312     
   319.92764325031163     
   318.61535921096902     
   317.26637971250216     
   316.16500166632807     
   314.90408727706074     
   313.96920103855518     
   312.98633576621052     
   311.78253274745515     
   311.17989429213577     
   310.75080050896776     
   310.41074699137101     
   310.09692288483927     
   309.66447127498878     
   308.81146849754811     
   308.52459761662800     
   306.83261883072799     
   306.11946269979165     
   305.59907179070314     
   304.60994499709813     
   303.98015448903277     
   302.97919151998440     
   302.52854385256546     
   302.15630970661198     
   300.81363491338499     
   299.40867532579017     
   298.17569887607414     
   297.47673208118096     
   296.94667974180737     
   297.09012044429352     
   297.02537946680798     
   296.98527631801721     
   297.10876501980414     
   299.81393378600308     
   301.87502945299917     
   304.43388274732007     
   306.77837784166752     
   308.74301494276028     
   310.58166845662930     
   311.99806856266298     
   313.71296036014456     
   314.59260689176858     
   315.30813764161360     
   315.79302680054246     
   316.53077319258688     
   316.68826991818531     
   316.33468602179113     
   315.65856558616179     
   314.53220928134726     
   313.34685615975508     
   314.09387801219646     
   314.36076766994029     
   313.99243245491385     
   313.55101380116957     
   314.04586287284627     
   313.77977723124962     
   314.12127890353503     
   314.17246698325658     
   314.51672403335158     
   314.92184072663440     
   315.20692322243150     
   315.47761324554199     
   315.64341050286248     
   315.74816022970765     
   316.20130108820280     
   316.51951162751925     
   316.83490002579219     
   317.33783033382616     
   317.88500040029516     
   318.48615221785292     
   319.23271234097649     
   320.44375459137251     
   321.65122463174413     
   322.87436971520464     
   324.28227495146109     
   325.68942326613336     
   327.12383984163523     
   329.21398157658047     
   331.12992675821920     
   333.55534401613784     
   336.10970063543340     
   337.58253720261990     
   338.40379915005781     
   339.64771862176906     
   341.22280633291228     
   342.97010174683857     
   344.83173860003922     
   346.71050779776732     
   349.97111197678714     
   352.71361476943730     
   355.69571040342288     
   356.04940191134699     
   355.82235303329492     
   355.12644932211043     
   355.61598443717969     
   354.65418765395339     
   352.10480229455987     
   349.04450155160112     
   348.13570135140856     
   349.10289984953027     
   348.98826462763350     
   348.28124510790326     
   346.83223250244254     
   345.70814123747908     
   346.01802080724366     
   344.89563966236119     
   343.49889610598115     
   341.97652126192111     
   340.84947709260013     
   340.81258991518757     
   341.15642992265293     
   340.98971334321106     
   340.64232480520070     
   341.41678126100032     
   340.90110952617124     
   341.25676897488529     
   341.13590727858502     
   341.22716787444818     
   342.83898383637700     
   342.91572072387811     
   341.66432272070426     
   342.57961828903518     
   343.00950749171079     
   345.20410503944555     
   344.14205601174359     
   342.78749985710300     
   341.86982096088042     
   341.60502585534419     
   342.05473757005979     
   342.16177176801943     
   343.38795169748869     
   346.24048241595676     
   349.84174653343797     
   353.80994224939553     
   356.41683459961200     
   361.13416118123166     
   362.94665315354536     
   362.20267230267541     
   365.53138497317480     
   360.41553431615063     
   358.19016219091645     
   358.58301368429056     
   358.11097435908550     
   355.84818867467686     
   353.09890960202551     
   350.18855271867847     
   350.33031136807949     
   350.99086379419521     
   350.87299806040085     
   349.05978060764136     
   346.96288613221691     
   347.30798905536227     
   346.38559847101607     
   345.88758632493443     
   346.31515220474239     
   346.73225712722638     
   345.96242583393803     
   343.98473663207892     
   341.54024572778764     
   340.39448372093625     
   339.75713140451893     
   339.82981978450340     
   339.28552199282115     
   338.88610987111014     
   338.00128243141182     
   337.96339941350323     
   340.23404027560491     
   339.05356339988367     
   337.85908596978658     
   336.43418204289259     
   335.50622275906233     
   335.69572465377388     
   334.90035439043726     
   337.30602906296616     
   339.01770548311362     
   340.13282763534386     
   340.05475540859481     
   340.94649518184360     
   340.95808580560930     
   340.26185995690059     
   343.05050019415586     
   350.75063968998637     
   354.79243176868152     
   357.85399858361620     
   360.44932666464831     
   363.05303427920342     
   364.80921784198472     
   361.97253076158790     
   359.95828597011774     
   360.26537189046610     
   360.70089110931764     
   357.11832099348857     
   350.73245274629068     
   346.52493125670878     
   345.26092015442759     
   344.60646568744141     
   344.74991580957254     
   344.45274512615367     
   344.87008023192703     
   346.28425461143570     
   345.82777634321968     
   344.94571773152114     
   344.03659251921812     
   343.10075065452241     
   342.97286553830514     
   343.14932734213141     
   343.46181790644698     
   346.24473994794073     
   344.03440220693579     
   341.70280147828760     
   342.67223214071862     
   341.43590987520889     
   339.53757879243426     
   338.79996788499102     
   340.65002923585547     
   343.18493774657395     
   341.06603144209367     
   339.84691351568830     
   339.37900374215258     
   337.72805507967450     
   337.86650609101036     
   341.06955497143389     
   341.53857262035723     
   340.63131407654981     
   338.43562004487342     
   337.02621318788891     
   337.34709598770581     
   340.36867166786084     
   344.89472743119671     
   348.50457366417527     
   349.64904384653795     
   352.75499350774720     
   357.19421638957618     
   359.22570707942822     
   362.19431148695611     
   360.22671149265238     
   358.22530552071453     
   357.31618700974622     
   355.05611497625853     
   352.11123647541120     
   348.76104849205893     
   348.18562338960447     
   348.01227357755761     
   349.15787528230447     
   347.89572842556572     
   345.20914100187213     
   344.59459863125556     
   342.92050213946061     
   341.78928740836915     
   342.81642422305055     
   342.34437563915293     
   341.15560304647357     
   340.45980621839550     
   338.78486006177553     
   340.38000921323970     
   340.42884969178567     
   343.10042706176671     
   343.09201702853881     
   343.06871369534173     
   343.13860202725692     
   342.47068609043350     
   342.90262065404130     
   341.91439049223305     
   343.34931912839994     
   343.08958946055202     
   341.00992502966187     
   340.61029365056407     
   338.46602207771900     
   336.45512984282817     
   336.33038027426238     
   334.46443333275039     
   336.96998639392433     
   334.17969149972276     
   332.24001077283464     
   332.83234719354408     
   334.12767906768960     
   340.61930490230691     
   345.34945056475522     
   349.82517937329965     
   354.02093178375173     
   355.84244412572826     
   357.38819782101086     
   359.00496352302315     
   359.78358908919733     
   358.95633404845580     
   356.90015123447677     
   351.77492519524685     
   347.80351613877514     
   344.89402446173989     
   342.43962002494271     
   340.11983604344670     
   338.67033745796175     
   336.93171467735630     
   335.23234798430661     
   334.68516055493870     
   333.37041846621531     
   331.84074789779703     
   330.13444242903682     
   328.57720654227205     
   328.59477277355978     
   329.46007206901999     
   329.27542879084052     
   328.71072472572223     
   328.12908676210958     
   328.27256781656905     
   328.33605901186445     
   328.50173596676632     
   328.85047013754098     
   328.95396219215877     
   329.05701893732771     
   328.75801993767340     
   328.66482700851674     
   329.19480584567071     
   329.61890830011845     
   329.88967266560337     
   330.51920778894959     
   331.43443860259765     
   332.79587759004306     
   333.63707871172926     
   334.61916610163735     
   335.74293431323468     
   337.67397677155583     
   339.20416827081749     
   340.12216291168619     
   341.38065394877873     
   342.67741730493049     
   343.58003782392404     
   344.74263996270679     
   346.11711484211008     
   347.01204344824737     
   348.15214096098987     
   348.89511998250197     
   348.73523316226550     
   347.80931507684113     
   347.09217945556475     
   346.41808580917905     
   345.82129500921775     
   345.69641540104345     
   345.77563584401008     
   345.89803810186271     
   346.12449635995176     
   346.30966556052624     
   347.11215869722980     
   347.97219948182237     
   348.68879938443223     
   349.30622948274981     
   349.75199308966978     
   350.00410924095689     
   349.95332637847559     
   350.03107174368211     
   350.29050174519546     
   350.30688725120484     
   350.32201053097140     
   350.45411512733511     
   350.76712304865475     
   350.92183796484443     
   351.15285377067818     
   351.50728451318332     
   351.90399314996449     
   352.17514526619829     
   352.62159743676443     
   353.12373125980196     
   353.41417276012504     
   353.90252800286783     
   354.67869594967118     
   356.23097249367936     
   356.74601466263471     
   356.98175115864211     
   357.29897356664969     
   357.56626882435262     
   358.28075883229531     
   360.58903247731058     
   363.53279162404402     
   365.23176962962708     
   365.45482244934982     
   366.11712148447322     
   366.49843548200357     
   365.79991814652379     
   365.32528498700344     
   365.00429473480057     
   364.77216684782809     
   364.15639228337875     
   363.89144968303668     
   364.06329874601187     
   363.53637512360638     
   361.54417570753947     
   359.92361408463580     
   358.75153296638922     
   357.67840944289264     
   354.88834396280328     
   352.85742767202066     
   353.15223525498351     
   351.76317955214745     
   350.16558722881450     
   349.34671696717248     
   350.63165127369723     
   352.28910368289917     
   352.55555623118960     
   352.26302258951927     
   351.98856095438271     
   350.61750850199780     
   350.88503338162917     
   353.39173676443323     
   353.71323087921689     
   353.47785824260950     
   353.43117659974592     
   353.10939107846906     
   352.73613799394639     
   352.65472367662568     
   352.84170515919459     
   352.40184654738567     
   351.53417064643691     
   350.58257418539796     
   350.60132926599022     
   349.56284945105847     
   348.76725170779093     
   348.67828802557898     
   347.81428327095671     
   348.49502077805306     
   351.85133684572406     
   356.71608612833467     
   363.53098850788399     
   368.12878915398494     
   371.74076580972758     
   365.39513692763217     
   365.50245708296740     
   365.93610231538690     
   368.15358298998751     
   367.89990021864014     
   362.97714779443703     
   358.77668530684434     
   356.48377602143950     
   355.39274134779197     
   355.54783561914087     
   355.15268807052558     
   352.62035701389499     
   352.64156211407862     
   352.57608211674494     
   353.22396204929476     
   351.61024462372183     
   349.97584572166238     
   348.48663541052304     
   347.57850194132345     
   347.62809254663034     
   347.72779818506314     
   347.84049696741266     
   348.40062985725950     
   348.89953972020987     
   349.78562639776339     
   351.32541115781390     
   353.28969236202948     
   354.11653591287660     
   354.08733316584244     
   353.74079012726270     
   353.49726854243988     
   353.14321048793397     
   352.65204311124910     
   352.39377598337546     
   352.33064890502845     
   352.70766134929863     
   353.34468419108543     
   354.16610571708344     
   354.69179027651580     
   355.06880895894301     
   355.77084202107471     
   356.60307933745537     
   357.60985938462721     
   359.21396559564181     
   361.80777285340787     
   364.69393634624168     
   367.86425393730616     
   370.47808581017654     
   374.42727685079325     
   376.14319443409863     
   376.49883936442382     
   376.95410445342065     
   377.81779268872930     
   377.85542827780210     
   377.57420182677407     
   377.42762952784392     
   377.38485890959419     
   377.54454290932563     
   377.87722581165116     
   377.63103386203176     
   377.32058501532225     
   376.76441819953709     
   376.43726914999530     
   376.33491612730353     
   376.45356573503892     
   376.33806049115447     
   376.34519792422003     
   376.38339407670350     
   376.02045968827076     
   375.82236747923599     
   375.68385809794273     
   375.98174791710261     
   376.20624095944129     
   376.45099610722252     
   376.63253775180135     
   376.98423562418287     
   377.03805400733290     
   377.02415877821107     
   377.04875984542417     
   376.82793539228584     
   376.43416634077670     
   375.61569565818138     
   374.76369475394449     
   373.11830271535791     
   372.37431763678700     
   370.13222525164497     
   367.20227889880795     
   367.33681352807616     
   366.30177284905392     
   365.71777491625636     
   365.56669063974948     
   364.52248371868427     
   364.33361489785045     
   366.75423830398989     
   368.73601663101982     
   370.92982200671491     
   372.70115793308105     
   369.88635463682351     
   369.41945535953744     
   368.73690244793460     
   367.58663367068812     
   365.37069829799219     
   363.98780026968910     
   363.18109849691336     
   362.34143435797392     
   362.13070289328118     
   361.41673360218130     
   360.06461371100835     
   359.81750920835987     
   358.84270573491438     
   358.80140567545800     
   358.00134892078796     
   357.68642576406245     
   357.30780138494742     
   356.99513687196645     
   356.32238913489118     
   355.50920425101168     
   355.34256587175986     
   355.59678050554749     
   354.84557100334729     
   354.43923626555016     
   354.71466030561550     
   354.80113903869056     
   355.35379665515228     
   355.42369555892952     
   355.84785323910671     
   356.40245042156988     
   356.55885416854875     
   356.49686819684939     
   356.26726000231565     
   355.86859590417623     
   355.20951040084958     
   354.67359544766668     
   354.57384493571300     
   353.78327202948060     
   353.33107382121153     
   353.42457589244327     
   354.67333640527266     
   359.92570395729348     
   366.77836723957773     
   370.01904459440232     
   371.65798948130015     
   372.20779274825605     
   371.77229404685357     
   371.84626936534255     
   368.62229448358806     
   364.19730551193106     
   361.87601768882740     
   360.85448458736448     
   360.97106215268099     
   359.96131923792956     
   359.14862948469141     
   358.92774579234538     
   358.40051444563142     
   357.44958207096391     
   357.29922418211680     
   356.83558707832077     
   355.52406537929483     
   355.75105585138698     
   355.99040687438298     
   356.53886771770482     
   356.93292561432082     
   357.02476368567608     
   356.99322282738302     
   356.71825944394129     
   355.95165287067243     
   355.66869878089807     
   355.23229380055665     
   354.42603235720037     
   352.87470944621219     
   352.46895494564376     
   349.16301026329279     
   348.61930925718684     
   348.05188394871351     
   348.47424642268248     
   349.00623883738587     
   347.79612487936180     
   346.81639690381604     
   347.60186741220622     
   348.08364875616502     
   347.14536778605850     
   346.80762165335739     
   349.17498800370731     
   349.29314839335365     
   350.33111975806901     
   351.30952734848807     
   350.95696282187828     
   351.31485097836401     
   352.96977390740750     
   356.10817213463395     
   356.80601517855632     
   357.87171761668111     
   358.04251710921221     
   358.91151076604814     
   358.97054004574267     
   363.25486646830626     
   367.72136977426658     
   362.84040243500471     
   359.58628349612485     
   357.12723046978982     
   354.25303152009280     
   353.08540229847119     
   353.65774155932701     
   353.41790633712526     
   353.00259779216242     
   352.17036597000248     
   351.53443119340136     
   348.47831647492535     
   344.37662723795358     
   342.90751436874672     
   342.61438961621991     
   341.26293150142118     
   340.40216277540043     
   341.62912274093139     
   341.81941123728217     
   344.55287548713170     
   345.38611313613762     
   345.12433937124803     
   343.97235017961629     
   343.80054697261329     
   343.69958508656231     
   342.80440297247037     
   341.60302984204304     
   340.77631226738430     
   339.83768117210201     
   339.44010322455449     
   339.92814694322306     
   340.72789518928857     
   340.77249249464052     
   340.82007372105846     
   340.58798940512264     
   341.12079596150170     
   342.26318381202299     
   344.86736329924116     
   346.30271512607322     
   346.95320412824981     
   349.27948298855995     
   350.94240373968501     
   352.26056837905895     
   353.43785232351149     
   355.85077321218421     
   357.48174424035193     
   358.07546039941224     
   359.10296641207168     
   360.29354514261269     
   360.55872169964044     
   359.52360760436250     
   359.41640639989060     
   359.18805372527248     
   355.45703774093403     
   355.16173641256006     
   357.64012594382888     
   358.38196649830763     
   355.89495622874347     
   354.55922493119783     
   354.21177080421467     
   352.19581839587357     
   350.87202637176824     
   350.04155671490560     
   349.27477633565962     
   350.19630202854256     
   350.86417568714643     
   349.88337069282102     
   350.92558296607638     
   350.51588358892440     
   349.89837414959419     
   350.64161383686803     
   350.97161235432890     
   350.31147036325694     
   348.10129124639650     
   348.39571087463594     
   345.33517580224662     
   343.95780698050322     
   343.07734214174371     
   343.27026130655486     
   343.68045376609791     
   345.60540248523859     
   346.76309066371732     
   345.68931590375394     
   347.13106477210312     
   346.89427063913803     
   349.36122733618561     
   350.52828752382180     
   350.55134595149150     
   351.46233328910427     
   353.09589993420104     
   355.19909795692098     
   357.08286510180079     
   353.14248691877538     
   349.89774994679823     
   349.31953821701796     
   354.51469497651925     
   351.94843330976994     
   350.74420677738772     
   350.45498370105491     
   350.29252854836011     
   348.88377932755975     
   348.34650846334284     
   347.86412843925837     
   348.22695629648155     
   346.33230556403936     
   344.10271065363912     
   345.63654342475525     
   344.18468691818754     
   341.94426348067543     
   339.93170062725028     
   338.82877687477247     
   338.71274637370794     
   338.41520818344424     
   338.42609839209894     
   338.18622516541814     
   338.84445395831011     
   339.62393790316884     
   340.43786342988022     
   341.67134650996729     
   342.92847947914299     
   343.90980494647664     
   344.35117612947494     
   344.80652806928805     
   345.08501985182397     
   345.30748087147003     
   345.63897098764340     
   346.72433257431618     
   347.90105421882765     
   349.21778206923864     
   350.66970801777455     
   352.13445440012430     
   354.16026793949197     
   355.78085431935864     
   358.60020488295368     
   361.74989570951800     
   364.28139465354366     
   365.87418380386652     
   367.17196849308118     
   368.84266524457018     
   369.42544003964895     
   370.51359048257200     
   371.25680244557242     
   372.80837263864294     
   373.25948063647979     
   372.91903835060691     
   372.21863594394773     
   372.04956281821768     
   371.08228153218255     
   369.31751747201236     
   368.96300422275300     
   370.47009767330832     
   370.33056835853012     
   369.89641154472230     
   367.94982818287355     
   368.90837185103186     
   369.34969042876025     
   368.27766489544871     
   368.85700894991538     
   369.20522859592205     
   368.61301259081682     
   368.05806017550617     
   368.16541921214855     
   368.32376509949114     
   368.43972529308644     
   368.85515544357128     
   368.98231934206416     
   369.00205888568109     
   369.06769469218551     
   368.19044038872255     
   367.54874909329072     
   367.53762593964115     
   367.81466953604752     
   367.54036329494141     
   367.30370503783843     
   366.88325156613803     
   366.45760707072486     
   366.07760246369486     
   366.09164201795858     
   365.93378211161496     
   365.94326553695868     
   365.88982108066239     
   365.86894468177672     
   365.91299227577707     
   366.31568103343233     
   366.75956668942678     
   367.42638996924262     
   367.74121026370375     
   367.73322118782590     
   365.97535004159448     
   362.81558354229378     
   360.59222588559339     
   359.81970826817877     
   359.15052127993403     
   358.96312122859257     
   358.46645980861172     
   357.21462535604854     
   355.52791254001835     
   353.90528089484752     
   349.74257288494408     
   347.93585586909421     
   346.21172375302916     
   344.80245153661821     
   343.99353620839264     
   343.43200717114087     
   342.93627963076199     
   343.74613971811107     
   345.33184646082935     
   341.96587938531906     
   339.42199276464351     
   340.29038306538246     
   340.73850500048860     
   339.13420508406824     
   336.65328885382019     
   335.31022370850627     
   337.93597716619388     
   338.04745607294785     
   337.64470224191848     
   337.64898293804958     
   335.76988123296132     
   334.96018406725085     
   335.73190307057439     
   335.29814557281185     
   334.95265625843456     
   335.36569967982416     
   336.78121367898842     
   337.65799433185146     
   337.71244064116138     
   337.14997163756476     
   338.04116708172614     
   338.72089242970657     
   338.35892166588786     
   338.05148574096381     
   343.31337913837586     
   344.83917025999648     
   349.97816945811746     
   351.61729368497265     
   350.99866482660855     
   353.97028235534469     
   355.28176054994384     
   354.34156986874132     
   354.65558177251194     
   357.65821950915785     
   356.91410871427331     
   356.35725352513140     
   356.41284530344223     
   356.63394731442531     
   356.82356277813000     
   356.41857188073550     
   356.63669160617690     
   356.23327855901920     
   356.53005744782996     
   356.76083032193321     
   357.30019431125493     
   357.69579245746502     
   358.72673106064343     
   356.89441994423959     
   358.23407193160989     
   359.06950678336943     
   359.46136979736485     
   360.83973779640451     
   361.67523168133170     
   362.35797894684924     
   362.53748576309016     
   362.21337849238370     
   363.22007347572384     
   363.79024876415747     
   363.83811472689797     
   364.50013292200174     
   364.87845402431697     
   364.94751440526960     
   364.59917657839270     
   363.83601464657698     
   364.45030986947330     
   365.58691737676691     
   365.27619953111116     
   364.18091145121713     
   364.70227362290223     
   364.98002472287368     
   365.90662741930407     
   366.45683202985759     
   366.95934612677166     
   367.37558730040530     
   368.02130254065452     
   367.89270304111830     
   367.32575049651132     
   367.12426889694814     
   366.90838324504779     
   366.03270502419610     
   364.82082950728665     
   363.76916408927406     
   363.33660299893484     
   363.04498960385450     
   363.05583861127684     
   363.12841577956090     
   362.79468858657299     
   360.81617072839111     
   359.68979806586088     
   358.92565128081560     
   357.87358835418451     
   356.32284882570173     
   357.09973181339842     
   357.80577451646371     
   357.99207166019301     
   358.05321896936186     
   358.16632570307644     
   358.09299115427189     
   357.72050084710554     
   357.43620052901912     
   356.35059021653393     
   355.06029625621619     
   354.05272542761861     
   352.24464015713426     
   349.81392967908005     
   346.47820225347311     
   343.15723851461883     
   340.44805952653354     
   338.43932030118862     
   337.53648892646072     
   335.54119099783333     
   333.42558822931704     
   332.21988953788946     
   331.71612560842811     
   331.39414638129216     
   330.99299384992321     
   330.27442619458242     
   329.53503878949840     
   330.14118680122004     
   333.05551495786926     
   337.25354566353548     
   341.86744084012395     
   346.15923637036491     
   350.09593542547918     
   353.04545951938371     
   352.95583220709739     
   355.54652771754581     
   356.93701405381830     
   356.42382671176057     
   354.65982111997477     
   353.03393253474889     
   348.58230275668063     
   345.31413342469307     
   344.48410731040190     
   343.84958611448582     
   344.02214782838610     
   343.65133836098795     
   338.91292410030923     
   335.58496639844350     
   333.75691430068531     
   333.26543803094773     
   333.19034092807192     
   333.02454806521354     
   331.73012878690457     
   330.44506783687740     
   329.37130442980748     
   328.28462823799532     
   327.91300792013772     
   330.40316621046776     
   332.57831418917124     
   332.88572995111150     
   333.78779372203712     
   335.16659183275078     
   336.32049718365272     
   336.02632256346618     
   336.72369812207302     
   338.46147960553236     
   338.80881615411965     
   337.79003574589262     
   338.77883737457427     
   339.23152619254415     
   339.05030509098083     
   339.53133095260540     
   340.17171131140731     
   340.61212479094792     
   341.11952960350823     
   342.42453618062615     
   344.75884136382950     
   345.90526891701768     
   347.43786280117155     
   349.60041667807553     
   351.92507460274055     
   354.78049495718972     
   355.47673752522087     
   355.71043239392742     
   356.98321265051004     
   357.87336022797552     
   359.21368751816158     
   359.65357910901156     
   360.12301813659303     
   361.21145005890816     
   362.05849723962410     
   362.63769687163244     
   362.97156839657254     
   363.22226613798551     
   363.03676338770646     
   362.92904445783256     
   362.86761856030222     
   362.81466679258136     
   363.19731326260614     
   363.52678460841094     
   363.76417344324386     
   363.66020985948165     
   363.74531133698071     
   363.85556601562649     
   363.91487605569955     
   364.29211847798575     
   364.19930624529502     
   363.78276909396243     
   363.07025085495542     
   362.86983266411744     
   362.61548749668850     
   362.58074566770540     
   362.65451180188654     
   362.57390599110249     
   362.46342724704124     
   362.45116205344141     
   362.43554475466851     
   362.35621859479556     
   362.45116439241838     
   362.22854374831962     
   361.99237229921113     
   361.75221652229163     
   361.86696551316658     
   362.61839408890359     
   363.55923863649519     
   364.09087939590097     
   365.52800706125481     
   366.15875043737913     
   366.48876616491407     
   367.52148563044392     
   368.30585701786453     
   369.91566239789273     
   369.81144516638028     
   369.96975953040584     
   368.99913494944803     
   368.71520493282713     
   368.29463530420264     
   367.08088714895791     
   366.57071680216580     
   365.50302514907827     
   364.86056000133442     
   365.63827219640001     
   365.52001547083790     
   365.61514661380664     
   365.73910099409471     
   365.69918336859234     
   365.64644971546045     
   365.19096951068047     
   364.43664709122243     
   363.01067445861230     
   363.20610631018246     
   362.34455566663064     
   362.03099792883984     
   362.04616550693675     
   362.17673809445370     
   362.16680719958651     
   362.09245601078692     
   361.90713445093041     
   361.43338643638606     
   361.04061300352453     
   360.70497470027368     
   359.11530760970413     
   357.88882180452742     
   356.41731431825787     
   355.97570876800006     
   353.69593873798078     
   353.36208516690658     
   353.70182332757429     
   351.64515611504942     
   349.70571104855730     
   350.01389534975726     
   354.86556702099455     
   357.66996348865729     
   359.05527027456003     
   360.46567028021275     
   361.57196180712862     
   362.37857364596692     
   363.27769395807462     
   364.24486087242764     
   364.60920183238682     
   365.17356145207742     
   365.27168165280915     
   364.53967910531122     
   363.46690538614911     
   362.08297336659547     
   361.11586097487879     
   360.22071156864240     
   359.53635623089366     
   358.95605773152045     
   358.33630231411234     
   357.91848694664162     
   357.79789611902783     
   357.85185276005313     
   357.94277755992994     
   358.12578101859697     
   358.37550305274721     
   358.56074525778433     
   358.76256837408272     
   358.80169936696291     
   358.77933264146537     
   358.74184844938981     
   358.52900389917232     
   358.47705099479703     
   358.64457587975619     
   358.74131580862502     
   358.99433264009701     
   359.37282363247647     
   359.57139444606787     
   359.63256377930315     
   359.63692271922577     
   359.77339520357032     
   359.87868010824127     
   359.73559965527556     
   359.60439046402610     
   360.18376312659956     
   360.50663568204226     
   361.09843920665043     
   361.57443989930886     
   361.85501017237851     
   362.59482460059525     
   363.95797420547899     
   364.91513337557865     
   366.20344763654157     
   367.48094224957305     
   368.95345532784171     
   369.06849489302880     
   368.78599693833627     
   368.57600038203412     
   368.87686254894527     
   369.34628070878881     
   368.71638407159833     
   367.17856218286710     
   366.50240845772373     
   366.40571782185918     
   365.68523773609218     
   364.44583566665790     
   363.12110666156610     
   359.64371052571965     
   357.21751684352938     
   354.82546602582340     
   354.30267874088884     
   353.46681682705497     
   351.05494757140804     
   349.32478301687189     
   348.64463027313803     
   347.91072939880485     
   347.53722515319123     
   347.50381741091712     
   347.10514468200444     
   346.69470867283604     
   346.21587352841055     
   345.83242208415209     
   348.37798112226358     
   351.78494565669257     
   352.80320963570188     
   353.05837926705021     
   353.38549370572599     
   353.64284875976466     
   354.04153344135563     
   354.12053631376170     
   353.84790121782737     
   353.49479017988028     
   353.97189222021331     
   354.34161785234278     
   354.46235761377221     
   353.91584881695570     
   353.86721741911845     
   354.44642719527042     
   354.30227793389940     
   354.54117372242848     
   357.84482723857786     
   361.54848931085075     
   361.57600226283762     
   362.86221936614498     
   360.95155811955533     
   360.80753685350584     
   361.24862186527400     
   361.94431474559627     
   362.74583083849336     
   362.57465985667739     
   362.05672091082550     
   361.49197207192151     
   360.96546673327231     
   360.58996144393041     
   360.14840836013377     
   359.67092306320097     
   358.81105270969641     
   358.65394313956460     
   358.42472188522737     
   358.22308521405034     
   358.11668856306824     
   357.78781505558140     
   357.39224381662177     
   357.00911924039303     
   356.63264625115437     
   356.36783830413191     
   355.92033352062253     
   355.48802952294000     
   355.17045281553555     
   354.99540662395441     
   354.83011220641822     
   354.65713878909531     
   354.40276405379774     
   354.31796506850350     
   354.23178439829542     
   354.05199935977873     
   353.81984456756322     
   353.77964748087282     
   353.66990601382378     
   353.55425095593245     
   353.96740255745431     
   354.04748151089939     
   354.08823063427252     
   354.28840798804697     
   354.35268118851116     
   354.86706374247672     
   355.94525846445282     
   357.12007383134772     
   358.73304034477974     
   358.97051032706128     
   359.69632853453629     
   361.18551547480189     
   362.77092584401214     
   364.53530206612487     
   363.66743630327124     
   362.98007297021911     
   362.96720700977380     
   362.86560247507634     
   363.28905256163739     
   362.14041145570923     
   358.89603833218314     
   356.43476358016972     
   356.92616030255863     
   357.57523341476588     
   355.23703839085834     
   353.06804233153719     
   356.05764266236667     
   358.01744015049695     
   358.61209123146824     
   358.56349509270365     
   358.76511737876069     
   359.11848943241858     
   359.19011260534666     
   359.26179376307954     
   359.28019102615360     
   359.32648485552693     
   359.49156978537872     
   359.47944408784247     
   359.61531155000409     
   359.61397351595116     
   359.66689935607462     
   359.52204421139783     
   359.33862722709063     
   359.31647018160822     
   358.77512010809517     
   356.94833512110949     
   355.46845563482452     
   356.27356514821986     
   358.05911339828128     
   357.77354658337237     
   357.98667046399612     
   358.31549389996388     
   355.98612450562445     
   356.73602035769198     
   359.04614397670218     
   362.55565166809043     
   363.28836436177022     
   364.16021164047731     
   368.77021528891578     
   368.97937829079126     
   369.63798377378799     
   369.94605214607498     
   370.58939677439474     
   370.40775073355894     
   370.59134916518207     
   370.07223979447269     
   369.63382718110660     
   368.94391801615041     
   368.11571428010700     
   367.53580490363811     
   367.10852150571856     
   366.86855298060317     
   366.18612450081423     
   366.04220933714817     
   365.87975586568427     
   365.71696436860782     
   365.75772117069869     
   365.88443304573087     
   366.07214675797951     
   366.13056982386485     
   366.01656025563801     
   366.00571634263110     
   366.22056446964649     
   366.30855196576448     
   366.20618327249230     
   365.01867435076224     
   362.18270954145879     
   359.26153573921778     
   357.48369774708715     
   356.95159844468964     
   356.62821102642471     
   356.03747238178647     
   355.29746835889893     
   354.91499537563925     
   354.27757980022164     
   353.02007269397291     
   351.97483217202483     
   350.76695882324947     
   350.67625008746467     
   349.79255088664888     
   348.82338446693450     
   348.08348571875206     
   346.76876033716570     
   347.58321461458752     
   348.94160472834011     
   352.67960868528593     
   357.89272605012144     
   362.42222997217436     
   364.01543544396372     
   364.91928306180466     
   366.88386169221775     
   364.70131203317106     
   364.51763236216703     
   361.77533247838483     
   357.58237082260536     
   352.33004072671611     
   347.59737606124776     
   344.35735922495553     
   341.56960846662037     
   339.04051141329018     
   336.44873341054000     
   333.54881210593868     
   332.42944856626468     
   331.77295547642984     
   330.63241292858339     
   330.66135312725800     
   330.49953142519075     
   329.71137568288992     
   328.97810055352653     
   328.33897044114417     
   327.77688296978806     
   327.78603751245930     
   327.88243367125165     
   327.56273534055174     
   327.04062481045872     
   326.39815773641629     
   325.74630158649609     
   325.89042421887143     
   326.29700622888112     
   326.36286066036826     
   326.62474890152674     
   327.15694206462433     
   327.95180492725882     
   328.50784608898005     
   328.58409819559432     
   328.35693651986861     
   329.03149938349566     
   329.18476424248490     
   329.94993664985174     
   331.04435428824411     
   332.26554923080056     
   334.31865847659429     
   335.79817057929091     
   337.84742056306618     
   339.03365523513304     
   342.85147947702728     
   343.17538717702547     
   342.35164739885130     
   344.28629411644687     
   345.63818701985832     
   344.98247587536758     
   346.38765086073920     
   345.15797515960401     
   344.37761780516246     
   343.54600063938278     
   342.73963425850911     
   342.85524013263023     
   342.83276488915567     
   341.75529337040757     
   341.85633714376598     
   341.86982719581573     
   341.75689886263643     
   341.77866987757835     
   341.64657339048813     
   341.18515526343765     
   341.50967438768720     
   341.54902834797286     
   341.35267019683249     
   341.43711956794164     
   341.78239846653247     
   342.08993604379975     
   341.87816074233160     
   341.86330736199659     
   342.20990769011200     
   341.65328978111535     
   341.19588791160032     
   340.06927541687475     
   338.38420817090332     
   339.99193754558365     
   340.66189862633178     
   340.72471380207611     
   340.47039144552434     
   338.28300097242823     
   334.60148201292589     
   331.83480428115166     
   330.94047475668049     
   329.09073545170202     
   328.45259262117941     
   330.77381795716622     
   335.12754398690788     
   340.81502225563236     
   347.27507948708853     
   352.93130691035714     
   357.12275651996242     
   360.50561141028311     
   362.70968724400240     
   363.33827067012675     
   362.69007581700254     
   361.82732426396740     
   359.96371514375937     
   355.84197019138628     
   349.30192156430172     
   345.05592894144252     
   342.68235015302821     
   341.41508815006102     
   340.90736950053895     
   338.93005568867329     
   336.46372525732960     
   337.06770395600603     
   339.24484534536487     
   340.03485019640442     
   340.52926944308928     
   340.38987853129959     
   340.08896606072977     
   340.42940204527224     
   340.51609866389089     
   340.27478139280021     
   339.95898163481746     
   339.52815197273509     
   338.43897953318572     
   337.99155115995063     
   338.04338370364530     
   337.67331329025239     
   337.23384109175373     
   336.81344263349206     
   336.45822908929750     
   336.45022371975620     
   336.47183937142455     
   336.69376467126506     
   336.88886543141842     
   337.09349209235199     
   337.03696934649730     
   336.71769340954756     
   336.27979893738564     
   335.48760874342543     
   334.95883731122603     
   334.94827644592976     
   335.17037279964444     
   335.76471875211604     
   336.15023097396192     
   337.45550339868862     
   338.17173514245366     
   338.67403705005563     
   340.31283109143817     
   341.39695112011793     
   340.06885785372936     
   338.17375007812609     
   336.56350664634243     
   335.01937576303902     
   334.80025920524446     
   334.81789155446654     
   334.15557626504244     
   333.15525678183383     
   332.28779511790987     
   331.94089562322131     
   331.56755949033339     
   331.43175359792644     
   330.36355563759867     
   327.59962757539409     
   325.26265948209533     
   325.19117127171967     
   326.33232550579021     
   325.49982860146048     
   325.50297969872577     
   325.76479177418292     
   325.80811145672254     
   324.13249849649253     
   324.71687920721172     
   324.72451036619577     
   324.40544844634144     
   324.58267607746643     
   324.44254513081080     
   323.85865566294598     
   321.91426546425100     
   317.73825480960664     
   315.11756239662515     
   313.86068466268966     
   312.94857301289898     
   312.28142733713747     
   311.41754624339552     
   310.54228005294959     
   309.75835083339706     
   309.47162365005954     
   310.54223663622105     
   313.22462125447441     
   317.69200145425231     
   321.92230804416391     
   326.45959365865309     
   331.48753689471022     
   335.15144922382774     
   337.93724588093983     
   339.29740010396392     
   337.56830715283797     
   337.63546320171577     
   338.91784885058757     
   336.46361938400753     
   332.67428725545597     
   329.64868228219854     
   326.44150051428096     
   325.62862441444611     
   324.73078178828342     
   323.65590059159780     
   323.05227135928408     
   323.02564689463361     
   322.54570357415145     
   322.66873706561188     
   322.70190495336266     
   322.63532942675516     
   322.29580364136007     
   321.55406123465912     
   321.67842977131352     
   322.17106215585289     
   322.06771106165746     
   321.97872758611192     
   321.98679909973242     
   321.86372112537043     
   321.73256142175637     
   321.54723883307599     
   321.03612586782134     
   320.27059219420431     
   319.91388186012892     
   319.62576067738144     
   319.44981563935329     
   319.64295952617090     
   320.06445551858116     
   320.54615934239479     
   321.35920945446782     
   321.93480658271352     
   321.69540621847705     
   322.72537289260805     
   323.81549655649314     
   324.75514060846137     
   326.17134138679944     
   327.85036108085802     
   329.32509928346076     
   330.95234153226255     
   332.10058977958448     
   333.96326889278896     
   334.54937887059225     
   335.11037528148256     
   336.04156664385494     
   338.37205324630247     
   340.89824351346249     
   341.05387124163133     
   343.37601426015880     
   343.32197784400967     
   339.41087840123259     
   336.36037580238542     
   335.13177131836932     
   334.32604227973962     
   329.60238414284527     
   327.93429370407233     
   326.55089685141547     
   325.08309786848270     
   326.60219646284099     
   326.49137639346475     
   326.18837522151881     
   323.75740416154053     
   323.65669292985217     
   323.77920823168608     
   323.10432562014489     
   321.78046097930752     
   320.44446479424994     
   319.50966443937733     
   319.61422744888841     
   322.72106296690964     
   323.98134201774292     
   323.89714249100126     
   323.69918332798875     
   323.50220487931171     
   321.12604572398436     
   321.40879698790508     
   321.69528284606588     
   320.32480353359267     
   316.76731583406365     
   314.54638945730647     
   313.28200963737351     
   312.16562781733285     
   311.36982233044984     
   312.24158269619761     
   315.79470076971938     
   320.16866949788249     
   325.33617621038758     
   329.61044916712729     
   334.01276702255132     
   337.51709222844596     
   340.32801782697715     
   341.79453844574493     
   342.34474739223140     
   342.77349675641079     
   342.13501667257646     
   340.29301208526357     
   335.74525892808390     
   331.17152684003418     
   326.79178431945195     
   323.93929529848845     
   321.41872561312260     
   319.80218510440841     
   318.60249160420142     
   317.21648528004653     
   315.31200611744157     
   314.05772642826076     
   312.93612727607592     
   312.73101552525077     
   312.01763336131603     
   310.92081843345869     
   308.81010823421423     
   307.38574819367926     
   306.51701656053638     
   306.19975469644254     
   305.42465109985807     
   304.74681135443706     
   303.97763743880148     
   303.30234469100685     
   302.78925514375806     
   302.37924074509198     
   301.90431146143283     
   301.07801306884733     
   300.42774926642068     
   300.34249485161166     
   302.82478195988881     
   304.17024986807337     
   305.31624757129168     
   305.91256516836285     
   306.20156891445299     
   306.21965439937998     
   306.40130885795946     
   306.71109744742182     
   307.43610874162658     
   308.40832506595541     
   309.94954639673159     
   311.81574186125016     
   312.87241963820776     
   314.06540249283103     
   315.06378371220251     
   315.24390257748360     
   315.45737167194955     
   317.01822613715063     
   316.41826550117509     
   315.98805095835718     
   315.13872139308569     
   313.14915978782454     
   312.03335063903887     
   311.17528943746123     
   310.47222073250060     
   310.17025390258459     
   309.76321162869857     
   309.67384580766065     
   309.55946147458963     
   309.62919570504323     
   309.63756635402370     
   308.50646345589911     
   307.83590942071038     
   307.44662337341418     
   306.09188580945545     
   305.70867320047614     
   305.70307325659468     
   305.36447692576269     
   305.02984365383918     
   306.25104387991723     
   307.19222084556077     
   307.61417600811188     
   307.74252073225279     
   308.03671406447728     
   308.44046131515876     
   309.05512200666220     
   309.58733770669170     
   309.94839210400750     
   310.43820073384342     
   310.84444011616807     
   311.65032238391541     
   313.04373447370506     
   312.07433676307011     
   312.21213949370463     
   313.17617330546142     
   314.72480018076550     
   316.63275511110305     
   318.44733780249362     
   321.00128961188693     
   324.02549292795510     
   325.44426748231598     
   326.82299010434036     
   327.66092017946875     
   328.55103315628463     
   328.86113362993780     
   328.22362992161123     
   327.58018633839271     
   327.28586153868406     
   326.82930808162979     
   326.01447864587738     
   324.83761129154561     
   324.17994329497662     
   323.95156462056804     
   323.64967003080795     
   322.52388197222757     
   321.87723809670621     
   321.33063827314010     
   321.32446293278520     
   321.52279455689222     
   321.69313634155253     
   321.53216680739251     
   321.36312500612064     
   321.33176744241865     
   321.33191191160074     
   321.05902671496381     
   321.07106424487796     
   321.24225196159853     
   321.46747084790218     
   321.49459769262012     
   321.30221527036645     
   321.10862684585311     
   321.20647980798202     
   321.29212408515042     
   321.11137328623403     
   320.98427149191627     
   320.93575543900613     
   320.97118126851137     
   319.80185761632214     
   318.92273611341403     
   318.45537319596940     
   318.12212603611891     
   317.36600089664989     
   316.36343497160908     
   315.57431599189727     
   314.92463756883529     
   314.43112354459663     
   314.36014969736806     
   314.35738269785196     
   315.64714100215645     
   317.02860243738007     
   318.22110145190288     
   317.50668514330005     
   316.70777317396096     
   315.44925081958854     
   314.38365160425599     
   314.49652861459685     
   314.16902723679391     
   313.28080381925776     
   312.43010171254934     
   312.00217761939001     
   311.98622523222548     
   311.99526547962500     
   311.98106576416882     
   311.97981453715732     
   311.64139956629117     
   311.35709642580025     
   311.22773501088659     
   311.12680533508603     
   311.02299290244514     
   311.11739165720843     
   311.13362293369403     
   311.09571558906686     
   311.18672592515719     
   311.28735411472849     
   311.50919445525051     
   311.73512618903146     
   311.89102433038420     
   312.11053267082832     
   312.24196258704814     
   312.08978555240003     
   311.78821675550165     
   311.54091840687266     
   311.39058541311283     
   311.64316531488316     
   312.02955182772507     
   312.43646198314076     
   313.30288423448974     
   313.97286393362373     
   314.48652930051952     
   314.73286200146407     
   314.97494360751790     
   315.44023946532889     
   316.02250776411785     
   316.51172389805231     
   317.04310251160649     
   318.17109920931239     
   318.80833802876350     
   318.88476631933764     
   319.20627992233972     
   319.67113143120037     
   320.05084360631702     
   319.51797532053411     
   318.83199956282101     
   318.45677374967136     
   317.76616487883973     
   317.10511068220455     
   316.62268897097255     
   316.12364973220537     
   315.57963660870092     
   315.20882891456472     
   314.70548425103510     
   314.43834474294050     
   314.05626207203653     
   313.57012361851548     
   313.25739297153700     
   313.06125327645225     
   312.70610706882553     
   311.98120848337470     
   311.71372616013514     
   311.56270555044887     
   311.45574548310873     
   311.46627982067997     
   311.55347243418259     
   311.48186425590524     
   311.42728104025537     
   311.20939580912528     
   311.08649175145553     
   310.94315159391545     
   310.72264690492432     
   310.17463280540687     
   309.79726365724753     
   309.51280959210180     
   309.56441905485156     
   309.65294604078417     
   309.99873481193021     
   309.85007580730837     
   309.81477327321596     
   309.89152027274690     
   310.32190607989094     
   310.67869843102602     
   311.06951041671954     
   311.45122780843087     
   312.80320865186752     
   316.28683577426955     
   320.27903163680367     
   322.53624319222882     
   324.08506439205581     
   325.23298182592293     
   328.12668148630888     
   328.90288807623870     
   325.00637014800623     
   322.34075611008041     
   320.79761942003654     
   319.89159592390388     
   319.05636916721562     
   318.18441052866456     
   317.66207736695009     
   317.18552588738578     
   316.42027343425542     
   315.85353235508484     
   314.99167901648303     
   314.81207033882959     
   314.81192842371763     
   314.95851006139117     
   314.71748839028118     
   314.49683122063743     
   314.35189777360023     
   314.41342523332088     
   314.45828969759503     
   314.21467624836072     
   314.02370180746561     
   313.91819607854620     
   313.77169556240881     
   313.75111854082024     
   313.93220792823126     
   313.86482220823410     
   313.62893136691315     
   313.48345585410954     
   313.40287358037932     
   313.56333824495999     
   313.75312221467436     
   313.76488190904610     
   314.14940545247049     
   311.00616609210579     
   311.61667157335205     
   311.97988771345490     
   312.74144487065161     
   313.74177193234203     
   314.72048871268794     
   316.06619367688376     
   318.91665487985102     
   320.28120195665821     
   321.99589911681358     
   323.87501363234799     
   325.38796930518828     
   326.94173556723308     
   328.73707882800164     
   329.60503072638625     
   328.72789780623839     
   327.66272051163384     
   326.51243991014240     
   324.90941174522038     
   323.21982001311113     
   321.89356977332153     
   320.09813365123131     
   319.04170185146592     
   317.90893375661415     
   318.61043028739800     
   318.88789299248640     
   318.94523422192668     
   319.30355042157549     
   319.70012235428050     
   320.15560477730168     
   317.77730832142583     
   315.80831417878642     
   318.01185465947600     
   316.81182955695220     
   314.31002559373536     
   312.80629372055074     
   311.19190310898068     
   309.43999530830786     
   308.46931796486876     
   310.14045258601448     
   312.12244935219076     
   314.11131814150798     
   314.93879755730302     
   315.48747207029572     
   315.37061004498463     
   315.17480949017227     
   315.01251772883296     
   315.10789162294213     
   314.30267117765743     
   312.45848954312436     
   312.34325269935437     
   313.46208673163767     
   314.02922572547266     
   317.67650079801757     
   320.63995124984427     
   321.14247078625226     
   321.64333028667755     
   323.32106157252042     
   323.59012319932305     
   325.11697262123255     
   325.80172378234431     
   325.73439911653850     
   326.54410079310173     
   326.49600105869672     
   326.25264677658731     
   325.79377969522062     
   324.87220142202335     
   324.20140717189832     
   323.09516386681781     
   321.77283024360895     
   320.70983969692844     
   320.17053013179668     
   319.71915335966770     
   319.57346164027462     
   319.56246817470208     
   319.36050965294464     
   319.48653148484368     
   319.36223888641655     
   319.44221495132609     
   319.67460710797491     
   319.74301372587223     
   319.68054196028658     
   319.49677303321471     
   319.50542520043319     
   319.56260024965906     
   319.41344209147343     
   319.36579787461204     
   319.33604247876008     
   319.00304547166189     
   318.66362743129099     
   318.70648954909564     
   318.73572853066247     
   318.62988344202358     
   318.55957628952024     
   318.48378903454216     
   318.47000708898486     
   318.32743947570276     
   318.09939990885067     
   317.61358140732540     
   317.32381529511792     
   317.62862152591964     
   318.56210519977378     
   319.64811317367406     
   320.64377168667988     
   321.51511175306081     
   323.12488946622244     
   325.60078766626265     
   326.18292695297794     
   325.90991491318300     
   325.97818127632161     
   324.75451952390296     
   323.10391942657100     
   322.30425625223097     
   321.87779109395279     
   321.00271948826924     
   320.34837868031701     
   319.93844384595099     
   319.71162856060096     
   319.71280375186114     
   319.23292459114873     
   319.05707724637767     
   319.11680009535104     
   319.16600957559723     
   318.89192219643525     
   319.05822898197255     
   319.20356447551819     
   319.11349661127906     
   319.13174074189118     
   318.25378052294059     
   317.63344469722756     
   317.36882708772453     
   316.72931106454320     
   316.92378695665030     
   317.19793417502319     
   317.42476035145319     
   317.49038706645933     
   317.65240569055629     
   317.76163802711443     
   317.50960201216981     
   317.42085051213240     
   317.22802496096807     
   315.30285863747412     
   314.53290784410024     
   314.44384494715212     
   315.18071379194475     
   315.61288404702992     
   315.72800333268884     
   315.96185593056077     
   317.02976404416967     
   318.21624947478352     
   317.85546063992803     
   319.45094018912010     
   323.58504285205743     
   326.28036419661123     
   329.38607477935142     
   331.15069514401409     
   331.33906677735058     
   331.60925687083324     
   331.46223421386560     
   330.43811835629180     
   328.56732135559736     
   327.28323267519511     
   326.22726047819293     
   324.20618690557097     
   321.43955557924795     
   320.21835248733277     
   320.39893665505105     
   319.74273577232219     
   320.02420706610292     
   320.06973640628053     
   319.98924913935576     
   319.89974716450672     
   319.73857179049872     
   319.20344985468455     
   318.13048179878422     
   317.33676494969552     
   316.10221813998947     
   316.19255597114346     
   314.94886373558404     
   311.36570741807998     
   309.75358446266409     
   310.87130561512907     
   312.45611815521835     
   313.20947132850750     
   313.99699203431220     
   314.45434648864949     
   315.00196171947636     
   315.73885253144078     
   316.08320226892147     
   316.43139688585291     
   316.56149610104296     
   316.37089884279942     
   316.79036720161696     
   317.44521797281737     
   317.79029660118289     
   317.68183709177163     
   318.36133091220961     
   320.16384964192957     
   322.01005637942342     
   324.05134576878442     
   325.75865525594048     
   327.03436859758710     
   326.86841830005966     
   328.28812758150985     
   331.13372247780183     
   331.18604261773044     
   332.34871354537256     
   333.56546240884779     
   332.19809155136591     
   330.08930374867708     
   328.39208410286597     
   327.37933550599678     
   326.06754893233796     
   325.67719528673888     
   325.38331042800502     
   325.25066495142761     
   325.71228635032287     
   326.26183680845060     
   327.29567507669145     
   328.49836966578044     
   328.90672266651052     
   329.15429029773816     
   329.59925100604067     
   330.13492523812801     
   330.57953544652628     
   330.69665952722454     
   330.94290422896813     
   331.38467432053488     
   332.01160501978524     
   332.50079154376846     
   332.64027094060060     
   332.51415573620534     
   332.26557176490417     
   332.11914519445463     
   332.48060408233601     
   333.32746993489411     
   333.53771038083960     
   333.23680697716799     
   330.93626305996185     
   326.86465252110253     
   324.97389809309698     
   323.05512565308265     
   323.10546209136425     
   323.40790800843740     
   324.71128523576749     
   329.37026093821237     
   333.31325746353303     
   338.34903204988115     
   345.03989535196399     
   350.56535210069217     
   354.55114582057979     
   357.24682728406754     
   359.55705063076613     
   360.78619275314486     
   356.36933456347356     
   355.40776563087752     
   358.27836955738508     
   354.38109380999919     
   352.34828607324260     
   350.82113527524331     
   349.19016138236225     
   348.91090856225395     
   349.28724093039506     
   349.52550805281595     
   350.09641058668535     
   350.60880171190831     
   351.56839677913985     
   351.84521760722237     
   352.35534789010518     
   351.92632917728042     
   350.87878715097293     
   350.66073418981534     
   351.75930899589883     
   352.67814275682133     
   353.01823144969256     
   353.80229112260287     
   354.81979578646201     
   356.18822132336248     
   357.61206261477287     
   359.30390806318417     
   360.95977592388459     
   361.88689716509543     
   362.49697701123671     
   363.15043423690895     
   364.38888158452352     
   363.58460911870901     
   361.75657936864263     
   359.72336117059865     
   358.81023337959209     
   355.82528729514621     
   352.84274452364969     
   351.69949131461186     
   348.19977134709859     
   348.00101556113964     
   351.65927644735251     
   354.67715409771830     
   358.49589981353137     
   361.55945291379464     
   361.66159114761206     
   363.07086569551927     
   364.88145752273999     
   365.24662461575718     
   358.87435000137754     
   353.71738348059387     
   354.45240128475956     
   356.19216719045477     
   352.13863661835524     
   348.32539077778699     
   343.92832090329904     
   342.56219323531462     
   343.36815734252536     
   338.26436043215523     
   335.51710990166413     
   335.14654973536096     
   337.98146026553030     
   339.64318117504519     
   335.91857378637985     
   333.81780552861244     
   334.15941047405198     
   335.26754874372654     
   336.88364443747525     
   336.14244499264311     
   334.90489309813256     
   333.14268310472221     
   332.31609220897036     
   331.12355072964573     
   329.57393681984030     
   329.90413993382288     
   330.68718191476745     
   328.54694939027763     
   326.66088231298585     
   325.61211790905469     
   325.21142434149664     
   324.81318960466797     
   324.80216353028112     
   325.14273169167433     
   325.40181072112603     
   325.92267402202936     
   326.06786188381426     
   327.73957586733621     
   330.60123545321505     
   333.89979122411842     
   336.87312635344836     
   341.27301829433310     
   343.61678720051441     
   344.35038491192842     
   347.40645273222623     
   348.15028652188545     
   349.66240082345638     
   351.10105038787350     
   352.29724275114648     
   354.75475495837173     
   354.31069722813817     
   354.40309414677307     
   355.58759879987673     
   357.30219805074978     
   358.65928791163913     
   360.07612750947806     
   360.71319682834212     
   359.35987742759352     
   357.63959779126975     
   357.80305122962659     
   358.68497365377766     
   358.36636257619915     
   358.07767804130975     
   358.18394005969759     
   359.09365514033482     
   359.60059848488936     
   360.01167056968330     
   361.22986223409168     
   360.78245579863307     
   359.64364357515274     
   359.56687121759114     
   359.96467263935949     
   360.33919763855641     
   359.61791140015225     
   359.55529774284355     
   358.79920543621705     
   358.22369996442717     
   357.67550293318141     
   357.00074945618690     
   356.47910304134700     
   356.15607470958668     
   356.29383256643320     
   356.27167756633105     
   356.45470279734315     
   356.81378648288904     
   358.98415409906556     
   362.62601173930551     
   367.09226829443594     
   370.33364888247291     
   373.03835534439781     
   376.06261400112567     
   378.87110990424367     
   380.52318956169529     
   379.44433269312879     
   378.81764289717506     
   380.24276470374429     
   384.13264802278201     
   383.13000231621265     
   381.07983496159960     
   379.51481967890271     
   378.53133637690183     
   378.29670896107007     
   378.45466288196184     
   378.72660737800004     
   378.86025515629490     
   378.71058088831603     
   378.15099123293277     
   377.42102753666228     
   377.02927831296347     
   377.03157214880679     
   376.62590949078674     
   375.82959600514380     
   375.38431754386909     
   375.35730264241738     
   375.61076964736446     
   375.89479528320066     
   375.88465876621467     
   373.16080023293927     
   369.67396977262075     
   367.90234879886873     
   366.34682569131758     
   364.69447104972596     
   363.53460294808440     
   361.88671435657551     
   360.49527645678228     
   359.34094197035915     
   358.30903366030202     
   357.10965324512790     
   357.84175369732083     
   358.43770573285855     
   359.34798147726332     
   359.06335991181300     
   358.28263505682196     
   358.47843163845010     
   359.20459934020738     
   357.23575446380187     
   360.54785713834934     
   364.34555114233376     
   368.77270938134609     
   371.21799793161125     
   371.55224026615679     
   369.28866707427898     
   370.34400465260478     
   370.86897849103769     
   371.44959221480877     
   369.36165766820852     
   367.83554428551923     
   364.03845507197019     
   362.21844821383598     
   359.00550602705425     
   356.74842502332604     
   354.64276777928160     
   354.32754326872976     
   353.60762873082933     
   351.59851082937945     
   349.59312126664383     
   347.76343272315984     
   346.82385450204458     
   347.59542397191399     
   346.26249355057752     
   344.73494004133528     
   343.39585681820313     
   344.17786721416024     
   345.65064714036345     
   345.18925144318359     
   344.33497491362272     
   343.63988710841824     
   342.22304172215661     
   342.43832292036126     
   344.29465825144848     
   346.71190150408910     
   350.54540409367792     
   351.49256045466313     
   353.93944572497031     
   355.74363008431067     
   356.14348637028007     
   355.70191334936288     
   354.84005013493066     
   353.79064942925635     
   352.55930839549507     
   352.36363008691751     
   352.09494097378212     
   354.88323500451764     
   352.55033765815540     
   351.96117058777997     
   356.73392286260969     
   361.11881385921470     
   356.76592548713569     
   362.44861459460714     
   363.23209569779868     
   368.27563484723021     
   370.45107585161929     
   370.47248863514415     
   371.19440043937203     
   368.56322869667139     
   363.40595388563344     
   360.32810836566921     
   357.19663013558511     
   356.25749166693970     
   355.99697575591586     
   355.13658621752438     
   353.84147652626899     
   354.34477876836195     
   355.16754302281851     
   354.78358070844200     
   354.71984440402946     
   354.00427130674524     
   354.01270404542015     
   353.52006005334272     
   352.46028769386351     
   350.43055425166176     
   349.35966335236037     
   349.65483253938351     
   349.10597300844819     
   347.82900097955132     
   346.94382001213728     
   346.48734582446662     
   346.17461070493073     
   345.71805411752024     
   345.30032151481913     
   344.91860362924291     
   344.67565188522752     
   344.42921186771235     
   343.78258283724364     
   343.45083213113247     
   343.65261360985073     
   342.92279204638902     
   342.49736047854554     
   342.13128973947960     
   342.22874095045267     
   342.93278001918935     
   345.38703919466730     
   345.55458707814262     
   352.36466156026955     
   354.07943319731993     
   360.59795603856725     
   362.82187497223839     
   363.74276683269164     
   362.08515422787332     
   366.39234161932228     
   363.02161520428467     
   359.10199827133613     
   358.05172009982761     
   356.06169944766890     
   354.13227805646443     
   351.73221240804520     
   346.98230973691949     
   345.08212168714618     
   342.95577444983616     
   339.99473718681190     
   338.38250333907177     
   338.88558036219729     
   341.36456916958389     
   342.38052552346863     
   342.28629544750288     
   342.71419220196140     
   342.36384554153500     
   340.91232180461628     
   339.55656682779050     
   336.65722412776557     
   337.94279608042268     
   339.47833494364539     
   339.90063303190288     
   340.08700782177101     
   339.54607755684503     
   338.96188935285977     
   337.74437141343293     
   336.11055805301612     
   333.23640226415267     
   331.96719582448736     
   332.75577603314821     
   330.78684658287949     
   327.61794457039025     
   325.81502224750960     
   324.00912100293993     
   322.60881046236739     
   321.77351140864590     
   322.55169254456575     
   325.73261423725091     
   330.17559347790336     
   335.25070602308801     
   340.06464800597848     
   344.44951671115177     
   348.59829438033717     
   351.13429230064065     
   353.46733232627872     
   355.18636991853691     
   356.71369437709797     
   353.06026521341681     
   353.47640953737908     
   354.23941077269916     
   348.57660916974010     
   346.32064864657178     
   341.64335102318915     
   336.55031798085696     
   334.49007464697928     
   334.69953675326929     
   334.06796536409229     
   333.38799806710506     
   330.34435422972757     
   326.81279644223093     
   324.45707907471672     
   322.76946284252017     
   321.72230021159334     
   320.07929287867688     
   318.48203495679917     
   317.55420785765580     
   316.40437094613696     
   315.15573028192807     
   314.40699021351440     
   313.83964598957783     
   313.46212414594589     
   314.23143338217545     
   316.29286829697611     
   318.13942368630609     
   319.24313101670487     
   320.31276099389549     
   320.94683086103760     
   321.94404260899773     
   323.22787575071942     
   324.50599223634202     
   325.83833325638386     
   326.18032035828656     
   326.66231358763110     
   327.03538739441353     
   328.34644790866065     
   329.48487948702603     
   332.48875359319777     
   335.16126905192175     
   336.87166333899313     
   339.24490525609156     
   340.57376307369492     
   342.10288192822037     
   344.02582950120268     
   347.45155419226830     
   353.89561907907188     
   355.84267380141898     
   356.27899229588343     
   356.35540663105661     
   356.77435952560364     
   356.85835118508373     
   356.73264856506222     
   356.86307545352872     
   356.47703434062493     
   355.77807820699701     
   354.42975529602506     
   353.61604296564275     
   354.28448876666755     
   355.13788435116146     
   355.62537582445918     
   355.47676843181625     
   355.44497125365251     
   355.52875620865177     
   355.91375442412851     
   355.56848122857519     
   352.76934964248932     
   352.17240444683864     
   351.68563796075631     
   352.72290438342191     
   354.82178939076772     
   356.09246071582595     
   356.43855749137759     
   357.82003279939795     
   358.18071697490234     
   358.46921012373377     
   358.82338819167450     
   358.54638965833033     
   356.20690723694617     
   356.25486444701210     
   354.70790934370069     
   356.40417059352325     
   357.04353801077178     
   354.88639355248591     
   352.07359752282292     
   352.89436931214715     
   354.36286849239656     
   357.04976664628884     
   361.10507879563687     
   367.13346906740452     
   362.04873228380285     
   363.72829576086974     
   369.03270125536727     
   372.43021720103019     
   373.75269885262799     
   366.23824210846243     
   364.63530473446690     
   363.29556656771820     
   359.04833954116242     
   356.87436882960384     
   354.90059181506609     
   353.74119499586072     
   352.03200190108112     
   350.29327067960685     
   348.87326324306298     
   347.38791677446233     
   347.26118077882290     
   347.63659457539751     
   345.59737249127289     
   345.41621800944591     
   346.42894498840741     
   346.06455250313223     
   346.70476626790099     
   345.42872373130433     
   344.84683874813743     
   343.80920857690739     
   343.24524846803854     
   338.90334943203885     
   338.34201791773768     
   337.07482770582493     
   336.08644099500907     
   333.70595178913254     
   330.49168946637246     
   328.57837674278238     
   326.76194015744761     
   325.13391246614839     
   325.06909446258101     
   323.94447521538348     
   323.23942125830638     
   322.14996544906739     
   322.24858900676145     
   322.02522903899882     
   322.61080484490799     
   325.54568667684055     
   328.99277434367480     
   335.05853121109806     
   340.39961334626531     
   342.31973356622194     
   346.87330843436473     
   347.40653617910209     
   351.53879937015154     
   348.78696227535204     
   351.03865059115094     
   352.77650485195653     
   355.71751791294031     
   347.39604502921941     
   344.19056093048090     
   342.61574696933184     
   340.12534216354476     
   339.15604237579510     
   340.49959794526200     
   340.84744842718209     
   340.93178603976719     
   341.38775956629161     
   340.68717900967852     
   337.59235554281003     
   336.53515821057232     
   336.94175579954998     
   337.57361869623543     
   340.25425016092339     
   342.08094998097636     
   342.68142945034879     
   342.80274180735455     
   342.14175845460693     
   341.88732901941881     
   340.31579528308731     
   340.10310047880819     
   340.30304303852705     
   338.67307458936114     
   337.80122840915124     
   338.74507574362781     
   339.56926033719543     
   338.94407915208473     
   338.92523373083884     
   338.51479643620860     
   337.62493751141005     
   337.44827591996682     
   337.03342107361811     
   334.71238177500697     
   333.53704268073915     
   334.03134746540121     
   336.81466827231122     
   337.39582136777955     
   337.88724593852203     
   341.09060674520492     
   343.86911665569068     
   344.52753933553771     
   345.15707451756128     
   348.78818434860875     
   348.01934757575702     
   347.03533253589472     
   346.07522821387579     
   346.44227950955616     
   346.69898990227125     
   344.83866544956078     
   341.86013934799331     
   340.47441336630584     
   339.25249107875504     
   337.90970172133649     
   336.77027312782661     
   335.55106710490963     
   335.23596060517497     
   334.18117010771687     
   329.81181031506077     
   327.56923791684699     
   326.79059776157800     
   324.36614154505622     
   322.39280145491693     
   320.99813299771961     
   319.86345092126379     
   319.26321621194865     
   318.75520470968206     
   317.81891296398010     
   317.22646131619638     
   317.58949647273982     
   316.85161157267254     
   315.89902625533608     
   315.24719843837221     
   313.82182589906131     
   312.95998051999771     
   311.75068837368127     
   311.22139293800672     
   312.15241373585565     
   312.83943873615800     
   313.35723557246996     
   313.58204505628623     
   313.07829008216959     
   312.88529607991302     
   313.41552676325369     
   315.19721781651901     
   318.86538295217241     
   323.78688255844736     
   330.52557406373904     
   334.39070024730836     
   335.70632657368890     
   335.86012972206066     
   335.49029041830306     
   337.99615380667899     
   339.35060185597155     
   341.43654633805977     
   342.29627269350920     
   342.19514434904795     
   340.39536894206992     
   338.77504786599002     
   337.49976695209125     
   336.32000244836621     
   335.31804109424183     
   334.17908006764344     
   333.02825609626933     
   332.36577212049895     
   331.86292861532093     
   331.70614382802421     
   331.62746084464612     
   331.46219003312137     
   331.31150842804948     
   331.19740465792353     
   330.89583638069638     
   330.64750059461437     
   330.37076022773073     
   329.89375388161881     
   329.49301326272342     
   329.13715389772693     
   328.85676015395529     
   328.62871875784799     
   328.11376222008579     
   327.74627087304771     
   327.29941315887237     
   327.22712970637008     
   327.23281438944304     
   326.82116617230577     
   326.50556967112510     
   326.36297958269029     
   326.86351272504146     
   326.89779511717688     
   326.86630292650727     
   327.37469112659397     
   327.95272421365456     
   329.50196920561052     
   331.32886987313742     
   332.48436155489338     
   336.99458157743186     
   339.27873033449458     
   341.30676551234552     
   342.04220802872300     
   345.54593468237829     
   348.52540154010688     
   347.26575586448274     
   349.06549273413702     
   348.40595460458059     
   347.77288874626186     
   350.35720556308831     
   347.44056248162599     
   340.92247455672049     
   338.40403823473508     
   336.57143855254833     
   336.63362472570196     
   333.02008610999906     
   332.69229866606707     
   331.98000267105687     
   329.77511251671274     
   328.56762138796307     
   327.54543481973866     
   327.63185472235227     
   328.09622321388059     
   328.66155153318192     
   328.68605879629803     
   328.90222692787916     
   328.85944227350393     
   328.80369382130931     
   328.94148257261384     
   328.91327065117855     
   329.01102647325774     
   329.36170291538969     
   329.83108517271774     
   329.94816265010047     
   329.67078461276367     
   329.30353308594005     
   329.15189748770405     
   329.04863946814135     
   328.67746587448590     
   328.86685844170387     
   328.29119205266710     
   327.80656184632289     
   327.44197596715520     
   327.15203712653403     
   327.23667669784885     
   327.68291325563649     
   328.52515170271232     
   328.96797552804355     
   329.19689346784469     
   330.11170676334655     
   330.50153136951127     
   331.04733976988717     
   332.13300318601961     
   332.35594679955022     
   332.90499239795798     
   333.66042010947530     
   334.50920421195173     
   333.72086073581153     
   332.52615798180022     
   332.46519341514295     
   332.61622112623729     
   332.64215975083067     
   332.38786029270636     
   331.67151542765697     
   331.76252707777672     
   331.85785586718981     
   332.06769657389418     
   332.28203524275403     
   332.46781468060442     
   332.58941296944903     
   332.69282326061727     
   332.74543168018027     
   333.04904750175785     
   333.46759174072702     
   333.78607152372740     
   334.04950735220910     
   334.37657657594809     
   334.73757479969004     
   335.13259890794853     
   335.33376279820840     
   335.42910559987973     
   335.42325346938100     
   335.41677373178550     
   335.38507818525073     
   335.52273994457806     
   335.84059169226686     
   336.27965257344431     
   336.93730798783952     
   337.00941517551871     
   337.45313040075467     
   337.87913345111292     
   338.48162272203263     
   339.08855440150290     
   339.66685895045657     
   340.40369797827304     
   341.30011077524659     
   342.10252826667528     
   343.14327248690131     
   343.49287924505262     
   344.56867119083051     
   344.97022066352690     
   343.10518693334296     
   341.23150517541814     
   340.05289801985282     
   338.83654814011311     
   339.01371729713264     
   338.91147341236888     
   338.16065440267602     
   337.47018212623709     
   336.98539813137501     
   336.42104850947720     
   335.80426309236907     
   335.85027627763492     
   335.81426774403894     
   335.25795719829739     
   334.57610234054931     
   334.38406913931374     
   334.01239383867676     
   333.64521783792236     
   332.97826271643203     
   332.23095935210074     
   331.21893140427750     
   330.00486051191217     
   329.17331967384058     
   328.55260028425249     
   328.12299991834789     
   327.55926453284485     
   326.54717839050426     
   325.69697939964129     
   325.36685132463776     
   325.02519476131891     
   324.53547879634408     
   324.35120744201629     
   324.45362401302134     
   324.43850706360814     
   324.66803994188462     
   324.33109190276940     
   323.95620903318837     
   323.78997670823821     
   324.35113366934644     
   324.87414984485554     
   324.95563910590778     
   325.75688649661538     
   326.15975169439020     
   326.47714106563973     
   326.16545716715063     
   328.78254404445880     
   331.22043797402023     
   330.41378160641909     
   330.12247936446238     
   329.90904677096489     
   330.35663468960917     
   329.26837969125779     
   328.15883117548407     
   328.24374417536410     
   327.48489689149426     
   326.23719965438562     
   325.71905886619908     
   325.32129222124263     
   324.84856628322410     
   324.61525683809288     
   324.44751035887026     
   324.39137218950913     
   324.12840879472674     
   323.90282206992407     
   323.80164057029941     
   323.62438732356708     
   323.37496429506439     
   323.15099406691576     
   322.92067602143396     
   322.64038692676257     
   322.39138355852134     
   322.23504281980348     
   322.05614586683168     
   321.69043093076783     
   321.18815544218887     
   321.01073862424448     
   321.06308653023058     
   321.19277063873284     
   321.32431851275254     
   321.32174903520433     
   321.05022627430128     
   320.73524746754634     
   320.59887425976547     
   320.32641607662214     
   320.51140451760256     
   320.78741131846402     
   321.51282663591809     
   323.37688409330434     
   325.70078210547445     
   326.43795091994747     
   327.36054286719747     
   328.85941846788705     
   330.27491232823996     
   330.28613849710985     
   332.99221709600766     
   333.79014279316590     
   333.56889939913060     
   332.88075055994852     
   331.95665709324516     
   330.33844324319409     
   328.68505982872711     
   328.22993685412388     
   327.09054798961233     
   325.78290025290886     
   325.07502887327496     
   324.58589157359006     
   323.91932148245900     
   323.64890310378166     
   323.33533943382872     
   322.97870354664877     
   322.73821245577665     
   322.63422236475543     
   322.47467208608055     
   322.13101696364851     
   321.65044164410307     
   321.20930068821360     
   321.00289533588574     
   320.59698585911184     
   320.22735737647270     
   319.96300473103599     
   319.60931752383482     
   319.58848447248482     
   319.27106733880373     
   319.12081563832970     
   318.79936680710142     
   318.22268838964180     
   318.18848358174256     
   317.87545650172177     
   315.34378888964335     
   314.49244667721456     
   315.69617652615693     
   316.06747463243767     
   315.89882406749223     
   317.16464866967044     
   319.24908564327689     
   320.78716903919718     
   322.65033848882211     
   325.21445333943382     
   326.86169383444286     
   327.86530390796349     
   328.54353456515685     
   330.25733380233737     
   331.47224764377279     
   332.02698638955485     
   331.85147977893780     
   330.10385786385194     
   328.47078975958453     
   328.28880357635450     
   328.07319534280361     
   327.37609834246524     
   326.70064271144469     
   326.14313823518603     
   325.74635580162203     
   325.50189637553660     
   325.13670606355248     
   325.21728701188107     
   325.42499734238055     
   325.87626976913469     
   326.45483165278802     
   327.42144299397131     
   328.84745424654523     
   329.90126800053258     
   331.28084174650303     
   332.69647657467738     
   334.13519603044841     
   335.67407790280186     
   336.82874608700598     
   337.15669815438054     
   337.59202688428968     
   339.21692031162826     
   343.53013789628295     
   346.79548611821258     
   349.10409101025976     
   351.10188259096128     
   352.62488350948928     
   354.10842347797245     
   354.42594164290892     
   353.71985200498511     
   352.53893640659601     
   351.77097547698821     
   349.64749147962698     
   347.33913974635271     
   347.15723574823244     
   351.25656423903735     
   356.97990987718640     
   360.41944800985863     
   360.95616805953091     
   366.90735816193143     
   368.61466685813321     
   366.86509129162101     
   376.25647622650104     
   375.21502157655931     
   380.43954955334095     
   379.14899288143209     
   381.90499799760681     
   388.89053028677813     
   382.39828445453145     
   373.79466324988101     
   367.41304548828617     
   365.41682304436102     
   362.28059432363364     
   356.84514229269917     
   351.70670723711714     
   349.08370852254120     
   347.00505590426616     
   348.33822914293933     
   347.51045497241319     
   344.25543008017729     
   341.49369580204603     
   338.84894255963258     
   337.26670305687020     
   335.97349596232090     
   335.89607281983990     
   334.62444427507279     
   333.53400307177640     
   332.81141857870898     
   331.53272661727721     
   330.27292384448452     
   329.28957444641446     
   328.97406739617435     
   330.24870108054478     
   329.98626824194378     
   328.16866913514417     
   326.90893842688905     
   325.92740245543405     
   325.03828152531372     
   324.48606637274429     
   324.70702360769872     
   326.79658192143722     
   328.63952990071988     
   331.00434305533150     
   336.57505817819816     
   342.25737738815315     
   348.03626177559846     
   353.84139188683758     
   360.57567225626991     
   365.68592908989916     
   369.49719380218482     
   372.44349194160475     
   377.32686085218211     
   372.38104537808630     
   366.40138225439017     
   377.92451607802610     
   373.89879949926768     
   369.24765088483389     
   364.18826812097797     
   359.17788895409041     
   354.43917442769634     
   351.94493845573277     
   350.62644770263000     
   347.03232716542897     
   345.13195572836497     
   343.69033586834746     
   344.96996284106046     
   344.26356071104647     
   344.08004328024532     
   344.24270066815018     
   344.16262388299873     
   343.35966123003902     
   342.96558255452487     
   342.36159436514930     
   340.82155678277513     
   339.04729972382552     
   338.24467037890338     
   336.96125436366123     
   333.92886212376510     
   331.81589731910520     
   330.63060120432709     
   331.16217637856101     
   333.10491466346861     
   332.86751975998845     
   330.49819283630632     
   328.54498883943512     
   326.72389641000450     
   324.92521093482941     
   323.41524800955062     
   322.81403126907861     
   323.31652773426572     
   325.00184312935750     
   327.91862218678335     
   336.62437872350006     
   342.97718217700003     
   342.88719153766152     
   347.37715380105737     
   353.31334854633275     
   359.31518409904038     
   363.27017352291898     
   364.50444482624289     
   366.72167139049390     
   368.18679178005385     
   374.38542609193144     
   375.05559525706269     
   370.72478330734572     
   366.02431842135121     
   364.28205349516071     
   362.33781145430538     
   358.85438630580342     
   357.58143376944395     
   355.08709531804442     
   351.57329654785121     
   347.25070578527243     
   343.40195668305364     
   340.74501347084157     
   339.13664825361957     
   339.50281202635978     
   338.41138138529010     
   335.60586175727985     
   333.21495179110099     
   332.42412989578150     
   331.50393786568060     
   329.75472612030484     
   328.06568445539165     
   326.80156665230453     
   326.25608267690552     
   325.35204150035707     
   323.85823993659818     
   322.59279431870624     
   321.75218627277798     
   321.07138636304416     
   320.21645523781683     
   318.94929630562029     
   317.75313960229261     
   318.23674511473217     
   318.54644737334024     
   319.30399122020378     
   322.65865239744318     
   324.96691281767295     
   328.02222367831035     
   333.14360885313113     
   337.29545303854030     
   343.76449629891670     
   352.66328478644959     
   360.83024119060644     
   366.13928305205354     
   370.04824458787914     
   372.40856242632532     
   374.05148808299316     
   369.13179552178627     
   373.88800461594315     
   370.76956486541866     
   372.20590476688153     
   370.17859586243691     
   365.60413890657310     
   359.65857049358056     
   353.07779529863450     
   348.68387707480298     
   344.58690562187689     
   341.54948588549593     
   338.97124018776134     
   336.71802011631496     
   334.11594536682890     
   331.92354582458682     
   329.82023140157935     
   329.12644327034894     
   329.62252972570082     
   329.79876062528888     
   329.83821000517850     
   328.94609662605973     
   327.71281871716388     
   326.59841511994068     
   325.83136905430825     
   326.56862445967579     
   327.45413835861103     
   326.72205535994419     
   326.22710600380861     
   328.96659544656620     
   328.44261172278863     
   328.52336757495425     
   327.16968759052867     
   325.46600771743533     
   324.37631265615966     
   323.09989060560883     
   322.19277063955576     
   323.02016235227427     
   324.73458143482230     
   327.48060601772158     
   330.78067026188370     
   337.30120775051199     
   343.23646232359033     
   351.51303891648763     
   357.97831588563230     
   362.83534175571805     
   367.75809789252293     
   370.34726725638484     
   372.99625604237383     
   372.43090478791021     
   372.59635705842265     
   372.86776943554253     
   372.30980847643434     
   367.52664803104932     
   361.92695936102268     
   356.78707906412495     
   351.59625252985131     
   348.13033885897215     
   344.80280885610688     
   342.22920782610299     
   339.97564270411465     
   337.82058761565833     
   335.41496430547824     
   333.33379655808284     
   331.97045192072795     
   330.69176019929256     
   329.85607889212264     
   328.70587784380399     
   326.24206453580859     
   323.70756297239808     
   322.76408018744689     
   322.44699436501554     
   321.64020840092809     
   319.64356894023950     
   318.65240217062552     
   318.31822950982377     
   317.14712247590364     
   315.99128321133770     
   315.52396058909022     
   314.65201226725264     
   314.28111119073060     
   312.55712806542914     
   312.67573646426996     
   313.34081596086884     
   313.60544005492346     
   315.02868300500296     
   320.14249810383654     
   327.02350615275236     
   333.75702038840916     
   342.39594445649220     
   348.58797783902611     
   357.31948078337706     
   365.66486176528815     
   371.00165806252272     
   375.41799781160631     
   377.97599176512762     
   379.79263980217468     
   380.88981025160621     
   380.72320862427819     
   379.27511929208185     
   377.37304739575092     
   374.28644282674463     
   370.10682693313566     
   363.43366497808944     
   356.08629324328052     
   351.41239343228307     
   347.93025587123117     
   345.05779461354462     
   342.23401590617254     
   339.51382899161757     
   337.31988322823861     
   335.46039570663731     
   334.08395333526073     
   332.97619482578602     
   331.43477497753150     
   329.44698007063380     
   328.05064104919052     
   326.78059915429577     
   325.24103293931847     
   323.58066733420924     
   321.69542322670031     
   320.72722114430189     
   322.13225340749290     
   322.02177542360090     
   322.70582427517053     
   323.55414927771238     
   324.17719240161125     
   324.79730125100792     
   325.02329572868149     
   324.48126714736884     
   324.20769367080845     
   324.54956389810474     
   325.43311785058501     
   326.15595402641725     
   326.99957816636811     
   328.19323903471275     
   329.41490526738329     
   331.59602238870548     
   332.80923355669614     
   334.13655735316121     
   335.53131626129010     
   337.74486754652048     
   341.19183516799052     
   341.20515441751013     
   342.44640614934053     
   343.60077274895133     
   343.99216051245691     
   348.47000452042738     
   349.95605531145964     
   347.17336924996579     
   343.25395530468222     
   337.52889779766929     
   331.88092073613973     
   327.80274874828012     
   324.31807089540439     
   321.85613951267601     
   319.89967540336238     
   318.08984490106542     
   316.68667519975190     
   315.72178164025314     
   314.93865457433674     
   314.24821837793172     
   314.59121182842853     
   316.94800418442549     
   317.35854404155526     
   316.90774258602289     
   316.66977113298168     
   316.92920461320699     
   316.92849059773687     
   316.58768329468779     
   317.61693254982350     
   318.75586612526621     
   319.79665419234294     
   319.10866169772072     
   318.34217433283300     
   317.28671986970005     
   315.37050985246407     
   314.71539037705429     
   315.19998375786696     
   315.51725992087830     
   315.76663787373599     
   316.57751988980442     
   318.36598648171753     
   320.58112425468420     
   323.90970604600233     
   327.10330979356559     
   332.17638465913041     
   333.94566937213341     
   332.85174538755268     
   334.24286447977710     
   337.41413136659719     
   336.29692144096077     
   334.20119345886633     
   333.51967363945749     
   332.88667071678299     
   331.54453862216747     
   329.91572394221527     
   328.21850393114460     
   326.82832242458380     
   325.27251873221456     
   324.32362454151945     
   323.37684330768883     
   322.33304327960855     
   321.57509462329648     
   321.07073314758503     
   320.34763022005205     
   319.59113777485061     
   318.91725979470044     
   318.38270056311364     
   318.01041927919471     
   317.46068107975924     
   316.80725545940578     
   316.61293668915766     
   316.51535357341282     
   316.51392715581744     
   316.36613461294667     
   316.32013900581723     
   316.35239521633298     
   316.16504311831875     
   316.17178976668396     
   316.12550326184999     
   315.94677316574882     
   315.85436111624347     
   315.60249834577530     
   315.44569656838206     
   315.39203073364081     
   315.53159852026732     
   315.23249663703376     
   314.96972402505929     
   315.35477969826246     
   317.06881353501518     
   318.45584919098036     
   319.22582273472858     
   320.40675589621821     
   322.91200730175296     
   325.24251579084398     
   325.66756741858910     
   333.16916629706208     
   336.55858572496851     
   334.64846988400205     
   335.28379722842817     
   332.16329828884125     
   329.32186517990482     
   327.60361348788672     
   326.49773169849550     
   325.40002714135682     
   323.84743825043250     
   322.51963654560421     
   321.39614873620189     
   320.15260527978324     
   319.40218103837623     
   319.13870101516801     
   318.92443181752299     
   318.68988704307475     
   318.25978033225016     
   317.92307452493333     
   317.83190965795416     
   317.82206832296396     
   317.69336972378284     
   317.56536669059426     
   317.98563179937418     
   318.30152002953253     
   318.04514336935114     
   317.66378612222081     
   317.43970693045446     
   317.33295552299859     
   317.29408574682867     
   317.34710777162400     
   317.25522931480657     
   316.95023321518192     
   316.67679544726337     
   316.47996301837441     
   316.22342884757666     
   315.75748048768833     
   315.54796822575099     
   315.26870073688019     
   315.40746743549613     
   315.85731306917251     
   316.41176466890784     
   317.72300296901619     
   319.73790777645627     
   321.64959875333375     
   325.44711474089667     
   327.86019662778040     
   330.56377588208272     
   333.44311287675464     
   335.83821556715026     
   335.20441843278718     
   334.15165744558345     
   333.52124762538205     
   330.74039316398614     
   328.24070866473528     
   326.74926454505572     
   326.17961759058358     
   325.06790605907435     
   324.14972196776688     
   323.20579432438888     
   322.35944991617100     
   321.28595573784503     
   320.92168657867813     
   320.43064042275449     
   319.64351686075469     
   319.23508153799389     
   318.37313575391852     
   317.78872442955571     
   315.19777916836733     
   313.49913810228156     
   312.66250313645833     
   313.14542650487192     
   314.54886970116780     
   315.67950837915936     
   316.31346623731457     
   316.44900819122989     
   316.94456621805364     
   316.89758895378588     
   316.70081647840846     
   316.54318015387264     
   316.35797435458335     
   316.31271669432840     
   316.44388719025847     
   316.53106368791941     
   316.47946242643815     
   316.69340279651630     
   316.62613116053291     
   316.53350899850108     
   316.79957185692911     
   317.32567834895809     
   318.22271392703658     
   319.13099244513353     
   319.91249453198333     
   321.19863043437078     
   322.13824026073900     
   323.67673838715336     
   324.72570643999376     
   326.12583797158504     
   328.36974272278030     
   327.49733749610027     
   327.61243110780720     
   328.38621575934565     
   327.68312975742271     
   327.87715987636687     
   327.10521734322333     
   325.93336679883629     
   324.99409067187503     
   323.99541639778261     
   323.08976503088360     
   322.46974297300460     
   322.15053385995168     
   321.85191335576513     
   321.30766713005011     
   320.82115181959597     
   320.31050446914230     
   318.50433563069737     
   316.09489413257819     
   317.34096089728911     
   318.89830270971726     
   319.20491059322001     
   319.24531352307622     
   318.33864120694830     
   315.48022862073054     
   317.07083203645686     
   318.53007279400856     
   318.99924849881063     
   319.17935465591097     
   319.66837897196353     
   320.12624019549685     
   320.19386525086571     
   320.44609635910888     
   320.88717138593921     
   321.46078389306797     
   321.97718209865889     
   322.53963965705429     
   323.25236199717341     
   323.88791461106626     
   324.70191169599445     
   325.74752796094492     
   327.18744601449475     
   328.88120630675667     
   331.30203637664812     
   333.42770154149332     
   335.18979646678150     
   333.96990426504385     
   334.48560355854573     
   335.30770774868375     
   334.89965156502751     
   334.68671150844676     
   334.31533656640511     
   333.90925992303528     
   333.43378248185138     
   333.16528649791235     
   332.72019251213408     
   332.37119379377646     
   331.87006687750198     
   331.47566674363907     
   331.16771372242880     
   331.29242083681635     
   331.39170388881570     
   331.29903536677352     
   331.13214381639710     
   330.99991694361591     
   331.13033929777515     
   331.22561438463185     
   331.06653644288070     
   330.97694507221433     
   330.92030200044962     
   330.63890862727317     
   330.19276502319934     
   329.63354206552657     
   329.17059347463953     
   328.70146519410548     
   328.41520951411275     
   328.30651851442872     
   328.13477394876276     
   328.07276504845879     
   327.89115825293561     
   327.84860742720360     
   327.86126941721426     
   327.71070112861554     
   328.02373651041893     
   328.20608517940417     
   328.46155677186636     
   328.95668198116289     
   329.59128644523486     
   330.37122800885322     
   331.23078384485308     
   332.27916438380720     
   332.92399454311089     
   333.69560290965916     
   334.03088583395174     
   334.39640217478035     
   334.90126299202973     
   335.95104136883413     
   336.31189274801488     
   336.33605677765564     
   336.15639576745667     
   336.49027275415352     
   336.33508500156478     
   336.27681657989723     
   336.24803399403891     
   335.95346539601462     
   335.31997981840379     
   334.68741663446843     
   334.06072351348655     
   333.85179589427764     
   333.72200389496561     
   333.51732433201158     
   333.20977804797440     
   332.86863043626369     
   332.35006693388135     
   331.87355956143290     
   331.25708265446104     
   330.64987927934845     
   329.91683465459460     
   329.27041361342731     
   328.67380536760845     
   328.15928521911155     
   327.86246902049368     
   327.40386648398874     
   327.01762162522982     
   326.74446599530012     
   326.53345004390235     
   326.41147702447444     
   326.39163733476659     
   326.44261460950247     
   326.26529442796209     
   325.95259576908256     
   325.93031883300353     
   325.65852058350924     
   325.69421614100247     
   325.92454266335722     
   326.29150853486254     
   326.26123145802842     
   326.73236672547080     
   327.45995847777522     
   328.83120302918019     
   329.97261005443363     
   330.86148550332098     
   331.49847492364989     
   332.20592828004715     
   333.38888421885639     
   335.20675357040255     
   337.51443585427921     
   340.19318640677096     
   343.32140196656559     
   343.39883871324224     
   347.15502069018629     
   346.53880597704574     
   343.70785065278471     
   338.85519859696217     
   334.08619928530794     
   330.90891709670933     
   329.57554592906718     
   328.90207657514185     
   327.72880085544165     
   326.25548506743627     
   324.80631054481495     
   323.46855165812929     
   322.66331033690079     
   321.91912828872012     
   321.46593231840006     
   321.46759767328081     
   320.64412491762096     
   319.70797182785060     
   320.45640467498356     
   320.85391050460021     
   319.86804797552475     
   318.41888216948132     
   316.11953458168097     
   314.93823564541259     
   314.55731078229888     
   313.69593663473682     
   312.49567484670638     
   311.96885619783444     
   314.59579334012454     
   316.21279011505385     
   316.10156833286311     
   318.00113996054870     
   320.43864311849813     
   323.22867664497954     
   326.22512783791683     
   329.14524604519067     
   331.75563492888307     
   334.97482395569045     
   339.13751368333055     
   343.51524345669526     
   347.69449014364466     
   352.12751749728830     
   355.77404488590560     
   356.42602768253778     
   357.70715539702707     
   360.37315231915073     
   359.09532694754211     
   359.16418681778782     
   359.84703294673187     
   357.76139885948373     
   353.29453231030323     
   349.37347447761147     
   345.05917349156493     
   341.94484067528612     
   339.18554060947986     
   336.51654312110821     
   333.81987460534879     
   331.09424450777681     
   328.84443877378516     
   327.22916013284134     
   328.22450887467193     
   328.49994985926890     
   328.19320211828330     
   328.37068204203280     
   329.15166190775716     
   329.83080157230745     
   330.17025716226550     
   330.27126065812854     
   330.11261778347125     
   329.89848835778969     
   329.74351848191867     
   329.67892993227940     
   329.64954351538006     
   329.60850378356611     
   329.71599138391383     
   329.89711858990955     
   330.20277555472609     
   331.17451422103761     
   331.35205193589900     
   332.19134644035648     
   333.68068831741431     
   335.03389860212087     
   338.71095895312124     
   342.21442602634897     
   347.99802891003173     
   348.65118652189864     
   350.52730629910599     
   352.95753682812756     
   352.51501225556564     
   352.70714498689972     
   353.14112728017471     
   354.11016918692837     
   355.40720087427593     
   355.17283381529126     
   354.56583688789345     
   352.63225025696784     
   351.54280448508808     
   349.38476853104800     
   347.63726214321036     
   346.09542622881207     
   344.42344263946461     
   343.01470527383066     
   342.31831096939453     
   340.94433609949652     
   339.57363609531751     
   339.07315805022847     
   338.49727999714167     
   337.73966663111503     
   336.77586376107297     
   335.74081338242223     
   334.76959867955185     
   334.11089297901623     
   333.55277962604146     
   333.04000651539172     
   332.65138072809009     
   332.11482623683537     
   331.87330306537507     
   331.42194485142102     
   331.04960646865311     
   330.54187993990195     
   330.04245160526369     
   329.26665357109249     
   328.81259783221350     
   328.68846722338378     
   328.58731278132387     
   328.70418076223712     
   328.28337145715642     
   328.57577748509220     
   329.16674266378732     
   330.58431482346737     
   332.27959214187285     
   334.14639767047339     
   335.94591727496856     
   338.51070648266352     
   339.01644832361245     
   339.40749757118851     
   342.37679214697408     
   345.37494022086713     
   349.33003018935352     
   353.37454200659090     
   359.97744018253155     
   357.50528266431809     
   360.78693025859269     
   360.36808070317795     
   359.73673845258645     
   356.23941053289377     
   351.80523497490805     
   345.90771909310683     
   340.11873193042271     
   336.18928227536657     
   333.17946081371832     
   330.40748859475866     
   328.01248630061809     
   326.01899077562302     
   324.55584809686167     
   323.33574488268613     
   321.93787635950702     
   320.89234238660913     
   319.33039988931858     
   317.55567526305180     
   315.84182219576559     
   314.71076890068821     
   313.49040705928155     
   312.07615955336689     
   311.33572041072705     
   311.48749163417398     
   312.58716188370130     
   314.04053674696399     
   313.80284914217424     
   313.61372041982037     
   311.55738548716698     
   310.47911952945401     
   310.96264148832955     
   314.04586451570066     
   315.27243150508525     
   316.76832622758690     
   319.01860471865177     
   320.69752160498354     
   322.70377049599188     
   325.15626550007875     
   328.58522330425598     
   333.86160445735612     
   338.95568211561505     
   341.96722093065159     
   347.95211426508331     
   348.02840845757856     
   347.51389083885613     
   350.69769133443464     
   351.87439821363415     
   350.15564784376846     
   349.16668448478583     
   349.17864575408601     
   348.48618458633592     
   347.78569218233412     
   346.41385512522595     
   341.36282531701386     
   336.78676322269172     
   333.64494233783296     
   331.50636868195846     
   330.02951941103368     
   328.45719385591332     
   326.64541707042196     
   325.32663043043908     
   324.14667812309028     
   323.91324422742809     
   323.18005862281120     
   322.18961155905964     
   321.15505425685137     
   321.93092510834333     
   325.10089429914069     
   326.55028078159944     
   327.24475576670227     
   327.86093149541807     
   328.16689313785935     
   328.31632134821353     
   328.03990485263478     
   327.44440988003578     
   326.92844168205522     
   326.33439393630573     
   324.30174325675591     
   320.98069323757386     
   319.08820847479075     
   317.83791907806091     
   318.25068820774374     
   320.74569766283179     
   324.38693874030480     
   328.43963961459059     
   331.78552075665385     
   332.90212187865933     
   335.67688839020468     
   341.79314764820595     
   354.82987629848657     
   360.06824079124090     
   364.42496687037442     
   368.94990034909551     
   373.21943857755008     
   376.47084081073967     
   375.32760569126333     
   376.07762171442255     
   379.29059261557268     
   377.07737680056010     
   372.07142919429140     
   366.17863253510626     
   361.67402794088525     
   355.84094901405496     
   351.82444917051714     
   348.70321729663993     
   345.96180380224138     
   343.29936133542759     
   340.93062206350743     
   338.68945363301543     
   336.22214541023806     
   333.97363551480083     
   332.29277795260384     
   330.60226886967479     
   328.74930134200582     
   327.78148286698428     
   326.88995121973602     
   326.22366574499944     
   325.29643349039105     
   324.29859625899769     
   322.87585718873424     
   321.10912196209966     
   320.05189167781020     
   319.76313296755092     
   319.16327847325300     
   318.70142347238306     
   318.69026708728927     
   318.14636322891067     
   317.54230196823562     
   316.97307866203232     
   318.82991337047429     
   323.05020623642292     
   328.67940634246020     
   335.60374942513164     
   344.46253108675648     
   355.32119711527389     
   365.53055695724851     
   374.59946538479420     
   384.71464970899115     
   394.67401822591103     
   401.55084474944226     
   406.70312540090629     
   411.39678279788512     
   413.46793857775202     
   413.34025445136626     
   413.13804414324380     
   411.35990754968270     
   406.59514387832576     
   400.80718316491107     
   392.78496465363639     
   385.85800443666938     
   378.48755569609858     
   373.43827184264563     
   369.75359642667155     
   366.56079195415765     
   363.53075338360873     
   362.09646773943547     
   361.03226490412726     
   360.14659649984912     
   360.15448961381310     
   361.36892058876617     
   361.72967794145029     
   361.16811928645257     
   358.83491077910185     
   355.99929331136667     
   354.55575637858556     
   354.02074515783698     
   351.61350133722635     
   350.23850773678117     
   351.19499862783226     
   351.26234779722705     
   350.36244022285575     
   350.45526572786821     
   351.13443561030243     
   350.86542999866958     
   350.39998544142452     
   350.18450824771975     
   349.60315211591836     
   349.08556947545134     
   348.47148650239853     
   348.43313330829648     
   350.63585807147592     
   352.33503573573574     
   354.56906677273821     
   356.74578572182600     
   359.22279996396423     
   361.04831571745365     
   364.23861680917332     
   363.38012041041873     
   360.92210956393347     
   361.38396503733605     
   362.75730236459856     
   364.93423762314535     
   366.04730075071620     
   366.49587406050853     
   366.08115509260620     
   365.25226063889772     
   363.91739050928220     
   362.33386957380452     
   361.07219650981989     
   359.77528411006614     
   359.27617270318405     
   359.10330746355709     
   358.72825974548442     
   358.53176546497224     
   358.10512614584383     
   357.19375868388079     
   355.83204475391278     
   354.57805064666820     
   353.82692346142079     
   353.26292464448790     
   352.82201985648896     
   352.16652358238338     
   351.01719473093658     
   350.20227149469605     
   349.84973269903583     
   349.14166332231946     
   348.31926274549693     
   348.41548212658159     
   348.57478769567393     
   348.62537610857555     
   348.86669334172728     
   349.18084475237231     
   349.29077154303712     
   349.71824078378023     
   349.72437232383942     
   349.77769159741825     
   350.20538844946753     
   351.58824304144787     
   352.69296547331135     
   353.87937126104470     
   357.34262389773778     
   360.62078870165499     
   362.28500565221356     
   364.66934810885869     
   365.29404229031178     
   369.16033951394962     
   373.03705572938361     
   374.43237525122066     
   374.36472735170486     
   372.74155827839678     
   370.34799683532174     
   367.99099115085210     
   366.75325479192105     
   365.79496210249397     
   364.85107858137428     
   363.44290233285881     
   362.76772933254176     
   362.13327712423046     
   362.31944544481388     
   362.64608207030619     
   362.81236863575640     
   362.98779206682599     
   362.93039589696804     
   362.68086421892548     
   362.49332054657953     
   362.24608763628788     
   361.89994578807932     
   361.68609271550849     
   361.43444533094538     
   361.29989542438187     
   361.37060867231685     
   361.57476376399029     
   361.69236000792898     
   361.68768038736516     
   361.79571754841601     
   361.76163386821247     
   361.69624081140222     
   361.72416766003249     
   361.70673630009640     
   361.79615705436646     
   361.76820909287335     
   362.10155325497158     
   362.23422360122197     
   362.41505033279844     
   362.99148388095909     
   363.67308635646089     
   364.85055101097026     
   366.90512024009291     
   366.32042051272134     
   365.57901552663407     
   366.16855583592508     
   366.87170170574939     
   369.18559346947529     
   370.79198304364576     
   372.04158475261391     
   372.10072632467575     
   373.65377116834264     
   374.34194934525567     
   373.49077256227258     
   372.79594185934451     
   372.95663827585366     
   371.97028934973815     
   370.19305559116549     
   368.94173082305508     
   367.98392902065268     
   366.47427244516507     
   365.33668166379431     
   364.46445769680298     
   363.51144966042170     
   362.03519871410822     
   360.85633299130166     
   360.20543260094468     
   359.53792947004689     
   358.66478020697059     
   357.58367379195971     
   356.45581707779638     
   355.67988379950339     
   354.84821260637352     
   354.11801177269740     
   353.32982630358589     
   352.54597744363912     
   351.93405819823982     
   351.22462621415377     
   350.29084008193240     
   349.46098197444877     
   348.83832114573971     
   348.20602984191339     
   348.06043705941249     
   347.56107063798493     
   347.11845963191900     
   346.13718744145410     
   346.01538561770332     
   346.38168265565531     
   346.67211988530801     
   347.72839885335003     
   348.99859247821712     
   349.27358768923511     
   352.00688819487175     
   354.60545797345065     
   358.64082218527631     
   361.10291996729904     
   361.38056491315979     
   361.89622882311465     
   360.40130887007984     
   359.85268555398943     
   361.64168480348928     
   360.43809516608775     
   359.08632370766776     
   358.94716199667710     
   357.68156432573329     
   356.20882191983003     
   354.27273066493910     
   352.61582798340896     
   351.08873176535991     
   349.80561640143623     
   348.43212527842007     
   347.83881837213693     
   347.25578350970875     
   346.07620812894481     
   344.51030087713247     
   343.23383278586908     
   342.14032279688689     
   340.97407921443670     
   339.34080071990434     
   338.35006759572457     
   337.36454875252531     
   335.47787211322947     
   334.53011879410570     
   333.98694093678102     
   333.67915418481130     
   333.17513300298492     
   332.46718797254920     
   332.04598434187227     
   331.86636297648585     
   331.68665875007639     
   331.44313284391887     
   331.18237272317333     
   331.16108550849077     
   330.91252978066615     
   331.23950276337706     
   331.38978442521625     
   332.48145409982510     
   333.83088419384370     
   335.06831846310746     
   337.40350336222724     
   339.92560182374950     
   340.06067062507560     
   339.17376217714008     
   338.77010255679022     
   337.82211781466327     
   337.79517804917663     
   337.41560579915085     
   336.28960423645896     
   335.20811340349758     
   333.59211690909257     
   332.55948951457572     
   331.29951723801651     
   330.75182340623405     
   329.53393672899790     
   328.16260658899779     
   327.26567701684939     
   325.87441851847205     
   324.41730749915098     
   323.45776019394702     
   322.51436514141744     
   321.62688597371937     
   320.88933161406663     
   320.38636442297775     
   319.58562328522754     
   318.51130996655718     
   318.15016980536132     
   317.92622201827692     
   318.41640260399663     
   318.40316203027965     
   317.99467161902891     
   317.77192293695742     
   317.40688632836435     
   316.83962597277150     
   316.22677888222290     
   315.18179535416567     
   314.23872493939211     
   312.90115664904283     
   312.08987046788945     
   312.07088135609149     
   311.28054477186930     
   312.00669643224387     
   312.06211487679320     
   311.94277636907236     
   312.55162121100790     
   315.56721528790092     
   319.27166782549017     
   322.20175007548517     
   324.09692747909617     
   326.41987229462734     
   328.85461383901077     
   328.11122738432420     
   331.05518899720278     
   330.51587054928342     
   333.73287165901831     
   336.08920926609460     
   331.69247922141489     
   332.82691696304454     
   330.68988475531785     
   326.87899763701358     
   325.62897096220127     
   324.26926877859222     
   322.61498574392419     
   319.54724146652688     
   314.25733637727768     
   310.46668223505782     
   308.72982237520426     
   307.63475302848013     
   306.96761656177921     
   307.18963227690426     
   306.39843106554639     
   304.81194770669339     
   303.57488447593119     
   302.37276634184008     
   301.51944833896027     
   301.05399790085943     
   300.81126074277000     
   300.99944383504572     
   300.59994023979101     
   299.59427031075563     
   299.26420096067955     
   298.80197460160196     
   298.45651754718352     
   298.40721039757216     
   298.51813781581887     
   299.47231352501740     
   300.28415456655341     
   300.28231239807127     
   299.68138833736117     
   299.23835243098375     
   299.67428622266050     
   301.33711453177682     
   304.49891190374149     
   306.36145207695665     
   313.12185664067107     
   314.77012252046069     
   325.75210870072249     
   323.36299769802247     
   327.54851969002061     
   334.32129115594103     
   337.91297500275908     
   341.28830142734228     
   344.87049872173520     
   343.20668078979224     
   341.69578064476883     
   337.84307604553527     
   338.37085776281685     
   338.60741570257386     
   337.59919038447714     
   335.85224616471930     
   333.40617605019406     
   331.21011292240871     
   329.30256326133542     
   325.51606004910639     
   324.96810776826396     
   324.94488905941319     
   324.53835804168983     
   324.86065203957958     
   325.42335297201885     
   325.71728362524931     
   325.75453071652169     
   325.42032395930875     
   324.86452150144981     
   324.36849344661880     
   323.90556955195291     
   323.33737912111059     
   323.11000657180659     
   322.91881763951642     
   322.45045262904637     
   322.33582319006308     
   322.15724769673295     
   322.11672026915494     
   321.72883674583312     
   318.83104597662253     
   316.35804454923590     
   313.66140456226560     
   312.24977474450992     
   311.69462631736064     
   311.57226027240887     
   314.71809930698424     
   320.77533499795567     
   328.33967860919489     
   330.21811632646973     
   336.63899657429016     
   342.73060356848805     
   352.10231654482124     
   355.59977082616103     
   358.43812396931446     
   362.02890319828134     
   361.47837403283063     
   365.57324733096692     
   358.75702146566636     
   358.78772253258387     
   357.39129990609501     
   364.53121728640804     
   361.41841308274826     
   355.63448112281947     
   355.74923645756400     
   345.41997699954157     
   341.33829967640816     
   335.88033692073253     
   331.80666245181260     
   331.26934143264748     
   328.58495144786298     
   326.36765174052664     
   324.33199569288212     
   322.54209860749700     
   321.35957658881995     
   320.26567625858030     
   319.27633909274419     
   318.70564713021713     
   316.95972562845134     
   315.37311404207770     
   313.52199001775188     
   312.02048614034254     
   311.00661426361967     
   310.71399861971383     
   310.06297794896216     
   309.05583192043264     
   307.31878980700333     
   305.56743287578837     
   304.52114142720416     
   303.64749272037824     
   302.93935134385032     
   302.57102578689938     
   303.40479608984913     
   303.67781409284373     
   306.83634091963523     
   313.04313471302396     
   320.74659998687912     
   329.43751358806094     
   338.37653974723401     
   346.14331987006193     
   353.21171678548581     
   359.93981134944170     
   360.54116154553935     
   366.42489523620111     
   374.39162994517142     
   376.01453657763437     
   375.10225848113134     
   374.82487529025570     
   371.35714966152932     
   366.18439158917630     
   364.26332090023931     
   363.13504358470698     
   359.61787214373089     
   358.45479260908121     
   357.72294365227810     
   349.82762246273563     
   342.56424042592789     
   338.71609240854065     
   336.28067339994726     
   334.41021790179695     
   333.18724820564114     
   332.30553530863369     
   330.66846784309678     
   329.72934692800192     
   330.14031783626143     
   331.34640832838784     
   331.08269953519789     
   329.68464908168130     
   329.55164715280307     
   330.21714013758981     
   330.47198342433654     
   330.56853860818080     
   331.81894310985240     
   331.68341971514144     
   331.43740755889041     
   331.84535518195418     
   332.43580192804410     
   332.95586715488986     
   333.86573606997626     
   334.92607748625721     
   335.71196529546779     
   335.80789416335256     
   336.77850691127367     
   339.37946919805159     
   343.48436814641497     
   348.58906370814259     
   357.61687100519964     
   359.42741066617737     
   363.66669181484184     
   364.68474476345546     
   365.70794667879187     
   367.01757798430117     
   368.54103363491379     
   367.80303465351199     
   365.44218910706098     
   369.55526349839948     
   365.36161267964121     
   361.74492891972648     
   360.45918371457179     
   360.84528706060883     
   359.74438416100247     
   357.64262204311427     
   355.59832926651075     
   353.46965126564612     
   352.69515176478609     
   351.61854829299909     
   350.66663854599221     
   350.24554550342742     
   350.20693146046204     
   349.84679008884910     
   349.24842487427776     
   349.08506302016485     
   349.23873055601155     
   349.29197451422601     
   349.12395110306500     
   348.63503448810235     
   348.69125253936210     
   348.61222331329424     
   348.29813879276577     
   348.06627101092784     
   347.73970527921648     
   347.37910039885389     
   346.92351132014079     
   346.22185440268078     
   345.68077931054046     
   345.33675797658111     
   345.25716361570102     
   345.07479164262742     
   345.38333557606882     
   345.42112532477159     
   345.54187308970546     
   345.10151498322546     
   344.40877829429792     
   344.69708197516366     
   345.78069881458350     
   345.87751381033297     
   348.61441698448721     
   362.80122780595957     
   365.76423092352184     
   376.15011001555013     
   382.35483886569591     
   378.93207744768858     
   372.21547735404448     
   371.09545376760644     
   365.06234931190187     
   359.62996238799383     
   353.48530816437182     
   351.57600892919373     
   349.83036802902683     
   353.86829074323936     
   355.23004937390806     
   350.13591106821355     
   347.04640031641128     
   343.68133238519954     
   343.26198631462148     
   343.68428510210776     
   342.96986941685259     
   342.34129318405320     
   340.51521297540802     
   338.51470464055080     
   337.59957114217320     
   337.19867611457278     
   336.56800980973145     
   333.15785574001507     
   331.35629421039596     
   329.85362389991843     
   328.66680780572773     
   327.93898837276811     
   327.05838226133602     
   326.91818275882633     
   327.01070341011581     
   327.02790473214213     
   326.84271996154956     
   326.83352141934046     
   327.24451356127497     
   327.77641562649677     
   328.75208119897906     
   329.49108443836423     
   330.22305530127079     
   331.41418807440562     
   331.16710862089985     
   331.07087653726603     
   332.33533556625281     
   334.76834916471023     
   335.08076754744178     
   334.68244218364771     
   337.35338023759169     
   344.75251012653911     
   351.12841518632769     
   354.05562205434330     
   356.10544525740642     
   355.02614886645983     
   357.60938633317983     
   358.74252597968996     
   358.31272289603118     
   362.50071919862370     
   375.23562607773721     
   366.84009733166511     
   358.50775360203568     
   351.27937359126997     
   344.29083893862440     
   340.20705593088610     
   337.21770939133455     
   335.54624877291081     
   333.64141129812811     
   331.49387292885729     
   330.13059617736968     
   328.43480598714706     
   326.54923861997355     
   325.30022832879757     
   324.42955856088605     
   323.66971879355401     
   322.84841329036396     
   321.92116063384105     
   321.29951295664108     
   320.17208646425371     
   318.84194762022975     
   317.82121040529364     
   317.15675745621388     
   316.85322362140789     
   317.04671276568467     
   317.32987015145471     
   317.57552363986946     
   316.57608120610911     
   317.40034233338230     
   317.89043349196163     
   316.81010549199738     
   320.52368178485091     
   330.16417984033376     
   330.31646008074631     
   337.03257475001112     
   343.87379528303558     
   344.42092542985085     
   343.98053542359071     
   353.86667375558540     
   358.72192820679521     
   360.47451822761207     
   362.14659321711929     
   367.51799970401379     
   368.44894783350657     
   369.54732828658229     
   364.79278339021943     
   360.78573293031093     
   360.23246255224740     
   363.86245617699137     
   364.12030006913602     
   358.14987818710665     
   352.34214566164724     
   348.57392441943676     
   344.42815601592264     
   340.43586048427869     
   338.30691362562351     
   337.76366470510760     
   338.76589089594364     
   339.41013146625426     
   338.62436447906259     
   337.77377905630351     
   332.88598262728596     
   329.55012319637035     
   328.11906797539200     
   329.00005644491739     
   331.16783280680875     
   332.08570551927340     
   332.53950345913688     
   332.57305612407521     
   332.58472909341276     
   332.00846707828697     
   330.09036592726534     
   326.79379489787499     
   325.59497665396992     
   326.33529675569594     
   326.46690680378902     
   326.33824063447582     
   328.38638269095736     
   330.33246194076708     
   333.05407059401250     
   335.48659831965693     
   337.47608679857842     
   338.33991745079470     
   338.34689057626974     
   342.97055393144905     
   345.47880705294068     
   348.29056443275681     
   352.17459072559416     
   356.93551710254684     
   356.29635536650625     
   364.25478773927688     
   362.30190327336106     
   363.61835807770257     
   369.50424563570596     
   363.35969620478318     
   358.22756698041320     
   356.58551118649660     
   355.10654201318005     
   349.02803135788582     
   345.33182717939366     
   342.48750390578692     
   340.91431249035736     
   339.93635687872739     
   339.53512455512066     
   339.57416666669070     
   339.32829698850082     
   338.74873875749716     
   338.33066278825186     
   337.87647810963881     
   337.42502222287976     
   336.39472991021557     
   335.48307918663454     
   333.69177542319829     
   330.97760338226010     
   328.98375199097620     
   328.32087587240636     
   327.59505042602393     
   325.79557385435527     
   326.91749513000985     
   327.37555515327142     
   326.83159087608345     
   326.19970812088889     
   325.82165226156809     
   326.15962381600247     
   327.31142135427905     
   328.10715090220839     
   329.49785939262904     
   331.21269041104216     
   333.59459114714696     
   339.49360783099297     
   340.95673396392249     
   343.88526474745328     
   344.22628208066897     
   347.29495284854210     
   349.03496885617255     
   348.11094974764308     
   347.43375020007710     
   348.98220092511559     
   348.09604811869360     
   348.29342190194046     
   347.39010994137556     
   346.05714458371108     
   345.20422991784585     
   345.32794201235117     
   343.74099246712871     
   341.85705771082866     
   340.12536567592809     
   337.93545843973993     
   336.16307267092742     
   335.49256626426666     
   332.27186730225748     
   329.58307939965175     
   331.24613582915981     
   331.65948366705732     
   331.02756836072729     
   330.30384325461063     
   328.49215885745542     
   328.19810854010416     
   327.50466039373481     
   327.74726729825380     
   328.11317100288136     
   328.26804595148559     
   328.28553756437412     
   327.95124558030142     
   327.73850354924269     
   327.45185820083628     
   327.34295398971653     
   327.42029322601269     
   327.68065861606823     
   327.74303397282614     
   327.74164684049447     
   327.62617488661527     
   327.74698030942164     
   327.88921221985328     
   328.52476352658198     
   329.95416755652212     
   333.41696516562382     
   336.81034888758330     
   340.10978572954076     
   342.21113307605316     
   345.49221401653057     
   350.08220029096304     
   350.19124104002913     
   349.13638290989007     
   347.89714939326893     
   348.87432359106856     
   349.22176253426738     
   349.59439249611847     
   352.71613423084176     
   354.87937932471459     
   352.93712697308956     
   349.44699848213850     
   347.98038045891741     
   346.33529601863057     
   344.60788195449999     
   342.75230967660355     
   340.91307527664890     
   339.84082611576417     
   338.72494834506386     
   337.84843440269003     
   336.85580603632008     
   335.57413046663623     
   334.49412554737592     
   333.39667416290513     
   332.58074367953878     
   331.82608208476489     
   330.74026213659374     
   330.45524220270283     
   331.27938651539563     
   331.88546000184289     
   331.98484887689773     
   331.70156983268760     
   331.38646067189438     
   331.09769138957279     
   330.78779671363225     
   330.72707144131630     
   330.60867567858782     
   330.64743723776604     
   330.67980957913664     
   330.41927128624849     
   330.26233136591520     
   330.32200045384974     
   330.70607356869414     
   332.69264193331986     
   334.01494362691403     
   335.73505016872440     
   337.53246312249195     
   348.11935687977063     
   353.14958231611917     
   353.85976711834917     
   356.51321095519944     
   357.01874348342182     
   354.04775621588726     
   354.30032315659548     
   352.57516756359757     
   350.61582962479946     
   347.58588527518816     
   344.92015675257448     
   344.81511605323590     
   344.99251476470528     
   343.72308036465864     
   341.81381204032755     
   339.81957491784215     
   338.02768299542799     
   336.30787977558970     
   334.80214117552885     
   333.52066552510036     
   332.85594643210874     
   332.55460046319496     
   332.42560306023876     
   332.34737811893194     
   331.98816418084022     
   331.91470776885399     
   331.95361756221155     
   331.90003271569401     
   331.71459795595086     
   331.45529010236527     
   330.99590070613453     
   330.61177837234328     
   330.16783124169899     
   329.91654049456133     
   329.65545496128959     
   329.56038547694760     
   329.30123450535666     
   328.62024105004144     
   327.52888926532495     
   326.53026969010574     
   325.76484001172213     
   325.07145178073517     
   324.43081884010167     
   324.02627630507385     
   324.14547414711905     
   323.59714527657542     
   325.19110707250144     
   327.28016124714077     
   328.81699919281249     
   329.04007685886876     
   329.61728133544199     
   327.97315576004297     
   329.25475604770486     
   329.70298374575850     
   333.19462858320577     
   334.11572550081399     
   335.80559738358301     
   334.55788676282737     
   331.96937784820636     
   331.01880939058248     
   329.97257655110633     
   328.96011790530872     
   327.74587518666237     
   326.34506736737302     
   325.28260879952023     
   323.96219716734930     
   323.13553120395187     
   322.62524070969857     
   322.12333969697534     
   321.73468497335966     
   321.67806081061912     
   321.31992491980566     
   321.21163694689307     
   321.32599608500078     
   321.24806432086712     
   321.14094197268673     
   320.96760153800199     
   320.81412067861271     
   320.27307273088536     
   319.90049745773729     
   319.40821209787339     
   318.90413332171954     
   318.49148245803087     
   318.05599277935391     
   317.43389445153275     
   316.87210152093451     
   316.27819377797044     
   316.07017406028427     
   315.75407540711194     
   315.46737792633689     
   315.40609171077136     
   315.53080822003454     
   315.93137947986185     
   316.36139945103713     
   316.38259646124715     
   316.34392834975489     
   316.45651453111151     
   317.16061069548454     
   317.90965571945861     
   318.06991376809043     
   318.77141398970980     
   319.15678488356644     
   319.74447951917682     
   320.02273592431339     
   319.33722073755064     
   319.08448647401582     
   318.85625260219916     
   318.74272767879739     
   318.01625878705846     
   317.01140957123215     
   317.00624108223224     
   316.65455651511195     
   316.39403909209813     
   315.95255974746732     
   315.67226228457241     
   315.84441774957054     
   316.30255577080624     
   316.78685298273859     
   317.11276077271390     
   317.22282681738074     
   317.26262494961844     
   317.47839823294032     
   317.72870617405687     
   317.79170306377472     
   318.02743203297644     
   318.04762377413095     
   317.75352609191384     
   317.39124980424248     
   317.23242868028501     
   317.14224227457925     
   317.06930016533215     
   316.85230540717686     
   316.61952375100799     
   316.37656318180501     
   316.10491371009323     
   315.94764463461740     
   315.64966329875301     
   315.59966111287406     
   315.61690903322403     
   315.78983344902645     
   316.37916861527248     
   318.14186909541286     
   320.29435362980558     
   321.08766400008238     
   322.94887288813260     
   324.39606739218550     
   327.11607803469423     
   328.01138846581125     
   327.04716486921603     
   326.94892996299234     
   326.02623676181202     
   325.65064789549137     
   328.36538640788950     
   329.62625643199590     
   329.53032118101487     
   329.98368899571545     
   330.44892060373127     
   332.21935166266957     
   330.37468146436862     
   326.95758854602286     
   324.33594789677477     
   322.13973006632642     
   320.99521372148121     
   320.24778570865988     
   319.99258913136612     
   319.18020496070727     
   318.35832567984050     
   318.17906147974253     
   316.60047375148247     
   314.15099545789116     
   313.33051642510537     
   313.12450944684667     
   312.92292222073854     
   313.04930956165197     
   313.12442680062429     
   313.02430677276033     
   312.89310807159228     
   312.67787323078403     
   312.53639492863232     
   311.68928431224145     
   311.33858526575779     
   311.89791936655888     
   311.97044153946456     
   311.69124801671177     
   311.93835917428538     
   312.46418969290710     
   313.35296600431445     
   315.56329940430174     
   317.83145325937625     
   319.97512219578022     
   321.95936302879306     
   322.34867361231289     
   323.24126202008472     
   325.33420527735780     
   328.60412360651219     
   330.34873541769304     
   329.57586596434032     
   327.75043564539681     
   327.66563538952414     
   330.11465711986375     
   330.93441578562675     
   330.57888355045884     
   330.16366197878153     
   331.06470977716759     
   330.88105905916143     
   329.60394225426711     
   328.22961410892395     
   326.37603298877957     
   324.82100691202839     
   323.05373839656733     
   321.76090988080830     
   321.21481268138348     
   320.77366638078109     
   320.48643698951071     
   320.19588551078624     
   319.78867668685893     
   319.55012595244904     
   319.13603993609229     
   318.56285379360236     
   318.10349414849890     
   317.78850425918745     
   317.54515899883154     
   317.25622516775826     
   316.87253797012028     
   316.23481811990860     
   315.00271227886344     
   313.84708710913492     
   313.38193393313162     
   312.61359847746070     
   312.79856325693316     
   313.14611930722305     
   312.72708251455731     
   310.17222248192110     
   309.56145342807815     
   310.54544663987127     
   314.54686719016831     
   319.89866203972645     
   328.40916456919967     
   333.34386302178660     
   338.79561043471716     
   348.45860937042426     
   348.01851742110728     
   343.46133595659592     
   337.85124752124460     
   339.90587298213308     
   340.27589541648609     
   339.82239856835645     
   337.79523839149999     
   340.37107226454856     
   339.02561447669683     
   340.65260006897699     
   341.90006791755712     
   339.79235009245258     
   336.96996708464246     
   334.96223153960472     
   333.00888090660465     
   330.99778749105161     
   328.79280309827021     
   327.62837608200931     
   326.32243986520479     
   324.88881375530235     
   324.01162323747519     
   323.34607468867119     
   322.18662170576891     
   320.20754417063137     
   318.42703448596490     
   315.03530650054893     
   312.49937468300868     
   311.24482112659626     
   311.84409677019704     
   313.26506650204522     
   314.07290780923915     
   314.20933740643164     
   314.23320608616496     
   314.25707634605607     
   313.09577140168670     
   312.08722604171686     
   309.50586751467608     
   310.22588284354225     
   309.45213950339837     
   310.86933985903937     
   312.61042446663737     
   312.73011098810537     
   314.97518891118369     
   319.80533895101166     
   323.48033898137891     
   333.01232627668429     
   334.26883853184631     
   336.46622654081034     
   347.50691910787157     
   343.11827641870656     
   347.28942263146428     
   347.27773597272824     
   344.21168422180864     
   342.97889146970647     
   342.72700238492575     
   342.20668968123869     
   339.79274444630556     
   339.01347896198172     
   339.69077065299092     
   338.70187597943362     
   336.42181868541383     
   334.56030120044875     
   333.00065222421949     
   331.60806910746419     
   330.00493620896071     
   329.39300812875973     
   328.55727468158744     
   327.72015365922994     
   326.80492417448272     
   325.75497825943302     
   323.17091901540192     
   323.21514733381315     
   323.32713210156606     
   322.84095710075758     
   321.98031050132084     
   319.36952784197263     
   316.39322536534866     
   314.85925143196272     
   315.23626602106293     
   315.67946060149399     
   314.44801876058972     
   311.71334558205632     
   309.37587974184595     
   307.88049547765598     
   306.57666008295632     
   305.43952210044307     
   304.47958279104222     
   303.51573816739369     
   304.48444979579455     
   307.86604149616210     
   310.12984019345993     
   314.73121069198584     
   319.10813007386162     
   322.75488315359871     
   326.68567040076039     
   330.58049184143346     
   347.82893860644430     
   355.55162627237996     
   356.14287619794686     
   350.73071841285110     
   349.97091992151496     
   352.20972647971001     
   354.68947722106509     
   359.91373928122408     
   359.29265730344304     
   355.96203157292098     
   353.77099902316445     
   348.93884942673225     
   345.10767828583408     
   343.17308429111171     
   339.65630176655645     
   335.51980058636298     
   334.75968187593998     
   333.08400655057483     
   330.63099213175298     
   329.90059824300374     
   328.98355962930162     
   328.28376808618873     
   326.96824751954665     
   323.37523248589895     
   319.83723029596030     
   316.87193978156591     
   317.20924639481802     
   313.90488478104345     
   315.42097310544688     
   316.66610106864005     
   317.43047310888119     
   317.26914194394908     
   317.00232752333523     
   316.56557400238012     
   316.05716903214761     
   315.81331859621321     
   314.97423635714904     
   314.02132010946252     
   313.18474705948421     
   311.35418651199569     
   312.68453319844667     
   314.07911274058119     
   316.23912774920433     
   319.79287829364375     
   325.33730919045030     
   338.52319685383537     
   346.26691535740764     
   343.47676593518253     
   355.80978555553628     
   353.11804966717375     
   347.23815460068266     
   344.95301963836869     
   354.95918401893204     
   350.84664897357669     
   352.56074436118467     
   349.37417651598105     
   356.44146573314919     
   355.78183601252994     
   361.11657895762590     
   358.30970950132325     
   351.28617784198684     
   347.22455274777110     
   343.05372318869519     
   338.71195949608625     
   338.84334137394018     
   336.27636837354163     
   331.89594817049220     
   328.39368038084109     
   326.01266430088589     
   324.66448847490068     
   322.65035917510687     
   320.72146921273378     
   318.88956777948107     
   317.11012607707170     
   315.45421524868345     
   313.74594828698309     
   312.57490633323948     
   311.58783311477703     
   310.34869244346970     
   309.00420767812471     
   307.81298134639735     
   306.54976381386166     
   305.44187916831612     
   304.37035300534450     
   303.45891692931428     
   302.30280680989830     
   301.21026030465032     
   300.63736377874841     
   303.06310736256989     
   307.70125751384990     
   314.95258981484204     
   322.07247963949715     
   330.90848315984164     
   339.19209247068397     
   348.40704584095676     
   355.19284269828466     
   354.40298835341105     
   354.75755513867188     
   357.73688095817579     
   365.10656511208344     
   387.16455903916255     
   392.60573381320467     
   393.18833926317694     
   387.57702620422100     
   378.51535695617252     
   380.58305503472275     
   372.13394007223633     
   366.18644597907854     
   360.04631541530938     
   357.00063172347240     
   352.40843190162690     
   348.78293529733617     
   345.10527307129291     
   342.12670754555177     
   340.12563972963568     
   338.30387488747374     
   336.26547935533847     
   335.09273290534884     
   334.39906583125907     
   333.49992748307699     
   333.15877816267619     
   330.26756407253163     
   325.38629110828168     
   322.66979101145017     
   319.80735862461137     
   317.50425558647214     
   315.96682533085004     
   317.02393234987011     
   319.56153079721554     
   320.59880869409977     
   321.02179539011223     
   320.83358238069735     
   320.66243527171741     
   320.92082896861393     
   321.18886893659533     
   321.09739056407579     
   321.44547426864722     
   321.96679261423571     
   323.00737480757675     
   324.77406111875138     
   325.78782469274233     
   326.54893052983675     
   327.83561010815492     
   331.87747647079567     
   335.31649495711963     
   335.87229051428551     
   335.54732841851990     
   335.52445804840653     
   335.68600628226449     
   338.86858932031095     
   339.82895681825954     
   342.77209115771831     
   343.45269906533554     
   344.87151218242724     
   346.06518600956809     
   346.82443695735935     
   349.82247558851225     
   348.40279123721535     
   342.72776395721269     
   339.92117474621978     
   334.71817814711693     
   330.81055145428166     
   328.05778011674175     
   326.29147580595628     
   324.61515762543900     
   322.84403960560576     
   321.06137861728888     
   319.20890743912196     
   317.44801336767171     
   315.70924882885731     
   313.73470699256990     
   312.03949460519635     
   310.79909092753672     
   309.79450280752843     
   309.09686787018001     
   308.67856622994640     
   308.17955090877570     
   307.64210279336038     
   307.07041823450544     
   306.60824100218434     
   306.23729856133730     
   305.81926673872033     
   305.41120195694720     
   305.18998196494323     
   307.01677021327794     
   311.24031777674298     
   316.98454915685642     
   323.63135277573014     
   330.66951740216530     
   340.07783894104875     
   348.18001943533432     
   353.62469701534945     
   363.75222720566597     
   367.98590744609845     
   376.29540818272807     
   381.01241338461068     
   384.25139179614729     
   387.22885970733773     
   384.97435460403887     
   386.40369803270369     
   386.43886389643041     
   384.70849125428305     
   382.48995877127595     
   380.11546095827151     
   376.67677749458704     
   372.16850244906050     
   367.18796458546444     
   360.60339714608079     
   352.96339994052965     
   346.82975019266405     
   342.66026503999177     
   339.16935700921204     
   335.82502690171958     
   331.99565668407820     
   329.16189137694784     
   326.75382834406230     
   324.60896706516860     
   322.60156933912555     
   320.54599534641500     
   318.78335263211682     
   317.21799266510197     
   315.69420467197614     
   314.19414711667400     
   312.98625683195485     
   312.11798351823126     
   310.75921769805035     
   309.39452584982592     
   308.69547514237792     
   308.47067549137387     
   308.24453175452362     
   308.79113028505208     
   308.07397863992895     
   310.02671324744745     
   314.79177306633170     
   322.05107690553263     
   326.56312765183299     
   330.35321294800718     
   333.79144160034639     
   340.15875820708499     
   346.86784546750982     
   360.12970561153986     
   359.52061701797135     
   362.44996174611720     
   360.01262714017304     
   374.75895523617652     
   373.15999158546128     
   379.70043062079424     
   380.78951446993096     
   380.32711826859838     
   378.64953939484434     
   376.63688178169224     
   374.69989915148807     
   369.19970532451333     
   364.31923925245280     
   357.99228436160564     
   351.26453675613163     
   346.69290813258976     
   342.73762169742184     
   338.66322916876214     
   335.97613258580708     
   333.27184420796027     
   330.31024295033109     
   327.73481796339752     
   325.41349776249751     
   323.61245260528131     
   322.15539604844679     
   320.77652220194341     
   319.64473595777372     
   318.55956085606238     
   317.47043474982831     
   317.04922864194941     
   316.45049038871917     
   316.17611861240096     
   316.31088119084836     
   315.66775439307395     
   315.09863206734553     
   315.01991526418118     
   316.16261374966012     
   316.82639079212669     
   318.14818482251684     
   319.83734699990043     
   322.30595282266336     
   324.36457460048325     
   328.66592487838034     
   332.18023113281748     
   333.90158727319493     
   335.07276505954775     
   338.30483111666018     
   339.91591375717746     
   338.64745771256270     
   338.15955594652343     
   336.27548634613333     
   335.27975625893600     
   336.12083241013102     
   338.83346424278824     
   339.09663970907928     
   339.24290341812474     
   342.10080063228850     
   341.84064880908790     
   340.46764676884879     
   338.66647979712525     
   336.88715921966417     
   335.59390308711545     
   335.33715473915248     
   334.66664720263117     
   333.08228348038216     
   330.68311802538233     
   328.55880409115321     
   325.12854825211519     
   323.12342467539628     
   321.75845694444376     
   321.19053320250401     
   320.71413924126944     
   321.90333640850150     
   320.15721348159070     
   320.73828146992719     
   318.20127687803966     
   316.25296154835013     
   315.40932614483262     
   314.84828772870452     
   314.42764577752121     
   315.96603676028639     
   318.26266626220865     
   319.05024973288806     
   318.42714824030327     
   317.93791970068503     
   318.23098260903265     
   318.55733130258977     
   319.18916005678051     
   317.44371946807036     
   319.93952233844971     
   328.21895904021784     
   335.09017280253272     
   338.32932461986428     
   342.15743321236670     
   349.52826779479449     
   346.95516514530982     
   354.58459523804561     
   353.67823107240849     
   364.59761188712679     
   373.27575747404785     
   376.37348654429945     
   375.37165129875478     
   380.61510926538085     
   383.03992137382937     
   381.35494497995484     
   380.66849258093214     
   375.50511756247147     
   367.83117427385815     
   363.08185488855491     
   361.82385187755716     
   354.30322059936810     
   349.56354909723876     
   344.35970080820442     
   340.52981769150847     
   337.30730383106015     
   334.47007963850325     
   332.16313449169229     
   330.14623881044383     
   327.92232408154177     
   326.02438717850390     
   324.31536430133337     
   323.04012899925550     
   321.81259890789482     
   320.14844686569762     
   318.69086529723194     
   317.34820156167888     
   316.34836767199772     
   316.40362741209316     
   315.52286806783030     
   314.54884462390811     
   313.65177629891497     
   312.89354000501822     
   312.19274603365000     
   311.44565596123357     
   310.89213965887575     
   313.49155446454955     
   319.01781342010526     
   322.35791002909326     
   329.68319408464174     
   337.75309324917299     
   346.39117346673993     
   346.90126670831421     
   350.18669842985429     
   364.96051318163541     
   376.43930625855955     
   384.68906724333431     
   390.46340937150620     
   395.46419553154902     
   399.17080297677455     
   401.50016418387389     
   403.66532960320382     
   403.75429426370755     
   402.28893791732497     
   399.65166049188900     
   398.65665761702917     
   393.93332813692587     
   389.02113923466788     
   385.19102663137545     
   378.12381180497198     
   370.14722077884846     
   363.33811954961539     
   359.11149378039659     
   355.48112740579734     
   352.06261517634289     
   349.12393361978116     
   346.04828875772364     
   343.90099651261039     
   342.23504886251118     
   340.92740785716228     
   337.57601071765652     
   334.67738925844213     
   333.24107766810414     
   330.38858759229129     
   327.70572842761823     
   326.13679181886863     
   325.31104095671105     
   323.95968107075743     
   322.67942130560078     
   321.70391374208384     
   320.24206730484099     
   319.73465769493515     
   319.68638990720746     
   320.83085853965940     
   325.24917167225624     
   328.32164031779627     
   334.71082770927381     
   340.23818093352770     
   350.52059765274606     
   356.22415036211044     
   364.67015199791462     
   372.28662047320279     
   378.41567515417984     
   385.53578984492060     
   390.71786280719294     
   392.77717446356297     
   393.91274146533527     
   391.50006062035521     
   390.17741004068353     
   394.64807649903139     
   392.06968125653134     
   395.67099515928692     
   391.20091780862629     
   383.28015744802036     
   380.86425938753865     
   375.49193544528316     
   370.84182199307310     
   365.31168166856207     
   360.30115652994817     
   355.88588659804486     
   353.47348327383020     
   351.27178794544574     
   349.34548723481117     
   347.08873533987116     
   344.62221127826251     
   342.55756900591490     
   341.02762158715143     
   339.19062077968113     
   337.73856539917688     
   336.91599620548618     
   336.46760807420895     
   336.73724303042854     
   337.16680185812083     
   337.48995858860667     
   337.25448597331683     
   336.52805531176165     
   336.20037223797743     
   336.02559762486646     
   335.39561963276770     
   334.62546185551986     
   334.11583646647949     
   334.00048072317446     
   334.63961742794925     
   335.43272006775936     
   337.18710734082470     
   341.16747260543065     
   345.57267581816507     
   350.24589332535197     
   354.19474545622830     
   359.10352034335773     
   362.47373691500752     
   368.98419239154686     
   373.69558089815627     
   377.67206181223878     
   381.32104196262463     
   391.16014486456453     
   389.69326202998991     
   381.72849688391841     
   375.12504002533831     
   379.14321004051362     
   378.21360039464804     
   374.03801189577928     
   370.20547774235473     
   367.09216394526209     
   365.06793389578621     
   363.11521190218809     
   360.19393226099777     
   358.02815299605516     
   356.42893685917409     
   353.69207665502228     
   349.06444020690469     
   345.56730507206152     
   342.43119548462693     
   340.17502584064636     
   338.94435404210299     
   337.07622264680026     
   335.21637322355616     
   333.35951046198318     
   332.15642405515104     
   331.63857049767722     
   331.61381986656880     
   332.16760484569875     
   332.24032547100052     
   331.87950459341607     
   331.59069777701660     
   331.19899498477037     
   331.25283271362957     
   331.24707453442250     
   330.80118737529153     
   330.67574786216488     
   331.40404038579595     
   332.10720103754727     
   333.77996125163179     
   336.84361896335588     
   341.08383181803612     
   344.27872384308125     
   345.79007505141942     
   354.99085804367439     
   359.55017828576194     
   365.04282333843821     
   364.40500016879139     
   363.21049204841501     
   367.97351872913646     
   366.73528603109781     
   366.19379441246446     
   365.65639615514050     
   366.87549090455747     
   367.39240438765967     
   369.59977803792867     
   368.65153154427139     
   367.94457701771250     
   366.44429682763598     
   364.43350995441409     
   363.52336279959246     
   360.74514902374017     
   358.39875301161010     
   356.81735608526350     
   355.54646700763561     
   354.68644241957844     
   353.13349912907279     
   352.28473454142966     
   351.91564635237796     
   350.63957749636205     
   347.97126691771467     
   344.53908353784499     
   340.71478107892551     
   337.33605141655812     
   335.87595309951962     
   336.54535273589676     
   336.59048050812203     
   336.80305321722102     
   336.94168638381097     
   336.57369742724660     
   335.91535457667692     
   335.62671567635732     
   334.90236669384780     
   334.72661413228121     
   335.04167772939849     
   335.62633410904959     
   336.67056700730188     
   338.19777515649457     
   341.60618429210712     
   345.16224607526550     
   346.04356350101307     
   347.40888344753660     
   361.78770755981861     
   379.25648909427207     
   390.11547639960565     
   391.35886087563608     
   396.98092456601040     
   396.60662680106685     
   397.16709192962821     
   393.03700270729973     
   388.72647632434308     
   387.50648921086423     
   388.09969660349748     
   385.28758664548894     
   382.43056097493599     
   380.16528444522601     
   377.27845718167367     
   373.62975165576711     
   369.37568675039694     
   364.71333410602841     
   361.15100061074463     
   358.58824515272914     
   356.49496846405168     
   354.93661978296234     
   353.95421393679732     
   353.02556281519509     
   352.06183824704635     
   351.29234095551095     
   350.73290315044358     
   350.11256614104764     
   349.89395131026419     
   349.61563387607401     
   349.38713443417555     
   349.06539072456263     
   348.80289457636553     
   348.16960469667532     
   347.44879505557901     
   346.92053118690751     
   346.73735282590383     
   346.48949077172927     
   346.39341488905535     
   346.28793632962299     
   346.35561644233667     
   347.00059047035012     
   347.28424619505921     
   347.79627939648969     
   348.72109412414915     
   349.89576783253426     
   351.30107655346086     
   352.76446956018651     
   354.36864858695583     
   357.84048968026809     
   360.69811701984230     
   361.86589909650269     
   365.31835629695996     
   365.05689241752322     
   363.17211625659638     
   367.68256496051083     
   387.78130767520526     
   395.40187047475274     
   392.59534156707412     
   382.77756106123115     
   378.11303312317028     
   383.76478804532815     
   392.48851483001982     
   391.16152432704382     
   381.74079229981686     
   373.79076620779642     
   371.69194935123477     
   366.91322985584088     
   364.29028751512061     
   362.60100221932629     
   360.52273191753147     
   359.06593015573850     
   357.67956261665796     
   356.35900557090486     
   355.16347876124468     
   355.86243443103507     
   355.86123464559779     
   353.34993885474051     
   353.14062929295818     
   352.26223501473515     
   353.34421867457337     
   353.24413448327311     
   354.76629077104008     
   354.80391349415197     
   354.41013647431555     
   353.91114573064516     
   353.26633094693688     
   352.94545315879208     
   352.98763719773427     
   356.88969678085124     
   359.52096574423979     
   363.90177696244450     
   366.42403415235106     
   368.85167453949646     
   369.07937648429601     
   373.82159193564956     
   381.71402816713857     
   385.48103082648606     
   384.86407247183945     
   393.81511570308402     
   382.31132430860197     
   384.56652796195084     
   392.37634286505670     
   396.42039694629989     
   399.07136365960781     
   403.15015666645098     
   389.42627401075475     
   388.97315235687421     
   393.20653497167325     
   389.08493015669984     
   383.09386876012769     
   380.22866183154633     
   379.54939580632731     
   375.36412561563327     
   371.19545472305231     
   369.08750506230649     
   367.10756992328658     
   365.24747824809100     
   362.70327450780837     
   357.17033601233311     
   353.87626900191140     
   352.23276680379007     
   351.03273751103592     
   348.93523900839591     
   349.13752052566389     
   349.09643328127504     
   346.74268736526790     
   344.57694162435553     
   342.73527852261998     
   341.30186038709610     
   340.26830929728823     
   339.62833111967240     
   339.20352538288762     
   338.14961114723565     
   336.91856957638385     
   336.57144913609528     
   338.43875403363916     
   343.72716623588235     
   351.52252023668484     
   352.78060402396829     
   356.67394836919016     
   367.87282136116607     
   371.88224961336402     
   372.42423094606875     
   372.96106456279642     
   370.84420063196177     
   371.05768645197486     
   375.46234590943942     
   374.15856564496789     
   372.53099937598824     
   373.66646786047352     
   374.33977310136942     
   373.85976416353935     
   373.49533190603114     
   374.36240985710924     
   377.06760999112970     
   379.27180019691275     
   376.98346092419268     
   375.01333798520932     
   374.31655715840640     
   373.98107781685576     
   372.78314598133147     
   371.97209417307170     
   371.58098461121091     
   371.45176847028546     
   371.41873918014375     
   371.30300150351513     
   371.43902325312746     
   371.89751751257546     
   372.40100089478494     
   372.42645095953139     
   372.37863987528311     
   372.48374619438124     
   372.60633878885983     
   372.71383887981978     
   372.97822578894738     
   372.80808050086313     
   372.64136366788853     
   372.93485638488477     
   373.36299609910930     
   373.82141419635741     
   374.12461237570625     
   373.40537935307435     
   370.44727050608583     
   369.24972582922163     
   371.30016558088306     
   375.25912000425268     
   384.18857102188565     
   390.26067586103829     
   390.01912780926449     
   392.61471560580020     
   402.85914852024143     
   407.50665984771246     
   409.48094803171529     
   412.15617557074859     
   421.52845655371681     
   412.41307125202059     
   411.26629350058801     
   414.04679728431506     
   413.04547665439696     
   419.59467755022587     
   413.77951681365084     
   410.00678947847064     
   404.40346651263883     
   400.14330565204955     
   397.64031397782361     
   394.50068101095599     
   390.72818033625168     
   387.37537372571774     
   384.18721782100408     
   381.34717272075596     
   379.42500212300644     
   377.63293359605524     
   376.25946336299415     
   374.90861453977271     
   373.44192049680106     
   371.83929512926420     
   370.55613703921313     
   369.76684023504009     
   368.56703373618683     
   367.21114278875746     
   366.55959973093809     
   365.60523877579817     
   364.46493660725963     
   363.26160506596125     
   361.89637160326038     
   360.78502899428986     
   359.87507349173904     
   358.93650758849384     
   358.31440287992200     
   360.26966372329412     
   361.94218353080402     
   364.50376147296123     
   368.33005224101635     
   371.15059505304760     
   374.72899240171608     
   382.58525805024004     
   391.83352779795842     
   398.98953809772939     
   401.84064630864043     
   401.14731356831805     
   401.84987961580259     
   405.42237798666196     
   411.18805697056524     
   419.61160388978874     
   425.98131637601841     
   416.93178017180219     
   413.55444612763245     
   417.45830706911858     
   415.00702697040043     
   418.72470094239083     
   416.72096084983542     
   408.83662344903377     
   405.37845646746064     
   407.97456786811478     
   400.67676185158103     
   398.48451448126104     
   390.95564907268965     
   384.88827467727805     
   378.87859921697338     
   375.66960216336247     
   374.35638390109409     
   372.88694588333522     
   372.30067053853804     
   369.99257152373849     
   369.55151752309098     
   369.90817156689343     
   369.78501436885472     
   369.69211859514388     
   369.41431276591356     
   369.34976753384336     
   369.20451183986734     
   369.71160584765607     
   369.69065337422973     
   368.73285882179943     
   367.50934600623816     
   367.96689697702431     
   368.09653141699164     
   367.14360944532268     
   365.28403456008812     
   367.09011144375154     
   367.31831411943153     
   370.18078092430915     
   374.64795222904718     
   385.18485068578048     
   391.95041734537375     
   404.60269457699303     
   399.70079010191091     
   399.82353341714401     
   407.18779569750689     
   403.95041540034526     
   409.83079311393863     
   412.57965357321541     
   412.85431319217912     
   426.55218611021235     
   425.65048092382108     
   418.60324267897670     
   431.96975932388210     
   433.68898997147227     
   430.20978497009816     
   424.43990545575429     
   421.45808400767010     
   417.05873965551416     
   410.83620242818949     
   405.27479202850242     
   397.62873009449515     
   388.55410167172374     
   382.78633501913424     
   379.69412446252483     
   377.52919182661969     
   376.77694401457688     
   377.61391827233729     
   376.99754206052449     
   374.73047827002318     
   371.66902881628482     
   368.84588207976850     
   366.60464004672281     
   365.01581547792574     
   364.75194739105353     
   367.39445385117432     
   369.76069494662488     
   370.79449092253139     
   370.48312090724716     
   370.21290680231164     
   370.23166229874874     
   370.75807974795526     
   371.37075060254625     
   371.82348846772612     
   372.92225184698691     
   374.91099070804484     
   376.00571507180399     
   376.85943303558707     
   378.84945219845633     
   381.96318384492275     
   383.28309896751631     
   386.65460596011832     
   387.96234288064466     
   396.23937678109706     
   402.42659549582879     
   402.12969269682526     
   402.70360832015029     
   404.62303763161594     
   407.34688201674447     
   412.38533774637267     
   417.38926950765193     
   424.45081705794667     
   414.47024569391715     
   408.71544313703066     
   405.45525269828323     
   403.26990710247298     
   401.93991326211301     
   399.72800619819009     
   396.07464288863218     
   390.60661877913259     
   386.58675450439227     
   383.63392123884245     
   380.59575442956020     
   377.30062746950944     
   374.43542027391555     
   370.94641599703829     
   368.44912148173444     
   367.06469608095557     
   365.61177205375395     
   363.79213877039888     
   361.93413937453835     
   360.47687745402919     
   359.09892659410241     
   357.54370791795930     
   356.21152953400230     
   355.31271894146909     
   354.44603248113458     
   353.43703227979614     
   355.01045290087507     
   354.22554564478884     
   352.70644114060929     
   353.15452764619585     
   356.07352081218517     
   358.63569948283839     
   362.71616337315669     
   370.03303265649930     
   373.06101501863105     
   375.72149406597759     
   379.98802915450659     
   382.89132506914632     
   385.19046762288531     
   381.76787191857039     
   386.32712723548917     
   385.62933461100818     
   406.84512574164916     
   410.03209740713152     
   412.58945859748530     
   418.88626123829249     
   413.33824632581604     
   409.15840626200662     
   405.18561518856211     
   408.27923540690233     
   401.20198031568572     
   401.24313163738162     
   396.65342526665813     
   390.20554460319937     
   385.03444279279404     
   377.97681798653593     
   370.19165616354729     
   364.73053844546411     
   361.73012761862282     
   359.36479664014138     
   357.47963710365178     
   356.66319684440549     
   354.94118326706410     
   353.76598484009685     
   353.45912969244125     
   355.09860310310529     
   355.28397342792954     
   356.87908179031825     
   357.55264849038713     
   357.19692036087770     
   356.49980727614968     
   356.64030505045321     
   355.70731246335606     
   355.43250991844735     
   355.24197529498178     
   354.76107715861019     
   354.52477442347714     
   354.02618241454496     
   355.40194793009204     
   359.01290302522847     
   358.42658616451956     
   363.51028223991369     
   367.27457176019078     
   372.64639276849351     
   376.61052956641788     
   386.52348486480150     
   395.48987607761143     
   405.79668146132701     
   403.70137756542334     
   408.31427679081713     
   402.62770844749622     
   410.72362189459921     
   401.38838244537055     
   401.74556095635086     
   394.10125690238135     
   390.94855689196066     
   394.45965505159580     
   398.39773016968064     
   396.70464470779530     
   399.82020257498380     
   396.09013288748781     
   400.42865624732616     
   389.77224236875441     
   381.83763171973118     
   377.45284442933189     
   374.21001941845390     
   369.91208691896031     
   365.35627479327906     
   361.46081659491233     
   358.04808977186525     
   355.23434016972436     
   352.84576115162378     
   351.02308512918830     
   349.32666014561562     
   347.86603614562944     
   346.39170767493385     
   344.96495135159699     
   343.23836229589210     
   341.36493805672717     
   340.00735642885786     
   338.67671012343078     
   337.45705006679236     
   336.16509057140956     
   334.90078141952290     
   333.64276754101047     
   333.08050039585345     
   334.76122858663916     
   340.37678439307325     
   350.16293046826740     
   360.13472577498015     
   370.15289657358221     
   380.09759720150288     
   389.12078523760823     
   402.08143289211978     
   411.32090909939541     
   418.11702359063895     
   425.21071663393190     
   431.97073791573729     
   435.14847187355457     
   440.73350130010306     
   443.92301616075349     
   445.35343030003753     
   446.47139992488735     
   445.65209770252278     
   442.91661820853739     
   438.60657152820858     
   437.89591164854380     
   433.10315683146729     
   427.36030437059435     
   421.77800495033068     
   413.33459275969784     
   402.80853303420582     
   392.52279137717744     
   385.61783415405534     
   381.43787330186024     
   377.91989231807310     
   374.38332724802632     
   370.99798253131519     
   367.19324115547084     
   362.85069615690782     
   359.78431645875543     
   357.24767653815826     
   354.76106578573604     
   353.14127008551850     
   351.64378985154360     
   349.93379445840395     
   348.53155367650459     
   346.96884126685609     
   344.76417766684472     
   342.76813269484649     
   341.98629208018377     
   340.46610598144593     
   339.71409118122892     
   339.04401250042690     
   339.83529885703064     
   345.10040759949754     
   355.72789673893897     
   365.79380231408715     
   373.12576474583062     
   383.02456671874540     
   389.64754154026872     
   397.57515070316208     
   403.10767816245516     
   415.17716792681176     
   418.40635161606724     
   413.99221685005182     
   414.42554527280060     
   411.77463732910144     
   410.42807181924599     
   411.36218612570241     
   412.55093427986372     
   412.61238544153434     
   414.61410102880961     
   408.00909362961363     
   404.34879625454334     
   396.10426930353179     
   391.79659250339853     
   389.72180937520812     
   386.73387553735739     
   382.65248089040057     
   378.72173023762616     
   376.82495247815996     
   374.33783900080891     
   371.49641371552264     
   370.11933561537654     
   367.25874015362211     
   363.40388497714395     
   365.11998315623293     
   364.94987663429629     
   362.73291065865715     
   359.90006024283696     
   360.03735022642411     
   359.62216830254141     
   359.48045207755422     
   358.82583648319610     
   356.42274558361271     
   354.78826747589471     
   353.44595189460932     
   352.31165584835549     
   353.50514070934537     
   350.79303315220989     
   348.98519153781598     
   351.20235211702442     
   357.05262444446333     
   362.09952809497025     
   368.70903862313821     
   376.00694431946056     
   380.91051097840614     
   385.96936523649384     
   394.48225140049760     
   393.54740760191953     
   393.18840650005046     
   399.09859030890607     
   395.36435552344267     
   402.22115174421924     
   413.66340333178937     
   411.64376745872187     
   411.63739830993086     
   399.29261529465509     
   395.82563361236703     
   393.89922515356847     
   391.19482704831563     
   389.85276943975629     
   388.01280684158445     
   387.00465778509522     
   385.57963594520311     
   383.65149899705960     
   380.93746090972689     
   377.93382336980432     
   375.94019267307800     
   375.00721744064816     
   374.40288456861748     
   373.75277214078346     
   372.88115479280646     
   372.31549442833409     
   371.59878014660126     
   370.45173237548755     
   370.32153886570251     
   370.47673403477091     
   370.35630767305173     
   369.75386611403127     
   368.57598849972049     
   367.98266342304026     
   367.43180798542909     
   365.91910414324036     
   364.46950170798897     
   364.23846595382793     
   363.64076942233032     
   363.25852942586198     
   361.26326720307446     
   359.83306952387153     
   363.99484864808892     
   367.68425205374399     
   374.28166788160758     
   380.40426596005631     
   392.59289949267685     
   400.86454418489296     
   409.83416600212217     
   417.13742146050498     
   419.44650281877153     
   431.27426909592583     
   439.21585478404478     
   450.26254295646942     
   454.94985784246745     
   455.29797370967151     
   456.67853229286703     
   457.77501225033495     
   457.08669536428300     
   454.72611018664861     
   450.23675725290724     
   446.52319194642990     
   442.84822330843059     
   437.87125030099861     
   431.96250865860372     
   424.72850261617310     
   416.38268263112673     
   406.96735966646037     
   398.31011562256441     
   392.44255382926343     
   388.32114078200891     
   384.83340334288994     
   381.82044050389584     
   379.35653619554387     
   377.13103574316438     
   375.27455325589972     
   373.46103971856263     
   371.35307675648801     
   369.62676785843161     
   368.27005547872017     
   367.21999776302789     
   364.49884701812141     
   362.44525490622840     
   361.36488562666653     
   362.40607249949761     
   362.86460014378844     
   362.05683485871180     
   361.44358875537768     
   360.91477730114599     
   361.18290459191161     
   362.84990062494501     
   364.64913456992446     
   369.67098751710279     
   373.29484533374830     
   379.37397615828314     
   387.51091110925910     
   389.41592821439804     
   393.19653355938243     
   394.98432231845663     
   400.79939158223283     
   408.24485412930471     
   407.35975792637453     
   414.52703111977382     
   417.46171789703300     
   412.45278143129252     
   424.81040666838481     
   432.26562219928275     
   427.74939914452909     
   427.46822819845272     
   422.41158962344184     
   412.38176795892213     
   406.54191006966130     
   403.52276981656809     
   399.93784909707523     
   396.63422989336914     
   393.69341876197336     
   390.61696561197573     
   388.55470320099369     
   386.75918782945473     
   385.02462464672692     
   383.74766671492262     
   382.43148900151186     
   381.57613415916177     
   380.49574299458266     
   377.97567401173939     
   377.49345895410437     
   378.92058792636243     
   379.65354713533515     
   378.86734263193256     
   376.96748709056692     
   375.51185007967661     
   374.31813458972823     
   374.97586198717903     
   375.97687268927041     
   376.26681532696017     
   376.14767757005700     
   376.44562883238819     
   377.41368194080326     
   378.74199632813747     
   381.66199860889793     
   390.79863860105615     
   400.70808471057262     
   409.27443621697569     
   414.57785644635419     
   420.14221655711111     
   426.31683087256869     
   423.64148970026503     
   437.78752361356226     
