   353.91382723657330     
   354.09385387344531     
   353.76973111897848     
   353.33301101146134     
   353.23241640396776     
   352.57029725565724     
   351.64776779227162     
   350.47640977039219     
   352.88253547381726     
   353.81709647742071     
   354.39911074759505     
   355.00128850180897     
   356.95601734625632     
   358.85483762683600     
   360.30886384003134     
   361.28061878670587     
   361.75021608578550     
   362.25651654418010     
   362.19446731638914     
   362.28376638844685     
   362.42273933087705     
   362.03091262405792     
   361.32292496434172     
   359.02072941280596     
   361.51916127526124     
   360.13086872830627     
   358.77389307180113     
   357.35353402209734     
   356.43140895799843     
   354.42334709421687     
   351.65509097292033     
   348.90666868730909     
   348.62927488868814     
   348.15915751167131     
   348.06691413212212     
   344.99987335066629     
   347.09692664379548     
   346.12704621045810     
   346.17519278357980     
   345.68219554924815     
   345.03023186614757     
   344.71433413122941     
   344.80280657393422     
   342.89581676056514     
   341.43444678217958     
   341.62049610546705     
   340.70000589730506     
   338.65450631521912     
   338.42744019954102     
   336.28979926938041     
   339.61214438330785     
   338.60787439379709     
   339.88708075651294     
   341.14839750912608     
   341.18586084809027     
   341.92654864914994     
   341.83377791593983     
   341.40110919819909     
   342.99752547907661     
   340.00044499390776     
   338.46289966926361     
   339.40122527931220     
   341.26317568082931     
   339.72797754504654     
   342.79001699990874     
   343.78459074498011     
   344.46195503189017     
   344.47484186451004     
   346.16110463705900     
   348.91278638548187     
   348.17675346756300     
   347.92373907901953     
   347.79313099206479     
   347.54193347922057     
   348.13922927085542     
   345.36435792919229     
   346.73828386907326     
   346.00892519514014     
   344.93159214721095     
   343.13373910454919     
   341.21343641533360     
   343.16120642597281     
   342.59376652339398     
   342.41252407713665     
   342.06779855565236     
   341.20795522102037     
   340.83585508191879     
   340.74048581098117     
   340.99543289051445     
   340.10007280576627     
   339.27294284248654     
   339.53294161064923     
   339.24995171004383     
   336.78566469125451     
   334.51049737761070     
   333.69880073178768     
   334.88347947159463     
   335.37797719838272     
   334.26855307397739     
   333.46793010857618     
   334.11404944404381     
   334.19608873311205     
   335.12805423758675     
   334.15772722982712     
   330.67427540669593     
   332.19972412023270     
   334.47178111431145     
   335.54114400361431     
   336.48615453099569     
   334.83629614280733     
   331.84677937538282     
   330.53477331726231     
   330.96748934699048     
   335.18089098790739     
   335.23401261908367     
   338.57486304687541     
   346.70469732355400     
   346.54340951636993     
   349.24086271769573     
   348.52448874778713     
   350.78821747957767     
   350.31165320655504     
   348.77678904935664     
   348.26001973186459     
   345.41751200569456     
   343.68724011577831     
   340.01870576013602     
   341.74340426694977     
   338.07007226272111     
   336.38220545104394     
   339.80201029233609     
   337.57789752384656     
   337.07033671392833     
   334.05464277667380     
   332.84956649891097     
   334.17789940411501     
   333.47779512294989     
   335.56532752536077     
   338.15580626618458     
   335.86903022643662     
   337.68889676005932     
   337.31971847384034     
   337.28406463055694     
   335.75468037894098     
   333.58187363663211     
   332.83422994801032     
   334.28880995797067     
   337.73026830298824     
   337.47197557566670     
   338.33116116878108     
   338.86570973029188     
   340.21022544464626     
   339.23525440116970     
   336.21854976677548     
   337.67715530343361     
   339.04791042105296     
   339.62422579842104     
   340.87069640821755     
   341.06636699666547     
   341.30943112588642     
   342.47345804730111     
   341.80253008156694     
   342.34442498574072     
   342.66177210835463     
   343.01522785832674     
   342.53546745722656     
   343.39671236268680     
   344.14486568031725     
   344.88535650452553     
   345.37552359051153     
   345.75718081116429     
   345.54055776577025     
   345.51029832747594     
   345.46926758460222     
   345.76081177567033     
   346.22330215197746     
   346.52017934559814     
   346.77030898091562     
   347.02357029646771     
   347.33837264837405     
   347.32048515490533     
   346.51703217115579     
   346.58187954212133     
   346.71139437644689     
   346.74770282345162     
   347.01090211043464     
   346.80598491938042     
   346.90445765267776     
   347.19061972836516     
   347.79614927123856     
   349.06983520706399     
   350.17307540709140     
   354.23422211708964     
   360.76342024744918     
   363.87275469867728     
   363.88609070771901     
   363.79775360136523     
   361.64247179272417     
   357.34822886478088     
   354.26618442200675     
   352.82240775175666     
   352.28013744559416     
   352.06421078909676     
   351.68357664859360     
   351.36786586477353     
   351.78814414726361     
   351.83281727854870     
   351.93417458902871     
   352.10457733845919     
   352.36733147940487     
   352.69263633508274     
   353.19078518108302     
   353.54636553466781     
   354.17235227449390     
   354.15052809430097     
   353.64797662804847     
   353.33224244331285     
   353.73991809935211     
   354.04950583392679     
   355.14013860559061     
   355.36446089258925     
   355.12249096734615     
   353.13485242776414     
   352.87289281101158     
   352.64752938083075     
   352.42497384224276     
   353.01522441847493     
   352.19560845720980     
   352.61803231403809     
   353.26425428916866     
   354.37004355161844     
   355.33913035363946     
   356.92492470346104     
   354.69551471094400     
   352.50801029876862     
   350.24807125063609     
   349.56810035599614     
   349.44796291730097     
   350.03642803517238     
   349.61125514638240     
   351.02553492718931     
   351.39970707725786     
   349.35695698570123     
   347.81464606559803     
   345.88205476852102     
   346.94647194895015     
   347.68844845728313     
   347.73642185648282     
   347.67063705389006     
   347.50547698996178     
   347.48274640943407     
   347.40154722430179     
   347.42850601045978     
   348.13730602795641     
   348.34821376352158     
   348.00225644213634     
   348.43180737134173     
   349.33580339897742     
   350.04432546772512     
   352.32507551352495     
   357.32339652162955     
   356.25663472709505     
   352.89218979168743     
   353.23705285086447     
   353.12296180973078     
   354.37087325701913     
   353.82990950794999     
   353.32113561136816     
   352.63525627235254     
   351.68790355321818     
   350.81337612661832     
   351.07979568583693     
   350.54959276863275     
   350.28608669089147     
   350.02893285699639     
   350.07117891088404     
   349.93366952638252     
   349.35896143389925     
   349.12348807220337     
   349.06942972765648     
   348.92328793973167     
   348.63385466763458     
   348.24326268012840     
   348.07017179460303     
   348.10840769037907     
   348.24658635982036     
   348.58317346077456     
   348.67386101123031     
   348.40981700558518     
   346.94477507917617     
   343.23566587686588     
   342.97527834621167     
   345.99908320468387     
   346.53090656716898     
   345.91852646440356     
   345.98116391824686     
   347.13482467491696     
   347.51359345671125     
   348.05414492435398     
   349.36215419495028     
   350.27977864002480     
   354.11810864188874     
   356.44706945747578     
   359.50693429793677     
   362.08399705150282     
   362.81267092436030     
   362.61650497723735     
   361.61159862933022     
   361.48255789365595     
   363.18171322620105     
   363.76707901456206     
   362.18095601623577     
   363.43668066540283     
   361.24258378093691     
   359.94868562137702     
   359.82664926719121     
   359.20503544123534     
   359.70662176580083     
   359.52199030717640     
   359.54662667544812     
   358.48038173254594     
   359.44998611021100     
   360.55802691594818     
   360.04854348109967     
   360.01456181218919     
   361.48968718643704     
   366.91858170420443     
   368.11785952687040     
   364.85162686671691     
   362.66082163680630     
   361.82150303626355     
   359.85662650620401     
   354.29938794474214     
   351.93652404518667     
   350.72469301294814     
   349.71665055990405     
   349.04442590214910     
   350.13541807926941     
   349.07850600771536     
   348.63687993476606     
   349.92018917051189     
   349.80012178860204     
   351.79880812222547     
   353.79697509167841     
   351.93249377530117     
   352.26528343991828     
   348.76368633734768     
   345.24745299666131     
   346.09446004345546     
   350.30400326358927     
   350.67320288084557     
   351.58998172003527     
   352.52115307114434     
   353.44225615722166     
   353.09440860950866     
   354.10367054055791     
   355.37963304695592     
   355.48572022006908     
   356.83532736335792     
   356.73055301964115     
   355.99873994113955     
   356.15592373217970     
   355.32606042659819     
   352.37942833148185     
   352.69233657982642     
   350.35200364825477     
   347.86596016661247     
   346.15975561772979     
   347.25972675243412     
   346.07947569022514     
   345.35900028316871     
   347.27524460720741     
   348.42625332099351     
   345.08012081873954     
   344.38469572557517     
   343.69729958252134     
   344.51070587983719     
   344.69012189805323     
   343.27882840241676     
   340.88099977821707     
   341.62541003675506     
   338.85177413671124     
   340.51873546625393     
   341.04747676558793     
   338.89643232594545     
   335.41349430432257     
   336.45162684035313     
   336.20677760539991     
   335.18479059247011     
   334.86837662330305     
   335.59612547600096     
   338.38083623269893     
   334.51868615367306     
   335.38548350192309     
   334.09694792482031     
   335.57599528113792     
   336.77052331962147     
   335.52738914667879     
   334.70811070726239     
   332.75223986576020     
   333.28860753350665     
   339.82789515546301     
   340.17629878627332     
   340.53244056167853     
   341.91361550516478     
   343.38340065687464     
   345.04080164290707     
   347.67863058120065     
   350.33137346354351     
   349.45571528532327     
   348.35117381896021     
   347.26977318921956     
   345.08400928376079     
   343.56139071660465     
   339.97120127038397     
   337.43539765497218     
   336.09660501548944     
   334.88688040951445     
   334.38077365739451     
   334.23504949183916     
   333.41946820432935     
   332.25060579052587     
   332.37179365014788     
   332.70997994834477     
   331.78002335206310     
   330.63453972520000     
   329.40579882673256     
   328.42360937735498     
   327.61743601880568     
   326.83771069049186     
   326.38680730976057     
   326.27522984603712     
   325.52452642434849     
   325.12611491216222     
   326.22602162591272     
   327.19222876007876     
   328.16798358358312     
   328.90498892312991     
   329.09933810278636     
   329.48222765759562     
   329.67822300245683     
   330.47835893909752     
   331.23645490204120     
   331.88120452811188     
   332.22838112547095     
   332.88779746224270     
   333.47229699664405     
   333.90161618499354     
   334.71183525431070     
   335.72521290804974     
   336.90117392315750     
   338.09467153833504     
   339.48195512597800     
   341.03126200171516     
   341.57994616426225     
   342.24435333649876     
   342.90996383657136     
   344.06908942470488     
   344.06856282505743     
   343.52591835691328     
   342.70875070251236     
   342.11172787768976     
   341.31666984686387     
   341.52557805165009     
   341.47577740531915     
   341.45697159212028     
   341.38035273795072     
   341.65566248872369     
   342.96461630831226     
   345.08504517006389     
   348.86020954051918     
   350.49079413990381     
   351.02189005954597     
   351.64780450799623     
   352.61009819645682     
   352.73375023125368     
   355.03268466400624     
   356.63375397706773     
   357.98345177144893     
   359.22491899139715     
   360.65447923331442     
   361.64381306359519     
   362.83437902267383     
   363.02147014327494     
   363.15324481705426     
   365.60570125225456     
   367.87564370278881     
   368.29044487262246     
   367.86282289937839     
   367.21724205895345     
   366.84629185204403     
   366.81162046131016     
   365.67960911134810     
   363.43934233794164     
   358.26352448689448     
   355.64672124420991     
   359.33575511700514     
   361.31105299609544     
   361.92351920236905     
   360.44245037447479     
   360.47336021452924     
   361.65680288500158     
   362.28618272934278     
   362.54745765192888     
   363.26192335645209     
   361.77392690607758     
   362.52668905249510     
   360.90974107778891     
   361.55073552020849     
   359.24805067501831     
   359.95894059391173     
   357.90153212730183     
   356.92536153356480     
   356.10792079015471     
   355.48985341625229     
   355.26731854309656     
   357.37877898626925     
   356.01309286737029     
   353.51285350053706     
   350.34896395815684     
   351.34968664673232     
   351.04636364014664     
   352.36859619201152     
   357.03410322867302     
   357.50721910382276     
   356.81864368717481     
   357.44855840970303     
   358.02384051143775     
   356.16964765706615     
   353.93001176403362     
   353.18619715665011     
   353.26894424155347     
   352.87875900600062     
   351.93841442055458     
   350.82010589409271     
   350.04547376738822     
   349.98382095436517     
   350.09116920033034     
   350.25947442120980     
   350.77786861942604     
   351.44785876297146     
   352.51194200704094     
   352.89057175310563     
   353.44688813151942     
   354.13533685273342     
   357.96154885964262     
   360.66980778357447     
   363.39597791768961     
   365.72755261044307     
   367.01777536324016     
   367.36796712015740     
   368.39862241349755     
   367.22116537292197     
   365.33953871690233     
   367.13955024678319     
   362.62559383814732     
   360.25024795912810     
   359.24229942316151     
   358.19991831377081     
   358.77723118524898     
   358.06648296956422     
   357.27951829800082     
   357.01244424201241     
   357.19862538992805     
   357.19415407259777     
   357.70224356668069     
   356.56795852764770     
   356.25729210236159     
   356.42703264303998     
   356.26609285739670     
   356.08981847883496     
   356.30089331341776     
   356.57860951937352     
   356.80358682575206     
   356.99830015629010     
   357.29301877255705     
   358.90721679083913     
   360.64015462764837     
   358.72496874381977     
   358.47418453502229     
   361.11144644685533     
   364.19048796304423     
   365.97747597145928     
   369.70310982808758     
   370.74986316615735     
   370.37004905715207     
   370.60724773674747     
   371.00461359610620     
   370.65974859009214     
   370.50988412713258     
   367.78842901604747     
   364.17989180954112     
   363.38139410067333     
   363.59657821133226     
   363.68394174472417     
   364.01145166673086     
   364.15526615050612     
   364.75673079493026     
   365.17573977034402     
   365.69790048681227     
   366.59446000987538     
   364.75913133056486     
   364.14564112231358     
   364.64778243412132     
   365.19235523389978     
   364.48104177123446     
   363.31134167391804     
   363.86715031587238     
   363.44285173974924     
   366.23461582673775     
   362.95784295856788     
   358.06999861686523     
   355.44798041721526     
   354.50642687401916     
   353.42943826239684     
   352.47555528097422     
   354.32558710393539     
   354.54051202125817     
   354.96934330002603     
   354.88896345924690     
   353.90394138389433     
   354.28431390456706     
   352.26162582751675     
   353.20018946861416     
   354.49898174325500     
   352.43281759612472     
   351.35840194026451     
   348.25331280959199     
   347.73354505351409     
   348.41123716147501     
   349.57906081566273     
   349.03208342910159     
   348.84624069989252     
   349.30587239317856     
   349.08098254141595     
   349.88721699567765     
   345.64642355213556     
   346.61745440859875     
   345.92976464341604     
   341.31204810701865     
   340.39131494407462     
   344.13167885529805     
   345.33838903450822     
   348.32788920585460     
   350.65883080188888     
   348.70417382107524     
   348.74053494666964     
   350.40309617884810     
   351.91022862829840     
   351.37172620592463     
   349.09115458547132     
   348.55568249363341     
   344.87639070049300     
   345.88405824714710     
   346.92908585937977     
   343.75866706284046     
   341.94945723851771     
   340.80082769303590     
   338.57688332016517     
   341.40476513315446     
   342.56582611222535     
   339.32021490731512     
   339.03362964505635     
   337.29838293210133     
   334.46772378329655     
   334.44447554785967     
   333.43905265971955     
   334.12261587386655     
   333.29546326900936     
   335.43079125611956     
   334.64025278474725     
   333.53291161395384     
   333.11057101666415     
   333.33302077735101     
   331.63830649271512     
   331.93849416967947     
   334.52177620622399     
   337.46745183492408     
   337.19786800979676     
   334.87304955619715     
   338.21806425636169     
   339.99616195741862     
   341.28204977182315     
   342.73777712290587     
   343.72111791546524     
   344.79920366409237     
   346.14998705346193     
   346.76252631274258     
   347.13619663614253     
   348.34555734817314     
   350.21817436449174     
   351.12157928290281     
   352.17458813399713     
   353.12530693264728     
   353.94352433473728     
   355.18330989167714     
   355.52673181089176     
   355.18730359138874     
   355.51518638178476     
   357.29096204473649     
   355.67274898174520     
   355.70062910765222     
   356.16555760641927     
   354.71844894410873     
   354.07015449661844     
   353.55292863088920     
   353.85705264577973     
   354.06569602576837     
   354.06041422974829     
   353.85219293917817     
   354.25675632296537     
   354.18727471441326     
   354.14059952095715     
   354.35352134108348     
   354.45882000934751     
   354.70931281832583     
   354.85943196822501     
   355.09496005301605     
   355.01336623725842     
   355.01470247829099     
   354.97299845197591     
   354.95147519596520     
   354.90198087572941     
   354.73965620958910     
   354.44475992110773     
   354.23849001376243     
   354.25389876183112     
   354.38871245798464     
   354.51777593267474     
   354.68449820862492     
   355.19878212603857     
   355.79938739909039     
   358.95996228556470     
   363.19888704104744     
   362.82094104704260     
   362.91582648662313     
   362.28844248370325     
   361.40176415964726     
   360.58603041934833     
   357.24525592508439     
   355.26887729573724     
   352.63320245735088     
   352.37223444614733     
   352.03740894144460     
   352.68253369774800     
   351.57369603998512     
   350.86317393275965     
   350.67439589950607     
   351.01931253656278     
   351.14769085758297     
   353.90691595276940     
   354.26480622201046     
   354.32706905044648     
   354.11652878374827     
   354.20281136515422     
   353.70690791621672     
   352.74534051227698     
   353.26753075057093     
   354.07252847817938     
   353.93711089748410     
   354.03070863725793     
   352.96730107572506     
   352.92942107266862     
   355.46248494064417     
   359.01616241566956     
   358.17891184313328     
   353.40194068994691     
   349.34766311685928     
   347.29030046223102     
   345.58598312172427     
   342.58927959315355     
   341.75474379260601     
   340.83399098698857     
   339.35679367256915     
   338.52433798732523     
   337.50897092689820     
   336.70421827698163     
   337.44362292705603     
   338.00939359068246     
   341.47256865437913     
   341.70089242076631     
   343.23735071304293     
   343.81055811856424     
   342.36364611663930     
   342.26470255880889     
   343.06928591050519     
   342.18498431437968     
   343.85702646884164     
   343.68540380588263     
   343.53210885895299     
   346.20292683836095     
   343.32111123191612     
   342.37059503398791     
   345.25499662267782     
   343.78668004730957     
   336.88946461854061     
   338.13785483703953     
   336.54358819464619     
   339.10181313210092     
   335.70438753080924     
   332.24388469182475     
   333.19293910695848     
   330.48580050207175     
   334.81274420323905     
   333.51382943568188     
   328.32106731559310     
   331.65559817819019     
   331.85691304261780     
   331.11408779588550     
   327.78643683835702     
   328.46726177038647     
   326.76849863652978     
   326.13620628655349     
   326.34738701594534     
   326.87803391757006     
   325.60017963757230     
   324.22798084754021     
   323.63734610959608     
   322.39091822496351     
   321.27082205444123     
   320.26228020872753     
   319.55371129856684     
   319.80356705326392     
   319.69020020420629     
   319.74036561885265     
   319.24431154523472     
   318.27349536197062     
   317.42419960734986     
   317.30978518556418     
   318.43085133578825     
   317.23276278138843     
   316.98701214912302     
   318.66271802913076     
   322.90910093250625     
   325.64175765338194     
   330.99161109026932     
   335.22381577074083     
   338.76806264164776     
   342.62260276447427     
   343.96797355902800     
   345.30835478188112     
   341.34638337618497     
   339.09002851597512     
   336.84455473181515     
   335.41617933573883     
   333.62448845794495     
   331.15146986405716     
   327.99227198550204     
   325.80011489869821     
   324.66194289654391     
   324.64729242961613     
   324.97519900333754     
   324.45947594032737     
   323.13726522223885     
   322.90364012313501     
   321.43587769928172     
   319.50436163771201     
   317.85494481747924     
   316.79539455452419     
   316.12846048625426     
   317.97828893300658     
   318.42480943696688     
   318.38452947279853     
   318.74544511478786     
   318.61875049917120     
   318.66575558906072     
   317.55218084510835     
   317.39867079989335     
   317.60646612477490     
   317.62339027867887     
   317.72487365650670     
   317.86688967160450     
   317.66333313382205     
   316.69493121497453     
   315.96169759992239     
   314.14790708166720     
   310.78192937121958     
   310.58486851215730     
   309.28996132992557     
   308.94285484432044     
   310.37735218666870     
   312.82907006772649     
   318.00370708855684     
   322.53446672205746     
   324.54573452216914     
   325.11268213562863     
   325.82406877817465     
   325.11358503503243     
   328.61812303552375     
   331.75837900928281     
   332.72921999027858     
   331.43716581611403     
   329.53068930122839     
   327.33312212351154     
   324.78245702171773     
   321.38086237203498     
   318.72366601613032     
   317.00350576362212     
   315.78820422019140     
   314.87870344551584     
   313.91827237390265     
   311.92608530238232     
   311.43600099691440     
   310.61665998152108     
   309.81197709031102     
   309.30830054838947     
   308.69174970013262     
   308.06455752176322     
   307.29834640409069     
   306.58719325900620     
   305.96841607138356     
   305.41821238696161     
   304.97463562736232     
   304.45759563178785     
   304.04553490146560     
   304.26663084858529     
   304.00486012412733     
   303.35758865147619     
   302.66395272699765     
   302.11243698986380     
   301.72745281346505     
   301.50829043887467     
   301.42192673255755     
   301.24982838923927     
   300.70839475525537     
   301.52695986150906     
   301.09931812780064     
   301.41853961386590     
   303.26686904948053     
   306.90500817683017     
   311.01382725592038     
   315.40056319083340     
   319.61833822823178     
   323.77836310700565     
   327.24416107288471     
   329.72567284498524     
   331.31219850744372     
   331.69648863591925     
   331.80429484608351     
   330.36791135511584     
   327.89286132730223     
   325.13705350109512     
   321.99418010442201     
   320.00349340750199     
   317.09420465358170     
   316.20924364879420     
   316.90965665641886     
   316.61084793428074     
   316.88971104263555     
   316.11093836249785     
   315.07145762765077     
   313.02424624357639     
   311.71163439001583     
   310.60180886825577     
   309.60022060358529     
   308.70725589956862     
   308.13863774872152     
   307.44680343210439     
   306.32308753957710     
   305.34916058383993     
   304.95826094338446     
   304.98743466366312     
   303.91377425729689     
   303.44999950210337     
   303.35709668023986     
   303.03604960722379     
   302.77019778423431     
   302.34610745673916     
   302.19329103484085     
   302.01822737040516     
   301.70641909478576     
   301.73933359044435     
   301.60933325032994     
   303.16038116568876     
   302.95905774504126     
   303.73897811244592     
   306.24143665728502     
   311.18729160020229     
   315.84812872261790     
   320.67919084001346     
   325.97808943006720     
   331.01691599201916     
   330.91921767382007     
   336.52177050821160     
   338.82440354564943     
   339.90454381783286     
   339.62481580458615     
   339.47282230800545     
   336.84137152519401     
   334.44704578028893     
   331.56736983126865     
   327.86577291217372     
   325.21892103223519     
   323.64278845969744     
   322.14351919484915     
   320.91307500622480     
   319.77494202839716     
   318.10985777212403     
   320.21407499009956     
   323.44860952019519     
   323.25809729836544     
   320.96259725870658     
   318.40186369344997     
   317.24874969523916     
   316.12138200346510     
   314.95351253489503     
   313.96687052691613     
   311.98368094194825     
   310.00711525394138     
   308.57776798853604     
   307.78424861291109     
   306.94707780843129     
   306.79202967166839     
   306.61962963533568     
   306.98658128306306     
   306.67443969351177     
   306.51837227699940     
   306.01963405957628     
   305.49947749518350     
   306.24846847446742     
   308.00675324125251     
   310.37491237370853     
   310.24447917223171     
   309.84050649417361     
   310.36272315043703     
   312.46614144107707     
   314.36161240526610     
   314.60373913427583     
   314.76613740067955     
   315.09682427105616     
   315.75646842442410     
   316.39657530849809     
   316.69704284020276     
   316.70009401741117     
   317.03077420257472     
   317.23999728198709     
   317.45993784584465     
   317.15742526592470     
   316.86949525385535     
   316.98683911712953     
   317.06649469884735     
   317.42749331756733     
   317.72691331630131     
   318.19293364782146     
   318.36859469147021     
   317.65105084794209     
   318.29897621596518     
   318.43153131267792     
   320.82525152090068     
   321.80208876027581     
   321.98263710266815     
   322.56910427611058     
   322.77434533474417     
   322.48316642144886     
   322.48563825720981     
   322.16563074454911     
   321.35634061811879     
   320.37816997686645     
   319.61606013171166     
   318.93505871648313     
   318.89099037071605     
   318.52948208071831     
   318.19629544686148     
   318.45717985570838     
   319.00527773434118     
   319.50888070446166     
   319.14495739707434     
   316.57587797117759     
   315.19921550041676     
   316.21473626116773     
   316.27724380189250     
   317.20934144263947     
   317.69457363707835     
   318.44584664659936     
   320.05322968410314     
   321.23699560081502     
   321.88511070435561     
   322.19510370613085     
   322.42312406733680     
   322.15220069162092     
   321.87124746192995     
   321.16010145194667     
   321.12662162869196     
   320.90578607734039     
   320.36806518936879     
   319.92561896920836     
   319.90264108350544     
   319.77625102053014     
   319.67551847044189     
   319.74074370214072     
   319.77677973902792     
   319.76551148457696     
   319.38623074530494     
   317.82434715541319     
   317.73665314593234     
   317.43733030321067     
   317.04729227144895     
   317.27399752506409     
   317.52896115405304     
   317.55693858945216     
   317.59368274501412     
   317.63248232007675     
   317.79368207162446     
   317.71061533097156     
   317.63448367507567     
   317.26920805797988     
   316.62855633595478     
   316.38561501409532     
   316.40756278851040     
   316.60625469806649     
   316.99079119436516     
   317.00927872937820     
   316.84836906943474     
   315.76125656527779     
   315.49059114218750     
   316.37240203356714     
   315.70493136321886     
   314.60081742423404     
   314.65964251413357     
   315.36076027144748     
   315.89562013385660     
   316.84700778028940     
   318.33001748134166     
   320.10861759229607     
   322.18993980639129     
   322.19334326473779     
   319.93694999374736     
   320.01232432335411     
   321.07756193260087     
   322.48941746439732     
   324.01823198047873     
   323.82644545554052     
   321.89816024957418     
   319.84120059536491     
   320.16952798520254     
   319.71687720007446     
   319.00281851878225     
   318.75700553578582     
   318.77279297129485     
   318.48496852002540     
   318.08958673774731     
   316.94148817532135     
   317.24712070756811     
   316.58066010884767     
   315.95729629647838     
   315.71265198725160     
   315.29548852403769     
   314.74764747225919     
   314.35244766905828     
   314.28034427297956     
   314.14761036314582     
   314.22916796076481     
   314.12785144960935     
   314.40151545602987     
   314.60577730245251     
   314.60954129691396     
   314.38762686701546     
   314.52930801537656     
   314.64151391148232     
   314.60656109963674     
   314.56544066946145     
   314.67762517127807     
   314.63696090804712     
   314.58997835885896     
   314.80335770551460     
   316.25797464971248     
   315.49044528890909     
   315.95703741057906     
   316.64759094573128     
   318.26759474800286     
   319.89909576986054     
   322.68506188395952     
   324.14032229190298     
   328.11188946265452     
   332.03022491919410     
   333.67153624400214     
   335.93754000342904     
   340.68918947670306     
   341.81325326436138     
   341.63591379453288     
   341.82479558473847     
   343.06968513810210     
   344.70722453127041     
   344.40894271097466     
   345.70201586312868     
   347.45589852951406     
   349.02280462410562     
   351.38678609018393     
   354.60796206568767     
   355.50623782946604     
   356.11238420482221     
   358.69777299028345     
   360.96337477441529     
   357.63101407003194     
   352.95756940046556     
   351.76909476589475     
   352.30046707304444     
   351.50623102290450     
   350.41200399490117     
   350.98438821497103     
   350.37283793516093     
   349.27431671645382     
   349.31396688473058     
   349.38582247597344     
   349.14061436674626     
   350.33033436356078     
   350.73960549903097     
   350.85160454523117     
   352.70551702013051     
   354.62391960623899     
   353.45241896068211     
   351.89835941428407     
   351.14906180602685     
   352.52757917027770     
   352.10372267571734     
   352.17979766084591     
   353.76637937779878     
   353.31703544687343     
   353.11016246184749     
   353.42945932786893     
   354.93488338829366     
   355.75795442191281     
   355.42266815005001     
   356.04175524668091     
   356.99808176293573     
   357.16338029313357     
   356.13398959197633     
   354.30802860904316     
   353.69525726944659     
   353.56169418531363     
   352.52395410705640     
   353.64780590875131     
   352.98188925814469     
   351.45078734569654     
   350.48539826712386     
   350.69312297916451     
   353.08977291751228     
   356.38443106385790     
   359.87745644418783     
   362.66702229793276     
   362.68744148409149     
   362.44354204743178     
   362.34651935308449     
   360.45703774630323     
   362.99050498311436     
   364.12399408855407     
   364.29131319204834     
   364.39909977153991     
   360.18157729982448     
   359.92637744687397     
   363.00062659302654     
   365.64339459383501     
   365.39081358045684     
   365.07708562260893     
   367.07479703564201     
   366.41319422828616     
   364.43139448099976     
   365.99787150974220     
   366.60681553214823     
   367.22026119209431     
   366.90670105831333     
   368.73250657770376     
   366.81671126574764     
   366.63805758755780     
   367.99220229795179     
   370.19910993880092     
   372.28682051110974     
   375.14553867657969     
   375.53900191130958     
   371.68416288518495     
   370.56053185259248     
   368.95558430399683     
   366.57425493412723     
   367.50077521003857     
   361.27353725509880     
   358.21110623006882     
   354.65842092689894     
   353.60390241463585     
   353.99045799835187     
   351.86071606883445     
   356.50819813310102     
   351.69131358221676     
   348.65520439862615     
   347.34390648830731     
   347.14637156100156     
   345.88720055039045     
   346.52427750851120     
   345.88317288084409     
   345.13450317577934     
   345.45239432203277     
   345.08960562527989     
   346.60263134737579     
   350.24221107570935     
   354.22632302206210     
   356.51652590323619     
   358.41005321350781     
   358.38347921588542     
   358.75360371380253     
   358.46092737948800     
   355.47903917375345     
   352.99155819660217     
   356.62670796665600     
   354.42312563220599     
   349.89925770590395     
   346.51131930133948     
   345.05027912425254     
   347.84251904548620     
   351.07293825040915     
   351.77394122225144     
   352.67510748971989     
   351.37556473192979     
   351.57637715844601     
   349.77536701331422     
   349.49817073470786     
   353.98514890205746     
   355.83664826665711     
   356.57787061007889     
   353.74589034670663     
   352.95370362985472     
   359.75967547115226     
   354.55098664143861     
   355.00465082564227     
   352.86507113031223     
   358.39386728699554     
   351.80852157893037     
   343.59461688390110     
   344.05141398929612     
   342.46447093504452     
   340.43341340508613     
   336.75899384120640     
   335.33813789639385     
   336.34950997101583     
   334.64683502162421     
   333.04394259515226     
   332.31421031717213     
   331.36450898896476     
   330.94452108307553     
   331.00178004718236     
   331.27804751013917     
   331.97909874035645     
   329.59512844976138     
   328.07956090828685     
   326.66019839634697     
   330.15811385231501     
   333.13928346178244     
   330.10602609129978     
   327.56443430124295     
   329.82847729426396     
   329.50062493233332     
   327.08960167892326     
   329.08636822853009     
   328.47291643932550     
   327.89879494419660     
   324.49192972848533     
   322.40111782749614     
   321.82383741854005     
   322.10684100085643     
   322.95211976456227     
   323.40738428541226     
   323.12420274691522     
   325.29593616749958     
   327.33604720658553     
   330.07027843511810     
   334.62179048593498     
   338.36843202344312     
   341.18320846490809     
   343.49396076349632     
   344.27128579160689     
   345.82803711694913     
   346.59267217910377     
   346.60757086207593     
   344.74210916021303     
   342.73288431292292     
   340.42435911600131     
   336.62153617925685     
   332.53965589345779     
   330.06221691149455     
   329.06535729081816     
   327.53111080891847     
   328.57519250864601     
   328.47530585809773     
   326.80162588567299     
   326.98051992789516     
   326.74037762283285     
   326.39534255110669     
   325.84275208633841     
   325.39078888605644     
   324.82421527260271     
   323.49235434034364     
   322.63823351267149     
   322.34715668413025     
   321.55848819778925     
   320.62531733554624     
   320.31646891283606     
   320.37113373060015     
   320.39748127143491     
   320.36688558915210     
   320.72974276335646     
   320.84143395543578     
   320.86303065083524     
   320.59307954961361     
   320.53384604924503     
   320.30536970872657     
   320.08775691176578     
   320.07319419169676     
   321.68681856088836     
   321.46494538797873     
   321.83894795923288     
   323.30718795568191     
   325.25745567331978     
   326.40287662080095     
   328.10097048030042     
   330.89178943707566     
   333.75209608821064     
   333.60473857466138     
   335.54415865095973     
   336.12150139497555     
   336.68385135215749     
   336.87358333622069     
   336.44267751492123     
   335.78984964906249     
   334.62569876014607     
   333.94195990808669     
   332.87012831590641     
   332.20609640766639     
   332.09861385924199     
   333.41696972913559     
   336.17665760904600     
   337.47933200389207     
   337.12516701359777     
   338.86720427682428     
   339.02202417004406     
   339.20261193367821     
   338.40742134156255     
   336.35041330887282     
   334.10045651904636     
   331.16872139507774     
   330.52511043186325     
   329.19127242041179     
   328.17015156534495     
   328.77722845267522     
   328.82759274995846     
   329.10186909121779     
   328.97336373652411     
   329.82997412224336     
   331.20141962965619     
   332.25950549139532     
   329.24603045263780     
   325.51311448864567     
   323.45195865404247     
   321.66390025496031     
   321.32194541652149     
   320.68820081313305     
   320.57055564569322     
   318.90390360703901     
   317.99483246659912     
   319.74706495880537     
   324.62763774617605     
   324.35128413813226     
   325.06567564157149     
   327.39600950453701     
   328.53057095458354     
   329.20694055616815     
   328.62833930587476     
   328.34617011903708     
   328.05156013051601     
   327.55829973787553     
   326.15563230349801     
   325.75000865419668     
   325.52554051608320     
   325.00438114739939     
   324.34905051709791     
   323.05408965445395     
   321.95774790054384     
   321.73924080142575     
   321.20738833052167     
   321.01509500542079     
   319.88973705465037     
   320.70888025132029     
   320.39243690213885     
   319.77118413447431     
   318.07579531232000     
   313.69490803733038     
   316.77946045631694     
   318.10206562077286     
   318.04603393483001     
   316.80625466501431     
   317.08635099797618     
   315.08351849749874     
   315.64901750165131     
   316.25343570870234     
   316.78970559036185     
   317.08223873461316     
   317.25069663996499     
   317.60643078996429     
   318.13845035947816     
   319.98019431146048     
   320.11046937981581     
   320.08263006052005     
   319.89063674220915     
   319.95063550852092     
   321.23949686154788     
   321.35496866358994     
   321.59798213351337     
   322.43933986214739     
   323.07607882218332     
   323.69040819719902     
   324.74607211902327     
   325.22989902479145     
   325.83707991498721     
   327.40651056594891     
   328.31021074839606     
   327.52767007480355     
   329.02431574506551     
   329.53644461950938     
   328.96133559796147     
   329.42473822570588     
   329.92685715659667     
   330.16391480980315     
   329.66439519759450     
   329.73564172249712     
   329.84189566568568     
   330.02956487681223     
   330.17341579164946     
   329.31936265102161     
   328.15626722040122     
   330.46025017828771     
   331.69936641772290     
   332.61756034909314     
   332.90742101963355     
   332.44607014949611     
   331.53101586562957     
   334.42401618188848     
   335.86956049596193     
   335.54622243126840     
   335.40472347371542     
   335.57885123751635     
   335.75347232824691     
   335.78026230624158     
   335.11481343773818     
   334.45674448531298     
   334.07438490797563     
   332.71169056390750     
   332.28816528721342     
   332.27602691654431     
   332.05023921294662     
   331.85251769998405     
   331.63426029259750     
   331.63698553703637     
   333.03335134618430     
   333.19985070023023     
   333.98388739649619     
   335.07963108086494     
   336.69284327233538     
   338.79544287237616     
   341.95747598821856     
   344.92068799951358     
   348.53191869807165     
   347.71231782975946     
   348.11141842168911     
   345.81281421061237     
   343.77909334063060     
   341.78979331180045     
   340.94869055445332     
   338.92705370799808     
   339.55745739783009     
   339.00084597354021     
   338.70816879061096     
   337.45379053583224     
   336.56976843163187     
   335.91131952741193     
   335.16261568806351     
   334.58094274286782     
   333.11879384107152     
   332.59778858725582     
   331.50480313354666     
   331.78532792216328     
   332.52457725864576     
   331.32295749990925     
   328.21976279439752     
   328.82219767765480     
   327.50895438486180     
   325.01115053153637     
   324.45292844296483     
   325.63009858262512     
   323.98925638703872     
   323.35834347922486     
   322.86986015507875     
   322.61330788971986     
   321.11959559975571     
   320.72253110743486     
   320.14505909593743     
   320.08739161825645     
   319.97968845514987     
   319.58931438774749     
   319.36576556282284     
   319.23366900188375     
   319.94380915028040     
   319.22871323485674     
   323.55701396002496     
   325.93616097803056     
   329.54622861272952     
   334.98049378013565     
   340.27281238478736     
   344.87108765640875     
   349.79762670179690     
   347.51914807682368     
   353.16599848900000     
   353.13892224237929     
   359.59473832190508     
   359.45953988387345     
   357.27410671800078     
   346.20281380684833     
   341.03096982891799     
   341.50549255452080     
   341.03303219215388     
   335.91916041176694     
   333.18849941893154     
   331.57027489672959     
   330.30147430051517     
   329.36527057341175     
   328.18020730711601     
   326.87865275019493     
   325.65918081464156     
   324.76251962075719     
   324.24203218785084     
   323.37292673215399     
   322.25872299346935     
   321.33890139579086     
   320.55510989459736     
   319.67637173299642     
   318.74893083242972     
   318.25258676008815     
   318.17399324919745     
   318.12556342359545     
   317.87366285696135     
   317.99554864670273     
   318.31428111906763     
   318.30373955188213     
   319.40121217804619     
   319.09430946544802     
   317.95873396379028     
   317.35409544678299     
   317.17316211742417     
   318.04095420832050     
   320.44562325010065     
   320.88815204323913     
   321.61617617626314     
   324.21223888882201     
   325.39174190916049     
   326.52585203562757     
   328.34800255673321     
   329.51510630933575     
   329.94481149628211     
   331.97961429954614     
   332.86762008829049     
   335.66682252354713     
   337.26649797360523     
   338.66853871439179     
   339.85809678481030     
   341.26131571684095     
   343.00433723512640     
   344.02055186814613     
   345.16163887182574     
   345.59227977527269     
   346.98284801086942     
   347.80449829362107     
   347.81388000293663     
   348.27719349954151     
   347.63501483556320     
   349.12904492513167     
   350.48513364038638     
   350.39899021171266     
   349.64114572465593     
   349.86149909109957     
   347.73216709816211     
   345.48118412962378     
   345.23520653998412     
   343.45323349519168     
   341.71094730764156     
   340.50615792323498     
   340.10773061828559     
   339.84212003977279     
   339.95934966281465     
   340.01472004022662     
   340.01684133279667     
   340.04517743398628     
   339.76900158781734     
   339.12758555170336     
   339.40354559965817     
   340.67554322475860     
   342.57611995961798     
   343.26444437350693     
   343.89671921796611     
   343.25560062500523     
   344.70720357329617     
   345.80866530119374     
   346.16669017098275     
   346.91490067301027     
   347.69957525510154     
   349.88211915381703     
   351.37597980038146     
   352.09249801509031     
   353.06914311351818     
   354.03290516129982     
   354.48517325856290     
   354.30940061528571     
   353.49856156775161     
   351.84481139977350     
   349.77459861671974     
   348.57833009739500     
   347.58062777670500     
   348.83888002223028     
   348.43288433563441     
   347.46902271504234     
   345.97024475701232     
   344.61255799946872     
   341.72105436649952     
   342.22169187785590     
   341.95344778773239     
   340.80058731334208     
   338.67621301882298     
   339.45594927393944     
   339.91004211594640     
   336.96617154647907     
   335.07656117066648     
   334.04092091305853     
   333.13379450012718     
   332.71814642950488     
   332.20530104244858     
   332.70203318189306     
   332.19067183459856     
   333.39586611741652     
   334.67886781216924     
   335.18588057475677     
   335.35597014399480     
   335.58267958073424     
   335.92865446904835     
   336.41235083902819     
   337.84259716496371     
   338.50632475290860     
   339.78249746558754     
   343.91881105904679     
   346.47481121038413     
   348.02416033353705     
   349.31303383251083     
   351.70080116983490     
   351.78422234611475     
   355.13461514083292     
   357.48669046427477     
   359.31760699689619     
   361.82493444596378     
   366.25139710201915     
   367.73711970073049     
   367.77879436895807     
   367.91771919174670     
   367.98908809337064     
   367.83159858346824     
   368.81454420558640     
   369.44683490025949     
   369.82852503781675     
   370.18532948491037     
   369.61828125362524     
   370.19262595453233     
   371.23055674476478     
   369.71664530951864     
   368.81954607411586     
   368.11547115710135     
   367.43871499846375     
   366.65479238705552     
   367.75553159214962     
   368.06059926674459     
   368.81454169915389     
   369.54733697160356     
   370.11658244852293     
   370.47090091027866     
   370.94428571425578     
   371.04065669718096     
   371.07690487396832     
   370.59431010750046     
   371.06024632423930     
   371.90085503611959     
   372.37236182412119     
   373.15890204892901     
   374.14109411296153     
   374.19013861168560     
   372.40892707590126     
   372.66629419849392     
   370.77464430938454     
   360.90292717964985     
   352.80785681864154     
   353.37164781696384     
   353.43001912940264     
   355.82867449001083     
   355.28526159964082     
   358.65256400612179     
   364.51360244156251     
   364.69672220843796     
   365.48089200329753     
   367.27219940197318     
   370.28799854115226     
   370.78037169635996     
   367.36117100060949     
   366.61880519048776     
   364.81918685954054     
   362.90850894543058     
   360.50607719581507     
   358.55017576065802     
   358.59539364983277     
   358.10912712747739     
   356.11285137118529     
   354.76887689891680     
   354.31967926634451     
   351.69014164900847     
   351.69354762464968     
   350.22135401268145     
   349.73633980005206     
   349.08833822137291     
   346.38360518290767     
   346.19237178210511     
   344.02216405362020     
   342.75312063714892     
   342.13230474634605     
   342.05982994363194     
   343.13842841493550     
   342.55807343664532     
   342.38433175934767     
   342.41410809110045     
   343.59974594052528     
   344.52081174504315     
   346.39036412429562     
   348.56209487220752     
   348.55120684345695     
   349.09961637368576     
   349.53107677967830     
   350.62508591767551     
   354.86812992247775     
   357.35901456989535     
   357.46042590680537     
   358.47600501425092     
   359.10269936414340     
   359.84897592023310     
   360.84928000993375     
   361.47944939787482     
   361.54758638359442     
   362.87928114057246     
   365.10846134672374     
   367.13595466684495     
   366.76386583833983     
   364.53717047818276     
   361.62644825366993     
   361.74524339551459     
   361.12463671672350     
   361.07683819133541     
   360.75999336488849     
   360.56108528706409     
   360.31220648851371     
   360.03211186260785     
   360.09324851207765     
   362.32089883955962     
   363.89675369417961     
   364.62086995357822     
   366.09103488697485     
   366.22756978590292     
   363.12908051295693     
   363.47440723931169     
   361.95794969375856     
   360.22222245409301     
   359.54420517590540     
   359.52426870152226     
   359.45772797375855     
   360.60223753419530     
   358.58512874877715     
   352.85649888342061     
   353.43302801090294     
   352.40700321776143     
   352.80546771978362     
   353.38432382122738     
   351.97479470183606     
   350.27899466079168     
   349.14430905940196     
   351.49768016854375     
   349.11328551892251     
   346.27115860605909     
   345.50367097602032     
   346.14572933330498     
   345.92041065675068     
   348.00650487195031     
   350.50555264305387     
   352.80587334063421     
   356.42558653034087     
   358.85044334743657     
   359.86939614446095     
   363.01429892877610     
   366.56512070697056     
   368.67674767105785     
   370.22000310879957     
   371.34466073888683     
   367.62587922796411     
   367.77735678013011     
   364.13615923380144     
   362.43652726296204     
   362.62059783547369     
   359.35878832090083     
   359.62615205434929     
   359.55636015895345     
   359.44231125783875     
   357.10435856647439     
   357.71583350989084     
   356.56569495740172     
   356.56564986993646     
   356.45835347418068     
   356.02801960903764     
   356.40208386686993     
   357.53405155077883     
   357.91389911608081     
   356.96016259151799     
   355.99109179931395     
   357.22550811419808     
   355.89156103198133     
   356.62753773524219     
   358.75429125034992     
   360.94641233394373     
   363.96243711041728     
   364.85913794030375     
   365.30667013149548     
   365.62102733335468     
   365.17901442448141     
   365.64337934434025     
   366.86780282113369     
   366.51505224060219     
   367.31719966129708     
   367.25191240922345     
   370.12968095137046     
   369.07178649020483     
   369.55830265042522     
   371.13900106715175     
   371.75968809988018     
   368.38672361804009     
   363.93884035262852     
   361.45213902883995     
   362.91733402080723     
   368.07233334001171     
   366.14030369165852     
   369.47565117518184     
   369.53463502703397     
   366.86995312925433     
   363.38055936423484     
   361.03904921500373     
   360.03003547307333     
   358.57468708626681     
   357.36015181194381     
   359.46957755333960     
   356.20004494360029     
   354.75265909005202     
   351.85875684117377     
   355.18076129775170     
   356.08299782202835     
   358.77237563742142     
   359.90642123201570     
   360.93732072415099     
   362.38499482728537     
   361.73962684301017     
   361.17422627252989     
   361.47394300852761     
   358.61862406017099     
   350.97735909452064     
   345.06167312083676     
   345.83095468980252     
   348.17322743169490     
   348.70462273505916     
   347.82699245788217     
   346.00560031843838     
   343.12846906952802     
   341.60452707015173     
   342.10903112783029     
   342.94726469757614     
   343.50464686823517     
   342.21490610361087     
   342.20753903011069     
   341.26951701535808     
   341.26261468795929     
   339.47680417796539     
   341.92790770740925     
   346.99621019812429     
   350.65083746074077     
   349.95684280459164     
   357.95565950107164     
   358.19203345786889     
   362.20636301547484     
   366.82328532490862     
   369.02697395290755     
   364.00835144561779     
   361.72142002506786     
   364.16111172702034     
   360.11771867095899     
   354.71273755271204     
   361.58940724786771     
   354.41732106176778     
   350.77189255021716     
   347.61562545279594     
   343.84884388613017     
   341.77867924341001     
   340.34430637612434     
   338.79585751256576     
   336.51610689464621     
   336.25005941226487     
   335.62640288905135     
   334.82791240883449     
   334.11934458494051     
   333.40835623265224     
   335.86411059128210     
   334.12065244510330     
   334.87442344770875     
   332.74406827615343     
   331.82581136915746     
   331.15544287381545     
   330.37767382734103     
   330.22534490719448     
   330.41493578081520     
   331.00992938437315     
   332.06689144562642     
   332.11600991441412     
   333.10643344650089     
   333.56338796056389     
   334.07629509088741     
   333.43780848806574     
   334.27941327245003     
   333.92967641665626     
   336.96882119096432     
   337.54765146360324     
   338.86768951043774     
   340.46294071527007     
   342.50939695644132     
   345.49159745538861     
   348.39090552949494     
   355.07223399438499     
   363.11059683175716     
   362.95776292207881     
   367.00089167181011     
   368.51578009162444     
   370.17661818331356     
   371.74363249961158     
   368.01153961079910     
   362.69195659014309     
   360.93614011971005     
   358.76851659283551     
   354.73180605610423     
   351.75609901472518     
   349.91579708462069     
   348.83179901475285     
   348.77130330804761     
   348.69784870057293     
   345.77063536636729     
   346.10514327475170     
   346.55587967592913     
   345.13176829488958     
   344.02643747208856     
   345.54699183878745     
   348.49980404223709     
   349.38295559999500     
   349.79335342047017     
   350.47255816154450     
   351.09484303315855     
   351.18915382775145     
   351.18445875696841     
   351.08818750594145     
   350.35934019770673     
   349.62527277928223     
   349.15638656296255     
   348.88960823931950     
   348.83022140048814     
   348.91533078946651     
   348.97744846976457     
   349.07550482415979     
   349.37585586293392     
   349.61780009790380     
   351.31733509396287     
   351.26294549588505     
   352.28878475581604     
   352.71227003668952     
   353.91716229204945     
   353.35306957549727     
   353.95112745059299     
   356.23680213503394     
   356.56610720355286     
   357.17427654610600     
   358.91913253879710     
   360.70923552392082     
   362.15654436013909     
   365.91420727306803     
   362.93339814877964     
   362.92287196330682     
   361.08795232479946     
   361.22313919180374     
   357.33500823388641     
   353.74500976927254     
   350.68853388309043     
   349.34608022718163     
   347.87380332958628     
   346.59265403475143     
   344.51053413832307     
   344.18532028674014     
   343.57169060982659     
   342.55989969272980     
   340.85905712240191     
   339.38460553401251     
   338.47549066812854     
   337.48351652189598     
   337.30343618469425     
   336.72695389736646     
   336.33951339964381     
   335.98620178288064     
   335.10305743340240     
   334.75841806069889     
   333.97148543338778     
   332.97050817577644     
   331.94595948905652     
   331.81821300497728     
   332.46101173396357     
   332.00018378404286     
   330.97034109977903     
   330.50859889113201     
   329.90956420499469     
   328.30454689083422     
   327.94725223808325     
   326.97492188646908     
   329.18702369601141     
   334.40919725032194     
   337.67406273121020     
   345.79365675928176     
   353.08031170947663     
   356.90718661481083     
   364.23068245525775     
   369.45088655273730     
   372.81970641024139     
   375.31373175722302     
   379.44868075718205     
   378.09939931119499     
   378.19608410529764     
   377.17754524258447     
   373.16971788855744     
   369.22608082005769     
   364.91549072119682     
   360.51694970097788     
   356.01492734852661     
   353.59684534548109     
   352.26650839094560     
   350.93358071813890     
   348.42678318517841     
   347.90571096948207     
   347.14680575033833     
   346.54628828013432     
   345.53119765689883     
   344.63697886049124     
   343.87419647747600     
   343.63573412199042     
   343.42139820651391     
   343.13101801264594     
   342.20589796962435     
   341.13033244541549     
   340.29316367760094     
   339.46809800771905     
   338.73176604455728     
   337.89590158429155     
   337.09154581028139     
   336.12258207206651     
   335.25237477789852     
   334.19573746987356     
   333.13819793128738     
   332.40931660222822     
   331.55399230357722     
   330.78861428822108     
   331.60123633450416     
   331.54609877254080     
   334.62519005395518     
   339.98638836387954     
   345.65691164649223     
   352.35108765587034     
   359.35129416748254     
   366.07090062275614     
   372.66296477990801     
   377.49957717001718     
   380.84175495097759     
   384.59459222699314     
   387.31527512613451     
   388.86017586643720     
   388.91804820533849     
   387.39864419405643     
   384.34344749047204     
   380.91094073352895     
   376.64304590199077     
   371.60942482237527     
   366.59477394548782     
   363.71029836317575     
   362.11118318564002     
   360.87094710187341     
   358.34525695953522     
   357.29996140495228     
   355.49374391599036     
   353.76558918800310     
   353.02887958849266     
   352.29018380159056     
   351.39458302606874     
   350.71700688404752     
   349.71158259476408     
   348.25129942818984     
   346.92097528312360     
   345.85922131688983     
   344.98481690548664     
   344.67149161226558     
   344.27467438454255     
   342.99959361384845     
   341.15784700305034     
   340.11159905229033     
   339.20984185312739     
   338.25803297670666     
   336.98425423568841     
   335.80969222156017     
   334.91296928732925     
   334.48941289207579     
   335.83341328355607     
   336.57672128931733     
   339.84904223870109     
   345.43165120068909     
   351.89272752045309     
   357.90926380086830     
   363.01628165283296     
   367.00857363754955     
   371.40100094745986     
   378.21791160699087     
   382.92657100414169     
   383.17386888683461     
   383.82329033479067     
   384.48500864143330     
   384.02453308235783     
   382.16504199706253     
   381.79154986857884     
   377.37616569029262     
   374.18813979448919     
   370.16502495880860     
   369.37694256285630     
   365.21265441046353     
   361.58017530451428     
   359.79477301449106     
   357.52056345417282     
   357.13371477400153     
   356.40230264951799     
   356.03713338464252     
   355.39236772530336     
   354.10513151559940     
   352.43322439881013     
   350.81287720435665     
   349.21675313982990     
   348.24747920964171     
   347.63789432139322     
   347.04487650887256     
   345.82152064839528     
   344.67581865482470     
   343.41555972549361     
   342.18935383735879     
   340.94165807206008     
   340.03305126268003     
   339.22404550649179     
   338.50051558886071     
   337.97286990856452     
   336.95043194087668     
   335.92410807948772     
   335.24892681735099     
   335.88470882321701     
   335.66046082292178     
   337.90201993452831     
   342.23289837516637     
   348.19549684823266     
   356.10851467697216     
   362.12393151029192     
   369.97762459399149     
   375.13374813376265     
   380.84045239083849     
   385.09123046271270     
   388.60514072191899     
   390.50309572038441     
   390.94993401434397     
   388.84806350369445     
   389.31994016647076     
   386.55384588404530     
   384.01616240279401     
   379.00473545685901     
   373.83083439551638     
   369.17688415005443     
   366.53044159583089     
   365.03990404328147     
   364.16576565782987     
   361.69621118851722     
   361.49612754315893     
   360.29242134013992     
   359.23145757557990     
   358.53261300961304     
   356.87934661932383     
   355.60062837595649     
   354.33802533833438     
   353.09620839914743     
   352.22737394202949     
   351.35969751729829     
   349.73809369135063     
   347.66704480200929     
   346.44258895605174     
   345.67017803040369     
   344.84787557215242     
   343.70087830318528     
   342.53359896894938     
   341.77139572901933     
   340.84784227895409     
   340.30148057407911     
   339.69030932370271     
   339.05204610917718     
   338.35677252740811     
   339.44737497994618     
   339.72777767829047     
   343.16448371235271     
   348.13029606501414     
   354.68865768292943     
   361.38620046018980     
   368.50907727214013     
   372.01574312473332     
   379.03291299488461     
   384.52587327022712     
   388.03287978729441     
   391.53160384113932     
   392.77391135571946     
   393.65100842773410     
   392.50452847897577     
   388.05518240265087     
   386.59992893085212     
   382.27027703628323     
   377.58236680290486     
   372.70815660938888     
   371.32869230230961     
   371.01382585015170     
   370.01143710115593     
   369.43503149672756     
   367.61561470947589     
   367.58944378797037     
   363.88679005527570     
   360.37636224378082     
   361.88633831458026     
   363.55022633988801     
   364.74982775510773     
   365.46232073655318     
   367.66924601432635     
   370.76351190213200     
   371.78291457684713     
   367.55489510425173     
   362.00060957304242     
   358.17013688454165     
   356.92092062489792     
   355.34665301029906     
   353.58181977660485     
   351.63342081207043     
   349.92308669524033     
   348.45456188024906     
   347.23657345888574     
   345.18908985205047     
   344.34397281272294     
   343.94549191931208     
   345.04388226108114     
   345.39788845784904     
   349.34146617391252     
   353.83005945633136     
   357.55622397901703     
   360.54235150380566     
   364.34283882255107     
   363.49118078299182     
   363.24870973813370     
   364.94876725626352     
   366.60471350616359     
   367.24322114515127     
   366.28853363877965     
   365.70879619500607     
   374.83193204149086     
   372.14866589032761     
   364.32795651295731     
   361.51876836683743     
   359.51136023218555     
   356.55502687025353     
   353.97744891431557     
   352.83781403725862     
   351.46754798031350     
   350.83483267022649     
   349.28898763829261     
   349.44027628477693     
   348.97322212969738     
   347.82719864502013     
   347.75826034254300     
   346.81066149594392     
   347.23748500084599     
   347.91193552079653     
   349.19251907023693     
   349.53383804844731     
   349.47161613072029     
   349.78769376758157     
   350.58915340735996     
   349.47160265229354     
   349.81076400902936     
   350.10801988048894     
   350.68985361762515     
   349.81688571117843     
   348.65520972788153     
   346.56090720173120     
   347.76706567732657     
   346.22216341816312     
   343.85320107127126     
   345.63902303185262     
   346.54835108740144     
   345.98883672921124     
   348.89145766535893     
   351.95576421932651     
   352.26007497408483     
   356.92839261305505     
   365.52017802239925     
   366.49302535211092     
   367.97896891481872     
   375.38745485780242     
   377.63314352369008     
   383.60881355263683     
   382.18211125648389     
   376.78267198751138     
   378.31639706573947     
   377.00551547531416     
   375.04022580335754     
   370.28738326457983     
   367.12598781373475     
   364.47665492609667     
   363.25000076903160     
   360.85697033416767     
   361.15625308320978     
   359.51923913525195     
   355.95152252807344     
   354.37486796410133     
   352.85053775178568     
   351.95598549419475     
   350.25156746392025     
   348.73460511462008     
   347.56022340543427     
   346.59515199106090     
   345.73165142053574     
   346.91758388684974     
   347.80909993741341     
   347.46744016063940     
   347.26013881008384     
   344.86489427004966     
   343.87435375149943     
   344.14312116394814     
   344.88995874571634     
   343.73651176664470     
   343.47230788638171     
   343.73680098107781     
   343.63401978345814     
   344.49460934404931     
   345.90168408298291     
   347.56394092520031     
   349.47347247632672     
   349.54417021293631     
   353.30916358122539     
   355.50241679366439     
   356.72284882288443     
   362.78182249371059     
   366.03583798289770     
   366.83555661133573     
   378.11945584129757     
   376.10625528626298     
   372.54865421201134     
   373.63289526387609     
   371.98323565364797     
   370.67659072728878     
   368.45268331039063     
   368.73133709277795     
   370.81244646818828     
   372.36894349997311     
   372.66039691286824     
   372.39215311206789     
   373.51525236546809     
   374.47930122187586     
   373.32086249977789     
   374.32116203628186     
   370.64925511296917     
   371.61552991334298     
   370.71709552684513     
   367.67630549095190     
   365.45324250556399     
   364.37401150541882     
   364.04151050165706     
   363.65481320923107     
   363.23418912071770     
   362.98898558251653     
   362.83484332948325     
   362.48988689271619     
   361.89802964859376     
   361.40358751012081     
   361.10679652886461     
   360.63685737924868     
   360.46840260905873     
   360.13810231893905     
   359.38455797783104     
   358.83524314721672     
   358.92328244909061     
   359.55390685649911     
   359.77175104622029     
   360.04777103289479     
   362.31564626706091     
   362.01446301168090     
   363.87949532853520     
   365.63168377635361     
   368.52980666389703     
   370.62497583868458     
   375.18063489074189     
   377.32192713699516     
   381.49907364792813     
   382.66463879951147     
   381.87596783304843     
   381.46418296129514     
   381.58386408973757     
   380.47143619826568     
   378.59884941905125     
   377.71015662230332     
   376.32668034101630     
   375.37046782665180     
   374.19169224448052     
   373.45181956547128     
   372.29335552560860     
   371.51555600315135     
   370.80120003037410     
   370.24124943360789     
   368.28297248789772     
   368.66932933741236     
   368.55397374978361     
   367.17596201526146     
   361.72106369627454     
   359.61799240763094     
   358.36222318879339     
   357.05532797040712     
   355.78336443073357     
   354.79306413026205     
   353.87477475096256     
   352.68804389060085     
   351.46017684588077     
   350.41429139828159     
   349.43372256012719     
   348.41394240419135     
   347.36556150298736     
   346.29006624857345     
   345.26335684607977     
   344.11681861651306     
   343.10742071319538     
   342.31198793283392     
   341.60747829597102     
   340.80353117454877     
   341.51009947602790     
   342.20272244339611     
   345.51413660255753     
   350.58168066271628     
   356.97661276503106     
   362.46824052284569     
   367.07121791230946     
   373.53191606398462     
   379.21983159546329     
   385.64532325857311     
   388.62266501395686     
   392.23456464092942     
   393.91130358193084     
   394.29525971427267     
   393.77106535351498     
   393.82173737045605     
   389.89665881761255     
   384.47681932945852     
   379.73208103383962     
   375.16847003825006     
   368.69714312501992     
   364.42536634890814     
   362.48059468947230     
   360.69415376659992     
   357.58084370504633     
   356.14632917409449     
   354.32922029880172     
   352.62255100339013     
   351.12561382600506     
   350.08314409033318     
   349.45532191726335     
   348.30123754830709     
   346.79383367365637     
   345.36705784533581     
   343.97665235785740     
   343.05930822677624     
   342.49173346399914     
   341.44041987189041     
   340.06376689077234     
   338.93547336143973     
   338.12592449787076     
   337.23130892914770     
   336.56654865630884     
   335.70211756945884     
   334.81606238881784     
   334.06934351286969     
   333.31598236483904     
   332.63421128825649     
   333.69191477819561     
   335.57809765143247     
   340.57086066325900     
   346.32551623703915     
   353.17043058547239     
   360.10468155816170     
   369.18234985440580     
   378.78817527433534     
   386.05381368267751     
   392.91767284998150     
   399.10693555031344     
   396.29239256669211     
   398.05847500830856     
   402.46778623537830     
   394.95908270683594     
   394.81613043476466     
   396.12129222070962     
   397.18809765239803     
   391.10152924589693     
   384.75241380667342     
   378.21472148806311     
   372.30483770786259     
   369.12410878371412     
   366.80368399210965     
   363.90854736567900     
   362.25344632932962     
   359.90477794469444     
   357.44157880909256     
   355.01018769236271     
   353.89503851100523     
   352.61684347406020     
   351.86162005765169     
   350.42404586415762     
   348.83702558620439     
   347.40329301292991     
   347.30111621675536     
   348.22956435139605     
   347.98230670170062     
   347.88692913245518     
   347.72208537762333     
   347.16299546761115     
   346.32208314768820     
   346.02119003646510     
   346.56157898567886     
   347.01549612472894     
   345.11199962577166     
   342.98686258498481     
   341.43779332080521     
   343.20520914754525     
   345.56953539878106     
   350.96324040757213     
   357.91656318160472     
   365.71681342750651     
   373.79058671194338     
   382.95305752663643     
   391.34611328295341     
   398.78645441029113     
   405.44486666066371     
   411.28379771851900     
   414.87880587811890     
   416.03371531009429     
   418.17241792985334     
   415.99834678202154     
   411.02372806337456     
   404.62482485680385     
   400.82894501133660     
   395.49684100966414     
   389.33818801361275     
   382.45130118072660     
   377.07977666730062     
   374.33951413031224     
   372.11620370410162     
   369.28309590581262     
   368.52734161778932     
   367.58415568798705     
   367.78185209865541     
   366.76549584277961     
   365.21502503570787     
   365.28238993818866     
   364.79946427419583     
   364.03572780138200     
   361.86065105130558     
   361.02321328797939     
   361.08061117851025     
   359.14341272225386     
   356.39033256058121     
   353.61391962060327     
   352.84512507532389     
   353.20745042698820     
   353.95911477473362     
   353.86312340023647     
   352.65257079943672     
   352.47325518064582     
   352.00797063136292     
   352.06281803563331     
   352.70743583611915     
   355.66235428801184     
   357.14143052681987     
   362.79862961711535     
   368.71499285343043     
   374.22777949414632     
   380.84902103538610     
   389.30046499445683     
   398.56392039643913     
   407.83430312965811     
   412.37046948298655     
   418.37442144824286     
   424.08621397949173     
   426.04736329336907     
   424.23525164205364     
   424.37365232877573     
   423.57905913983905     
   420.42206275717382     
   415.77568937986308     
   407.64050743840249     
   398.39409905276267     
   390.85272928727784     
   385.22490395196951     
   381.87523630514556     
   379.47840477014506     
   376.41519332297594     
   375.41684979050848     
   373.74019327268104     
   372.20502304651166     
   370.91290025151710     
   370.00168095552965     
   368.80571982029181     
   368.53636867645548     
   367.66391397713198     
   366.60634762888668     
   365.93048378563577     
   365.12132433952343     
   363.10373150914393     
   362.09326366576209     
   361.60257561469518     
   360.12567096548719     
   358.96263486073457     
   358.87477899546752     
   357.73605076866170     
   356.69540987889462     
   355.76465895181929     
   355.82951753839905     
   355.25066464836522     
   353.52058964917472     
   353.94117654451810     
   356.45957279414944     
   363.27637472354195     
   370.84113202593517     
   379.23501737175883     
   387.55463725228577     
   395.53776720683265     
   401.81620094765827     
   408.50614591316116     
   414.61243207147032     
   417.33305891256640     
   421.75816289364155     
   424.24303573849909     
   424.25529086164858     
   423.88910012584006     
   420.87778525028227     
   415.95108856357575     
   409.99754797577378     
   404.00134778918385     
   397.30774083270177     
   390.42775949624763     
   384.48710785319849     
   380.22942693057013     
   376.51773200831315     
   371.81316695995127     
   369.61032392109217     
   366.94613006028703     
   364.58325148846217     
   362.57217195159757     
   360.37805894626882     
   358.91022103357585     
   357.74584833687135     
   356.68515257518607     
   355.52319266357136     
   354.73014471765919     
   353.85585019162676     
   353.02342043949625     
   352.23876313862166     
   351.45832967891187     
   350.59733926425560     
   349.72961177969393     
   348.90982843434927     
   348.08317039825579     
   347.24685836582375     
   346.53546513638565     
   345.82479615578507     
   345.11785097586477     
   345.35019740396029     
   349.54509982282241     
   351.56941195157486     
   353.09635848014250     
   359.49159549156423     
   368.08285930177891     
   372.93205620709614     
   370.40328530109372     
   371.25666201098642     
   377.65733001277164     
   388.50503027852068     
   393.59801239836588     
   393.19195943362320     
   392.45163030457968     
   384.07406937422070     
   376.94666494404180     
   375.18302936340041     
   378.45949082303093     
   375.25897915858451     
   373.36063518595319     
   372.37584521867177     
   370.91454237956037     
   371.82561833926070     
   370.69484313461902     
   371.31035742334723     
   369.61265391799014     
   369.27055047465177     
   368.90965982360353     
   369.41200583567820     
   370.32823177716517     
   372.44599678335965     
   372.90414968000704     
   371.86681342142555     
   371.53105672679652     
   369.95917852971445     
   368.33888738985098     
   366.38287567033956     
   362.82674632726912     
   361.10205198249901     
   360.23663643778610     
   359.92137939231861     
   360.69746883101982     
   360.61508465724017     
   359.65412821434569     
   361.75956865941390     
   362.83510029669020     
   362.01028014703633     
   362.62904026265181     
   364.15816922021236     
   366.99782642133823     
   365.13177749772308     
   362.35530445705723     
   360.78651597058706     
   358.59092587701190     
   357.85537354607249     
   358.93970031363671     
   359.86537893576161     
   360.92286501498882     
   363.11729298279926     
   365.04877127961754     
   365.53398742223681     
   364.65159931603557     
   362.11590214180376     
   359.79537307975386     
   358.84873548283986     
   357.10860448467724     
   356.87740554663907     
   355.84604817230365     
   354.96470498624632     
   353.86447769678063     
   352.80200143898605     
   351.53037313595877     
   351.38334440168848     
   349.81275283495086     
   349.61620718135379     
   349.49714883824078     
   350.42515570556861     
   350.58694745507842     
   349.26391220842459     
   349.02901459726093     
   349.88606883931629     
   350.11506848666386     
   348.96132438499171     
   348.60898289242601     
   349.42425701949668     
   348.08454269018290     
   347.39388969711018     
   347.40920825380636     
   347.28591627974953     
   346.96553747151694     
   346.94957940687686     
   346.93652139086021     
   346.87497047656046     
   347.01412063038663     
   347.06273978485240     
   347.25959544365742     
   347.79109741306013     
   349.43715470279659     
   350.17982637334001     
   351.18923642410846     
   354.49683146436911     
   355.18697778833291     
   359.24107978820564     
   361.65304880344172     
   365.89196817560270     
   378.86705789140967     
   385.23081188838336     
   385.49074463764060     
   383.87672561690829     
   391.26726117251371     
   385.80623868968303     
   385.10397783140792     
   379.99197033252108     
   374.93284672205095     
   372.60743385314328     
   370.95044902232104     
   371.76245680247996     
   372.71102597375989     
   374.23740375394158     
   377.97419373243639     
   378.58711803397131     
   372.22931099301690     
   365.63722254883231     
   362.91293976870799     
   362.22569145751805     
   361.56365954995380     
   359.31147649712773     
   361.05049369613312     
   362.81286732606316     
   363.18784188378675     
   363.32209124099541     
   363.44500930618216     
   364.18230527451317     
   364.57508799218618     
   364.86677409860062     
   364.87042049330267     
   366.54050136385001     
   367.24444578939352     
   368.54347742506440     
   372.95214525280915     
   375.74164364190773     
   376.66928396218009     
   376.15193554156849     
   376.71580918051433     
   373.53520804883721     
   374.96973961617869     
   378.04202196778675     
   380.74515798211667     
   382.77494409148755     
   383.43142917140614     
   383.82737531856895     
   384.76711498233118     
   385.19833944036833     
   386.33541649282063     
   388.45176929686818     
   388.94048910070887     
   389.19047168569972     
   390.93216589812351     
   391.19205980377325     
   389.53902977182929     
   387.73625489007094     
   386.78398913018373     
   385.90664696462585     
   381.10690372951450     
   377.47758073219978     
   376.30423841877604     
   374.10335646469866     
   373.44219791682337     
   375.52264616196067     
   373.68120485133920     
   374.63752848966288     
   373.48028642624530     
   373.05423516179172     
   372.53733741654611     
   371.98338880625505     
   372.16149463410363     
   372.24916180530590     
   374.30307961444180     
   372.47188933856904     
   371.05951715453671     
   371.83206936500204     
   372.38786948645719     
   371.88088232731195     
   371.05390365593223     
   373.44518965905701     
   371.90986211852646     
   370.92990825176298     
   370.16341185996009     
   369.89863296311540     
   368.90948598662499     
   364.18602956332722     
   361.27969920589919     
   357.44479387328528     
   361.66077249245393     
   361.49990319331533     
   358.62903080599915     
   356.97942848023160     
   356.40684728559296     
   357.65916334220242     
   361.30818643202929     
   363.47145416067349     
   368.99644282809993     
   371.71262810775704     
   376.71466002831301     
   373.40356165445053     
   377.97464365232508     
   379.23264424117201     
   380.07391578814543     
   377.95051581433160     
   372.96872578687311     
   370.50056006390037     
   365.77587525232764     
   359.65449643763822     
   356.65159095309025     
   355.12491769206463     
   353.70523360075993     
   353.18198657460749     
   356.08910918913796     
   356.93792212559640     
   356.67239597403471     
   356.70194393636336     
   355.31404445701821     
   355.24493432758260     
   354.89831230167226     
   354.26612077544320     
   352.98271129502621     
   350.70156901656230     
   349.16762516084532     
   350.65470163703219     
   348.78753794064994     
   349.09086798983014     
   346.55398314877243     
   348.95698618076733     
   348.56656895474237     
   347.32340089250204     
   346.29008385367064     
   343.76673284480063     
   343.21304557184504     
   342.66738744438067     
   340.80189911245321     
   341.11732558652176     
   342.87758882738200     
   345.21945679253798     
   350.59564296338982     
   352.71018343790257     
   364.25928107460169     
   372.05938187554057     
   371.21041351225335     
   368.45036821477430     
   382.33791576726861     
   377.16624413351104     
   377.29421283810194     
   387.23783166232846     
   382.28661388429197     
   376.63540639490867     
   377.62137592258409     
   378.24058462218568     
   375.10646731647677     
   374.87024154541734     
   369.31547565919493     
   364.74936858164637     
   361.77013835484064     
   356.60697545242061     
   354.91954705386121     
   353.85594409363290     
   350.82051808403520     
   350.45938558268625     
   349.58168779736650     
   348.41887171621829     
   346.99346286728672     
   346.50807378354114     
   346.10846815611882     
   347.58498278902601     
   349.99098531558491     
   351.45199842048549     
   353.32765203422235     
   357.21660774567806     
   361.55316187759041     
   363.12017823621034     
   364.54864251342934     
   364.80611331370693     
   363.55535898825872     
   362.33699926202041     
   361.69799290922458     
   362.29716909602411     
   360.54988743742342     
   358.37260077638081     
   357.51408212065104     
   357.11840485583286     
   358.42266049248570     
   359.31161976083359     
   360.40756864415152     
   363.02821439187892     
   364.07420220663676     
   367.47300069350581     
   370.19362397141907     
   371.50086031182116     
   371.32326561501611     
   370.60193621098762     
   369.87266674134094     
   371.12869355634263     
   371.31008612475921     
   371.09580768582146     
   371.13562134525552     
   371.27989187760141     
   370.98747929156139     
   372.85348166832318     
   370.23654181330011     
   369.70985548314223     
   369.21671986269820     
   368.86091008200930     
   369.06345753479133     
   369.12173618492187     
   368.56361352514580     
   367.83964387653162     
   365.74827273742767     
   363.80956583014768     
   363.66883569855474     
   364.32343026777119     
   363.19904558085415     
   363.12848458707526     
   360.15499687080575     
   361.01567807771539     
   363.18337280719305     
   363.61305784725278     
   363.22537489918233     
   363.82646232211357     
   364.37252666124311     
   364.58815877979185     
   364.76990862343314     
   365.04137961277428     
   366.32817938450034     
   370.14457049090885     
   370.92319849432306     
   370.68966236339531     
   370.37031849865093     
   369.66233029574181     
   370.45241693599695     
   368.34513065758932     
   364.48571907301101     
   363.71458139238069     
   365.24659394401306     
   364.84723325516705     
   369.21053951338286     
   377.15225572935543     
   374.30589900389140     
   376.08742135738134     
   372.91988719118183     
   375.39019714346250     
   377.40116524467828     
   376.27621948351361     
   374.09614141725029     
   373.44310553588309     
   370.15745692891755     
   369.52990974213895     
   367.11844870427927     
   364.80453130721895     
   360.07409292994879     
   358.79266639831229     
   359.84264692800582     
   361.84900637897437     
   361.33177597741457     
   360.86039462279234     
   359.41146615416022     
   362.46434436338188     
   364.19397603507326     
   365.01042398059820     
   365.07150777347130     
   364.91128970416429     
   360.03285319489629     
   361.87105323439704     
   360.87656655546419     
   357.90509669760610     
   356.62172820580207     
   354.83143480279989     
   355.08127355686310     
   354.23258272341639     
   353.19089037931394     
   352.57476077807360     
   353.50342782959126     
   353.50339454910949     
   353.22436201840367     
   354.32146047827922     
   352.49794696434719     
   354.96622617105982     
   354.28517816465944     
   354.98699716803480     
   355.03953597237626     
   361.46081745109768     
   361.24219047211795     
   371.47231310048141     
   369.32592425450952     
   382.24126326645643     
   381.09963770941533     
   381.37902858709248     
   378.77231844022810     
   391.11416776203009     
   382.00867804002331     
   375.51502981725736     
   379.27920666038136     
   378.40278023003077     
   371.81633363956007     
   369.17739079294137     
   366.47096753782176     
   364.20785782153644     
   361.70683037590743     
   359.84585555005981     
   358.04143781721456     
   358.00431030835739     
   356.63993773604017     
   357.17321076833503     
   357.09795865975332     
   357.51958991164901     
   358.43632287434764     
   359.06493983691615     
   359.68500842252462     
   360.09037584431826     
   360.27568893447273     
   361.59668367063188     
   362.78419537791785     
   366.77955161447790     
   367.74181133202364     
   368.41300248504126     
   369.43354480143944     
   365.37449408060883     
   360.58381008576629     
   355.45785186099602     
   353.08106420846639     
   353.36246617055991     
   353.94357731104196     
   354.59520919697599     
   355.32512456244740     
   355.10836388027758     
   357.33659698718265     
   356.87049445691952     
   357.10446845957000     
   357.95241458526397     
   361.46745157395793     
   366.98159924000356     
   371.08425968804124     
   370.50818353602801     
   381.00576854483518     
   379.69332917978289     
   373.81749701225465     
   370.42444049558810     
   372.80499102901916     
   370.48245626659576     
   369.76609935548163     
   367.25148642910852     
   371.09274118377573     
   369.31719866591015     
   366.66874969299818     
   362.61597887295778     
   356.23111976986115     
   354.19322156795795     
   354.17072984341263     
   355.09399608167018     
   354.45252272710604     
   353.34110970770951     
   352.77912610870743     
   353.45879609852079     
   353.25198482035535     
   353.27461702440502     
   353.24712165413899     
   352.26798687849072     
   351.20167114848800     
   351.64998501667327     
   351.86075781367236     
   352.02119665090925     
   352.19254543296813     
   352.53886788084350     
   352.82042016931632     
   352.75331457873716     
   352.57760161273609     
   353.25946164568109     
   353.01030208141094     
   353.17167167014964     
   355.51172053337530     
   356.56860893364205     
   356.39421479377540     
   357.42723408040172     
   365.86455353760198     
   363.37076443559977     
   365.45191308180648     
   366.54197888832704     
   368.09060018843189     
   366.68238904025344     
   368.08668192737923     
   370.64949692819926     
   372.60370616641194     
   373.19237048994637     
   373.53343371932755     
   373.18086957077281     
   372.90355533576690     
   369.08189677395814     
   364.17991578310551     
   363.79710452875713     
   365.92888467452605     
   367.77454473337013     
   368.03639939259187     
   366.44178700105158     
   362.80301600851016     
   360.96443658133796     
   354.61657267093682     
   346.76350380534905     
   347.51067888284189     
   344.91829687146759     
   346.59350135091586     
   345.58601693940687     
   342.37632274673172     
   341.99447027995438     
   341.80116405867761     
   344.12791560850530     
   345.46410521798742     
   345.37658645955975     
   341.80472531122797     
   342.70331877243700     
   339.87024912461015     
   340.45273779740984     
   338.96714401314665     
   341.03416406048876     
   340.61494581276878     
   340.16888815076720     
   339.12758994472983     
   335.37511623785986     
   337.70448039957301     
   339.86188661966690     
   338.33382655266684     
   338.57733877099150     
   340.80450783838552     
   341.74079962410906     
   344.44617624123589     
   347.88114090333744     
   353.13352402468843     
   353.97401011768994     
   355.53314755363436     
   355.78118855033756     
   360.90093569868242     
   370.17041500321386     
   367.54677646197462     
   364.53113541602346     
   368.72580793379791     
   373.87740919019137     
   372.43636374658888     
   363.30763130009774     
   361.30232213275769     
   359.62640746040131     
   358.62574917249077     
   356.93899859248074     
   353.93488872758508     
   350.10351512437961     
   347.85928856109007     
   346.00696174584778     
   343.30303767535952     
   342.26109374176826     
   341.27125871619836     
   341.83443087320563     
   340.65274732815891     
   340.31688554107615     
   339.81422417241123     
   338.18438404764504     
   337.33383756862935     
   337.07225404936054     
   338.39480269896274     
   339.87725521472521     
   339.92239554098853     
   338.38968142768118     
   339.48711885972466     
   340.54681680235342     
   339.91300544645645     
   341.31089385112710     
   341.50996985811258     
   342.04300045861879     
   343.38561358821863     
   346.34366405858668     
   349.02264479204740     
   349.43283724939357     
   349.35575227384805     
   347.29376888634715     
   348.36774479228427     
   350.66396445696546     
   352.71428810277462     
   354.66427046437411     
   358.42779673047875     
   360.80916779067536     
   358.26351249470542     
   359.17625858391574     
   361.46226790696170     
   359.92170122761729     
   359.48672075407421     
   361.45432291357065     
   360.54052761764234     
   360.43764946028074     
   358.40437011153591     
   357.63719215707727     
   357.20948175275271     
   356.77302018112050     
   356.30840657122457     
   358.31894387326003     
   360.48245175051943     
   360.60618303060187     
   356.82980999628558     
   353.05689288708680     
   353.51771812929439     
   354.77976007766483     
   350.86532211321878     
   346.34422336809462     
   343.84362442183885     
   345.36304383786864     
   344.13393512325473     
   345.15719013043872     
   345.07767664063516     
   344.03851107807276     
   343.69582221387680     
   345.18944225622607     
   346.77711099916371     
   347.32724102149649     
   347.71524200466865     
   347.68581419691378     
   348.57748887779519     
   348.44356989387285     
   348.67386298435997     
   349.41924802414479     
   349.84958814522929     
   350.38925921768333     
   351.89092271015983     
   351.54685165594537     
   351.69940016292566     
   353.42675512258512     
   353.35560389999898     
   354.49850111745974     
   355.16185960358797     
   355.84897417489691     
   355.45173178646701     
   357.17077235570071     
   359.47341235157114     
   365.08640849732024     
   365.54222530456241     
   361.30377794197159     
   363.79863771611713     
   364.42574033420732     
   366.58874036851142     
   365.37775600325853     
   363.00851253354193     
   362.09158950667808     
   360.59932873218355     
   355.11022513463223     
   352.09753247306151     
   350.56422818891497     
   348.68239697884371     
   348.27808440448160     
   348.98642458635987     
   350.11713075398313     
   351.42089681364638     
   352.81993175875283     
   351.63790784026435     
   352.04714023310532     
   353.27723075773145     
   351.45725625802623     
   351.34577058903193     
   350.31247412403508     
   350.07522173283422     
   349.87297514097202     
   349.68618134868728     
   350.51300238002659     
   350.73114237394731     
   350.26034199157567     
   350.27220277712075     
   351.72618038055191     
   352.79725089214185     
   353.88092631017571     
   356.05639645604498     
   357.47931636919628     
   360.99501837398668     
   360.53384303575962     
   360.71054849080690     
   362.77253780360593     
   364.01721017778544     
   365.03985860780136     
   367.02288825257023     
   367.20847548764783     
   369.63375403363216     
   371.97817103686742     
   370.23653698653789     
   369.08734085597121     
   368.22919484019593     
   374.32513329383534     
   369.57702761334241     
   369.58467317016039     
   366.36924834586944     
   366.56902420683491     
   366.71904409776369     
   363.86413316205397     
   360.82741167802180     
   356.70706063148680     
   353.31876595104148     
   352.04704828978004     
   350.41045900982181     
   352.14539189376791     
   353.35416059070565     
   354.80414281579073     
   354.28147340828303     
   353.13668220073919     
   352.45828055926046     
   351.41533427435735     
   349.83259311164301     
   347.84730976849460     
   347.73778397367317     
   347.69934390095403     
   347.85497959381257     
   348.66788808510495     
   349.87581599254764     
   350.70992450333546     
   350.85001383563491     
   351.00233508176956     
   351.75174343332111     
   352.43151339687353     
   352.27081358742663     
   355.05265592932113     
   357.08706721092119     
   360.66425592935059     
   363.23303401378467     
   364.00705096326038     
   368.95818994701239     
   373.17721298528323     
   371.71405947521424     
   371.22820516751636     
   370.75049562752901     
   371.51781411922752     
   372.37616523906712     
   377.52024980701032     
   378.41770692328299     
   377.00808999422202     
   374.75313875272928     
   375.08911705282367     
   378.13295075286584     
   374.74723862457097     
   377.96849906381829     
   374.18395480118653     
   371.10696414937541     
   367.48854916642961     
   363.99609282455174     
   361.51633093751724     
   357.79908983047420     
   355.45455765400925     
   354.37503577711516     
   354.67538896365181     
   354.20800215913766     
   353.62977873249991     
   352.78199710756758     
   352.69160992821929     
   352.12653173117815     
   352.18545873246927     
   353.00371143174863     
   354.13569655957087     
   354.14180944843469     
   354.23093823327446     
   353.62626721603732     
   353.59180924278451     
   353.74671725555942     
   353.96015159086096     
   354.29197941759787     
   355.17519961033753     
   355.79761308828341     
   359.19751535278033     
   360.66384799776517     
   361.21770678046255     
   363.81456487315438     
   365.24874510844427     
   367.39203908216331     
   370.11874254099843     
   370.87245567695686     
   372.01539518011930     
   369.98490213176575     
   367.80669451301361     
   368.56716871653452     
   369.70697732638308     
   370.86864906160520     
   372.57608608636190     
   372.75090965030341     
   374.40292209646168     
   373.91375912610920     
   374.11569699238032     
   371.08972498756037     
   371.10393296055548     
   371.44875866772031     
   370.94769154089227     
   370.58005388461117     
   370.15051947547215     
   369.39575696063798     
   368.56883579929070     
   366.55569161620582     
   366.66051385629936     
   365.81611487617397     
   364.19882804028629     
   364.77863004983379     
   363.71903504581087     
   363.99008216929496     
   362.39758248544501     
   365.21711069534302     
   366.84005385823679     
   367.19691157581451     
   367.09847160475653     
   367.02914634068401     
   366.23856265713937     
   366.03888231805286     
   367.46393674359638     
   370.96978358912941     
   372.08016807125824     
   370.95357313764657     
   369.53271208376310     
   369.09865484783546     
   368.62753438520122     
   366.30447002923842     
   358.74784523443020     
   352.55360963617994     
   349.18950145942648     
   355.60663414823563     
   354.03272111906989     
   360.36434187803906     
   360.59271540131101     
   362.51674024749104     
   368.80096654895783     
   369.05553603392076     
   371.35382477647687     
   376.77997428056409     
   373.94700909827412     
   374.89686086295183     
   376.50112198937279     
   379.60190316814726     
   368.68529291609673     
   374.05261531772618     
   376.05086700304958     
   375.59945223728073     
   369.72604310688297     
   370.49546710403484     
   364.79170092829855     
   362.00277529089794     
   355.49208386884840     
   351.60381007165978     
   349.45683018793636     
   347.24089415811085     
   345.77281246963787     
   345.27427410858587     
   344.07059345493832     
   343.31632160186621     
   342.89270771390528     
   343.52935633339263     
   345.56820018816353     
   346.74430733059057     
   349.49409669437426     
   347.13686242382340     
   344.91925080531576     
   342.31743339601684     
   340.81751433961523     
   341.75687011968586     
   343.76280728443055     
   342.85323840051637     
   341.36413463008785     
   339.23909060003240     
   340.72749432641149     
   341.00713118307107     
   339.95351714794418     
   337.04963096738391     
   339.63340964651405     
   343.75419662675455     
   350.21158539415768     
   351.14992731460740     
   358.10496094833587     
   365.22481036116056     
   368.62915150436760     
   370.73449649627872     
   372.58459218197981     
   364.74382481969900     
   365.49707343941202     
   367.97868326498156     
   372.46122951910553     
   368.82478143773085     
   367.54653863612441     
   370.17392760770281     
   372.21541802090115     
   372.40357456793174     
   374.63332523595625     
   369.37583614954121     
   366.39600189830713     
   360.33328481849230     
   354.02685484767886     
   352.46603053378465     
   349.94113898750339     
   346.39671509819829     
   343.54756184483807     
   342.03101489260507     
   340.73538490360357     
   339.48513213193377     
   338.31503428802989     
   337.15206959822387     
   335.97201478041131     
   335.03244265706394     
   334.32965416500326     
   333.43016308813645     
   332.40261397605184     
   331.83479596576814     
   330.71708196812881     
   329.84925414415676     
   329.21385362285241     
   328.37208233697129     
   328.19241612485581     
   327.83911044478259     
   327.93096227139728     
   327.60831104542444     
   327.30374950356355     
   329.58004944911801     
   332.96961152579308     
   337.23664312565012     
   342.08492221459738     
   343.33249424011109     
   347.04759829957845     
   352.51236123511711     
   353.62998691336423     
   358.37111165461567     
   376.57597342075240     
   389.00802925660565     
   389.81771591474455     
   394.92943175586333     
   385.05550413668772     
   375.06325883256523     
   375.68112115526731     
   383.89527163048064     
   384.26234610270581     
   388.73995977699252     
   386.50101442457964     
   382.70597045315549     
   377.55099030304740     
   371.50093860881424     
   368.39389273459102     
   363.21732718171160     
   360.85106475350676     
   358.21092372207352     
   356.52634238069203     
   354.27523623394450     
   352.50839830843967     
   352.61192011207351     
   356.24350853122843     
   353.33068919887808     
   350.65579584484163     
   352.03566070107468     
   354.14674266795987     
   354.99552515654449     
   355.47829333357453     
   355.98094009489586     
   356.37554472141102     
   356.77804537416768     
   357.31785666676967     
   357.70774144974780     
   357.29880996208658     
   355.20589086499126     
   355.82327878197179     
   357.24188797150788     
   357.85760753002893     
   358.14159380884428     
   358.99965411558156     
   361.06915452883015     
   363.15625007251288     
   370.02373476367922     
   368.72800990217183     
   372.54894601812703     
   372.47943713067593     
   375.34191898444482     
   378.39524706101872     
   382.99590275391580     
   380.59882296892499     
   381.61437244625381     
   388.49192813779791     
   387.45406787038411     
   387.52344063809585     
   393.56950398891041     
   389.21468240339709     
   387.18847741601292     
   387.33728988539343     
   381.87106325549064     
   380.65638912356695     
   376.04919057834610     
   371.34217567052531     
   367.33026721215953     
   364.96963460310587     
   365.10406795019435     
   367.08685802936998     
   367.29466276992480     
   367.17783151005892     
   364.72050393539280     
   365.52817952213547     
   365.95698708636348     
   365.76915541587255     
   361.52562645703722     
   358.85502595154145     
   357.49008115631000     
   356.63248985372462     
   356.73455871111310     
   360.65599145829998     
   361.48728623735593     
   356.63927987969794     
   354.19556023043850     
   353.05416472189142     
   352.24340240939517     
   351.50945493911911     
   350.88088846599283     
   350.31015523742781     
   352.56030492519807     
   354.92874069394009     
   359.26718705830513     
   360.67907696137576     
   364.01683751282525     
   363.48912965078858     
   363.92765785301179     
   364.93055508888511     
   365.41212730980050     
   367.10355253113880     
   367.69507155795731     
   368.48982297542358     
   368.79308263410974     
   368.60001911528207     
   369.30525782661624     
   369.33810697568566     
   369.48293999847101     
   368.93059249518672     
   368.56346930609720     
   368.99763256450120     
   368.31902255596384     
   367.17591275598875     
   365.95947718698744     
   364.98930338673949     
   364.45948837219436     
   363.92130844853347     
   363.24404586331013     
   362.47324724973788     
   362.13440698163356     
   361.91949811652557     
   361.53080243928480     
   361.44171884081413     
   361.37781808868539     
   361.26828188717292     
   361.04127367403203     
   360.65921299190262     
   360.27589885577106     
   360.25782964316141     
   360.02465710564394     
   359.90682749270144     
   360.03268167001676     
   359.95385387718392     
   359.68466298260387     
   358.94544607181803     
   358.65555620358612     
   358.80552415629614     
   358.66923426691721     
   358.69495221198133     
   358.71428549856489     
   359.68272512449551     
   363.37175607930959     
   371.86623501276989     
   376.70558496139694     
   381.16825373519589     
   385.53929672665402     
   389.44546749015228     
   391.07293881387199     
   392.81028536880217     
   392.87446295250396     
   398.45405799735801     
   408.32459031287431     
   413.37361525393339     
   418.35568958345112     
   420.97445928301971     
   420.40655316158308     
   419.87297473477582     
   418.47037400642972     
   414.18454289484396     
   409.27810793486958     
   403.13774305757005     
   391.37302761250112     
   380.75313063280339     
   373.46539058010728     
   367.69239688156989     
   363.94982508030688     
   363.93892588109406     
   364.73825710882096     
   364.37426439473381     
   364.39686326948288     
   364.21183260290451     
   364.38410840522488     
   364.28063937066094     
   364.82344463808425     
   364.73620849009825     
   362.76610921799102     
   358.63024244357450     
   355.81492121762756     
   354.95785231286033     
   354.43249539090169     
   353.74348340942174     
   352.83380799768901     
   352.31969797220336     
   353.48161923786648     
   357.70018366380560     
   358.93157591830294     
   359.91460518138069     
   360.63608667950996     
   361.96579747676395     
   364.55388244084253     
   366.35846938889239     
   368.18050289807360     
   369.80488558963725     
   373.24927891309568     
   374.52280623778802     
   373.46733314335319     
   373.18197530245033     
   379.33185743437554     
   386.25312326333869     
   382.58317153185106     
   385.86880615313794     
   391.09125745806762     
   392.85113843554979     
   395.40007318443224     
   395.31462297882842     
   390.43351109104134     
   385.62781638739483     
   381.50256142776175     
   375.72563166357304     
   371.42705406709899     
   366.93679623622813     
   360.81773086668949     
   357.45834648884204     
   354.05401047605875     
   352.29960500922152     
   350.61923369024811     
   349.36918022004971     
   348.09845365803727     
   346.86241198511300     
   345.77853433054287     
   345.18183350538737     
   344.49018320966434     
   343.32930305850539     
   342.28433678914320     
   341.13334253355555     
   339.93502266456755     
   339.25662671353456     
   338.59186596051484     
   337.53378696714663     
   336.59790260586226     
   336.26593289271136     
   336.45249728191664     
   337.30510284837021     
   335.50176616689981     
   334.63455962145662     
   334.02785349868151     
   338.56979505144267     
   345.08933305589034     
   354.18486647215389     
   361.10478512310056     
   359.31764141983734     
   360.25477576765934     
   367.41024644468166     
   367.64933099506720     
   374.73336445095333     
   377.70445836490330     
   377.57061550243441     
   386.13339322239415     
   399.63600052437636     
   404.27994250348155     
   403.49283053239606     
   402.10314861370034     
   399.63921701044677     
   395.72633181211825     
   390.53482443347144     
   384.18866938601042     
   377.62453206052356     
   369.60798586052732     
   363.23786724971217     
   358.48824367134142     
   355.66447947759326     
   352.90918500271658     
   350.83069704133464     
   349.56760259200001     
   348.59956075951288     
   347.50784991957630     
   346.60511274983202     
   346.01658573506961     
   348.62363390986536     
   350.75287983647928     
   351.40372546702940     
   350.88566094072308     
   349.46454301516212     
   350.94490580900299     
   352.58292839384711     
   351.28754989076896     
   348.48517748170889     
   346.70228066131199     
   345.14260388291711     
   343.54715427522035     
   345.67566986525230     
   347.51714478721192     
   348.16222595032923     
   346.69326818809367     
   349.22988184641645     
   351.72020074879811     
   354.44059506117247     
   355.55174849756298     
   360.93844451962082     
   368.05768101585170     
   365.73524011564791     
   371.21022542265115     
   373.79747077604162     
   378.40986137069928     
   380.56142328785796     
   385.94827692602263     
   385.59117654426308     
   381.93300029178829     
   378.83045682041291     
   374.46961901088474     
   372.69576086121253     
   372.41271404360447     
   372.96253074787001     
   372.72364727816716     
   363.30705046216815     
   361.50349473121906     
   361.15726096599991     
   359.70812100250208     
   358.17937929272409     
   356.66924251587545     
   355.92812155962815     
   355.68892071981099     
   354.70373168342093     
   354.40632401391667     
   353.75391248690772     
   351.44049628163236     
   352.02883828411922     
   352.27879556583434     
   352.33964336545347     
   352.16298820343775     
   351.68073801819190     
   350.63971413522381     
   349.67595795318766     
   345.81315035330431     
   343.59706678730424     
   341.74635657773734     
   341.52863164900623     
   343.71239862827247     
   344.52459058436568     
   345.07402953603230     
   344.81403878397992     
   347.09133961680715     
   348.81970823504690     
   352.23932011932311     
   357.71117677063188     
   357.90940290901716     
   357.01625041305579     
   361.85823684029026     
   363.82665112725175     
   368.55618142114668     
   368.50108612538543     
   371.43735221744163     
   371.94260412547385     
   374.85549405996522     
   378.84791775466965     
   381.85494183642425     
   387.37212751705039     
   388.18348475672474     
   388.20730592202659     
   380.11710051812861     
   376.65132332418608     
   373.80518936518246     
   370.56058697105453     
   364.51428228195670     
   363.28233512638820     
   361.61441908554508     
   360.49002101265177     
   359.32162794468513     
   358.79514427335744     
   358.00792394436274     
   357.52855173371432     
   356.91696506776401     
   355.96000674309869     
   355.84939934640551     
   355.58024832770082     
   355.46042182292149     
   354.45434136430737     
   354.34760808999891     
   353.98879430587544     
   354.04563565330847     
   354.15502238979781     
   353.98646354973556     
   353.58141849913079     
   353.38070569354193     
   351.94659960761112     
   351.02601134638809     
   351.38822620983041     
   350.36787067931812     
   351.07937024386285     
   351.51685352439506     
   354.11283944400219     
   359.52389109974717     
   364.89200237849133     
   372.11537881221932     
   372.46333351639407     
   388.56140026538361     
   390.76516608626804     
   382.94311392440756     
   398.31470362859756     
   405.68255160705519     
   411.09124395964835     
   404.94687569033675     
   408.11283117388308     
   416.58072680968428     
   397.90479629102828     
   392.67758156722698     
   390.90578609419555     
   394.43400572862384     
   391.60031532601266     
   387.44582571449649     
   383.83916404278932     
   381.66558185679867     
   378.08993183403629     
   374.76686018611139     
   368.64531900828348     
   365.08095754731380     
   363.36104079214851     
   362.05308317607057     
   363.18458400369087     
   364.80811396324231     
   364.64713199452348     
   364.25594662245567     
   363.86255878384515     
   363.75748247146942     
   363.63492672557112     
   362.95963599254878     
   362.87220854315723     
   362.55634236947054     
   362.18261565641899     
   360.44158044617171     
   360.57139651679603     
   360.86044171794083     
   362.72734752631067     
   365.52799508889467     
   364.42334608396112     
   364.17185050935097     
   363.66875110426463     
   363.46656793589614     
   364.49145059648458     
   368.42654075284008     
   371.61807732630592     
   372.43426869067395     
   374.51346333801069     
   372.71808662558925     
   373.85712375012099     
   380.58232364779730     
   374.69272547233214     
   373.14304671609614     
   374.26668822268124     
   375.82550371874515     
   378.50077940252112     
   381.14269783584371     
   381.94981386338043     
   382.01851650834351     
   388.33129500713346     
   384.93269407188768     
   386.39303867335502     
   385.24116261243199     
   380.32599912416703     
   377.16567366920623     
   376.09775438641140     
   374.06486330928806     
   372.58890101139428     
   370.73671842893901     
   367.40742244590359     
   362.79725038990432     
   360.80257330440634     
   359.37963985112884     
   358.28512868915846     
   357.27446202041807     
   356.06777190112626     
   355.00376593246841     
   354.00335629182655     
   352.94599354017629     
   351.93285952162478     
   351.13916737572373     
   350.39773862916013     
   349.71764845057294     
   348.83006944509754     
   348.07796493318131     
   347.42165525383257     
   346.76449683282351     
   345.95907955523353     
   345.28944256733564     
   345.39721686480362     
   346.01985937944818     
   348.80994439028075     
   354.68221876895865     
   362.63876431351224     
   371.08741692799873     
   379.89293503882283     
   388.46214269482078     
   397.48477129198437     
   406.46057326999045     
   414.53082300970021     
   421.71030880826277     
   428.56235565817570     
   436.55330738122115     
   440.39171744407111     
   442.29849006016968     
   444.75706691362853     
   443.31702840354262     
   442.78473550763380     
   439.29403587846980     
   430.87013291713424     
   419.79749638991137     
   411.78972669391260     
   405.38150999609957     
   398.80041355676798     
   391.28758983494805     
   385.43857767109688     
   381.74876403122158     
   379.01351299070654     
   377.15548307560437     
   375.63698926597340     
   373.71398338707661     
   371.87170539858926     
   370.13650926538372     
   368.73344112573648     
   367.35914155723560     
   366.12681506520283     
   365.03448446635713     
   364.19707538507237     
   363.57755218020935     
   363.04063063514553     
   362.37704904672916     
   361.67439079448633     
   361.00394163140186     
   360.18747199644503     
   359.35332550892633     
   358.57486713615805     
   358.02018792829546     
   359.31920436946422     
   359.22490657295555     
   362.37849019002249     
   368.93896184141556     
   374.25631521210050     
   377.59682606824686     
   386.27737619827889     
   401.28171300365676     
   408.13709008529958     
   420.47681393972925     
   430.06614526828145     
   440.31005578529397     
   446.47333552197142     
   439.77401712038187     
   450.38128938569156     
   447.75512975790014     
   445.56591072259323     
   438.40751842723142     
   439.34691408276905     
   435.54601632261677     
   430.70720310095436     
   424.38722061683660     
   418.50820369664916     
   410.82439014600152     
   403.59926568112161     
   396.66974569384979     
   391.24688499935547     
   386.60423988406779     
   382.83847412493037     
   379.95842961878475     
   377.42281885746320     
   375.04091801767123     
   372.54594376289742     
   370.03754335559825     
   367.23692545637613     
   367.20237420512746     
   369.64817361831439     
   370.01047446554730     
   368.50247064858144     
   367.52797045659440     
   366.55781415284440     
   365.60815622140274     
   366.70236870645999     
   366.76808662626803     
   365.92881104857514     
   364.74334818475035     
   363.80921195548132     
   363.45382811937515     
   363.89678356013377     
   363.49060012445545     
   364.11717613908479     
   365.21730727137844     
   365.41983400492211     
   365.92218140525785     
   367.17573825485681     
   375.03128147240119     
   383.34825969896110     
   398.70166543596162     
   402.28628400025752     
   408.44769758831944     
   412.09662243602395     
   417.12831611865232     
   417.59984307077190     
   416.44319789623728     
   417.99050688051869     
   415.95737535452758     
   413.48601986461034     
   409.19270762377283     
   404.88788092240458     
   398.26935568948625     
   391.77818104782727     
   384.23783448192017     
   376.98268413974819     
   370.82713070316180     
   366.43569667198182     
   362.97720150583382     
   359.88951267695165     
   357.36489693858778     
   354.92198342347899     
   352.97194659648807     
   350.73568136230676     
   348.87894864123319     
   347.36258483820438     
   345.71622810715655     
   343.72001813365080     
   342.16743071675569     
   341.07797781815452     
   340.32007571140798     
   339.67586303322815     
   338.80567234195979     
   337.61614025029985     
   336.47753415877537     
   335.60674755225961     
   334.58097587697603     
   333.90194768284834     
   333.52162373194028     
   333.28958406570598     
   334.67667813978602     
   337.99915945823420     
   343.22912251877301     
   349.25634998699155     
   355.92244894233215     
   364.69414864016903     
   372.41156676595273     
   381.78084569916251     
   388.69167825142006     
   394.57108826637813     
   402.21554745823914     
   410.26816251716031     
   416.22690055467410     
   421.55009631036586     
   420.14710555077426     
   421.44940409148739     
   420.61482963569898     
   419.46645359078832     
   417.95228781715912     
   413.23312510129409     
   407.97524468933125     
   401.21883480899652     
   395.80630184230233     
   389.44493595405567     
   384.00371924597982     
   379.51583608587413     
   376.04942553318972     
   373.55031199039502     
   371.15499911711595     
   369.07508815171684     
   367.35062305787085     
   365.83428971558766     
   364.37979013737782     
   363.02648414599594     
   361.57421791984120     
   360.09508288318858     
   358.76468069837762     
   357.79571120615242     
   356.98383424583574     
   356.41563857577410     
   356.00144484788126     
   355.58698585477703     
   355.03742015269381     
   354.23069872831780     
   353.78527198463343     
   353.49110234338190     
   352.90113430460747     
   352.89112770843371     
   353.93678714316474     
   359.98905183789128     
   365.52741602239234     
   370.59397188593908     
   377.34701179116604     
   377.52598314197155     
   384.75217840129307     
   385.42013356895268     
   390.40222750614572     
   412.10307852491155     
   420.54904307762826     
   403.69572862457022     
   399.66745471960502     
   396.70581267215829     
   394.37804923863388     
   396.26481200385876     
   392.51809408240854     
   412.79848462364919     
   402.06186289608593     
   396.25527497150335     
   388.40465411214967     
   383.13680844320658     
   384.48250334846426     
   386.98220857036779     
   383.03131605045002     
   378.06781304496957     
   374.62861205497137     
   373.02807965903452     
   371.67792325319311     
   370.13967049955920     
   367.82789992576147     
   364.47129167447707     
   364.80116713746287     
   364.67699543378285     
   363.62658911098197     
   362.01266861390900     
   360.23887004432731     
   356.00511696306501     
   355.47952607328585     
   355.57499557351389     
   351.18307018163506     
   349.16123200091636     
   346.86133175540914     
   345.37429589363131     
   344.63080206570919     
   343.63627404652095     
   342.66723092181610     
   341.70063484631044     
   342.90035039092510     
   345.61336374711414     
   346.86190975165061     
   350.81493055439870     
   361.44061706167207     
   365.10780101419488     
   375.56937692961401     
   389.36292023071991     
   385.91565823378221     
   389.40985682043384     
   378.86063973022658     
   372.84970013695420     
   376.14638988334133     
   379.38369363770761     
   370.76683259214525     
   365.08427013177948     
   402.47157355439629     
   404.46518534320944     
   403.15764249693342     
   406.53997736149540     
   383.44865812257768     
   378.24328667468717     
   372.99201425052252     
   382.17766837943020     
   374.15017422825696     
   370.29924406680738     
   366.75535675208016     
   365.77836577218403     
   364.24329988209655     
   361.18198342722724     
   359.77457838423902     
   356.89008104752907     
   354.41799028321708     
   351.88508527690698     
   349.44511802870562     
   347.31593055277796     
   345.53219945370546     
   343.79309384700798     
   342.29751000236547     
   341.11430013754614     
   340.22488280330094     
   340.88794759094543     
   340.62951601765263     
   340.13814832192691     
   340.38008603492250     
   339.95983690640298     
   340.10304686956505     
   339.41578248674409     
   341.01280829157594     
   343.21033531169434     
   346.54503312861300     
   349.69496857423724     
   352.78238165643467     
   358.88811906446716     
   359.58087368046330     
   363.42298854263123     
   366.39200341874749     
   381.31057960224911     
   383.33816967157298     
   380.23972186084256     
   382.94045279741806     
   386.98721070069490     
   386.67486433857579     
   387.19208310325217     
   382.67870112658755     
   394.14006784946503     
   383.10519388758360     
   377.86288407854505     
   374.21483056600823     
   372.88494121600638     
   373.51633813960166     
   367.86190074906722     
   364.04032961755604     
   362.19807563388468     
   359.81887054491068     
   358.33697891049115     
   356.73205642740834     
   355.09316868236425     
   354.48761680770286     
   353.33002353223435     
   350.62397636687899     
   349.21083757409474     
   348.48391598988781     
   347.34883232419162     
   346.12502495632390     
   345.86508023481849     
   345.20938964457650     
   342.97977959359724     
   341.01136284532419     
   339.82809218184354     
   339.02559876614168     
   338.49808650813208     
   338.06453030602239     
   337.40368276986419     
   336.39708127346427     
   335.83492489956114     
   337.53118793656699     
   343.10721624770446     
   350.69050386286881     
   357.47531114706544     
   366.28457317782278     
   372.38219896369725     
   375.45990387272354     
   383.54439409716781     
   393.59738298386571     
   403.65654042147077     
   409.47976995908272     
   414.94112236632571     
   416.07243302620878     
   417.19378036114119     
   419.86389171415914     
   418.47215551691909     
   415.31730790235707     
   414.51773597659076     
   409.97259836412553     
   402.22511285841881     
   396.01447931316739     
   388.02908873017913     
   382.04011784789117     
   378.71965896188965     
   374.58871735843275     
   372.08465703025092     
   371.54026018799135     
   370.21808746689942     
   370.04113769879666     
   368.63764257331206     
   368.06043801921470     
   367.35140375554568     
   366.72700234112784     
   365.69085625718554     
   365.26764228394461     
   365.03766083386063     
   364.73136218975236     
   364.54398314747959     
   364.28582349482645     
   363.46678011366259     
   363.26803262573253     
   362.66539566734849     
   362.27713135099947     
   361.85329805891757     
   361.42599706225258     
   361.28769933009113     
   360.92515502388522     
   361.89291745921338     
   362.59408086165195     
   361.78129711585325     
   362.23959403597615     
   362.41323378763803     
   363.83971551130873     
   364.75661787889851     
   365.49313121320023     
   367.86866058287700     
   373.72164671972615     
   381.57463138428216     
   391.68414211807527     
   400.83356303386182     
   392.17386941924616     
   386.79387203946726     
   387.31095957432854     
   389.53881553902266     
   391.44694271200490     
   390.65363283177908     
   398.77371352583850     
   394.82365919864469     
   385.18855873261265     
   381.73656197621250     
   380.96464684298559     
   378.76367625790419     
   376.41369465521041     
   372.92748694360836     
   370.84091925939202     
   369.29326527463803     
   368.00026508969540     
   367.45392336997537     
   367.07042546137495     
   366.56041168395063     
   367.94757375891930     
   369.32124376318546     
   369.78196869858692     
   369.13450093939827     
   368.25853203699847     
   368.11498015876992     
   369.35310388933812     
   370.04849947143998     
   370.26283483043301     
   369.78630581695592     
   368.87936151233856     
   368.98169256441872     
   368.81528106243189     
   366.39252955613603     
   363.45259151568126     
   362.70599158550499     
   364.17912614168847     
   368.12333739690422     
   373.95983793863201     
   384.73326980788528     
   388.49345534371287     
   400.03052775641538     
   404.51635490674624     
   415.95202973086049     
   421.30675937608726     
   430.36806918375447     
   435.26981290120051     
   444.01150058084056     
   448.43773707252433     
   453.38353487642252     
   456.65445018340819     
   458.29333927351172     
   457.06431929101444     
   456.76346348286791     
   447.99270116376744     
   444.71514041949382     
   438.44247538674023     
   429.23169952599318     
   425.68184889697875     
   418.82475225368199     
   412.58274970073052     
   406.52713321281732     
   401.10091146002674     
   397.87328876986777     
   395.05322239619295     
   392.18444355955239     
   389.16802421090563     
   386.70948408692954     
   384.36391056872986     
   382.71739741485931     
   380.73725137197960     
   379.40180569421079     
   378.14040754287277     
   376.71706699264365     
   375.25778441500148     
   373.88530147104689     
   372.64863417704163     
   371.29514490935117     
   369.97993285176369     
   368.90543841033849     
   367.91818827125297     
   367.01859132648417     
   366.07843449711163     
   365.97818570756766     
   367.74888359566148     
   371.83565104158106     
   378.28921485414588     
   385.84191116307841     
   394.28845024451812     
   403.37119386920239     
   413.87211957853521     
   423.92735275191836     
   433.35930685442224     
   442.81556249306050     
   448.70547245689761     
   452.77481668138171     
   455.48575315036106     
   459.30578878211975     
   461.55098465085763     
   460.98282721030108     
   458.82438945287731     
   452.58714315453466     
   448.78704692568624     
   443.24312424049327     
   434.44665409852234     
   427.54928469091487     
   417.24547949594273     
   408.73938888212524     
   402.42634485390403     
   396.31703236283153     
   391.94130868726165     
   388.00614664557122     
   384.76310594434051     
   381.87936808312907     
   379.34766186979022     
   377.88984576376703     
   377.12724277162476     
   377.90059175893163     
   376.39849825097946     
   373.92954487767582     
   371.03717032740172     
   368.85515878350458     
   367.03170007949137     
   364.89670654817684     
   363.16107867421420     
   361.28216846261500     
   359.46056677310020     
   357.81110518155913     
   356.07085173469170     
   354.06821883256981     
   352.69882853669151     
   351.94251802822214     
   353.20539144773124     
   357.01861179843416     
   362.10084179493134     
   367.91535427203195     
   374.68143311355300     
   381.10442344392544     
   381.24849946431380     
   379.43821988130219     
   397.75480155254661     
   404.82355229167416     
   410.28040785151524     
   417.29377837210171     
   420.74285614207650     
   425.32552452181767     
   428.14990496753808     
   425.40151539569837     
   424.76218384313546     
   422.71062194730820     
   421.23452849603740     
   416.29893991283194     
   410.69650277113374     
   403.43156149897908     
   396.46551912274532     
   390.98884210586198     
   384.91063633862535     
   377.41945143115049     
   371.33817126113473     
   367.13341693280341     
   364.33769077260860     
   363.45542094610175     
   361.17976302996959     
   359.43454426662612     
   357.85022597776185     
   356.44781602306637     
   354.86327895345477     
   353.51429044161068     
   351.79672730830538     
   349.86357589528393     
   348.20387473303515     
   346.83297882531423     
   345.49781855903746     
   344.11098804146008     
   342.97918994958059     
   341.77755214030924     
   340.45719325990507     
   339.22763041490663     
   338.42234522890953     
   338.03728085504451     
   339.92324124295919     
   344.95005102551283     
   350.76260475929558     
   356.27458324675160     
   362.20699154127090     
   369.21267480983562     
   376.36074111545469     
   384.08757966388407     
   387.89494070096504     
   395.13540215211918     
   398.53629125979779     
   403.53068979321267     
   406.63140709475027     
   408.09654704375617     
   409.89286749297759     
   408.26369011212074     
   409.08926825392638     
   403.96834145662001     
   403.63235805153107     
   396.15937948377291     
   391.36128171308832     
   384.66912511914774     
   375.96306271400726     
   370.06560424818451     
   362.50163732781095     
   357.87331359762152     
   353.90775315863260     
   351.44573687876681     
   349.66716244389863     
   348.41648606493197     
   347.03835896763621     
   346.16522246942873     
   344.91445420938248     
   343.62544306340646     
   342.83766422399879     
   341.94851206690026     
   341.21769590532671     
   340.46090746180465     
   339.78867520210974     
   339.02410712896767     
   338.30343207846488     
   337.62613124731729     
   336.82339498477921     
   336.10882126047238     
   335.67630160997260     
   335.02548911485729     
   334.48928829263849     
   335.31212484432314     
   338.61764475178177     
   342.87294774434577     
   349.73828507791291     
   356.04076187914950     
   363.68572282722016     
   371.04442681553229     
   379.12017717206845     
   374.56328738418682     
   381.96300984581529     
   399.77504376623466     
   410.45928254397421     
   411.71219508387725     
   424.81567830126181     
   423.36409158219232     
   418.72701681729609     
   422.96013647441697     
   409.70618764895448     
   398.49719713714762     
   405.44556088822611     
   403.16467393173895     
   397.06199676310467     
   393.40917773652723     
   381.80016573992430     
   377.16809465292005     
   371.54530366926741     
   366.72510996374456     
   362.79620091710518     
   359.42258183621311     
   356.60775798637047     
   356.58458647910743     
   355.69031059405512     
   355.75042512282857     
   355.60123590284377     
   354.87562027174647     
   354.66599708519601     
   354.39549609297791     
   354.06811427919575     
   353.39698882640806     
   352.86558315078963     
   352.42664204771341     
   352.08502447865874     
   351.29773377416149     
   350.29015941105047     
   349.77546204403575     
   348.91118095337907     
   348.33063402414854     
   345.87747718251273     
   344.92765352560741     
   347.28310974046838     
   349.54579433106875     
   354.76649207932064     
   363.55103274163315     
   370.57279583595215     
   377.43330142658027     
   384.72827870748301     
   395.15965145522193     
   401.67872686859414     
   403.27376398251909     
   406.59647163515172     
   401.71397186259139     
   401.47367809971246     
   400.89116888497495     
   401.35662575939159     
   396.40127284406998     
   390.32546066791099     
   396.86883039679770     
   390.69518240257651     
   378.52823738632259     
   378.56396097415114     
   373.95889241871407     
   371.06139227756614     
   367.30546101263241     
   359.98602748291017     
   355.28578017637443     
   354.49541384087996     
   354.22173819443708     
   349.17560891668029     
   347.46254072245341     
   346.35151665608254     
   345.35589076964902     
   343.99542823574615     
   343.50547336551415     
   341.55789179855185     
   340.40455521880722     
   340.34406764985891     
   338.41591900132568     
   337.01952656684909     
   335.80966522390662     
   334.51858367387274     
   333.18514272759148     
   332.09764780670832     
   331.15624160772427     
   330.34487480980459     
   329.60719525722061     
   329.04385130738945     
   329.95550532135741     
   333.07184578685985     
   335.18426609233421     
   344.18198340413676     
   350.51867371021604     
   357.13821962953978     
   360.25681056964669     
   371.54824490997169     
   379.06776571085527     
   391.51077705785019     
   395.34471287436833     
   390.32312561168538     
   395.55634440212197     
   391.25670105501871     
   380.65055512446349     
   388.47475567319361     
   380.14495220458252     
   380.63021726512238     
   387.15190261620029     
   381.13613739791515     
   379.39154951860780     
   381.61405112927423     
   371.52272037157746     
   364.04969804849935     
   358.18247067480849     
   354.38747351242330     
   350.72102461079771     
   346.66530565073890     
   345.09764533032450     
   345.00201682923586     
   341.37265777769795     
   339.67081407384728     
   342.69235063483279     
   339.26946310946340     
   336.90024610597595     
   336.23632722070943     
   335.67722450926232     
   335.01326162316821     
   334.49687125913368     
   333.74815274026020     
   332.90862992531521     
   331.83821733957382     
   331.14349248358576     
   330.84078864035155     
   333.65845682238830     
   334.77577842620690     
   332.30500706611309     
   331.90293700076126     
   330.67234259703105     
   335.15406642365133     
   335.07896521517023     
   342.14350536282160     
   348.95913790500714     
   351.00745763256072     
   361.00778148660453     
   367.69737011747350     
   374.55037026705310     
   381.68612841750570     
   388.17906710307756     
   396.38972894214896     
   400.99999229298493     
   405.86989221768312     
   405.88635051475330     
   410.18600130251451     
   409.73902048133425     
   408.66779352968808     
   405.57500624582019     
   404.18256130297425     
   399.51234519068328     
   395.38875661706197     
   389.13800762011550     
   383.81298991108110     
   377.05911973552145     
   370.73462497692236     
   365.55312390636215     
   361.86037333955795     
   359.61097446079691     
   357.30990264714819     
   355.65852134191937     
   353.79916387138485     
   352.35994537162162     
   350.88460511887416     
   349.71752225446738     
   348.41706589769001     
   347.50281767052252     
   346.46366185479235     
   345.56084956436621     
   344.58321564178078     
   343.52175372487562     
   343.12480182726938     
   342.27893191284693     
   343.67206870792467     
   346.56613516058474     
   347.88089088683665     
   348.92761891663014     
   348.63329459332596     
   349.04862296916582     
   350.69905289687296     
   353.50401663742929     
   356.21527116995480     
   358.43915889176537     
   364.39826662841472     
   370.83180978587109     
   381.68570547404494     
   389.66053162556830     
   400.08646153761913     
   409.10600539079741     
   410.82740124328274     
   417.16281256443375     
   419.23655228457102     
   418.16691266127975     
   420.76199763446897     
   416.00134356589274     
   416.22628627115563     
   408.48765866972553     
   407.25311354429971     
   407.99657925105146     
   408.78101563676557     
   402.36777412950880     
   401.11928173800720     
   394.77589203755610     
   392.84645580196116     
   384.49975635103226     
   380.31718826460587     
   377.46253029141525     
   375.58893526480267     
   373.64164345013495     
   372.00253660286495     
   370.47817567056080     
   369.16596884329266     
   367.90314602961990     
   366.67242550849784     
   365.20912395425006     
   363.79513061188430     
   362.41616043004342     
   361.12013194484530     
   359.52410110938359     
   358.16088591266310     
   356.88372617668881     
   355.74919736495383     
   354.61367854350561     
   353.54874803565883     
   351.60097688000417     
   350.03669480432427     
   350.57682646815965     
   353.26653285284971     
   356.76247355150122     
   363.05261667316091     
   369.89486183769691     
   378.74396055054535     
   386.71950868478302     
   393.58243195144740     
   401.65072157677349     
   409.67610054589517     
   417.46867173826689     
   425.22881895294023     
   430.01891519920571     
   434.51810369588151     
   436.45071484969787     
   438.29350007544576     
   437.86965078496479     
   434.37240794328341     
   428.33995232988519     
   424.25823878469294     
   422.83077627862679     
   421.10989033284994     
   419.68475202410855     
   413.39691766988051     
   406.58231071606741     
   401.38665894344217     
   396.45505734508583     
   392.62491704815744     
   390.17073002771497     
   388.39625165611062     
   384.92232799576470     
   382.19959602478593     
   380.24355351811852     
   379.17904055678184     
   377.97034591873626     
   377.63403761911638     
   377.76837293615495     
   375.48552751717642     
   373.03442278794336     
   371.89889346005407     
   371.43360749388268     
   371.24916361327269     
   370.70709705278398     
   371.31721073194160     
   369.96077930279949     
   367.60752119774082     
   366.69634697235210     
   366.69194243341349     
   369.89999904807644     
   374.28666228440903     
   377.57982298669077     
   385.47597157773248     
   389.82561851124922     
   393.22293100648284     
   398.64004779950392     
   412.60850410990071     
   417.12767568845294     
   424.11525188869064     
   432.77390999636850     
   425.38282442863601     
   409.74107304164323     
   405.42981875180556     
   406.54024122352229     
   407.10104459214716     
   408.02080698366763     
   404.97574364237198     
   401.59326456471473     
   400.77459373730665     
   397.29330033536252     
   396.85525253834072     
   401.32178025681816     
   400.10428210187047     
   398.26752110585380     
   395.88397630440988     
   394.20852989413874     
   391.43439750450949     
   389.98939094327477     
   388.91406232283691     
   387.87949168965201     
   386.57336552478915     
   385.16499981545110     
   383.91298755835800     
   382.66174450797678     
   381.95399669691312     
   381.92069209346511     
   381.70409516126904     
   381.55036038729588     
   381.25306661655100     
   379.92557078234825     
   377.33178915661915     
   375.50417103226476     
   374.33924313902463     
   372.27942013172213     
   371.92777295516544     
   373.05175300160886     
   370.65677255150905     
   370.73122839430368     
   370.95299206617426     
   375.02083585917273     
   380.75694393078646     
   390.46893532341437     
   399.82886577885603     
   410.05277410133255     
   420.81228995164605     
   428.32917855853634     
   435.96301237194177     
   444.28212109873965     
   449.63817366802317     
   452.72174777717350     
   459.17341857765445     
   459.82160785013616     
   467.27483849637935     
   470.21052468666579     
   471.55482693609139     
   463.04857615420559     
   450.57319632655827     
   445.05986700578399     
   448.79090550848082     
   442.79132778713836     
   435.88504037974468     
   428.67602684339460     
   421.78182570687613     
   414.93766835088906     
   409.16839034467671     
   406.36606512267559     
   403.89563464605715     
   401.42464017446531     
   398.37767454508378     
   395.98599397376415     
   393.94596463422624     
   391.96167019450985     
   390.68149892120499     
   388.49282278826706     
   386.23702690167522     
   383.82693180833922     
   381.87998467597055     
   380.06481153623952     
   379.12462940158889     
   378.13512206586245     
   377.42685517338174     
   377.12908783427855     
   376.07137399113827     
   375.10497369149431     
   375.10870736634820     
   376.23278810274928     
   375.58101366230062     
   376.08590568659849     
   382.63989417598521     
   396.62334521441545     
   406.86411204832007     
   416.72391020718914     
   426.62075129534560     
   437.58325638612388     
   445.42511744070333     
   455.50084531157097     
   462.06181119766717     
   464.66339525844427     
   470.13390007020962     
   472.68861463009983     
   475.08059695534081     
   475.50556919708714     
   476.85602064266044     
   476.19814617618636     
   473.73163951304889     
   468.81485980921434     
   463.80401736944737     
   457.81318505531175     
   449.95178678871190     
   443.88249623472177     
   434.72834793308289     
   427.16896156089678     
   419.54336885335556     
   415.15177986634291     
   411.61406614563128     
   408.60075411525401     
   404.56463495142066     
   401.34804013806695     
   399.33254203593896     
   397.44897404368044     
   395.38001972739823     
   393.72488064722467     
   391.75948922057279     
   389.89311774514181     
   387.93592449639817     
   386.06477612048644     
   384.15642622275601     
   382.66861792494768     
   381.33221210241612     
   380.07336510111401     
   378.85552733357980     
   378.06028181136782     
   377.05918665930147     
   378.23001589789203     
   383.17762449944155     
   389.52872057590088     
   398.79673710036684     
   408.05957462508024     
   417.77994133849927     
   427.36308980523432     
   439.15036324498368     
   448.08957801669555     
   457.03121094607070     
   463.02971481081596     
   469.78646407259043     
   476.32222254931577     
   480.61132772288016     
   481.44010237801848     
   481.70875710464628     
   483.96213448659097     
   481.87914068525953     
   476.33251246165997     
   473.06436774267263     
   468.86524445330156     
   462.38082461071463     
   455.93190570272395     
   448.78970557316347     
   441.18463909140348     
   431.26996071526185     
   422.36406939028723     
   415.71887565623575     
   412.28883578868903     
   408.55377230035913     
   405.30218674164951     
   403.04759678294351     
   400.17970057201768     
   397.50194077318338     
   394.82477086472409     
   392.29630893712658     
   390.11563725536087     
   387.85125387677482     
   385.69481395815717     
   383.79317330489249     
   382.03442765225458     
   380.29469359524228     
   378.47952264921526     
   376.97950251226302     
   375.56786235025487     
   374.21314781730632     
   373.33121575570431     
   372.58737424433974     
   374.00778051924306     
   378.11408082558302     
   383.74040381155811     
   392.17479658194384     
   400.37535595554556     
   410.38440697105716     
   421.13158822097080     
   432.44310354407332     
   441.92783219730865     
   450.00992694228097     
   457.07166370139174     
   462.77649529596886     
   467.35264295828097     
   472.98747131160115     
   478.90757221934149     
   482.93181856796019     
   482.77185070771498     
   480.19260721730961     
   474.85110994893398     
   474.79993467917916     
   471.47021588254893     
   463.47440964491830     
   457.63512917728752     
   448.31610892154509     
   439.93286881448552     
   432.89326210955676     
   424.69993293609355     
   417.57154610516704     
   412.41991067087531     
   408.34706054164019     
   405.24855286616292     
   402.78181953882148     
   400.23654911526648     
   398.35897344887701     
   396.88155063816566     
   395.63755131077107     
   394.70342622440370     
   393.63131736079845     
   392.27368960250675     
   390.34290976993913     
   388.36419480546226     
   386.63727127551323     
   384.79962719171033     
   383.27820091954260     
   381.94852634097919     
   380.51402926459434     
   379.53038182059680     
   378.71014820933209     
   380.34196603819134     
   385.22581709454835     
   391.85697427572700     
   400.85919988695514     
   410.33048555663174     
   420.19455651214304     
   429.23144008051764     
   437.83433097463683     
   440.31398874433035     
   450.33751165140569     
   454.80266619171221     
   465.49076771455589     
   472.50273921234708     
   478.91280214300826     
   481.01785636522789     
   483.25949501480051     
   486.38679938765222     
   483.10609379542052     
   479.16308611682524     
   477.37717258219908     
   474.82855475872026     
   470.15937375245102     
   461.10379910385387     
   456.12311221742476     
   448.61723411410878     
   442.02220245917061     
   435.71080314563926     
   428.83389631267772     
   423.01979504341216     
   418.03383375983691     
   414.09638319206528     
   410.51405537769858     
   407.43824828066863     
   404.81228623057450     
   402.63750087444743     
   399.99380449709912     
   397.31252196937464     
   395.05691907862945     
   392.75577221320441     
   390.79705822857892     
   388.59728063705938     
   386.79649909122782     
   384.72668686412544     
   382.79632872135619     
   380.82069297372504     
   378.97396695549594     
   377.68372388596498     
   376.45262087457286     
   378.08049900524423     
   381.80044645947896     
   387.03912827259705     
   395.26180539683719     
   400.26047407243198     
   406.78730259532642     
   420.33470773152987     
   417.02780880212197     
   431.27161394636414     
   436.51187523073497     
   447.72228842679345     
   451.47381433023395     
   455.80220786070294     
   433.62843034903455     
   436.33899830913907     
   446.20078485354918     
   452.96754276864442     
   459.61285186302229     
   460.92706838294464     
   458.03389882828486     
   459.15521552008175     
   455.61239326814797     
   443.56999149376122     
   438.79292823710819     
   437.66999755110686     
   430.45455260979861     
   423.58924894216676     
   417.94703289299213     
   414.85633535395510     
   411.62733653886795     
   408.82084838282026     
   406.80653751339315     
   405.13032627603337     
   402.38897308206111     
   400.18863586631869     
   398.47026991605139     
   397.09105039061399     
   395.92095949351369     
   394.73080643009331     
   393.22999373523606     
   393.85817746485844     
   393.78767868463689     
   393.50858093867004     
   394.31660459012670     
   394.00928437900211     
   391.97494842823073     
   390.61488482074844     
   389.16618722375733     
   390.45350693314771     
   394.54547711772835     
   400.39232970018691     
   408.30374974946307     
   412.83073928694711     
   424.90866466128614     
   433.97150148841172     
   443.34311779729154     
   451.20258614004410     
   460.66453854616361     
   466.89523656866226     
   472.70735902952629     
   476.11698223525315     
   476.55486380976390     
   475.54831163095491     
   477.66328753453655     
   473.10235872856094     
   478.36411604838469     
   477.54482749918799     
   469.28407185265752     
   456.29128086209857     
   451.17903408296070     
   438.35078063417052     
   437.03186505384082     
   433.59374311358687     
   427.73567497418139     
   421.43857365837835     
   416.86197850802245     
   411.51641457186486     
   408.09771503177291     
   407.46951126469833     
   408.47606548775559     
   405.89707050937312     
   405.07682703772230     
   405.64621317806802     
   405.29508918221518     
   400.18009844533924     
   392.33868268948356     
   385.02535253763313     
   381.03762476852694     
   379.18679175983198     
   377.48187330551099     
   376.02288139320473     
   375.16278200706870     
   374.08693424684316     
   372.88471404124982     
   372.03948181309988     
   375.09120890940790     
   378.94258504493502     
   381.70099210257263     
   384.00906494364824     
   388.93757539375810     
   389.59853162807087     
   388.08259517920590     
   389.80311194319444     
   401.41318260962481     
   406.10509908870694     
   419.76024456286473     
   430.55729680512178     
   434.49201863180042     
   433.34493301148484     
   434.78262127460624     
   435.82742053317304     
   426.71383690810984     
   425.74263740168584     
   419.06788164217966     
   412.39059771550200     
   406.93349651500523     
   407.95055358671920     
   410.03943980225881     
   407.78772021974811     
   405.48022971909501     
   401.17683038682713     
   397.43181475839197     
   395.55644507743222     
   393.77118358643401     
   391.89039998541227     
   390.48061511019068     
   387.27826241219572     
   385.78944737275856     
   383.96261650515368     
   383.12925694106673     
   381.33475807711699     
   380.09950536952380     
   377.87625600729859     
   374.68069010163720     
   372.48333928219188     
   370.67775126434378     
   370.42648866285225     
   369.83687238521577     
   369.03437664556634     
   369.58798311211098     
   368.08893159993590     
   369.47449799593835     
   369.51321092975866     
   369.09104747028010     
   368.97347215859048     
   372.28000452284772     
   376.13788198669795     
   376.37307217136328     
   381.96801352259195     
   386.16716962114208     
   396.85928903789346     
   396.17358608402742     
   403.72690927393103     
   428.01319026784091     
   414.83924845622806     
   411.92733695926921     
   418.00836422177531     
   418.95000157969571     
   414.47240531845307     
   419.29033506801733     
   426.53914383736526     
   427.99336987598053     
   439.77761025867784     
   436.57186491510862     
   432.89203957914083     
   429.89952042181864     
   427.42272819433066     
   418.63300038041365     
   414.89690284994629     
   409.91611535070552     
   405.69508088033962     
   399.18056676139014     
   393.20150077143660     
   391.26485917302330     
   389.06952661510098     
   389.47468885204898     
   385.95871913038417     
   383.27095454746586     
   380.69907375888573     
   378.60571796913621     
   376.62630035593611     
   374.66959253791924     
   373.28013096601489     
   372.34702526703205     
   372.50058885542853     
   373.79291538888623     
   372.92659686114882     
   373.38664999353011     
   372.43821511246927     
   372.28937804680464     
   373.41061544958063     
   375.02795694482796     
   374.83958847891211     
   375.28519043768745     
   376.04220568546270     
   378.03700981573883     
   384.70109207762562     
   384.32837928766509     
   400.28957125610037     
   404.21743954093449     
   396.81553119246149     
   398.33667988088746     
   396.38753292097795     
   400.08313878186283     
   403.83433354287973     
   409.70226987927811     
   399.06384649588227     
   399.80691382043204     
   399.59613028586716     
   396.43848339010867     
   394.77330030385622     
   398.91159366563289     
   392.79174062678931     
   390.76262788518045     
   385.88659385263634     
   383.66524742034028     
   384.10912060473464     
   381.33523942605325     
   378.94713619317594     
   374.53501169767731     
   374.81795091352848     
   373.56445412242402     
   370.73551826419617     
   369.17576205228283     
   370.03527086265723     
   369.82728826025942     
   367.77694806130546     
   364.12394550054324     
   362.61044399413532     
   361.59758536921930     
   364.98822851780528     
   365.59126103971619     
   365.89219429944228     
   365.40184428315888     
   365.12694932477024     
   364.45921305624864     
   363.88101568097579     
   367.36338073381171     
   367.80875579733976     
   369.55169421830493     
   372.19069507784440     
   375.35459045068575     
   380.50373506121122     
   384.42813347997213     
   396.75377095035918     
   400.13281401369295     
   393.38018258370249     
   389.25568594573826     
   388.47142471064325     
   394.67953104906519     
   402.45356157594961     
   411.88168568708556     
   411.79902647539285     
   417.75242855084321     
   421.70808353689205     
   411.78496310582648     
   413.42834410954720     
   424.63974221045089     
   425.53817431643665     
   415.68797727471946     
   403.49687926009199     
   394.03049789884892     
   388.61629346603485     
   386.15769041250689     
   384.02197473169076     
   382.49744519046033     
   380.24081023200461     
   375.08078084185172     
   371.68453645404333     
   370.18760450175591     
   368.37690867335624     
   367.73670516698849     
   368.02275137020638     
   365.62874783333956     
   364.13507564686114     
   363.13844382474718     
   362.11604254023473     
   360.94900033477887     
   360.06319249491582     
   359.32675586451700     
   358.73780594732148     
   357.95210214100263     
   356.83064730655320     
   355.79241415167911     
   354.87559421016778     
   354.07946163599252     
   353.61747762328702     
   354.88144410927367     
   358.79738025598908     
   364.54146408420655     
   371.78401405355896     
   380.86109314893594     
   389.79002330688468     
   399.60018028736670     
   411.44648541563015     
   423.43345393131307     
   427.93753290846945     
   430.24759584975584     
   436.64935066412505     
   433.49685769494766     
   449.79926600766163     
   444.62743597053179     
   454.66828082937542     
   453.82397775451807     
   437.66266616394392     
   433.63751075331680     
   437.44331462194674     
   430.71869306532392     
   429.52446554379975     
   425.22800543353128     
   415.03581893826720     
   409.57189621025094     
   405.95493466959761     
   395.90197578742942     
   392.11519109078318     
   387.53686643751786     
   385.48411167309109     
   384.20033708674708     
   382.95407759846518     
   381.09428886625511     
   380.54991831933916     
   380.21806978836929     
   380.30138949592788     
   378.87592354924931     
   378.59168287227499     
   377.90020175305409     
   377.19427650500080     
   376.49306731155087     
   375.65089355878007     
   375.59700685601115     
   374.29433376485650     
   374.22470603708302     
   373.77832851038488     
   373.64925810635191     
   373.31164899937841     
   373.53261813810138     
   373.82324902625339     
   374.61573455163153     
   375.73055413018096     
   377.48656157988825     
   378.42489506689071     
   377.77908532364523     
   378.29173727504627     
   379.45248622689837     
   381.86791873488471     
   384.17146501726677     
   383.95189147915556     
   387.87906421025718     
   389.14595805073628     
   389.08193493666255     
   390.80856845664010     
   392.19094273432802     
   391.00052208469310     
   390.73541829694352     
   389.42920383260645     
   388.71634494480594     
   386.97305878058683     
   385.65725914681781     
   384.45070794325312     
   382.62203380285149     
   380.88501005638420     
   379.45177820249097     
   377.77757375513414     
   376.08563233181889     
   374.48668798408494     
   374.16238996011515     
   373.32148095359264     
   372.27998173349977     
   371.98291841466960     
   371.45647535197537     
   370.96687608774130     
   370.44865324895511     
   369.92874137959279     
   369.45912181618002     
   368.04772476294102     
   366.96175234537213     
   365.27286456478532     
   363.81696936567153     
   364.32819106646059     
   364.41182666848238     
   364.07082123240968     
   363.93328182776054     
   363.98186095887991     
   364.65028493146735     
   365.81407689724887     
   366.94064319858086     
   368.19601329374859     
   369.38010503070745     
   370.29357111887344     
   371.20069174008199     
   372.66269253547256     
   374.95766997218300     
   378.35347556160542     
   382.08908429738398     
   384.86593462830314     
   386.56693048530963     
   385.40619329366609     
   385.68823931367046     
   390.01240679919937     
   392.90331104859348     
   396.33390964672668     
   397.48490036949278     
   398.04494431510614     
   400.19037373351830     
   398.88233340856874     
   397.37135118800518     
   399.12191759020374     
   392.34502495639975     
   389.21589937481201     
   382.80996897111453     
   376.50508927087265     
   370.18443268466768     
   365.99532745779010     
   363.37010868779407     
   362.06319994174032     
   360.66588990756998     
   359.31647365505739     
   357.89474203388971     
   356.61952601695435     
   355.55859124541001     
   354.95332005276657     
   354.24391322569755     
   353.23571914643168     
   352.49755459361944     
   352.62100701183118     
   353.59005219980889     
   353.69408534975020     
   355.14805145898828     
   355.63560817263254     
   355.12436714422950     
   356.90367733936819     
   359.58535080485620     
   361.00405307440917     
   363.39644999177375     
   373.68642029572050     
   373.95083075644766     
   381.27344278700429     
   385.04773652420278     
   386.73743216936208     
   382.64524284045706     
   381.92787682410665     
   382.44272907232715     
   379.94493291100252     
   378.70546768572439     
   381.14103786726349     
   387.87226797294238     
   393.12948364594956     
   387.55825387982264     
   395.81322666635845     
   393.07781883933001     
   400.30641797249535     
   390.52558036515126     
   395.07944540432840     
   394.86693725220539     
   387.86215468536585     
   384.64296245780423     
   381.73824837853954     
   381.29561553483791     
   377.84104401619322     
   375.35800394130899     
   372.51420988599921     
   371.07944664932126     
   369.93150198104337     
   367.16769987458332     
   362.28466597819425     
   364.13476881391080     
   362.63171898502804     
   359.43052798462833     
   360.85229916526873     
   361.12237584876277     
   360.58375568999918     
   360.34241295366166     
   358.33436868429987     
   356.73920015398420     
   355.84194034080934     
   355.66745021624246     
   354.52077285824168     
   352.23227409629197     
   349.60450609534826     
   350.43254554681891     
   354.79589727082526     
   358.29755917871529     
   370.21488829074877     
   376.17136426372667     
   377.42130444644187     
   375.78569955141393     
   392.08114238899475     
   380.07535219441854     
   402.56741682757269     
   402.22808423860272     
   397.32358119373430     
   405.22388619284823     
   392.63787131518455     
   395.56601530035636     
   393.74896255587186     
   390.20981876029890     
   386.06787640195256     
   387.06930929940546     
   384.03782334961153     
   383.79575974605655     
   381.63722748754321     
   380.08541435948842     
   374.70036342183369     
   372.19304790791142     
   370.98469764382185     
   369.32470926282468     
   367.65242865282346     
   365.13102902499298     
   364.14304254124158     
   363.45145329548319     
   362.62449274487710     
   360.90992202535926     
   360.46591536116267     
   359.46951282611025     
   358.64015968598932     
   357.31152914200015     
   356.73635476940456     
   355.60461874117448     
   353.87888223594564     
   352.17337798180620     
   349.92338778803776     
   346.14805861553737     
   345.55283991964507     
   343.43791088713522     
   342.46047695131756     
   343.50706885941088     
   341.36754235907972     
   347.24768402767569     
   351.63192669841305     
   351.54868500543978     
   360.14249417599581     
   358.75686436785418     
   372.20925951270846     
   370.87885292984407     
   391.09854241606450     
   394.21921355246661     
   393.70070242305098     
   391.10807273195439     
   399.63702463122780     
   393.48387657241130     
   405.22906603093833     
   398.26720662627974     
   396.57297385993598     
   389.45591499005582     
   405.14820497282341     
   401.04572561803718     
   391.56136721078678     
   382.20874065029830     
   377.71749704950912     
   388.11636453669513     
   375.27215071791534     
   382.35404339522262     
   373.09863980230830     
   370.06146490869958     
   363.48825284518136     
   359.48275572157365     
   355.39750376295689     
   353.29713958856547     
   351.48563813516080     
   350.14608487467393     
   349.82448823043012     
   351.94319214205922     
   351.78142144132369     
   348.39418672052631     
   348.44059602902280     
   346.88614477249212     
   345.53444516749954     
   344.94953049527925     
   347.06227481283270     
   346.40383114921951     
   346.74654264931064     
   348.58955049787636     
   346.33564450290817     
   344.85706438256688     
   345.06232672593779     
   346.29608830944954     
   346.98030825834996     
   358.09000737932575     
   364.30697100029948     
   359.71219374036934     
   362.73402294121661     
   381.37323848665454     
   385.96821549323420     
   372.19132627201327     
   387.32620093508950     
   381.65023900782876     
   383.79262190347799     
   388.58562124961662     
   403.01877399696622     
   404.86322918668844     
   390.48842915632611     
   400.51199117543240     
   392.32323882286323     
   390.28442644233462     
   399.90567947566740     
   390.59292767351701     
   391.46661364323501     
   387.08855959426143     
   386.84171958701768     
   382.07700656198284     
   373.48532685814052     
   374.11387082858357     
   367.73341380325928     
   361.90424986405770     
   359.18051575705010     
   357.97087455326675     
   356.40660217277116     
   354.11855687459564     
   356.46023436159834     
   357.87282802682103     
   357.72072831776990     
   354.77183347389700     
   350.07926668070206     
   348.24478453567178     
   347.94595075445034     
   347.22616091231447     
   350.61509026969230     
   351.24480840279517     
   351.75202920981383     
   350.48706089599659     
   346.04898178514634     
   346.38830104451779     
   345.81087460506012     
   348.73720478647135     
   349.26217879599398     
   352.19663892815578     
   367.89031908908788     
   366.69778130018005     
   368.35716624590964     
   369.88807703146631     
   371.66193237223541     
   377.43699085177599     
   387.91706023093536     
   377.90110256742787     
   387.09035114556548     
   387.58535925056196     
   389.19503926154277     
   397.90124710462936     
   407.81188623954978     
   407.01129652414431     
   404.79862813952968     
   393.92429209563153     
   390.35961140234537     
   385.89029540021932     
   384.09114935520086     
   378.92214815489712     
   378.29931583446250     
   377.33507417371783     
   374.48202506742189     
   372.97437636168888     
   370.90022225495863     
   366.75832606430339     
   364.49535252758830     
   363.00005709808903     
   361.72079900946665     
   363.66263711557866     
   362.42870263533058     
   361.74048027838825     
   361.05437302413117     
   360.66121803911210     
   360.65855001860376     
   360.61545978221261     
   359.94164599211808     
   357.72154230535540     
   355.17220420696350     
   352.04485579237729     
   353.64599451308368     
   352.40166355245435     
   351.40717862923077     
   351.77166822769817     
   354.18125788614054     
   355.05944248522070     
   356.92491907227753     
   359.67377951653043     
   362.95357796851818     
   365.96813253216351     
   371.97223956595747     
   375.70727108758206     
   382.53736606618276     
   395.85983632770575     
   409.95332100519761     
   404.90184873145620     
   402.45588830044147     
   389.50883669727534     
   382.02643320100196     
   378.73987168475867     
   386.90750940255020     
   402.15480236588883     
   397.58947245531061     
   413.08385284216359     
   391.99058141764795     
   387.40430362042997     
   411.09211728414948     
   396.14632189240319     
   393.72256738287746     
   397.88226412916401     
   392.04297497204237     
   381.32922091812662     
   379.62654627906397     
   376.50826504277552     
   372.27512204142027     
   369.37523845094211     
   368.18150229173233     
   365.49190969577910     
   363.59672333873158     
   363.20339016590924     
   360.34655083606577     
   358.69967342390521     
   360.15088885716642     
   362.38893532794299     
   363.11017350806583     
   362.64879052309391     
   361.73012083411857     
   361.32719991211019     
   360.62966879611935     
   360.35772379947213     
   360.42190381223270     
   360.36236659741951     
   360.71165753915369     
   361.61214575747454     
   362.97839163141828     
   363.64117058653358     
   365.50874201106262     
   370.54220229486026     
   375.33666712975742     
   381.09249501437250     
   385.83754276287920     
   393.04923633648383     
   392.88438250709243     
   385.60624374109869     
   386.00003216488153     
   386.58953124912802     
   382.84138898971906     
   381.88797954131121     
   380.75383995651043     
   382.62733673508689     
   382.11676722885096     
   382.76267658975672     
   384.71189956998649     
   385.91518158479170     
   386.18769284635511     
   400.58532297359216     
   404.98299252325455     
   399.71178333699714     
   393.03900673631540     
   387.69654182148309     
   383.96171579577828     
   378.63256728945862     
   375.01108530868061     
   372.66474171126373     
   370.22508612638455     
   368.68393036456564     
   366.56779030785884     
   364.74334193706210     
   363.18917531709928     
   361.67281999128465     
   360.54603451689002     
   360.03064215178426     
   359.36700523429369     
   358.60931550901307     
   357.18949349654167     
   356.27365203473204     
   355.41534127558305     
   354.90154920076435     
   354.01934083369940     
   353.61691108841700     
   353.54704262041088     
   356.23106812057875     
   358.22665249403838     
   364.61573876715488     
   370.81766246562529     
   378.51205606242797     
   389.68933284061865     
   391.78615135460353     
   400.41826976998965     
   404.72886685824631     
   409.48791121348825     
   410.68837715050449     
   416.77013189261839     
   424.09259117373182     
   432.50155361978454     
   414.12668454712650     
   404.46434472436999     
   407.05376321720314     
   423.10055967008878     
   430.93923988548210     
   434.75875527208711     
   439.35922529030501     
   430.32942867702440     
   418.40817799523819     
   423.39022174271781     
   412.98467999746958     
   405.17202275552432     
   400.70979560755399     
   394.41623139136010     
   391.87945314843751     
   386.16965369982131     
   386.24697253854868     
   384.52590229966705     
   385.78474086802947     
   388.17578153453303     
   387.97137027853029     
   388.08170303082380     
   387.44649604944868     
   387.66336854781179     
   389.95306237328930     
   389.78211694231783     
   390.21583906876026     
   385.82268555961548     
   381.43515439377012     
   378.13061683915549     
   376.19470214039342     
   374.23928201762766     
   373.31337492755665     
   372.38004299540665     
   371.58501251157463     
   372.53532503232907     
   373.82516303567820     
   372.38960582520554     
   374.93037914405477     
   374.13352910912943     
   376.05648488996121     
   379.95751876380893     
   388.45561046257501     
   392.04819067843312     
   391.97020057530216     
   413.68367897469545     
   405.28739978123758     
   406.40613035497637     
   407.99683115890701     
   415.67423691608622     
   424.96996483425835     
   434.60978914301808     
   418.43032701557098     
   424.25646342801531     
   420.24963315238659     
   422.21496567177678     
   424.09535677726620     
   420.39474315034306     
   415.31344222552201     
   408.99636541278971     
   402.80256730578407     
   393.28912842140625     
   383.85723854043408     
   379.26539554015301     
   376.13429737338981     
   375.03741505310870     
   372.66067967631426     
   370.16059356592029     
   367.71904345696777     
   366.74396238836670     
   365.01467132745506     
   363.37514377063633     
   361.89317629544814     
   360.58151751938840     
   359.45915671746923     
   358.24206170878870     
   357.10280368749915     
   356.30466948847868     
   355.36155468660115     
   354.63213195705231     
   354.11846554921090     
   354.30022313658282     
   356.46823707165078     
   360.10584363761751     
   367.44032293836250     
   370.01485079338255     
   376.03798399406782     
   381.58229622916366     
   390.57520765413375     
   395.00114986042189     
   405.94106415397522     
   415.49830500782207     
   419.90357414468718     
   427.39941232478316     
   438.48453543640312     
   437.13773487347731     
   436.63979806343860     
   430.98130451379478     
   430.90984845706686     
   433.75485319436359     
   438.09758538662106     
   436.93595097442193     
   420.94082930986417     
   426.21640409166071     
   419.68426223958426     
   412.04260916279736     
   406.77192312545526     
   400.75658504097839     
   391.68753121791116     
   386.55949093693943     
   380.70936951969088     
   373.99956102708296     
   370.65354027659311     
   368.19056447796413     
   366.44081791050343     
   364.62013232422765     
   362.99310236234362     
   361.86538642127965     
   360.95759149436986     
   363.12048435893388     
   360.31036016000326     
   358.34524459678090     
   357.06566715944490     
   356.03340354965798     
   354.89397165918393     
   353.85854633432581     
   352.85356112437165     
   352.41623697470959     
   355.72719918900953     
   359.06519421313430     
   359.20661608528644     
   362.62789516170784     
   369.05226925536527     
   378.91439072372918     
   382.81790211009331     
   389.22545492671651     
   398.09025227675352     
   400.21931711611472     
   417.57139766192728     
   408.75201094232040     
   407.67533921891732     
   421.48795640691674     
   434.41263772761278     
   429.95417390846262     
   428.41792817364183     
   430.42870846177834     
   431.13727704989009     
   427.44545127260625     
   425.51160272740134     
   430.59690407646542     
   438.62419703246240     
   434.96047699233770     
   409.98315464551968     
   412.09576812435614     
   407.52509692611517     
   403.08877016244293     
   396.13176587843662     
   390.04422203983023     
   382.26634470746461     
   376.17353045715731     
   372.93269651165679     
   370.33382835364256     
   367.68609466370924     
   365.77493799708532     
   364.05613677063440     
   362.09155225408358     
   360.81744274862496     
   359.81983514552292     
   358.55725004774382     
   357.19441018193430     
   357.20794426957792     
   355.91373032212431     
   354.90607014041086     
   353.92494445710525     
   352.74535858001457     
   351.95157189839728     
   351.38723143546093     
   351.23006324006377     
   352.73864783639613     
   358.12454879450621     
   367.15197543026204     
   375.22512461179292     
   386.69915399800271     
   398.03490048019688     
   410.82766705165943     
   422.55798214662479     
   427.11598222742521     
   434.73269298184516     
   442.50247790828467     
   447.07940208561018     
   450.84684233756889     
   457.39596204443808     
   452.66061537415601     
   454.86258352124929     
   452.37453498796043     
   457.92985997599891     
   456.02117189505287     
   452.73301720888537     
   449.94562240080842     
   445.86786322270075     
   440.16194026291896     
   433.21055640713638     
   424.14038368386633     
   418.98560166596138     
   405.47767694257487     
   397.90299906732599     
   390.17651924503133     
   385.14662842573097     
   380.85877644575135     
   377.93340384080938     
   376.18380603695601     
   373.80221317976941     
   372.30877489116932     
   370.36752642333209     
   369.14057712632905     
   367.83526199708194     
   366.44032837821834     
   365.13234152704791     
   364.10702249973303     
   363.33428185438646     
   362.03319100281266     
   361.07194955536238     
   360.60131632500469     
   359.67615606836881     
   359.22541180823868     
   360.00590850397828     
   361.83281488815254     
   364.95585040847226     
   366.63918215383654     
   376.79180597471162     
   386.93835611302586     
   389.56102243302712     
   394.63434240384413     
   404.84885046738799     
   409.95028968516840     
   417.24347993397106     
   423.55993174208282     
   433.94620843523347     
   439.84741332353622     
   444.49724048859616     
   448.79065527561772     
   450.44697842885586     
   452.34271912548377     
   453.80726205985951     
   450.60815107993795     
   446.73025231198244     
   447.19206140102489     
   444.24747522782968     
   439.68587909179280     
   435.39491170237301     
   428.78128574065209     
   419.94261854163432     
   412.19416576402341     
   405.05883690593566     
   395.90739652469057     
   390.23153797306691     
   386.32642972584773     
   383.02496497372141     
   380.91304692227720     
   378.30282868719388     
   375.92191074393747     
   374.52100252267024     
   373.65547147187237     
   372.21030561797971     
   370.78734210460846     
   369.48116855328851     
   368.04770818577595     
   366.65878484462576     
   365.16295892549340     
   363.78270863921142     
   362.49207559755394     
   362.31223808105415     
   364.18195421700744     
   363.82835984901646     
   365.81334060984409     
   370.42490705312190     
   376.67017744612082     
   383.17189349453628     
   394.33703742139323     
   405.08194094996708     
   413.98178322020914     
   421.31620042403085     
   429.16551593467693     
   438.39897199854499     
   444.90415030912266     
   450.49470360643437     
   454.31633565886671     
   457.40418733448104     
   462.88961261276239     
   463.51607084863042     
   460.99530282016451     
   461.50641727011941     
   459.88699062834144     
   458.12269036980825     
   455.55308477319033     
   452.85150559891508     
   447.95823567676354     
   439.55044975745068     
   434.92884052534146     
   421.48663256488601     
   416.34016671800100     
   408.90028861673841     
   401.98831275765463     
   395.34826042525333     
   391.17646773269126     
   388.05592851036749     
   385.56548035142845     
   382.94405754738148     
   380.87615711015275     
   379.55669831685026     
   377.97976804619645     
   376.34867500812402     
   374.43376436834916     
   372.69396911368500     
   370.93339070712017     
   369.46517785969502     
   368.12163268362559     
   366.86868443867235     
   366.14824628103958     
   365.20251065156123     
   363.77782058809350     
   364.21503712810500     
   367.65166509935335     
   366.58119885169685     
   369.70025076608397     
   378.41328495822023     
   384.45068554483066     
   393.64011649880064     
   405.55492649977617     
   403.52329245735569     
   405.42320413404616     
   410.70418226098991     
   416.14287899164276     
   428.51975547637949     
   434.83757174619279     
   432.44109050975652     
   434.28931496878766     
   447.25575785477304     
   450.69428248578907     
   448.45943304612848     
   449.74993727925619     
   451.17308816470091     
   435.97141354227023     
   426.38422813794358     
   426.04796219080043     
   423.01098749909136     
   414.28029517099009     
   408.09628316510060     
   400.75930676368131     
   399.29177015056609     
   394.98807254806866     
   391.08653245773223     
   386.78498521375894     
   386.40316317191292     
   386.63543197841108     
   386.53547170588280     
   386.12909034529025     
   386.52895952362752     
   385.75216311817832     
   385.39582954574558     
   384.01819866727789     
   382.96638718609859     
   382.31642115747951     
   381.81422049043624     
   380.75786505573768     
   377.92832531778572     
   374.10225264525275     
   374.79906658106944     
   375.90529506741888     
   376.01772699382980     
   377.02682757036172     
   378.41886007391463     
   379.29970732018336     
   381.33916489246769     
   384.97780320172143     
   389.90767132309071     
   390.65478474116372     
   401.15708219361119     
   415.32094092589955     
   413.41234040795865     
   414.79432270148732     
   420.14993924838728     
   405.67386594488357     
   405.21345152412079     
   412.93842323535216     
   412.30366926800946     
   406.54512666631456     
   414.29124935865616     
   411.14812014080036     
   406.40587205424708     
   407.95972606863188     
   411.57404792329726     
   411.55724436781253     
   408.12067523753501     
   403.41591842249204     
   398.32002361607488     
   395.95919659065419     
   394.37953392766235     
   392.00762060655313     
   390.44647556512984     
   389.35514305791071     
   388.18353191018105     
   386.18330111904601     
   384.79826764813106     
   383.68984650078119     
   383.92277087797834     
   383.58300229390926     
   382.88049833556227     
   382.58549923754634     
   381.64329407203428     
   381.04917167741297     
   380.90447939776857     
   379.12393334518549     
   378.54824582377319     
   377.06859087436226     
   377.07273329605852     
   376.38287723267769     
   378.20139571121916     
   380.07921360265470     
   381.27778406039056     
   383.36027177866794     
   386.75448443504519     
   393.95180378865609     
   404.48011577268960     
   424.80503903641238     
   425.17298240126928     
   446.32558812466243     
   463.30126707557838     
   465.42878942339257     
   467.16866776630491     
   485.77764032142437     
   495.26239961174605     
   503.03113106355278     
   504.47827877809664     
   472.35036068547515     
   457.01064560319151     
   459.48541488829181     
   446.56874517320006     
   442.66946387246497     
   456.19193409519801     
   450.67651122081253     
   445.68365911490514     
   438.06489285667601     
   431.25689434758021     
   423.80224366506542     
   418.34555841720532     
   410.81459825652945     
   404.80088224572688     
   403.50608505601730     
   401.90637690982709     
   398.74160475620891     
   397.95869616005916     
   397.64344034943053     
   396.71436003525076     
   395.30779639583199     
   393.95450939423438     
   392.79852569524206     
   392.13250488705819     
   391.32164882881983     
   389.84533926031082     
   389.03213482569146     
   389.85822235232882     
   387.88693365976087     
   386.49237421301359     
   384.86844335770633     
   382.97889774868366     
   383.65290788690936     
   385.68318563616117     
   388.44640732693784     
   390.75381661319022     
   392.60134008998983     
   398.07038088215535     
   404.00603192007941     
   412.05613253545692     
   415.16890298180874     
   419.71095537193077     
   423.66787377305945     
   431.37718719948577     
   433.30181621223949     
   438.50728553649373     
   436.55653108377822     
   439.87698978865637     
   453.26918731894159     
   462.35230402957257     
   458.63381191990385     
   464.84749307838553     
   438.89205779311783     
   433.81989140862129     
   427.40646737319366     
   421.91309268970792     
   418.77755539382161     
   411.89948280238514     
   409.35522684393737     
   404.96192933678509     
   402.63986326371878     
   399.98093977237772     
   399.09230038878889     
   397.71602534458606     
   397.05403386402895     
   396.60561565188050     
   396.29106594646430     
   397.14997498431086     
   397.29173861610957     
   397.31313038865278     
   397.08404865553695     
   396.54647655611677     
   396.27084665712789     
   395.55535132045395     
   395.04558571242899     
   394.77026099143876     
   394.49767694497751     
   394.32700242589272     
   393.97634085663384     
   393.79068241290116     
   392.94308484867844     
   396.40136977217071     
   395.95292562591260     
   396.49128057321997     
   397.07108688960273     
   404.18554962320417     
   405.67108006469391     
   413.44028269415480     
   415.35391351313319     
   419.61490720141632     
   420.27353850177440     
   430.06300188409631     
   434.13372968824939     
   431.06788224992636     
   431.22210475563077     
   428.67758768087765     
   428.24401565755028     
   424.28363481841018     
   416.88776629645594     
   411.02107906938591     
   407.22828600477396     
   406.18531322784617     
   409.40634956080868     
   404.39027456979881     
   402.00813719508164     
   398.93461180605567     
   396.76737457637728     
   394.86830182704853     
   391.82069156588909     
   390.82744994668764     
   391.28507694100171     
   391.66503971177639     
   393.83245552306465     
   394.01330025775911     
   393.03897334639964     
   394.33547294800644     
   394.36571269481379     
   394.89846169779941     
   393.26371585857839     
   393.64037684761661     
   393.17377141692759     
   390.89143641935317     
   389.49308112705228     
   391.33932670833394     
   394.76570113305911     
   395.08203569934250     
   395.63553261435021     
   398.51576716887138     
   398.49758024698571     
   398.34950788423333     
   398.86268025226087     
   398.37350578068879     
   396.16651260062184     
   391.72903953281281     
   388.79169705598633     
   387.97058334807343     
   390.47254415896833     
   389.62830635243120     
   389.73361418700819     
   390.03251363178464     
   391.62669385454257     
   394.11436462510295     
   393.70245609928190     
   393.92412775889818     
   392.16966699791675     
   391.92251406408036     
   389.59782836576471     
   388.43924699616309     
   388.25387340652793     
   386.17257701250014     
   385.10030266283286     
   385.00191946983637     
   384.09478265058902     
   383.09909934607930     
   383.74718859333183     
   383.91630335228331     
   382.86146526456218     
   380.70661804820969     
   379.85440255699990     
   378.57216228554904     
   377.53756363281565     
   377.22570445526236     
   376.85989717417425     
   376.10677051260808     
   375.91108975368439     
   375.51032116730357     
   374.65717271561067     
   374.11657358847970     
   373.91446831815574     
   373.66480547494905     
   373.61843846995077     
   373.43596762627908     
   373.06924074987114     
   373.18823917442279     
   371.32400368400715     
   369.91152022524244     
   372.02508647632584     
   374.67989094169371     
   377.90973042063632     
   380.40349413716336     
   396.87585398124168     
   399.61840710514048     
   412.26898644968003     
   416.06141589012714     
   430.76561409363717     
   422.72420186739623     
   434.11324284577864     
   436.61340881349804     
   446.47912914335603     
   441.47473444243394     
   448.43791725468435     
   451.14552398448791     
   456.33669043188661     
   458.11980600561526     
   448.93949316576106     
   446.57339474732237     
   453.78724146742007     
   453.38836737304644     
   441.75246004106589     
   441.75669449851961     
   440.27197177838798     
   429.34709065600623     
   418.63631298889538     
   412.96169852334066     
   411.37585686487694     
   407.02981210304779     
   400.79431992062973     
   397.37055823981035     
   394.64284006946991     
   392.25275319216428     
   389.84318545347577     
   387.68039924073821     
   385.21481962745645     
   383.14894579111717     
   381.35840331693896     
   379.89853782066399     
   378.47786794687892     
   377.22040678680810     
   376.10101522519290     
   375.24109366071787     
   374.14631135813374     
   373.17350863337600     
   372.54145668580861     
   373.57556430016712     
   376.89175505543471     
   381.69674771793677     
   388.33452998190597     
   398.06191361692589     
   408.98181965362443     
   419.27781246620589     
   426.43925767658521     
   435.71638074990852     
   447.11148322808191     
   454.69119115794535     
   461.29910468738194     
   464.60918274062436     
   468.46312426583916     
   472.80274987778017     
   474.43470843036818     
   474.33269464865583     
   476.45895557917009     
   474.55012768322757     
   470.98615786050010     
   471.50312970053210     
   472.41647427271340     
   470.35212172383683     
   462.95798104236815     
   459.66851185158032     
   449.57764630689161     
   443.14817048210648     
   435.47999293269220     
   430.54519142274518     
   424.60923561381560     
   418.95201724419269     
   415.28572563196349     
   412.17925415311583     
   409.62121661998668     
   407.45389221335427     
   405.37786798764569     
   403.46758368881694     
   402.00399901393263     
   400.66265903990319     
   399.25260698377252     
   397.84220728691838     
   396.26991900498103     
   394.61909753865905     
   392.72945265479206     
   391.69877635012767     
   391.61934643797719     
   391.53249380679927     
   390.20380914723444     
   391.13703783880555     
   395.89160675288815     
   399.36735097798248     
   408.65010952430367     
   412.15288613398803     
   420.35408157002081     
   425.91044676749249     
   436.03904016200204     
   443.89224807169342     
   454.08059273789428     
   465.74296294327468     
   472.96824816927835     
   479.25290252513526     
   480.65596400221870     
   481.97364288836428     
   483.70615137537482     
   482.57788418429283     
   479.15571178581661     
   477.11108978426199     
   473.16963441167502     
   468.77775563792261     
   464.45771099108453     
   465.52070330996804     
   458.45866317820122     
   451.47455442546777     
   443.07310594557305     
   435.37441172173158     
   428.32823207916425     
   418.99986196195488     
   409.97198926807965     
   403.45859488875232     
   400.61918388735558     
   394.95444631608405     
   392.83866056535828     
   391.96252428790365     
   390.78729749964964     
   389.80578386205963     
   387.59341528021093     
   385.17006981856827     
   383.82654027221486     
   382.61246220057092     
   381.19976584833665     
   379.73573253170770     
   380.08733608266931     
   381.22489238340563     
   384.16166963708326     
   385.10904638423938     
   385.12954796146533     
   386.14012315465175     
   386.07301559351674     
   385.76939048707334     
   387.28314151285099     
   391.51441800014902     
   397.36032294113403     
   401.44273137455258     
   416.13799191843020     
   420.74933100279191     
   425.45205291896599     
   421.03716306137869     
   449.36194625431739     
   450.82033719966898     
   463.29599554788280     
   448.40148429091028     
   440.68527926903630     
   444.85910491421612     
   436.30786562933764     
   428.16355218811316     
   439.00462970300231     
   421.81426558660843     
   418.76185189816488     
   419.52660612248616     
   418.31740940806554     
   417.85152307036174     
   411.12574747601508     
   417.36040493083857     
   422.08027536213660     
   413.52943617330203     
   405.15455769617859     
   400.88852779572267     
   398.33669634800242     
   399.07969010709110     
   393.52015222299036     
   389.90405769083316     
   387.70414005493859     
   385.62224696266890     
   383.36307488943174     
   381.14157866635452     
   379.22333704634451     
   378.49556124765547     
   379.40006947574244     
   378.79419446352244     
   378.28537117386571     
   380.01419763698357     
   381.70426393194049     
   382.41282277060589     
   383.57186233481417     
   385.20732329400386     
   386.93040027420290     
   388.70974088744526     
   393.34216491223583     
   400.51938348100458     
   406.68538604832156     
   408.49068158920164     
   417.31674216176998     
   424.43292673934843     
   430.76614965950523     
   446.66066500335381     
   453.94855890070528     
   458.13381763238272     
   451.76340332546573     
   452.84754685935474     
   455.11844912301797     
   456.46129214704945     
   459.57650989141848     
   458.41017815950772     
   453.81888573175297     
   444.79892977300898     
   447.49841415474265     
   443.13299786503342     
   437.13006727765003     
   434.30908587446959     
   429.51914855332780     
   424.85172793837938     
   417.60848048952835     
   415.68461499772889     
   409.35147758069036     
   408.36649669695237     
   410.96001101340585     
   407.90267320337239     
   406.37592364471249     
   405.50219122250184     
   404.84635173410629     
   404.39072228286994     
   412.34379617382348     
   417.36623543438662     
   417.99063303785101     
   412.31004425031557     
   403.77037871113322     
   398.96400748914260     
   396.51877319788127     
   394.96694356210531     
   393.39020047328961     
   392.31162543429315     
   391.49763097683581     
   391.79536812630585     
   391.59497054030027     
   393.96755243127450     
   402.72720860458401     
   399.16332765973726     
   412.16164095393015     
   415.89222049979969     
   426.11477754967893     
   436.90937970630000     
   442.87090789594794     
   447.30148393046363     
   451.41883944880124     
   454.15823347672972     
   459.25071261003910     
   456.10678553704162     
   455.75513873749554     
   453.30402662082270     
   453.24814928867340     
   446.39049839055298     
   447.97935176478370     
   450.44483142015542     
   445.37007747242069     
   451.02971271133953     
   446.73428758778556     
   441.73902545255925     
   435.26246933324114     
   423.08632953207325     
   417.16749843098319     
   412.44181772346218     
   409.43821194216548     
   408.29486908680110     
   406.38648972979001     
   405.19512723472474     
   404.14971327006924     
   403.50323373761660     
   402.16104120520453     
   399.09010966898450     
   396.99912659458948     
   393.46140019291693     
   391.15211072049641     
   391.19857922447579     
   391.60853819537402     
   389.34547877293994     
   388.42193345839883     
   387.97386140004875     
   386.39891638776083     
   386.86503453738123     
   386.99470007263244     
   387.18854121767561     
   387.97195363526117     
   387.80147246491362     
   386.79823013575128     
   387.12828668182061     
   388.80201219596574     
   392.40925767696910     
   394.29327763903461     
   396.77437382620417     
   395.73259003059644     
   402.65531133895036     
   413.72471765810116     
   415.12556967389332     
   422.46542754460387     
   429.93428585530097     
   432.93062008586861     
   443.77677637882289     
   416.83507644313931     
   410.43340160536741     
   438.98515478033204     
   428.50872008541751     
   423.53262031205935     
   422.92549227390401     
   420.17814913676182     
   412.93945549875997     
   417.02925889781659     
   412.33410753545076     
   406.43422810465859     
   400.10106954057682     
   392.57276483403746     
   386.97740777615246     
   382.63878992210340     
   379.31786469746817     
   376.80281340130199     
   375.21546992403620     
   373.34337543182329     
   371.65968978368414     
   370.44023379403217     
   369.22266096233778     
   368.01537239297676     
   367.03508062585536     
   365.89121141797517     
   365.11287147514832     
   363.93361488325547     
   362.48158755820242     
   361.46660295706414     
   361.01209533415482     
   360.72021251779393     
   369.15974685752292     
   373.52274840543112     
   375.84693217595583     
   382.64839770439613     
   390.18661804940336     
   399.06688927692397     
   408.57638170262788     
   417.07831680387579     
   426.37195947618125     
   437.07560762079152     
   443.07844494430066     
   448.57298417214054     
   453.61812194617397     
   460.28075351017986     
   464.06055166920777     
   469.96892775786125     
   467.41066886268692     
   472.81885759542075     
   466.71057038462220     
   464.24875618625668     
   461.44739629444655     
   453.45751872538727     
   454.86046153105485     
   442.99230915290195     
   438.64163122845247     
   433.64387680050572     
   428.89285004745790     
   428.03225165453046     
   422.42773303862157     
   414.60893408569734     
   409.96650626003196     
   406.68373272315546     
   404.63634631878142     
   402.98138452683031     
   401.64803168056892     
   399.89486917588454     
   399.28379745213351     
   398.53307357029098     
   398.30063419220738     
   397.58116833993301     
   396.55825516717300     
   397.19021632466075     
   396.38628858758005     
   395.60213515536202     
   395.56271331844641     
   397.55928103151808     
   399.57960568241032     
   403.59702240965680     
   399.94041507752831     
   398.47211055294775     
   398.54895908801058     
   398.29903351139774     
   398.02565801420099     
   399.29516975061642     
   402.45260771623794     
   404.10130708114121     
   406.00464212482615     
   411.49696640119765     
   411.76913216273641     
   416.58255300140621     
   418.76515255271852     
   417.85385332092409     
   422.53952941335984     
   430.83096189526054     
   439.84172151633396     
   442.28727740874643     
   441.31341171830599     
   447.20397416514652     
   454.36792260397925     
   453.68453056932663     
   455.06190592158498     
   450.23216836589472     
   445.80368740761924     
   435.12342266030566     
   432.30148953210443     
   427.32475759968395     
   424.50464912828579     
   420.35197737571690     
   415.61047717356826     
   412.57018286005842     
   412.80807652066994     
   412.71208680669537     
   412.07772284378029     
   411.26940384687032     
   410.45391643166113     
   410.03549005151058     
   409.89913198022930     
   407.16145372625328     
   405.50208971049523     
   404.50173862763711     
   404.16146443622387     
   402.31406623666669     
   399.69159485629740     
   400.00375930551428     
   400.18216964309659     
   399.15425530320744     
   397.54051312845831     
   398.46207474019218     
   402.06654001907071     
   404.73609042797699     
   414.94363655062006     
   425.55439511600309     
   430.07470489201489     
   440.55620388290504     
   445.81657036519567     
   451.87703650951181     
   451.49831677149012     
   465.04527616757974     
   464.02022453762442     
   460.54688524815549     
   463.88871636330367     
   456.28575086008419     
   465.54959722161584     
   464.43815445899918     
   465.41349687951515     
   459.25045917848695     
   465.27975444644920     
   461.66721532192986     
   459.79527503717901     
   457.94613051037857     
   453.02772462235987     
   447.89593845406210     
   438.30002208208174     
   432.32353934018806     
   429.88373987412621     
   422.55606350614556     
   416.61419126225172     
   412.24716794771183     
   409.27492991502021     
   406.60520768289990     
   404.83266396271512     
   402.83574136539721     
   401.16456193438773     
   399.56817507083395     
   398.18857523467119     
   396.57080633605341     
   395.47886778815621     
   394.05515727054529     
   393.11451323715488     
   391.69564726771995     
   390.01334231399994     
   388.73713564475554     
   388.12431131088857     
   388.31398530122033     
   390.42207911284186     
   394.77894863523665     
   399.35130499484296     
   407.04170852508281     
   414.82769635796495     
   422.76046877654818     
   431.14341664848530     
   445.18693493255887     
   458.79157499032470     
   467.29531645643607     
   475.18584863827931     
   479.65960999290110     
   488.43815183651458     
   492.14929844236485     
   501.64772809752901     
   505.58985217801074     
   513.93099809938985     
   516.57596206791220     
   521.17970817156720     
   519.79002561638583     
   514.32299134868447     
   508.72484305481851     
   506.62600390282967     
   495.69977655492227     
   488.77727418251504     
   479.96948812717966     
   481.18311097204321     
   473.25462374972722     
   457.60409060788493     
   448.38448899399941     
   441.28066218859192     
   433.78501338587108     
   429.99725397454392     
   428.50361279594136     
   426.46741339831317     
   425.43348953765411     
   423.90972552145928     
   422.32341939870997     
   420.37910658490580     
   419.09294050131052     
   417.75697905267748     
   416.24735287638231     
   414.99651700120819     
   414.28103146177153     
   413.81776731940693     
   413.37388970428856     
   412.82307951215137     
   412.11976828241745     
   413.36045644805955     
   418.06912724672952     
   423.12837876252115     
   430.78618235490273     
   439.25136459486117     
   451.77990247996451     
   459.77988943464896     
   468.67316588473295     
   482.59268229266104     
   484.46854210387204     
   498.02300975594738     
   499.90989232041022     
   502.54689334468992     
   511.72739299781011     
   515.47167442237821     
   522.63785397050424     
   522.41278842747124     
   522.04887480114905     
   512.42666357368012     
   524.69008773746327     
   526.63509485752616     
   510.86624844278197     
   515.93376255618921     
   509.78693773685143     
   507.67045332547423     
   495.42898349852425     
   485.42893954533486     
   472.00351890901811     
   465.41195176539611     
   460.14231250428537     
   454.21994623637204     
   448.07064368897602     
   444.19018279313337     
   442.79025646890938     
   438.95233611444803     
   434.99154340626410     
   433.34333803758005     
   433.27896510576863     
   432.14633530923237     
   429.26332221930613     
   427.80552826760970     
   427.08599407528214     
   425.52737230450032     
   423.71245839051232     
   422.04204100142027     
   420.42777153321515     
   418.74092780998234     
   416.63086709963989     
   416.17084116262038     
   414.55188638730203     
   417.20787819850722     
   416.37241019372493     
   415.99487777914476     
   418.12425473811220     
   422.68610938712430     
   431.88563649349271     
   433.78054407278296     
   443.16793692460431     
   439.76120602664128     
   436.13621435172655     
   433.70504634333810     
   440.62726407891984     
   440.38471529169112     
   439.58508433341154     
   434.70638912217692     
   445.69705549394695     
   455.84112878982654     
   460.36890489867517     
   462.74442366256773     
   465.16331418034076     
   463.92458551723968     
   461.86021491019329     
   455.37688434434313     
   450.22427561275799     
   442.80217577029759     
   442.20109809855603     
   433.71960704935003     
   426.79139065919514     
   422.31839512980633     
   416.43943148902389     
   411.91898708359753     
   411.35320398280942     
   410.01493112100439     
   407.50189913005141     
   402.78376619247911     
   401.11954069657537     
   399.31793270094732     
   397.35967443498305     
   395.96286803392502     
   394.52864401769352     
   392.31915501656766     
   390.36359634894012     
   389.26191518797748     
   388.68699232275787     
   387.07227241477011     
   385.86683729292338     
   387.68639791491347     
   392.45836846497326     
   398.57577365569961     
   405.10508039748413     
   415.65413312426739     
   425.63685538021883     
   434.02953144051401     
   444.80173696357974     
   454.69535327128386     
   455.14250823037639     
   471.95657999346315     
   480.23823576794797     
   493.30326771593911     
   479.41565287049121     
   488.65576701898271     
   486.51561038206523     
   479.25163073999084     
   467.68914420335705     
   463.35322802107771     
   466.36417030578855     
   457.66842318644933     
   450.10425436407309     
   456.78533769029576     
   456.81471491923730     
   453.85594873763750     
   450.59165246650588     
   453.66698610572365     
   448.30316120629828     
   444.57820368413735     
   441.30018709519078     
   440.41896726318771     
   440.32721979214421     
   438.66988465379001     
   436.36524025325110     
   434.45455774173507     
   427.73141471889761     
   423.74471041943127     
   420.41948685129194     
   415.68881656434382     
   411.23134022494003     
   407.80299649601091     
   405.26712778005651     
   404.35195240577264     
   404.22633967436792     
   403.51980548348041     
   402.26113210436762     
   400.00044891239116     
   399.22111275000901     
   403.30821605084674     
   405.21072216496634     
   407.36337450519409     
   407.55333811217156     
   410.63538801537504     
   416.11158626225915     
   416.58429775732230     
   415.09456794979781     
   417.33164109573357     
   416.29091814121313     
   414.51135171200252     
   416.13265441566290     
   416.36477084827351     
   418.71671566247079     
   426.71662636696988     
   420.58651093460867     
   421.29751044157081     
   423.06381205525128     
   420.86618404430129     
   417.18739534248664     
   420.19844340592300     
   420.88232265402178     
   431.92974800000638     
   426.14107455265122     
   426.58021371741961     
   420.53756191071363     
   415.15951624631924     
   415.06867371048639     
   411.11473416410524     
   406.48099845615229     
   403.56844646273100     
   400.12320193864787     
   397.61997300947570     
   397.47980783641862     
   397.21598500659832     
   397.48914260018006     
   398.74302710165563     
   394.71054561711873     
   396.85420245904368     
   396.74339877240794     
   396.04952148026331     
   395.21203672438656     
   394.53817361455413     
   394.48285860537851     
   397.69215368832118     
   393.63833982190283     
   389.84945958265604     
   391.95427792222330     
   393.64485158090065     
   393.31440856001228     
   390.91371858833008     
   390.37524055063602     
   397.84007435141416     
   397.14279609188429     
   402.70823043346701     
   402.98710548774085     
   407.14154194057079     
   413.36706243047286     
   427.78470457087133     
   431.46898527416062     
   438.40835554333938     
   449.50336409563431     
   435.65192140276110     
   440.88695875082919     
   454.88312836683815     
   458.78770890848705     
   459.89761128093369     
   463.81713439376404     
   453.83798651787350     
   454.14879880299031     
   452.55481404804709     
   453.20311846239679     
   448.18312679633931     
   445.84549369036557     
   439.78093526896026     
   432.65064286538512     
   427.73772407392175     
   419.60767774167385     
   413.48306604816008     
   408.81113617952656     
   405.35039637683951     
   403.48049415306764     
   403.25120817261023     
   399.71755340941468     
   397.31389788447956     
   395.81977943869697     
   394.42353129960890     
   392.55428850127112     
   390.81955650243390     
   389.59889959620722     
   388.86331694532396     
   387.66478289115258     
   386.13484868257291     
   384.18616497700714     
   382.70805601432482     
   381.79816490125495     
   383.98787737144175     
   391.96164625579871     
   393.64155121747393     
   400.32497307580547     
   405.36629247586870     
   419.05666210780589     
   421.48353685477718     
   418.25805866236720     
   418.86935282157151     
   421.82042918445035     
   425.51731522470072     
   421.91846524031860     
   426.24057966791645     
   453.54222982941707     
   461.17190940623584     
   461.13882227870226     
   466.10090790796482     
   468.06070541633920     
   466.22983354669640     
   454.53652308732910     
   439.99484039510952     
   435.10485151409819     
   431.67395197855848     
   426.70104506260060     
   422.66859099103101     
   420.82780813391702     
   413.73135622379556     
   410.84136760544891     
   407.26548695072569     
   402.19333629764748     
   397.57260208914096     
   392.68990891899512     
   390.35430385999570     
   389.19205289950656     
   392.20028180328944     
   390.60250651211624     
   392.92087267428593     
   393.12667013069290     
   392.12224934100647     
   392.16888161253928     
   393.34286097865214     
   393.54803390881455     
   390.90393101132526     
   388.63917920638130     
   388.59860693167599     
   388.36874649219970     
   387.12095197759947     
   386.46097887838437     
   386.26057044702844     
   386.86550757043307     
   387.07061571905564     
   385.46479880992723     
   385.79586709306886     
   386.74490171797214     
   387.60851009548486     
   388.16918605264630     
   388.08702304147857     
   389.36996638246637     
   390.91357951540419     
   393.54036088635831     
   402.58320577543179     
   394.82775983955429     
   400.46422997758668     
   406.93516512512957     
   409.59559832911759     
   415.12759227645751     
   415.26688851909518     
   424.10640704939806     
   421.21224027038733     
   419.98624331376510     
   416.67228253498700     
   416.75006765365816     
   413.79165503590423     
   416.94165928456874     
   410.07989519137294     
   404.82571007682662     
   401.49472942093229     
   398.89324107613669     
   392.79502720073452     
   392.42248502599341     
   393.52640734000198     
   391.06117031724074     
   388.51669320721362     
   388.99045999810863     
   386.93613371914529     
   388.19809531597707     
   388.58043633760474     
   389.13404184655633     
   387.72773003509445     
   385.94707209477679     
   385.78648028409361     
   385.76631147103109     
   382.25530702261096     
   378.87419100977621     
   376.59140558501582     
   377.06738686414894     
   379.52093369839372     
   380.93241058569191     
   383.24617410385792     
   392.04227347224088     
   396.58937361402934     
   407.16009868552584     
   410.80856711969244     
   427.24248308336752     
   431.71966857869870     
   446.58548996643106     
   460.60827229121077     
   464.62615799183652     
   454.83241977012494     
   477.17513231557120     
   472.60534934855258     
   479.84225001322051     
   478.62381702773013     
   479.18274153696893     
   478.83743435438191     
   470.04195888185291     
   459.48243579447410     
   452.02188267979483     
   452.92865120328270     
   444.56630886116636     
   438.98018687921410     
   444.23575100554416     
   434.87744396003285     
   426.99374153843758     
   423.88505145471692     
   418.76472071411507     
   415.80979859589024     
   412.83928727077307     
   411.51972321082707     
   410.05319788796714     
   408.95498133793382     
   408.32055631668408     
   407.02220428175389     
   405.82376284487992     
   405.31024426313286     
   404.71236695536652     
   403.67930339835203     
   402.93800427757009     
   402.21851636873947     
   402.08254366852987     
   400.41917023549513     
   399.47899404779395     
   398.18508912497720     
   398.27044590134022     
   399.63643920646473     
   400.09809406670001     
   402.77289322896348     
   405.83966829657146     
   411.72067121642880     
   421.63306915697160     
   431.34867417577277     
   442.38849532883461     
   450.40477910458156     
   458.74204587531449     
   464.74946053506903     
   467.61521645056376     
   464.84051938088368     
   471.64544847489071     
   474.17369362810160     
   470.95659624267478     
   481.12354745320857     
   475.88331700781197     
   460.78486935638972     
   447.72701163125964     
   449.15525854528750     
   451.61116193427227     
   447.80489116069879     
   450.45101412772073     
   442.80243388829552     
   434.71520996442467     
   430.75848111277867     
   426.23382235635012     
   423.03741321802801     
   419.51812750995924     
   417.70348668859071     
   416.48791022083947     
   416.77638125626385     
   416.59474017872725     
   416.92879068990680     
   416.40120531911987     
   415.23305527425157     
   414.00289785271309     
   413.50206208188672     
   412.74016327709927     
   412.57914230696110     
   412.45233420707302     
   412.04127856398367     
   410.88567265149823     
   408.75947232755317     
   405.61189051102980     
   402.98107835087177     
   400.69140160420784     
   400.07506053390796     
   399.87238162564296     
   399.49433360165227     
   399.18014920156821     
   398.43216904562223     
   401.10681578528198     
   401.55788355278003     
   404.94527139419597     
   410.83844681806761     
   424.19632520639465     
   432.44230813329216     
   453.64621713080999     
   450.37830443442272     
   458.66123231750254     
   470.97607249257874     
   471.66002076895916     
   471.30667774660895     
   463.27527843233111     
   469.49251351557979     
   472.57739899114682     
   459.07191347022700     
   459.26461616041775     
   462.25434625640014     
   461.85975753846549     
   457.23630864617547     
   450.87358374051666     
   447.20083687878088     
   441.29442362928660     
   433.29359286400864     
   423.21204066673772     
   417.62901405426254     
   413.50223480529723     
   409.41866189904096     
   406.75986728902893     
   404.04455190270073     
   402.51981869467312     
   402.17557145321911     
   401.61024337834772     
   400.81042431088866     
   400.93480441682391     
   400.99346706052830     
   401.04054408311271     
   400.88607493227431     
   400.80368997393310     
   399.62321232361256     
   399.10138129927458     
   399.37693324720448     
   399.77652086652023     
   400.25259772901961     
   400.45351024466379     
   401.51234535882764     
   409.86691721138487     
   409.79643097833463     
   414.12389825974975     
   425.37302891057266     
   419.52967544575506     
   414.86995106304795     
   418.33143492461807     
   438.26051900132006     
   423.11761080608250     
   414.94042899900239     
   410.94417546875258     
   408.58732775287814     
   408.21897214177346     
   412.06742953189240     
   414.83321145417625     
   416.21762425612064     
   415.76944640783290     
   423.13367863356262     
   414.25403946011318     
   417.45321530151892     
   422.26040693293072     
   425.34745850304643     
   422.69467172919570     
   417.44142158274803     
   412.62588027101680     
   407.18890507085877     
   403.45988553996773     
   402.97063432499579     
   400.62261135147821     
   399.08344769993562     
   398.04601677897614     
   396.93899848675494     
   396.51630776524252     
   394.66066884145181     
   393.56099310735613     
   392.00085129240819     
   391.61547168572025     
   390.58051904855364     
   389.63671475540519     
   387.34462343933387     
   384.00848058378460     
   380.91256016039432     
   378.84864245713578     
   377.36807625839305     
   376.65703491435596     
   376.80246960826219     
   382.38424479691582     
   385.14096906038992     
   389.42880821885899     
   393.23524620578615     
   394.68584317348200     
   399.72079052605739     
   398.82870844077877     
   399.91485877179150     
   402.86992434811208     
   406.29228137380284     
   412.18346206589109     
   429.23060401254071     
   421.40980197239611     
   415.99398309925749     
   414.08248803532337     
   417.91294670797424     
   424.28708503286845     
   412.43853178056656     
   417.93672425741016     
   414.66242923202049     
   414.79188604568157     
   422.32542224134852     
   427.42276098357695     
   426.61596501463191     
   419.09133636012439     
   414.37207864363512     
   410.12706603755856     
   405.20958407567946     
   400.20232054279393     
   398.60738807667906     
   395.79532451321467     
   393.13981118797966     
   390.10444492548913     
   386.73430256871762     
   385.26194306405603     
   383.10972339616802     
   382.76513843127231     
   382.25839073545495     
   380.93694734665530     
   379.64076974694802     
   378.99642938554280     
   378.43789395325246     
   377.73665107898489     
   376.69087517026077     
   375.86662530705809     
   375.40290889234694     
   376.95245364914877     
   379.46178321307502     
   382.88634598081563     
   387.01588248223169     
   388.96582513460055     
   392.93738834240781     
   396.60349824257901     
   396.87483373632892     
   396.46726006501996     
   397.46439068998205     
   409.89290689872439     
   424.32959692347021     
   437.71167667340256     
   450.54201196205207     
   450.88490272655338     
   452.17825091418302     
   462.63754152307143     
   466.39501216113064     
   460.53183311019899     
   462.95400137348247     
   459.42051037465984     
   460.16511634401536     
   458.08074463620460     
   461.24324617834748     
   467.80936343752944     
   461.40978131742867     
   454.30340699896709     
   447.85763404010504     
   440.70352428857666     
   433.64799358530195     
   427.27954518787084     
   420.49965818162661     
   414.55610601204580     
   410.72864439087994     
   409.97257229162091     
   406.78357706751211     
   404.17403760379534     
   404.11137076135776     
   404.03349746760853     
   403.92735677244536     
   403.73353494882883     
   402.38848200338566     
   401.73762587433021     
   402.24108583258027     
   401.38788475131986     
   400.75737280201491     
   402.47165657672423     
   402.41004150747773     
   402.70805490831174     
   407.05519735832758     
   409.16762210489742     
   410.56905282874362     
   411.71615464486428     
   413.64869576488883     
   415.93697760948328     
   419.03166976661385     
   413.10075116065616     
   414.15703041760173     
   416.08920644782114     
   425.69408432627847     
   435.36665668018281     
   440.91456483848407     
   438.91098969861633     
   433.27719100072119     
   452.49128402877204     
   436.39286228182596     
   427.70577970778822     
   429.11689303574730     
   426.91172044442982     
   438.82012723595034     
   438.46588014237102     
   453.33060170526966     
   459.24434505071144     
   457.21147723484984     
   444.00829794586673     
   435.64952601972971     
   430.17612310530671     
   431.05039160295291     
   422.67336473011181     
   416.74998877051968     
   411.03926610678900     
   407.11120921089446     
   404.84955393381438     
   402.48958804663715     
   403.55179222311205     
   400.31111241424452     
   398.50821887321473     
   397.26241013922930     
   398.96980411675679     
   397.67307782782655     
   395.55289914210567     
   392.35666008495775     
   391.43864172894229     
   394.33525786443113     
   392.54649031330740     
   394.21996729794637     
   391.70089136227637     
   392.00876759227964     
   396.41091577327450     
   400.09786857452031     
   410.04999769577006     
   414.79258350051896     
   426.77912438901438     
   437.05246159446932     
   442.71389307016273     
   449.98823672152747     
   450.41099244344002     
   441.97125435135177     
   440.45824539210514     
   436.18084436397720     
   441.12226713387014     
   438.91925305862765     
   457.05989692244498     
   460.14389532111124     
   473.31998132811736     
   463.20032319416958     
   468.36357478271788     
   476.39036664863136     
   474.51447253970650     
   470.76845592916987     
   456.43314100770834     
   459.54211339763401     
   453.19512832909606     
   447.60999067471141     
   446.46631216553891     
   443.87751404632621     
   430.18430624890522     
   423.71300062666825     
   418.71866879411118     
   414.61952116551163     
   411.72062825781012     
   409.08586185064007     
   407.17249613590855     
   405.37456529689177     
   403.75024035107765     
   402.56911834533787     
   401.11125335689110     
   400.07192227725187     
   398.87280045193387     
   397.55657417746892     
   396.40557721050726     
   395.24750199553517     
   393.11540721925792     
   391.41400136875450     
   391.74389478276373     
   394.57063133558842     
   399.06929282188923     
   406.76830884114787     
   415.74052285120433     
   423.08808560626858     
   428.56211832262903     
   442.51000022284472     
   452.65181432912823     
   461.48547273847856     
   469.36342888161590     
   474.74342505751844     
   480.69175504327649     
   492.24066523414569     
   490.24167326919877     
   496.27084035538974     
   502.30089914894188     
   492.06136161231370     
   479.60206669985638     
   492.54314307017080     
   482.31211246406883     
   471.42475289046899     
   474.09786423615668     
   491.04796203529372     
   491.96159905938140     
   488.45366031859862     
   483.68161335727780     
   476.31734798331894     
   468.65162483591439     
   458.27921008274262     
   447.49488734244738     
   440.50662857664628     
   435.07333718634220     
   431.04757922981582     
   428.59467800056183     
   425.41460822440814     
   423.09907530050890     
   420.54323014549334     
   418.58037490355093     
   417.15187218363951     
   415.61704679025860     
   414.81745703480618     
   414.78883726986982     
   414.00603526713633     
   411.32165869197655     
   409.60673231419247     
   407.97296069099946     
   406.58679200817886     
   405.05217411246571     
   406.33464119612449     
   410.35701326460560     
   418.77142786412463     
   427.87218671141250     
   437.66160401992153     
   451.99551571323912     
   459.52234510121258     
   470.95449792524630     
   483.99802502869665     
   490.46162963740687     
   501.50535948432127     
   508.75481020382625     
   512.56767864788753     
   514.19984812342159     
   532.85235869628639     
   527.03801307787637     
   524.37427486571471     
   514.68645778082646     
   515.25384093521814     
   523.42459900507299     
   512.84967467596437     
   495.33304042368366     
   491.12705764768532     
   476.04658395095834     
   480.00540172038399     
   470.73426488801755     
   463.36973852048379     
   457.44251549143678     
   451.81169820920513     
   444.36924560019440     
   437.53563624158431     
   435.09591237433682     
   431.64352030761927     
   429.08265910042149     
   426.99635443502672     
   427.15503320961272     
   427.07487255402776     
   426.95148162155078     
   423.86879672842497     
   420.03929136304515     
   418.11988695747988     
   417.73799703879916     
   415.86674822217117     
   414.12759891711704     
   413.56063520623826     
   413.63866149149874     
   414.05527552793717     
   414.36899497090565     
   419.25027676469108     
   420.39880107727123     
   427.84591751279453     
   438.71595880916846     
   439.17994230447874     
   428.09725137178526     
   424.72501677336584     
   423.64113338900569     
   422.96254112268286     
   420.91000888344587     
   420.68101778668995     
   442.12901582337577     
   470.90810260185009     
   470.62768654759253     
   465.31167252097157     
   489.10818201316920     
   475.17825189276061     
   463.65458944680677     
   450.99461860131123     
   454.16650428655663     
   468.94829957842046     
   469.93400900919966     
   479.60725210821454     
   474.33301750521542     
   472.15472721525538     
   455.19087472728836     
   447.19828239304547     
   436.74179251172177     
   437.11122913602884     
   435.62459023915591     
   434.41576497392236     
   428.47434701444701     
   423.55033282950330     
   421.77519931652438     
   419.66484938796202     
   418.85819302775303     
   415.95510693212742     
   412.61030376406086     
   412.79341792268758     
   412.60084648568539     
   410.20990453382319     
   409.69032287398909     
   409.00904770411609     
   408.29794505440697     
   407.69487272503937     
   407.40078132553361     
   407.91552042635573     
   407.90764745399326     
   408.73335575338507     
   409.08825159602844     
   410.14042921022434     
   411.70784192241911     
   415.57765432888613     
   415.72556752954222     
   414.69155158841005     
   417.77256044777471     
   423.02120741543803     
   422.89326225919342     
   434.38743491016629     
   441.02587062580835     
   441.32642512378959     
   441.90372657886451     
   437.04648353298330     
   457.39961286402206     
   466.28042797863401     
   464.76321145265143     
   467.12791385124331     
   465.82243803397279     
   469.78797478741376     
   473.26474788292825     
   471.59869811849234     
   466.56331801730937     
   452.76803662288631     
   456.41868624715880     
   441.02706408713271     
   439.11467068848560     
   433.48801942681428     
   424.18581088921712     
   417.93772636802555     
   411.80840585041540     
   408.09857161196879     
   406.19666418869110     
   403.78565750072579     
   401.96404200541627     
   401.71734885303545     
   400.30384414626519     
   398.97543919618261     
   396.62486970339307     
   395.11511180212966     
   393.75799122370967     
   392.73862661482178     
   391.96317577379568     
   391.93533864032230     
   391.93447063523450     
   391.08272681737395     
   389.71386327975068     
   391.02462707011153     
   395.21475255531237     
   399.07375205222257     
   408.10832415127567     
   408.17956895900437     
   416.89715675523769     
   425.45094774763038     
   417.89333587216908     
   425.79433527797840     
   440.36378100218900     
   442.93839258949339     
   453.02035357863411     
   459.41918530748029     
   467.67240985733383     
   468.07374783684634     
   464.44603764677311     
   462.24137494400520     
   471.62772992077549     
   474.20513842312306     
   475.29852271580160     
   463.14265279422716     
   463.47843158485739     
   467.21254006940529     
   448.58000358491688     
   446.91058695939120     
   450.47273161652851     
   444.85946896415231     
   437.55541441010695     
   429.46405849452543     
   422.03944218935231     
   415.35400191340551     
   409.44931043638320     
   405.01636224472065     
   402.07180010326789     
   400.02540772912806     
   397.64469303752929     
   395.69417070305627     
   393.93175813253725     
   392.44809499186204     
   391.12401657053692     
   389.71114975457812     
   388.59099009560231     
   387.29708512277836     
   386.75575983964109     
   385.58195037495858     
   384.54862461574027     
   384.21886973176566     
   384.67465867319282     
   387.72634735226114     
   392.60459527453179     
   398.95285936294630     
   405.87689355505370     
   412.29758988769134     
   421.42662754014384     
   432.04874753057351     
   440.36287618405959     
   448.21413641275501     
   456.53073373752397     
   464.73964232366956     
   465.76745361247640     
   478.21097654480991     
   485.08187527978572     
   488.44494244028436     
   489.39186769534660     
   491.18970989280899     
   494.37229630737636     
   492.67186145266658     
   484.97404686643074     
   488.00782554064335     
   488.36390278397937     
   481.64326329671889     
   480.38651947096213     
   470.80930245396365     
   465.24848881588190     
   459.84050866489480     
   452.77140256304642     
   444.65271882056931     
   435.18365046166991     
   429.61552477826194     
   424.58658294346105     
   420.42175502719300     
   417.51967447605728     
   415.16825524147674     
   413.60052763195199     
   411.72812814277597     
   409.84803084283243     
   408.37353337507341     
   407.30799933139042     
   405.72203706719546     
   406.49458471125348     
   405.18826774855040     
   404.36874025122160     
   403.02515620182101     
   401.51668452800078     
   399.20044620272074     
   399.44148384674213     
   401.92385016738922     
   405.86888024933393     
   409.88204672233121     
   417.63014159433908     
   427.06935547411388     
   437.02584168255777     
   446.36128805893622     
   456.65066557143030     
   468.31190829467016     
   477.14992188847606     
   485.52031988372823     
   496.57721125353567     
   502.14113694138968     
   507.54849673050001     
   511.58519233459958     
   513.95905694455394     
   521.28469047717726     
   522.45532991856089     
   524.18217170202729     
   524.36739846477315     
   525.94378868201795     
   523.58250251559127     
   519.86062530848960     
   518.50513835849154     
   515.52177675426503     
   504.31843702678179     
   495.40407528137462     
   485.53701372832222     
   478.72364508875609     
   472.13061676087324     
   467.92761520893418     
   462.96086247488262     
   457.99169142330214     
   455.32658556703814     
   454.20517484160348     
   452.62171560364209     
   451.13549983322815     
   447.64853237556235     
   444.64410165242077     
   441.86218711852217     
   440.36353441504286     
   439.83784950818512     
   437.13346346786466     
   434.99059455059222     
   433.04725090342941     
   431.29526644549486     
   430.37552156744476     
   429.52586402668476     
   429.99137261201651     
   432.92190426736073     
   439.18967898584157     
   444.18935794717970     
   450.83367534335588     
   455.04922493219868     
   467.04258197986530     
   485.32081458450989     
   491.23393739107797     
   493.91412837987986     
   508.54869474054181     
   515.12361625107417     
   521.61617478440064     
   523.08884432244940     
   529.34034050270020     
   525.43194124789727     
   529.70887714406354     
   532.86615154983383     
   537.01849567488409     
   543.12837523721248     
   544.93051013566412     
   536.92121977670638     
   536.38010291224191     
   537.32654445437629     
   526.44065858021224     
   528.73419106308620     
   522.42520611101929     
   510.40747596340037     
   505.65305199210655     
   499.42911631813030     
   490.23816046832275     
   484.08968696275809     
   479.47679099647843     
   474.90781585105981     
   472.04090322124296     
   468.42370569261828     
   464.78631013915202     
   462.95900962267734     
   462.03601259873255     
   459.58520774717607     
   457.13034596326543     
   455.13236508853697     
   454.75094783421918     
   455.20807657963695     
   452.65227798534244     
   449.93843086738747     
   449.83844411707224     
   448.40515201592802     
   448.31924183952367     
   448.60816112437703     
   454.73786099806642     
   463.38759540711681     
   460.87647756951134     
   464.24984153632607     
   485.58658902813050     
   491.80947673907707     
   506.62353033416730     
   516.93743281011973     
   526.97157453686953     
   532.67553479266962     
   516.52527907242882     
   531.57671359990388     
   545.07508568361311     
   548.61424839963706     
   554.00789371580811     
   555.51410903556348     
   555.63223984753051     
   556.63043731667119     
   555.80500477757721     
   554.17286352610790     
   545.66848694310931     
   541.73535210726243     
   535.93294773098410     
   528.68547314537273     
   517.85730841551481     
   507.76107083644695     
   499.16553794789684     
   489.08138324071598     
   480.15321141813592     
   474.81532334272310     
   471.62642742510877     
   467.62455698943540     
   463.34456167002054     
   456.87467457623967     
   450.91678687713744     
   448.41701898183652     
   444.52822054367704     
   441.01021303189611     
   437.25771483267931     
   433.70319647256889     
   432.70010913023026     
   431.18880711806628     
   428.38567637586874     
   426.76806178132176     
   424.44453404065854     
   424.17701622285705     
   425.08219750351918     
   427.26527754091398     
   429.69992290004416     
   431.95765602192216     
   433.30971707471821     
   435.01843214455567     
   442.64525040576530     
   448.40292653577285     
   452.72259268180352     
   446.44722384378088     
   440.25611144477716     
   440.90873812872587     
   443.26568839196568     
   454.05491659192302     
   478.95475986270799     
   490.24480524662016     
   496.30329090607376     
   498.82629270590166     
   498.39873018995206     
   495.95014794432603     
   493.26268476262044     
   490.01661367379478     
   485.12002669276865     
   482.53751189750579     
   475.78056207531733     
   469.75438908827692     
   461.45487129032142     
   452.74299708062017     
   445.78700142242428     
   438.99879819163431     
   434.70847253308511     
   430.93241383388306     
   428.26896317271525     
   426.24936389058621     
   423.60223206706718     
   421.76221229458207     
   420.88316750548694     
   418.96326265336728     
   416.22629293863923     
   414.57152586745906     
   413.33686848845423     
   411.49924823703770     
   410.33823158672482     
   409.65257876325074     
   408.76413401962594     
   405.57757359086622     
   399.45718165189038     
   399.07915085207856     
   402.29648404800309     
   404.39650474563632     
   407.93292945051098     
   411.49289473569519     
   416.72210953154394     
   428.85285124016883     
   430.57161394056743     
   438.86468852371280     
   445.32504513984816     
   457.45524603124119     
   463.11107365820391     
   466.93341162850550     
   457.96389378866479     
   454.78529789333959     
   454.77182129549089     
   453.70149289585669     
   453.09192792521645     
   464.68529324950606     
   468.99477757801782     
   474.34180804556053     
   480.59130776398030     
   479.47132555519522     
   474.30561177457975     
   469.98412128217808     
   464.89842848118889     
   461.64230242295008     
   454.60468969860301     
   444.82345818890650     
   435.33235833341291     
   432.22767419815381     
   425.67907821985676     
   422.00176930411720     
   416.40378450632551     
   413.89403990229573     
   411.78377530882699     
   412.61032039051582     
   412.28298989425468     
   410.04563930058123     
   407.99671620387636     
   406.93722974440999     
   406.31500480242784     
   404.90595816563751     
   405.80444351621452     
   405.18184476983174     
   404.51528644199362     
   403.73978966071377     
   403.59881176760058     
   402.69431454302918     
   404.55015093635501     
   405.25406980889329     
   406.84128397323860     
   408.76064047241562     
   409.72052839898231     
   413.82960065564657     
   418.45305785265379     
   422.46151586139888     
   430.13847122475954     
   435.45565160351538     
   441.02704645244904     
   449.62800335313631     
   460.80245516359923     
   469.71442608488189     
   478.24708142918212     
   483.73215740150999     
   487.14718410811423     
   489.68745576536440     
   492.49149157665931     
   493.87720700675646     
   492.93522179651598     
   490.61545543363678     
   488.50247429291335     
   486.10376023663417     
   479.93530256740598     
   473.48186050754271     
   466.94129391908081     
   459.98916010102408     
   453.50240467637093     
   444.55543587863775     
   438.25835521500971     
   432.65534061091915     
   428.46573736775787     
   425.37450382481904     
   422.82931498862206     
   420.82146399712644     
   418.60376305516201     
   416.40872483106023     
   414.41124775827149     
   411.83413945686232     
   409.90520538504131     
   408.28950322854854     
   406.85751239637301     
   405.49054939194832     
   404.20482488437239     
   403.07876384448383     
   402.33479652399399     
   402.50624566480303     
   405.04966429080054     
   409.22966788985462     
   415.04643867262996     
   424.30584758542585     
   433.33216671414783     
   443.62972560169021     
   455.19787513349974     
   466.67316860496851     
   478.28078718963059     
   487.12162457983078     
   495.14513435795641     
   503.27265654187516     
   511.43983430321657     
   521.80019644795709     
   529.33589203539248     
   536.09382128291838     
   540.85855179921157     
   543.10966155520259     
   548.34570956198581     
   547.07151303221929     
   546.16131960753762     
   544.16544959395878     
   543.28625431998171     
   538.99267475365025     
   532.14155770532113     
   526.19720477576561     
   517.71205495045353     
   510.74134961539994     
   502.68711375928245     
   493.36225811157703     
   485.76567526909213     
   478.39519014386258     
   472.72382555740239     
   468.80373516670397     
   465.35326275874644     
   462.57642739895010     
   460.54571366276969     
   458.77650023690614     
   456.56174203379067     
   453.68872445608457     
   451.70660313101581     
   449.01854540710883     
   447.01763996393072     
   444.95212571125478     
   442.47311414428202     
   440.54241401365027     
   439.42723930796552     
   438.66211407305701     
   440.41032729369164     
   444.23413381157849     
   447.27591916611101     
   449.00571922306688     
   452.95023041302943     
   457.23652791720519     
   461.77712541906828     
   467.31153698723966     
   474.50823269664693     
   477.92642606231817     
   483.34645757368804     
   472.92434836310582     
   483.72787563773880     
   487.38446890012125     
   487.76336140848258     
   495.96823697077753     
   500.66225582764343     
   490.91065502735421     
   479.37729443687022     
   491.70576337439962     
   499.23106976637388     
   499.16537534838312     
   492.92112780299453     
   491.12395694050736     
   487.90678451861351     
   478.54450585277340     
   471.33222338759157     
   464.06271421361072     
   457.18740977672945     
   449.39457012808714     
   441.75667380749934     
   436.46704749135750     
   432.33860508604602     
   429.82841364493964     
   427.88980463329767     
   424.30315155982663     
   422.51158023053006     
   420.84708941528220     
   419.09016247033884     
   417.08944676609605     
   415.30295905746260     
   414.15413131137950     
   413.23937402318035     
   412.78259977287695     
   411.85924515662458     
   411.06420335789289     
   411.20453316442809     
   410.79177628431864     
   412.27402789744326     
   415.48681155585285     
   420.14332477897324     
   426.06298095793454     
   433.04808804681670     
   439.51246194862489     
   442.73066907344241     
   449.83477290956392     
   454.72128269676517     
   445.44525650708852     
   462.30906605532402     
   449.69362268302473     
   464.78782235777112     
   474.09287127807494     
   468.39916834192172     
   479.11531476643989     
   480.58886668525292     
   478.37306291274058     
   473.49551442647231     
   476.75554995564534     
   468.22997111630900     
   459.70848827125815     
   456.84763850730400     
   451.96949749363347     
   456.34710874631247     
   453.44963698757550     
   447.15103262719390     
   440.39309188421527     
   434.97217807027852     
   428.92205281942745     
   426.26751482876375     
   422.77944740089811     
   417.27646378569398     
   416.02088211985682     
   417.70150221794609     
   417.83979004082732     
   417.27900103305723     
   415.99255537939206     
   415.53713377856843     
   414.62266802159218     
   413.19994718696779     
   408.48996562058267     
   409.01847557841620     
   406.22480514254721     
   406.71329410473157     
   407.50842658841287     
   403.79421199867181     
   404.00233773081357     
   405.24512682114920     
   408.83553822415746     
   412.43835165074404     
   414.53148834272537     
   420.40988779456023     
   432.84456520527186     
   440.35130698039853     
   445.49226034301199     
   451.68990506822666     
   472.41772460154664     
   473.42517532870914     
   483.60547083823593     
   493.18401759698696     
   490.28127523239436     
   468.52155446549756     
   480.90451908675436     
   489.76043249241769     
   488.43642529316821     
   494.52245265933993     
   491.50943615643865     
   488.97067921297042     
   484.21526401095429     
   486.14601113004386     
   477.86767202585423     
   467.08081787007507     
   466.21005382739008     
   456.72183848404541     
   448.11744181562244     
   439.15662506498649     
   432.53724423280613     
   424.50179209228730     
   418.92625857727484     
   413.78927370787949     
   409.64447866073692     
   407.72984368562413     
   405.77574057173615     
   403.96916458755504     
   402.35254641440241     
   400.96597371606094     
   399.52788354328612     
   397.81777880709313     
   396.42154557243964     
   395.43840754117053     
   394.47276563292274     
   393.28818274857667     
   392.60705180925169     
   392.08444159298529     
   391.73112137892747     
   397.02034600082953     
   401.49946184461817     
   408.80006250803331     
   411.33219434826447     
   417.48934388019859     
   423.36802388399326     
   437.87796122410163     
   443.63782247112908     
   427.85522184624693     
   425.46185999562016     
   438.03343601249543     
   439.41346553315122     
   443.00277186935682     
   430.33115050391910     
   453.30019330204254     
   458.03513944211937     
   455.80447490519657     
   458.85462226927041     
   459.61080531893953     
   465.29151518994934     
   471.33013436250593     
   452.65599122700678     
   436.83529368076358     
   438.45789522117911     
   444.75057931014004     
   444.48805980330769     
   435.41163998531010     
   428.59916367195967     
   418.54037863022540     
   414.07935631099650     
   408.01157136646174     
   403.25558005853190     
   400.84054286910271     
   397.91394722082532     
   394.87809254969937     
   393.19987365483536     
   391.64944480738654     
   389.87617012408231     
   388.79787721414198     
   387.65515495536715     
   387.01273859625792     
   386.49246858461584     
   385.62175255273138     
   384.87893697758517     
   384.33239594858020     
   383.61815678299450     
   383.22296225707504     
   383.32739318052757     
   385.85553261771668     
   390.43055647968606     
   396.05722877316305     
   403.05573240785736     
   410.88747996469260     
   422.11197721976640     
   433.46231145031487     
   444.45995574592928     
   457.34303934594931     
   467.96927417325912     
   476.32081687328770     
   479.29210006602131     
   488.48855525804487     
   499.95319036827954     
   498.49182065828984     
   484.06288598340461     
   498.47433235713595     
   505.49980307363830     
   503.61404840141131     
   498.43960200789940     
   495.06999562064834     
   490.98920228406263     
   487.15328691947627     
   481.43100451519155     
   475.87055834400172     
   462.93393990918548     
   454.01876569469351     
   446.51019731919263     
   441.47590431557694     
   433.56906780850721     
   428.24847785855872     
   426.19859595368195     
   423.88690140300366     
   421.98184835523398     
   419.34092321074593     
   417.64869400416643     
   417.47749443579448     
   415.93197538706022     
   414.79448132336648     
   413.75549667050905     
   412.81092012378127     
   412.79362633151567     
   412.43003115440064     
   410.41446742014278     
   409.51731477921385     
   410.30635359759805     
   409.42607577881000     
   409.40548331410719     
   411.73313471228738     
   413.98873561476256     
   414.73483610540677     
   414.16749392232833     
   418.09427666907777     
   433.07159352707970     
   437.90757146643170     
   445.33973311444464     
   459.18552579658700     
   469.04929317853276     
   477.25642619860849     
   482.06555480921594     
   489.03428847816792     
   489.07310964964768     
   496.30998534185932     
   498.89599740278209     
   497.88919926714703     
   497.02683562141095     
   497.12434129441937     
   495.35068134664914     
   491.37751291730069     
   492.90867854555432     
   487.75083015492891     
   484.29016542633110     
   477.00987034651160     
   470.34564655183090     
   463.46656250294814     
   456.74795772667204     
   447.42757385286916     
   438.68981286111057     
   433.24419004897715     
   428.11604140912851     
   423.08093687976969     
   420.67757736104738     
   418.65561135249698     
   416.87211280221288     
   414.75148210694135     
   412.65914738027175     
   411.50039958724886     
   410.20668538426901     
   410.20861788071130     
   412.04659023069587     
   411.79420709374119     
   408.10297388057921     
   406.33270393338029     
   404.75505309751952     
   403.70318737527180     
   403.44371732072432     
   402.78727338729976     
   405.37451346987871     
   412.57326797812215     
   417.00562747469775     
   420.18878958463176     
   432.39027884955266     
   433.62995240814791     
   445.15902865361085     
   455.31549953402293     
   465.28338893903077     
   465.05825523829179     
   462.22690241002681     
   470.39380906808287     
   470.19312520794625     
   455.84879375915818     
   444.68262051451859     
   437.45452371706347     
   432.35442021275713     
   431.62252783561627     
   438.39580049817977     
   435.83358792517481     
   434.59564803846683     
   436.04378411779265     
   430.18084200474811     
   427.25041555346547     
   422.03616137390765     
   420.71822259603402     
   419.59574247750822     
   418.33960848272011     
   413.65012874102280     
   409.98475502680901     
   406.77603511327436     
   404.08324731209620     
   399.99868992458335     
   397.80010793095454     
   396.92668893806467     
   399.85667486361132     
   393.75212967427171     
   391.11322948828388     
   390.25163532005286     
   394.06887240221755     
   395.45396335476244     
   395.95257640111288     
   390.46195443200952     
   387.25427527815498     
   385.96169750464435     
   388.61604154496570     
   392.30510859226325     
   390.75670652204667     
   392.15958504003925     
   395.31993303957933     
   399.32299365537699     
   403.83386759847826     
   406.38949862198399     
   408.41307833879836     
   406.01692197323774     
   410.57129388694227     
   422.77398511816358     
   415.24982547042748     
   421.23517164337255     
   443.60607501960141     
   454.04885950999665     
   443.98814240138000     
   450.92030254657379     
   441.91570501584465     
   446.27512136694077     
   435.06682316240943     
   438.27747576025752     
   432.95805976516704     
   426.11236008980273     
   434.38704784275524     
   432.71116985152184     
   430.70106746808000     
   428.85842274283920     
   427.04245910680794     
   422.56280229320038     
   415.97696641142329     
   408.86808087791593     
   404.93474178603572     
   398.92870393151156     
   395.87685869767444     
   393.50330026478298     
   391.57570212462593     
   390.29806996781514     
   393.54527003331714     
   391.39489923022199     
   391.34915421252953     
   389.54231848539678     
   385.88260767460622     
   384.24148341268170     
   384.28925777298247     
   385.98278786267321     
   385.34048194982944     
   388.65845430070402     
   390.20886673936621     
   390.20011096884457     
   388.00474732059479     
   390.83909501964399     
   392.54640630209258     
   394.42454272557342     
   400.60295898250644     
   401.91867155708064     
   405.26283729030490     
   412.51041993136482     
   410.47998521837906     
   417.22739938850248     
   425.29415660812282     
   426.94448701906236     
   435.13574041867332     
   427.50461034551432     
   437.83323163861809     
   444.67375969581752     
   437.33010963770022     
   430.57867970963639     
   428.55893476646656     
   427.64910601743543     
   440.85666343510007     
   425.70602765979288     
   431.68437941190990     
   423.79944237844035     
   422.14516087377774     
   417.82379690551204     
   422.42873324359613     
   414.38084589545036     
   407.22347541601761     
   403.96378713470841     
   400.87497593030815     
   398.43182972012050     
   393.18626180019800     
   391.63312149478037     
   390.72180637521956     
   389.80302107867743     
   387.17962573901042     
   385.68249451240916     
   384.32944018585482     
   383.07222848841633     
   381.76263920673085     
   380.68770864576891     
   379.90350240871265     
   379.25595725173753     
   378.40849913992747     
   377.49037901332952     
   376.73469672022986     
   376.81729427161162     
   379.37363231982516     
   383.81857179675120     
   388.38232182881910     
   395.63253400048740     
   402.81295908108626     
   407.67648609210102     
   420.61472161165523     
   435.07302252653977     
   424.68236077488280     
   431.27953393570539     
   441.62883891591093     
   451.52882785855905     
   463.29612351352574     
   475.20947681927106     
   472.18948763201900     
   474.86068749995519     
   486.14672319270574     
   488.03382350873443     
   474.46932567965069     
   484.75872871453879     
   477.46662553237576     
   468.47585367488330     
   469.16745856591342     
   458.40139187771808     
   459.61804457420305     
   454.95100625277246     
   450.62966240834339     
   441.66507154780840     
   433.85393924400444     
   425.06167715197273     
   417.06675386766818     
   410.73055656339494     
   408.34865545970763     
   406.06613667898705     
   403.53914805858841     
   402.35872248610377     
   401.73320494376111     
   401.47994933360923     
   401.76916801885176     
   402.11237747541179     
   400.69815315943305     
   400.46725599828898     
   400.55607633239543     
   400.16996390323510     
   399.02863234320506     
   398.91972045583890     
   399.14471615895189     
   398.23542246314145     
   398.61173717623461     
   398.48691966695219     
   398.14404893738276     
   400.79473175939921     
   404.28815860692850     
   405.23617005328930     
   409.91206707474385     
   413.49014331933165     
   417.20488858504166     
   418.12028018521795     
   421.62723370456735     
   422.96677313054488     
   421.58211311243809     
   419.86461774591260     
   426.72022006807049     
   424.82974405423863     
   428.50805587375851     
   424.42359274425559     
   425.80093399541960     
   431.21248571666905     
   427.04510498545278     
   425.42460320698592     
   426.96388437503833     
   431.96160001895373     
   431.91198325041546     
   429.85357189188920     
   423.36615927221249     
   423.53692166870445     
   420.74706844429858     
   416.12210404823753     
   413.47914791417281     
   412.11644590406843     
   411.62094073053703     
   409.34659847489951     
   408.49941413569155     
   408.13208481989386     
   407.00294678525034     
   405.46571052174897     
   404.95640002956361     
   404.81723363870930     
   404.80771622637320     
   404.49701635985241     
   404.35458699568443     
   404.08136270896290     
   403.52069975187311     
   403.41711436367376     
   401.62754595452981     
   401.08964758325959     
   403.04538666894899     
   403.31470909085374     
   405.16253268755332     
   408.08135375017571     
   410.57672592847632     
   422.75518089980409     
   429.63829477546471     
   429.11957751871989     
   427.25757439935416     
   435.08285870145659     
   445.78771786928127     
   445.20998862321790     
   444.86400853838228     
   442.92197411336906     
   446.11793849977687     
   451.01456868001338     
   461.10380629830371     
   464.36043794702499     
   457.33661090027209     
   453.45365147753051     
   462.58603752107604     
   469.23257661518318     
   469.59369366122644     
   456.67726754128279     
   456.83096206989455     
   454.01064498570724     
   453.63852256740381     
   442.26242010870595     
   443.91774280702970     
   436.32191985316996     
   427.11260622396236     
   421.98768432517602     
   418.19725162794367     
   416.76611647036555     
   414.27804336628935     
   412.72692599519360     
   411.98008687349250     
   410.61868962699924     
   411.61420553737264     
   412.05131093902793     
   410.70347677638910     
   409.68722320096572     
   409.39785753677307     
   408.10185445976714     
   408.39261358765106     
   409.47242869080293     
   408.76396087144451     
   406.88303178653638     
   408.34034689795851     
   410.03828427388385     
   413.89312854329432     
   417.32162073715364     
   426.00306592746387     
   427.19802543078544     
   431.09065117830801     
   446.07815792446138     
   452.77709072006741     
   435.20196462135272     
   434.34611440903063     
   433.89123259295258     
   429.27860120607653     
   424.36024426974575     
   420.57322465471208     
   422.26830238783788     
   419.84117285403107     
   421.76322558109263     
   424.63676387031319     
   427.38050751435964     
   425.18718602199914     
   435.62650955390893     
   445.86417316758042     
   437.78101153604297     
   432.15603294258574     
   425.57659156638795     
   420.77184050218148     
   418.04546326854313     
   417.64825795983705     
   414.19231132976176     
   411.57765834184750     
   408.77365925033200     
   406.49322131176274     
   406.09835775603062     
   405.16446906852281     
   404.71702247261601     
   405.04064040928597     
   405.40306177365557     
   405.26532896117305     
   405.19558501663602     
   405.25688987149169     
   405.07859966124789     
   404.70579994835731     
   404.00228685382490     
   404.09483704172300     
   404.67776386127827     
   405.44817787935045     
   407.19863034544642     
   408.77589953552069     
   413.27233622077694     
   410.74049397336347     
   408.56083589493056     
   410.83720475878511     
   418.09723051155254     
   421.07040538929334     
   425.51266739042313     
   428.41233080833064     
   425.14897139492155     
   432.81353238246413     
   441.12397025875345     
   440.95636513951587     
   434.80639064493579     
   435.92092682296629     
   429.61112452398982     
   436.75242057867683     
   425.78213767980600     
   425.91389953833220     
   429.59518763545412     
   427.51944306589064     
   428.30742322741582     
   427.96726984924175     
   431.62825026513696     
   427.29772882223028     
   419.69357723617077     
   416.42765987486774     
   414.36250236044106     
   411.23842069937155     
   408.74346769279003     
   407.28847045064265     
   405.22048265870654     
   404.05628764752277     
   402.86998241128225     
   401.66933353658311     
   400.51683807358137     
   399.89667654503313     
   398.86917197353239     
   398.11846831209033     
   398.83003440226736     
   398.30145878569851     
   397.62034227532484     
   397.07363173041767     
   395.98555010025296     
   394.80511461651071     
   394.28163329170064     
   391.40392395922061     
   392.21331770442123     
   393.23424919892875     
   394.08640763605854     
   394.09113983499833     
   402.20054833681388     
   405.42405160218107     
   412.28228544534772     
   418.10347900280232     
   413.65681402990498     
   431.38040522269176     
   439.12664739448860     
   435.41547376041751     
   430.33092655227114     
   435.58568511046843     
   420.29732733906525     
   434.14237052983844     
   427.81503799323480     
   428.50935114554778     
   426.00762167840583     
   435.48938235492153     
   439.48804635247620     
   442.14248523449180     
   434.83252271788626     
   441.83301662779076     
   440.20535946640354     
   430.20373231267098     
   422.49309104639462     
   418.30492692400787     
   416.48911002143836     
   412.04071713934366     
   408.83297885294519     
   406.15630392275790     
   404.98268988885229     
   403.08088454813833     
   401.52373060909633     
   400.42665119792628     
   399.84427801026447     
   399.31328809629059     
   398.45619259536841     
   397.68599392316781     
   396.39095966392500     
   394.99260993373582     
   394.76800223386510     
   394.42091123817062     
   394.37117531033022     
   392.60229217285888     
   392.41748627781965     
   392.33301485417644     
   391.87208645888757     
   392.00245300911627     
   392.54708871713069     
   393.25500044811707     
   393.41360076824361     
   396.23993456217340     
   397.20842106757948     
   404.81595757685523     
   407.33752817612736     
   414.10262660893318     
   411.01085912107078     
   410.78623366346989     
   415.27789694243211     
   416.36218334301219     
   418.00094636247047     
   428.38352336823152     
   426.95302556627394     
   419.99794860389221     
   425.28485357229135     
   424.50273252781017     
   421.66847810241234     
   420.05900443258804     
   427.94311306238006     
   436.26007751975050     
   423.13610603029940     
   421.15841294984989     
   415.72873568380311     
   414.06231279809089     
   410.63505570957977     
   407.69486305478790     
   405.40087656142163     
   402.80347726265194     
   401.26981227286825     
   400.89592364804832     
   400.12764053422552     
   399.44857317130487     
   398.14225365725974     
   397.16833165818133     
   397.40088496106910     
   396.99641724227303     
   396.49550334706578     
   396.21546941821987     
   395.72154100190028     
   395.49042124106120     
   395.17137364419176     
   395.03767910487392     
   394.54213033705304     
   394.28014691795920     
   394.18293053314738     
   394.44669371632210     
   394.86509013453178     
   395.64354658047500     
   396.81236001096994     
   398.17070816409324     
   400.15085096732042     
   401.50076240339916     
   402.33046557890810     
   403.06306074162666     
   407.45042489539827     
   411.69563334303194     
   413.89290639195389     
   417.47999794077759     
   422.62811154055015     
   429.17933667237611     
   432.17086515183314     
   436.03141301861189     
   438.52724275574593     
   436.90418943852410     
   457.80979717648245     
   466.22796277998054     
   463.45228000567784     
   474.82260176436154     
   464.82478293209829     
   460.74867065725113     
   460.58072805837463     
   449.98186257090106     
   441.65623833131542     
   434.08046561851643     
   425.29678332674661     
   418.19693582286027     
   411.01798851051188     
   407.52635098981432     
   404.47560563084249     
   402.04072238606363     
   399.83318678984773     
   397.80653748487481     
   395.98021760248230     
   394.71418841107919     
   393.48445614473621     
   392.35494565289599     
   391.30409535837560     
   390.27782784378974     
   389.21314437850759     
   388.28837218468715     
   389.38194823275751     
   387.99244482777038     
   386.85316856535962     
   387.95520716525914     
   390.43715670863548     
   394.90279516583917     
   401.95210647741828     
   411.07301530923098     
   418.19952154415978     
   426.35306693363646     
   437.79155780996120     
   438.02078628190793     
   456.07763460155138     
   467.67894532901687     
   475.90877351140421     
   485.93393951847338     
   493.08096501386080     
   499.41545132067887     
   504.82950611966703     
   513.56156917538965     
   514.76061590962115     
   492.37321967446394     
   497.44187662849663     
   499.31816999345602     
   500.81336727682185     
   495.00949950255608     
   494.43468097954315     
   486.24468984372646     
   485.07653709165930     
   475.05308432384805     
   472.45099173950769     
   459.88706802837669     
   453.56372085673041     
   442.80487590760822     
   436.85041755566124     
   432.14723181266515     
   428.91958886014447     
   427.16497893241694     
   425.25598127802948     
   423.99931292678360     
   422.59078731147235     
   422.10238978212448     
   421.18491534530040     
   418.82996461315827     
   417.33615602896225     
   415.72367839398350     
   414.41507097077573     
   412.88810235480372     
   411.71185406519692     
   411.31515505655136     
   410.69374913489258     
   412.97845428246802     
   413.18590895422420     
   418.10200221124330     
   418.86602307157926     
   429.85861612015532     
   433.78789243708690     
   443.91625542361669     
   447.41967951300683     
   458.86752017406747     
   463.23920547350008     
   472.33517401853805     
   475.70211873000926     
   476.12767234461307     
   476.37369504437697     
   473.62458018216864     
   473.12931126889407     
   471.22519112925130     
   466.70591477546714     
   463.15065359946254     
   456.68923456781187     
   454.24641852641940     
   447.80516356088197     
   448.92854580433124     
   454.29254750711613     
   444.13123338749102     
   440.60514142479627     
   438.78048398268066     
   443.88754021525148     
   438.45566341497835     
   437.52020548110403     
   439.40267580139414     
   436.16417872394692     
   430.37143730552987     
   428.80464528233557     
   425.68287261470027     
   422.04800644318863     
   419.01636769332077     
   416.82255737062917     
   415.48758078096211     
   414.21227597851777     
   413.25927445500997     
   412.51242413764311     
   412.27876243846976     
   412.00295179996806     
   410.68156607468541     
   409.43510454287423     
   408.49319089524130     
   407.75042176321540     
   406.95029496963315     
   410.46753627183494     
   412.87596439417530     
   418.78858569106461     
   427.34938800019722     
   434.90649167084382     
   444.13499916958710     
   452.79553152911262     
   464.59390761918394     
   480.46046889477810     
   466.28902857842394     
   473.99731926741185     
   486.30672532607451     
   490.18136332560431     
   479.25495557588397     
   462.05909075030218     
   448.57218559595958     
   469.28276971770089     
   476.89724863790912     
   471.93764101848154     
   466.98818336588346     
   472.53262961741939     
   471.25814432716066     
   461.17415075984974     
   456.21169162688807     
   453.73431374397148     
   447.77312863512878     
   443.14489847981059     
   441.05467363866029     
   439.01209675907296     
   435.49831233930723     
   433.16614396742989     
   430.71039590640805     
   430.09376596561049     
   428.71623800761063     
   427.60747478511968     
   428.52054519556390     
   426.62530704676760     
   425.28712593161413     
   421.32908891370454     
   420.13833789535619     
   417.69272768991010     
   417.30068026420207     
   417.64923410999353     
   417.64584310239809     
   416.76049359648630     
   415.85679207909754     
   416.87700806916575     
   417.87210448191507     
   418.59374457076586     
   420.12707586285978     
   424.03898520651740     
   420.45341943893743     
   420.34689888544744     
   425.33197091353884     
   428.11781973075028     
   425.35812151293862     
   426.67023397598757     
   419.87475737382567     
   416.92727492293614     
   417.47309267052992     
   422.81913602025907     
   465.92285663619106     
   479.68083724737193     
   470.59019508735895     
   466.45191141658228     
   458.25490882524434     
   443.66758157091351     
   443.60663739068241     
   446.42569421564258     
   450.69748809031859     
   465.26305944204000     
   457.72336508775976     
   454.06548306029373     
   445.92356952225794     
   439.22887303410505     
   434.34529504083025     
   427.23512837426568     
   421.91728619542937     
   419.08479444402553     
   416.12968077550238     
   414.91161805424849     
   416.20066446332720     
   413.38204757639448     
   413.38732189611574     
   411.59279411501956     
   411.06838418278181     
   412.55372315903719     
   413.52977116691602     
   414.05417775757667     
   413.30255439867057     
   412.29481213410378     
   411.23140459053525     
   408.20131783568843     
   405.57450907388790     
   402.86873643133697     
   404.24064650354592     
   406.59113900079376     
   409.59577962618226     
   415.33400699566550     
   421.87137175456917     
   429.87167900069750     
   438.44318663658646     
   443.77432941883393     
   453.29768483452432     
   463.44337894246939     
   469.15988584111653     
   475.23001054181600     
   477.53818844811849     
   473.18606124905301     
   484.70312791899511     
   481.24781373648409     
   485.72084838480799     
   483.91001363386005     
   476.16201672975831     
   476.77320952101365     
   470.74238509972702     
   476.38760281185631     
   474.96237452822209     
   473.92100344685844     
   470.27331250665264     
   461.75734227820419     
   458.51315993335214     
   452.09674015085977     
   441.98782588570054     
   435.50851474198117     
   432.83119599140127     
   428.79193900188551     
   424.67576093003879     
   422.30481843637551     
   420.11590318365955     
   418.14183328475264     
   418.30228986111320     
   418.54625650838506     
   418.13237251215713     
   417.33770555467220     
   416.24884305383301     
   415.82561582111754     
   415.20714743513162     
   413.38067049585226     
   411.84646816769515     
   408.99457165454544     
   409.80876572461716     
   409.85950434917856     
   410.19607625198734     
   410.97607211908485     
   411.22446915581435     
   420.49207881799134     
   425.49091808538628     
   431.70303295997064     
   440.31786405332400     
   445.18310592361792     
   442.96921620519140     
   460.86220414596477     
   456.07095232816926     
   464.57404891149548     
   483.53823682706218     
   482.56027550047202     
   493.56220036059040     
   498.78813613153301     
   499.25546583127851     
   500.97731768554092     
   504.24569003574675     
   501.52473870628199     
   501.08547969888178     
   501.62482629609025     
   496.26054515148763     
   492.17851249123117     
   486.01621955901771     
   482.91944856960941     
   474.46528086917766     
   468.13693995142251     
   461.25706631450271     
   452.99708047510853     
   446.62519911438710     
   440.81001056853501     
   436.73695678557903     
   434.06640706477776     
   431.80321797374103     
   429.90908302121096     
   428.06264217318227     
   426.83844064371152     
   426.04056947238621     
   425.23114033205468     
   423.64708401521301     
   422.36449842008915     
   421.44460974190929     
   420.38028252819896     
   419.03629396131674     
   417.07976264143605     
   415.67050580796092     
   414.01211989542105     
   414.32107641434266     
   418.10974125701506     
   423.94270665332215     
   431.93223747602337     
   441.47349388771141     
   452.77081989000914     
   463.73118210704280     
   474.19547390521706     
   485.59447256374136     
   497.46594354665166     
   505.15397233096189     
   515.17123429843582     
   523.69731648041216     
   530.86877035842849     
   536.08806988832794     
   542.07791465001480     
   546.38069075031774     
   553.07064132540881     
   557.77485024773330     
   557.95993371816826     
   553.93533360399954     
   546.75935177114729     
   539.92314217088324     
   534.99927759189461     
   521.65785970382342     
   514.90614262656050     
   509.40519214004036     
   500.75397740726351     
   491.77867043569847     
   481.79649250278180     
   473.84541934821192     
   467.35954295062089     
   462.86028287998386     
   459.85001641167707     
   456.47533483713948     
   453.32444784787714     
   450.78137949128592     
   448.60223579657043     
   446.10051991871097     
   444.38329226265711     
   442.88801189332935     
   441.72906934554396     
   440.83569228453365     
   440.17655721218387     
   439.51570922246498     
   438.56912829419792     
   437.58488760658679     
   435.94893209017016     
   435.78572735835490     
   439.10634413886106     
   444.48900252740560     
   451.19970807494656     
   460.28712048569514     
   470.45359684323176     
   481.71457299859458     
   494.37503822454613     
   506.52564161177634     
   517.20521753264416     
   528.42271328731931     
   538.71592232121998     
   547.39726959034840     
   556.13325451354149     
   562.01876758783533     
   560.70539382391496     
   560.74991562174296     
   565.40381886215653     
   565.39996048276907     
   564.85128632636997     
   562.00309666815701     
   550.61025595992930     
   541.37306974116200     
   535.03164272363574     
   527.43573620470852     
   508.18279802198686     
   496.06932441186251     
   492.49498600704715     
   487.72464969174183     
   478.40699997103127     
   472.22995651147642     
   465.90467261602947     
   462.74076352389568     
   459.56531855896515     
   457.45098913316519     
   454.33506382315528     
   452.37971301840315     
   450.80068297538725     
   449.46649571287355     
   447.61410421453797     
   446.15487732947366     
   444.53693414224483     
   442.58472793418872     
   441.22814417575700     
   440.45837973281760     
   439.57930390585983     
   438.98453832900418     
   437.94842219091601     
   438.32432005404655     
   440.74550253784764     
   444.17612922183383     
   450.46626912253413     
   459.88457736332236     
   470.21885675532405     
   481.83331873502459     
   493.47108013671692     
   504.56544545461321     
   514.50315360116429     
   521.05655253078646     
   528.41963109534470     
   536.27681759733207     
   544.41080273821183     
   550.51768629642288     
   556.77663828927518     
   560.01524942285664     
   561.11705821993814     
   561.26207729339819     
   564.27929770711535     
   563.59077848936568     
   564.31968659711583     
   563.11791881164197     
   561.79399408587778     
   557.68113856031687     
   551.49883053494545     
   546.52728925335634     
   539.24009218579545     
   529.93976142596387     
   520.86602130495226     
   515.15436420698927     
   507.94476149210533     
   502.88970592367673     
   499.75297866404878     
   497.02198379893292     
   494.50861414634443     
   491.72452361192779     
   489.29920010100619     
   488.48010387494929     
   487.50724266188541     
   488.23395495186071     
   475.29443391859866     
   467.55801118251071     
   463.22017823961221     
   464.96789086353101     
   460.24996764589366     
   456.89169276878863     
   454.44093149454568     
   453.06093645573895     
   454.98674480810666     
   460.23292700076053     
   464.57300623868082     
   470.33932136141169     
   479.54140467517885     
   491.32342315526608     
   499.78398147868080     
   509.44244856055838     
   518.02397095283936     
   526.62223863904956     
   535.35686896048492     
   542.13042712653134     
   550.68509271469316     
   554.66454052101381     
   558.02026850568836     
   559.57075536807918     
   565.12113926702705     
   569.68633796607389     
   569.00834868544541     
   567.08801636788360     
   570.13722614752783     
   558.21760114602296     
   549.11894181832940     
   535.82421414218584     
   526.89592285933713     
   518.27062542358840     
   517.42360598106859     
   510.91355525338281     
   494.25245519229696     
   486.98974164524503     
   481.00860320343986     
   471.99341234561689     
   468.00256724178377     
   465.20831970180757     
   461.22096860334869     
   458.99076040410182     
   458.39534831814967     
   456.74934723001826     
   455.66227882225837     
   453.26461172948683     
   451.86849646031703     
   450.72609569049558     
   449.62060243676950     
   449.98588998900351     
   448.53931938755494     
   446.53322037089566     
   444.44092226491586     
   444.47594613649500     
   446.00987638780907     
   449.40696125222655     
   454.91393670243917     
   464.47934860795112     
   467.91278196024206     
   466.81008594509035     
   474.15524926606236     
   488.79952344914636     
   505.79083168018195     
   504.09205325772609     
   511.47823841614093     
   535.44099707660519     
   544.00658213654697     
   544.00231675455336     
   549.06669428193811     
   554.33853369447468     
   554.72798622085759     
   535.06147429018438     
   533.81013773732570     
   526.69546350326561     
   510.09513320577958     
   510.52867187021894     
   501.91631687622612     
   487.74749473407650     
   479.10436194831351     
   473.99618494548838     
   469.73955721015739     
   462.92037903941991     
   456.69129159358909     
   452.45276538573006     
   446.87413895865950     
   444.84814427498242     
   442.50915969523908     
   440.98062446333324     
   439.51694973463873     
   438.21796679818539     
   439.58404277088482     
   436.98778734647340     
   434.11775549198404     
   432.94104126719793     
   433.89587723969026     
   433.55941281020517     
   433.15656151920751     
   432.21396725611760     
   432.04942099118784     
   431.33373257272717     
   430.71213850920367     
   429.70069468857838     
   431.05941640686797     
   435.02226245047092     
   435.77890818234692     
   443.46806852388346     
   452.81329259674322     
   461.33447796080969     
   474.10083817423850     
   481.07088787553278     
   496.01352060321040     
   508.78849971881425     
   515.26800573858566     
   514.02271782987134     
   506.39539276015461     
   504.91615675827757     
   485.46184052081765     
   471.46973461672326     
   462.08109966390634     
   459.29459684503695     
   456.81257523146371     
   451.97708666481310     
   447.87925048844698     
   447.09184613969825     
   444.26196649694577     
   441.86464800176094     
   440.07484357706880     
   437.58913335073663     
   435.30368302541842     
   434.59809246311096     
   431.42445680021331     
   430.17161883080553     
   428.18131715105488     
   426.88573265898259     
   425.99023620154179     
   425.85588474542965     
   424.92574858326202     
   421.88497593642029     
   417.29570281894763     
   414.92329549414444     
   413.96085766254924     
   414.06062385233469     
   414.12835339574900     
   414.04844778036187     
   411.51761026922429     
   410.40427306421088     
   409.17821234496631     
   408.35557247498627     
   407.59206279557759     
   407.43725512051537     
   409.06200316688677     
   413.82696946154948     
   418.95144728246112     
   427.45191831489757     
   436.09537249336029     
   444.86288893573879     
   456.02839176761807     
   463.83920797311617     
   475.63585449687776     
   476.49343915892905     
   492.42145134246488     
   498.17550892704583     
   500.02331565041885     
   507.70450500238917     
   510.64332006068059     
   502.41852911028923     
   510.02868573892522     
   493.05578898785905     
   498.36610820052573     
   496.69769794042156     
   488.70066254292760     
   494.86196242768432     
   497.74029480025513     
   494.46953909298827     
   479.89220692722165     
   476.82180026980870     
   466.79745629049222     
   458.99394983433820     
   451.68337485429765     
   446.35898578826504     
   442.12761782050126     
   438.70598811703405     
   436.41820948205265     
   433.51308285514216     
   431.35687284110401     
   429.96265375358030     
   428.53717871301683     
   427.16854663667743     
   425.41705059712859     
   423.51420169532412     
   421.84301336086747     
   420.41898790580723     
   418.80235169907235     
   417.27693292117755     
   416.47327385533112     
   415.68270956893440     
   414.27181337026838     
   413.12020120244529     
   414.29191240927310     
   418.90522900429625     
   425.70683156173425     
   434.66664000685392     
   444.83431253036099     
   455.46499980039454     
   465.17011989996257     
   476.21221172515527     
   484.48414272629884     
   493.67177060690847     
   503.02191009227113     
   511.60109153269997     
   515.59710329545089     
   520.23508868705153     
   520.63000268394944     
   519.71805446624705     
   526.07254290598905     
   520.71951378718961     
   521.41389292633301     
   524.77686235116994     
   509.47093328486994     
   516.84751593078477     
   509.72611615514734     
   499.68341999006509     
   487.18116450644692     
   488.62002184007196     
   482.61340577695069     
   477.68048919942618     
   470.28897315568719     
   462.83712432908374     
   455.82351376418757     
   450.74132971918243     
   445.28516290929355     
   442.74375924056216     
   440.66039301786100     
   438.62117061206953     
   436.99521666304395     
   435.36849573109322     
   430.57410122252617     
   426.94463007385758     
   423.65875228537755     
   421.29966616155832     
   419.26053443921052     
   417.44143349404163     
   415.09576827026928     
   413.93343715247659     
   411.95316780792194     
   410.58204866383238     
   412.35746141130016     
   415.92957112494491     
   422.10403145090288     
   423.29298111070636     
   427.28023145132545     
   430.60527501391329     
   431.05350794779230     
   439.53480062586578     
   445.89429003683165     
   454.29541415304033     
   436.82897725484787     
   438.51731882751619     
   432.49797310001441     
   426.59127626066004     
   427.35370498381769     
   430.45322696946840     
   430.50248263592522     
   441.22787880042978     
   434.04031944058744     
   436.35587018237584     
   444.01088990759189     
   443.83509192078600     
   443.76603570708153     
   443.36920738670500     
   439.80252419573839     
   438.92500036315431     
   436.42580727696657     
   429.68719385733579     
   426.32342013211945     
   425.44900449390752     
   421.98498993893304     
   415.26577577507663     
   412.66228313625498     
   410.09315888444092     
   408.27764098478696     
   406.47216993325685     
   405.21993144986084     
   405.75054813279502     
   406.00351034866208     
   407.70162437366344     
   407.42483562548591     
   406.72764371124248     
   406.39925620002259     
   406.67832203754637     
   406.02010517294781     
   404.78564097034325     
   402.61621086776546     
   403.45850550504849     
   406.39112119900824     
   409.54336984350408     
   410.63420750806836     
   413.36734924476275     
   418.87453913552082     
   425.36638073706195     
   425.72733798885366     
   432.30865212941052     
   441.22004304200891     
   442.74483938739024     
   453.68832857030748     
   450.41290339560072     
   457.94477942538941     
   453.98716924447012     
   463.39355502811600     
   460.57183093975715     
   464.15224757976654     
   456.11071913686993     
   457.05406803654660     
   462.31028781824375     
   459.72051167882819     
   451.49276803985134     
   444.91383194294963     
   449.16949203087546     
   448.50167291557108     
   442.04714121753648     
   434.11897237220541     
   432.59427291517153     
   426.54612790867156     
   423.48582333903460     
   417.69276296377819     
   415.57540056634872     
   412.88115160778261     
   412.01122579245612     
   410.02455612868329     
   410.38436001145118     
   409.45626319894166     
   409.91224314008895     
   411.46403615907838     
   411.48642982533920     
   409.44161000585189     
   410.15342840130336     
   410.57474345618806     
   410.78865974383740     
   410.17920834405572     
   410.98650018636874     
   410.87700422659776     
   410.00378141528978     
   410.58867931879587     
   413.16192448395077     
   413.83589707854549     
   415.91014608214192     
   419.17337773910936     
   424.54125040584972     
   423.29802891334128     
   436.61206321457303     
   436.04307820849874     
   459.20975680955343     
   456.98395220015379     
   438.24763330503271     
   443.62765752638694     
   465.19260096827935     
   458.16159892792905     
   442.73395750180032     
   438.33284903822522     
   439.41992630452080     
   437.83968577230223     
   443.15536490374353     
   445.13841664236560     
   440.34202510482908     
   442.65888120849110     
   442.93981361706295     
   437.32705025365277     
   437.11099607214152     
   432.67379619621704     
   426.30201070792583     
   423.09061494845406     
   417.97936562216563     
   414.35691559517340     
   412.26814869135450     
   410.94431856998904     
   409.82890092237403     
   411.05138341982700     
   411.64470306751485     
   411.72405435574609     
   409.69902274637093     
   408.10294460877560     
   407.86977596172056     
   406.01974562585718     
   404.24206528915192     
   407.58292145288499     
   407.54714804976362     
   405.04239209662359     
   402.40764788503009     
   403.76718846270211     
   405.04860276118814     
   404.97187412309944     
   403.92837921109958     
   407.01512945190882     
   412.86273380993623     
   420.96103498928778     
   423.69229521192437     
   423.79280879658091     
   434.13332253270875     
   456.07357313537369     
   469.72666856670423     
   448.67020344822379     
   446.53351924580301     
   442.66611723754949     
   444.98468211587578     
   451.70954741526322     
   447.25450366670941     
   449.63564079328290     
   456.13385448283276     
   455.89186983628332     
   440.04056224948221     
   436.92344623481188     
   447.28557802296831     
   440.97004406555408     
   440.56371379474177     
   436.53119890394618     
   432.43443665236168     
   431.44593123310113     
   431.75824450023356     
   428.64267630043219     
   421.67963419693325     
   415.78958874675044     
   412.54245909193389     
   410.92102363566687     
   409.02325781532284     
   407.56989032547898     
   405.91131249754324     
   404.64765541980250     
   403.64959759429371     
   402.72316715240237     
   401.75537863453093     
   400.99007856703901     
   400.95721530163007     
   400.09072984229937     
   399.41882370167997     
   398.80742031925229     
   401.84857405076241     
   403.64073910734470     
   404.66432805933357     
   403.91169411930042     
   406.55499247362349     
   409.71634804882308     
   418.20812626023462     
   425.20590130988217     
   430.67483004649506     
   425.89043803445168     
   432.20741852457735     
   455.25080983717311     
   471.39847840854276     
   474.22420993832185     
   474.55278211399144     
   464.84750926252718     
   483.70389295194479     
   499.64655833751590     
   495.15526770351880     
   503.98889929692950     
   501.42649911868153     
   488.39038604923070     
   488.21838445924465     
   476.34032520989814     
   470.95307706840606     
   475.22975942250082     
   483.57404963268993     
   468.53599446820169     
   464.01929168510958     
   457.87164105490984     
   451.02738962264959     
   446.45818866671061     
   441.22859586191333     
   438.97088992009498     
   435.80656372002812     
   435.01721561361620     
   434.64284052513602     
   433.27013132179189     
   432.23928111940165     
   430.88854121278632     
   429.01506271673543     
   428.24480999997627     
   428.16681382612029     
   428.09389285944980     
   427.53136597410366     
   426.61433316887019     
   426.40521036903630     
   425.74186467007570     
   424.96918913094299     
   423.75725100867470     
   422.40599450477896     
   422.48248580241841     
   423.44376061348254     
   424.26040111410856     
   425.99440042555727     
   431.11724515342905     
   440.77993245086492     
   443.61668919496657     
   446.20534224305453     
   447.78639478142753     
   461.07889710879397     
   473.47083486691434     
   478.04400353946824     
   467.80186576291510     
   475.10625318995932     
   476.51564154504990     
   486.03468616844106     
   486.63846425496467     
   490.40606407171629     
   487.76298970863166     
   487.14855369877858     
   480.82031178372006     
   468.41519327406849     
   462.80399569756929     
   458.09216099493887     
   452.19938076957015     
   451.53834407353406     
   448.03118848052839     
   442.67204581933981     
   435.01305702106845     
   429.44858914248380     
   426.70824557862477     
   425.19718089700211     
   422.97982616445586     
   421.35242531896472     
   419.75648317928096     
   418.21358480333453     
   417.10213829097012     
   415.90276926126296     
   414.15182002637437     
   415.62389318972623     
   412.88034397091076     
   410.20788020449260     
   408.71547917170381     
   407.25245993858152     
   406.01587162918213     
   404.96165568726258     
   403.86073915685313     
   403.79439041077302     
   405.56259498550776     
   408.94448034799552     
   409.44442879452163     
   414.62583013308773     
   421.41994457524640     
   421.82318915934161     
   427.93455594306283     
   428.04344883587100     
   445.03588563001387     
   443.07558413067738     
   454.96109815866794     
   463.65593806020183     
   472.95409888094355     
   468.41041770357941     
   468.44969458823641     
   460.65702622794288     
   464.02880749476446     
   467.39721668453603     
   459.18938844244508     
   457.94212605894870     
   471.24644081292178     
   466.31531055636884     
   462.83449900639346     
   456.84201569269618     
   456.57095270173988     
   455.25560068155977     
   447.30673413750503     
   440.28188358881039     
   433.63391761487003     
   428.45676609719436     
   426.11033850331262     
   424.64869643311823     
   421.59835540125255     
   421.43854516538914     
   422.30721024375538     
   419.19177706447590     
   416.00572350397493     
   413.39692515455562     
   411.83039518747592     
   410.32483875038071     
   410.03016412224656     
   408.49712830859863     
   408.46559427738504     
   410.61709076731188     
   412.36670245304447     
   414.21272587559559     
   413.01790190373646     
   410.68691155174167     
   412.92366021759369     
   413.58605110134766     
   413.27843266748681     
   419.03131710069090     
   427.99475509421268     
   429.88303213623709     
   431.71293827824718     
   438.86240219429487     
   449.47072994834082     
   450.20310833606436     
   459.91003788435381     
   468.40137989560355     
   462.23522205622334     
   467.79638774652369     
   471.77585597457733     
   467.39741668442110     
   470.09271106229471     
   464.48748341624690     
   470.77512101677826     
   472.48389351041709     
   467.38450990968681     
   469.08753058750381     
   461.05907215887828     
   460.48291355469217     
   453.90305133731903     
   447.98640890022438     
   442.63040962597427     
   434.97282765911888     
   428.06794633455434     
   424.17656739617132     
   425.17769583529241     
   424.13274880290044     
   421.10981647814617     
   421.06755293311369     
   420.44214161911896     
   417.21544976400787     
   416.28196796535781     
   416.16521239776858     
   414.28418072053870     
   413.51831794216884     
   413.46539416800539     
   413.16792599448416     
   412.61568945924972     
   411.86065280402619     
   412.95998307456722     
   411.43366684851242     
   410.96130579105949     
   411.21644750639246     
   410.96934259150527     
   410.79014994831505     
   415.07434984675507     
   426.26458204437057     
   422.84098744006604     
   436.86507374662443     
   433.67355393432240     
   441.17138952528455     
   450.64196647559066     
   456.81314056924077     
   466.24096988586319     
   463.72518388440733     
   465.71866918585334     
   482.32857663222148     
   483.34844003467327     
   476.44374181390765     
   476.60156026575794     
   477.79549911566261     
   479.67421931195167     
   483.54917530025807     
   483.31060512372801     
   481.28892289470264     
   472.81925943649890     
   466.39562129427208     
   458.95634521797859     
   455.85248631137404     
   449.65595440825945     
   442.84248220344921     
   435.82162437632212     
   429.91942359924434     
   426.49892521149388     
   423.71794053508347     
   421.72615765690716     
   419.50494186462538     
   417.73395080427042     
   416.44211656345129     
   415.02814678101197     
   414.03311039052164     
   412.91383782991704     
   412.20701924917279     
   412.37680089954841     
   413.75724704671296     
   412.34483749990818     
   410.73373898983698     
   408.84021860200113     
   407.91861218081652     
   410.15539639748124     
   410.69214852321812     
   413.13930361138620     
   413.08672455743931     
   412.02118115671135     
   413.67292056530016     
   415.44060482052629     
   420.28705909320314     
   427.31502276210358     
   425.94846066635074     
   424.04215892527617     
   428.42107878254245     
   427.69522165852277     
   427.16352499575936     
   429.63068021551533     
   433.14328305441052     
   433.23013564699835     
   432.19104931702554     
   434.71643593999931     
   445.19349828801177     
   441.25186823185334     
   438.64390988414107     
   439.30070240800740     
   437.45379409548480     
   449.91138768828637     
   450.99278848396472     
   444.38234288182559     
   443.78306782591568     
   446.78280478983561     
   441.07885646203891     
   438.99914605745244     
   438.65874975050440     
   428.11915836253525     
   424.57120077648705     
   421.61467633426685     
   419.77541788236653     
   418.80156191362403     
   417.20132635774013     
   416.82892030109412     
   416.79938971342153     
   415.39342703266163     
   414.28539732421683     
   413.66707592255136     
   413.18570148779611     
   412.41691581426477     
   411.50229531527123     
   410.45496140835991     
   409.54730131969637     
   408.74060226258229     
   408.54728454819440     
   413.36906366885580     
   410.99237365476114     
   414.45673534585984     
   417.18120847192648     
   427.86498112903524     
   424.72823409962109     
   430.74263834158376     
   431.45755855749843     
   423.24593526684407     
   435.38464047016765     
   447.97491336653911     
   452.27589489100438     
   447.24369665631673     
   447.80630069231756     
   452.44336090354602     
   447.14608965322867     
   457.91142549991963     
   448.88137791987708     
   455.28896899808836     
   457.82505607081424     
   454.34223144953751     
   451.10828287476085     
   448.51662183702183     
   445.49600270829632     
   442.48270399857961     
   436.44252311358076     
   432.26301888247195     
   427.11289489078717     
   422.11154700047263     
   418.59767625366908     
   416.05364039243307     
   414.34343929525346     
   412.92565424447344     
   411.55837301925675     
   410.54614028428466     
   409.47332754595004     
   408.28915895451092     
   407.37378774919728     
   406.61256908316238     
   405.78943818204493     
   405.08024545656338     
   404.35456675399968     
   403.88708564365254     
   403.21822946874960     
   402.41084891396957     
   401.61976724892111     
   400.14355239221612     
   400.55512207147683     
   403.07712724981900     
   403.11518064157229     
   408.05335543433665     
   416.09455535551456     
   421.61731282294051     
   420.81586648326396     
   428.71895461448833     
   438.90489669025038     
   446.35938181167853     
   440.08627918541140     
   446.14305962701292     
   442.31903152329249     
   451.14600416168770     
   454.97754318170172     
   451.56899566054761     
   452.76459696516781     
   446.73029263376407     
   446.83380033657954     
   445.79090275136127     
   443.71008517860440     
   448.94707614602669     
   444.16049676513990     
   435.96998766842825     
   433.51322692227404     
   427.30923790037406     
   425.56607590994162     
   423.88990127901900     
   421.33459173738976     
   414.46068221483847     
   411.54752827160274     
   410.03247960288252     
   408.78950251928325     
   406.26841472818609     
   404.19788760488780     
   402.61617438641309     
   402.27236322663919     
   401.60625214087037     
   399.83351513428852     
   399.55438279900437     
   398.34098875825907     
   397.19789557618412     
   398.02747454085977     
   397.08239303033469     
   397.76950406782231     
   397.38235328409041     
   398.21550846294332     
   397.72082580703909     
   396.27442761340080     
   400.82009101188970     
   400.78971243117093     
   402.80286339897424     
   409.44207506460310     
   412.44036401483731     
   420.08506518678251     
   418.38999071441486     
   419.84475323469428     
   421.87046371131123     
   425.09564682629286     
   429.08449772029542     
   443.84058884713335     
   425.32736470999725     
   451.44167671796674     
   455.95807517117004     
   446.24169631818938     
   465.26970693560304     
   446.62353144232628     
   432.61492066482350     
   433.45697610706100     
   432.26605046436055     
   430.09652736796215     
   425.66575629340861     
   423.43140656292752     
   423.26708014426026     
   421.41992921821804     
   418.81722901909671     
   413.06322910601665     
   409.52923625579791     
   409.93622685050025     
   409.26703796960430     
   409.66628354118649     
   409.58242349890520     
   405.51854306004151     
   404.98094936566679     
   403.89398738811883     
   405.01042338963958     
   404.09738043486681     
   403.13884809678933     
   402.10609299242270     
   401.26630920465726     
   400.42018792117585     
   398.78462164937326     
   397.29922497236873     
   396.76126270251029     
   395.25125136102270     
   393.82366967463912     
   392.46866478273193     
   391.45241801047882     
   393.50654215581181     
   395.14212272245049     
   396.07726629275618     
   401.57665629500741     
   417.69970811016503     
   428.84369617766464     
   430.06115469032733     
   435.04550892926937     
   445.65263430778651     
   443.48576535089279     
   442.60236897130869     
   453.38376572288155     
   445.58254264854060     
   422.73593469820054     
   425.53658569605744     
   445.89590007082262     
   432.76438959137624     
   448.46652629053636     
   449.56715644198141     
   442.21732261750810     
   440.33136083841202     
   439.36288593895023     
   425.83300321191410     
   418.43837828622281     
   418.71202232506505     
   413.53386078238151     
   410.73760207435441     
   402.24828549556372     
   396.71618944569025     
   395.12735979699448     
   395.04872341048332     
   392.84424607445300     
   391.15914662911081     
   389.50329862357847     
   388.41429002474388     
   387.61802273415867     
   385.38103926929239     
   383.85551688544967     
   382.91200243919729     
   382.31774463292186     
   381.43818517048300     
   380.58902130944284     
   380.41748028152500     
   384.04978913556209     
   385.97796071253970     
   382.41600200005360     
   379.65739735662913     
   379.34012642569309     
   383.22987399919066     
   386.00608527378205     
   392.92022987625546     
   400.60510272343441     
   400.85199348480324     
   404.43583482991676     
   407.26712576694263     
   415.62605544539866     
   427.18816607768809     
   444.34019849386408     
   437.46177488862986     
   440.89023891436744     
   450.10720516314439     
   448.19943873234655     
   459.14938629403417     
   459.72602824954168     
   450.86209751242893     
   453.14482080964046     
   451.22113413546327     
   440.21447209501139     
   434.37206084083539     
   428.39304930465408     
   426.67773690105804     
   422.70715195138598     
   421.23727153673298     
   418.92439322271815     
   420.59067670429039     
   418.93336793840461     
   416.37128883804502     
   418.39679788478350     
   418.18873038682727     
   417.12923068666959     
   416.87797931061243     
   418.72537254038275     
   418.42494542899533     
   419.99760868813638     
   419.82216050429690     
   417.51666847947291     
   420.40247376097830     
   424.75587175117181     
   424.48553961382913     
   423.93732328559412     
   426.02698386099274     
   423.67519606903539     
   425.54355091372292     
   425.62301623781855     
   426.67812687009069     
   427.62161644976339     
   426.20579445002301     
   427.06337345102759     
   430.17095084307783     
   433.96559222305802     
   432.28112977029667     
   435.40461016972671     
   445.52559691145302     
   443.79018557978378     
   439.71925562918824     
   448.17227247431669     
   449.06790803009795     
   443.69478011682548     
   436.33529878294434     
   447.36436901033352     
   443.91994126195209     
   445.50945816537279     
   447.98398376593332     
   440.54584471832175     
   442.28942534214167     
   445.43240385596744     
   434.39215684717965     
   429.09602300867425     
   423.30199671478459     
   422.76564678554598     
   422.07089745506477     
   419.57560693626749     
   417.35279120209282     
   414.26247703876157     
   411.05695918473293     
   407.68689581004293     
   408.98298383412157     
   407.17527599369004     
   402.87140075844172     
   401.06553111183734     
   402.78350344530423     
   399.06798308161126     
   397.07795019922924     
   395.94732477637314     
   394.72676423603804     
   393.57193012691346     
   392.22376631792463     
   391.89814073752916     
   391.01550435629997     
   389.96739495800517     
   389.45405022156558     
   388.29531861717635     
   389.58283881504866     
   389.76636766940703     
   393.01893637088847     
   395.48590055520663     
   397.94919211387150     
   405.98611774459619     
   417.08871774052756     
   432.40268137018472     
   435.75070161546699     
   440.64855846301629     
   440.11196233900483     
   446.41460938943766     
   444.83098624326573     
   450.98688690974285     
   459.36203827163638     
   451.37359650134033     
   454.46076489602927     
   463.45931039104318     
   454.53832122522732     
   449.84696770031996     
   448.74130494139229     
   452.37035658737540     
   448.35459384208394     
   443.23695475184536     
   437.88220862600434     
   434.18993185644968     
   431.51281866641972     
   429.27589343693836     
   426.27546121706945     
   422.69495606303911     
   419.85435506353525     
   418.59957430490016     
   417.94236408376929     
   416.66439756302890     
   415.68460445400115     
   414.32051221567366     
   414.04632978193780     
   414.14122511847410     
   417.28378975611133     
   415.44896930464091     
   414.38638721643053     
   410.79393205655759     
   408.77380471847391     
   408.20867594492933     
   407.93807905842800     
   410.83522443690691     
   409.42482735192243     
   409.73494168537451     
   411.24153662230168     
   409.24854208682001     
   410.09990733618753     
   412.24061560505589     
   410.36533156208588     
   412.25249665269513     
   415.42210130848849     
   419.26646314609616     
   421.03614789676732     
   421.89462272455927     
   425.70092394761565     
   441.73624512037708     
   444.91158946284730     
   447.90161552893727     
   444.57428351920026     
   447.77303890704269     
   446.42757140408594     
   443.10431592255395     
   439.28699345055884     
   437.81039910770414     
   440.06798923377301     
   439.40792686855463     
   439.73040732241111     
   439.25001540631604     
   442.18736912425896     
   437.58508784958633     
   430.20764260472060     
   424.46782325913045     
   420.67710409588142     
   416.58885930044579     
   413.60250790244686     
   411.41856943427018     
   408.58982439239770     
   407.78646468852617     
   407.16158121250061     
   405.33857064702869     
   405.29265707406694     
   404.41050473603167     
   403.50222714139210     
   402.35399309439748     
   401.90061958987957     
   401.93055993109937     
   401.60964421563222     
   401.86589252730835     
   402.33710564285815     
   402.84306883988324     
   403.12738931575115     
   402.78843741787159     
   402.12766453438547     
   401.49100823159949     
   403.11534187517805     
   404.39252850633449     
   405.60804633531609     
   406.91335585893160     
   407.37143626634554     
   408.80310532735081     
   409.95827970347005     
   409.38879726398204     
   409.47634133497945     
   407.91537526831991     
   412.48065836029389     
   421.27036460929378     
   421.15386241612384     
   423.06485288168449     
   423.97762935593369     
   424.89706888240943     
   438.91759673381540     
   444.13955178370156     
   444.24882347470657     
   444.87977515635885     
   437.07858452349359     
   436.80289805636960     
   440.70151062013389     
   429.74192589442481     
   428.39392197276152     
   420.94275178466438     
   416.35080462331888     
   411.15294131674574     
   406.72272084103002     
   404.40789460384372     
   402.02120902341227     
   400.29352361122750     
   399.39494235834837     
   398.19758264980976     
   398.31951725215015     
   398.54010279211371     
   398.92380281899403     
   397.45124154073181     
   397.64494799877224     
   394.94775424594854     
   393.77410572219827     
   392.66280055777810     
   391.07148715485624     
   391.62838959057194     
   395.15929312399197     
   394.60416270212227     
   394.60417017023735     
   395.16798846210429     
   396.56946862367494     
   399.19986821195118     
   403.42195143371799     
   407.88873830636288     
   415.78810651870111     
   424.49698346722454     
   421.87274879649294     
   418.30542098315811     
   420.51984236905759     
   440.64473862696093     
   441.80144161426045     
   435.13715013343210     
   455.26479407786434     
   453.24384214558575     
   457.48163231931181     
   459.29975511949613     
   459.35525237708657     
   462.28043431441836     
   458.11870279522680     
   458.74913472599860     
   456.47941539211939     
   451.31519015416984     
   445.99855908929447     
   438.51669167513677     
   429.61395738055103     
   424.04935045485979     
   417.23425501886493     
   413.62202047940724     
   411.61065410772130     
   409.31629006807879     
   406.98602727636234     
   404.95317076593415     
   403.64697101323191     
   403.36557956418767     
   406.63814159838557     
   405.46652880696900     
   403.45834363571151     
   402.69548881226746     
   397.73666934207165     
   395.57248319589780     
   394.72483468234390     
   395.35337257687598     
   392.82698747470312     
   392.09409738002688     
   390.69706435414065     
   389.83724999805361     
   389.38824537287582     
   388.83927344853015     
   391.22990254086068     
   395.72378697928553     
   403.14253475631915     
   412.45726487030765     
   422.66034285435711     
   428.73420093575101     
   429.31372239137397     
   421.04956086791316     
   424.91045792250884     
   437.96002893829274     
   452.16789509214505     
   452.92290113772032     
   465.77979002911945     
   451.97856513540188     
   457.19363666672058     
   459.99057532959949     
   464.65468791070674     
   457.39085318855507     
   451.35405372379904     
   455.50546042830439     
   456.79569100641220     
   439.52793110466013     
   443.27695893046786     
   438.75550402219392     
   431.72468808058454     
   422.98761210264314     
   416.51072099960004     
   410.92486288369321     
   409.12346484977769     
   406.72751817769000     
   408.82020474385649     
   408.11119995876521     
   406.12095347660403     
   401.88601060054594     
   399.06102756252062     
   396.88328155883408     
   394.78125484785323     
   393.25876281806427     
   391.91554251817990     
   390.57027260735686     
   389.55616575498328     
   388.41024666823347     
   387.55171740088156     
   386.49031379848412     
   385.22872379527229     
   383.86783260324495     
   383.46001199317288     
   383.24222101140623     
   385.61120055882736     
   390.58675757861926     
   396.81242492949116     
   405.69049053175604     
   415.19273378100587     
   426.08009896507980     
   434.13911829389173     
   432.59336098647213     
   446.04015834233252     
   448.89878516422840     
   429.22018305803698     
   427.30409623162899     
   437.35858890416074     
   444.11895819306375     
   443.74572271404793     
   434.67783176493776     
   459.59678366962981     
   465.12071879183384     
   464.79252809412873     
   464.63155731694462     
   458.24174874404281     
   456.64243589525705     
   452.71794130272627     
   446.45180448627866     
   439.90014482116686     
   431.94734958164884     
   425.13726963264423     
   418.71662545551101     
   415.59215656338472     
   413.06020265505646     
   410.68006831197704     
   408.14667024535487     
   406.38144915271289     
   404.52829647724218     
   403.07287027558732     
   401.53322675975812     
   400.09960791781407     
   398.66156676742247     
   397.52454361282031     
   396.70354598216994     
   395.31134095103494     
   393.91718278727842     
   392.75299458829119     
   391.46006414690498     
   390.28283461208150     
   389.16556554422812     
   388.21607678179294     
   387.19664217199727     
   387.64464487844128     
   393.51771712093978     
   400.56824864434947     
   410.42562707298185     
   420.86018027310394     
   429.57511401493684     
   438.76322397615945     
   448.73851141401315     
   459.22676275692771     
   464.79028247679952     
   473.73497566856298     
   477.27538527161852     
   478.24122548708073     
   481.94710252494798     
   482.31748851737569     
   481.40469958685748     
   482.74147695082013     
   481.63695195844286     
   480.13962796902615     
   476.73453986917457     
   471.31962927895836     
   464.02942464162402     
   458.02186854703143     
   449.68010123884693     
   442.67277754134142     
   434.04014710757929     
   429.50642712180087     
   423.38286001233644     
   419.34540613909951     
   416.39209729507309     
   414.16816034305032     
   412.31450596126581     
   410.23116576411996     
   407.73390092008913     
   405.41934222294827     
   403.63213007849254     
   402.59257627609423     
   401.89631359847601     
   400.38767534378707     
   399.44378376274875     
   398.71686878548439     
   397.55720195689634     
   396.48807652248183     
   395.17014478669330     
   394.21535640303478     
   393.61809029975899     
   393.46286979139063     
   393.14677840298219     
   395.17240598730496     
   399.39958052186097     
   405.73917647894075     
   415.37197851994034     
   426.05266114823775     
   433.55873955164407     
   445.47318853139024     
   454.73809108637710     
   464.07545461763976     
   471.49652559398311     
   481.43139887175107     
   493.52243112338471     
   498.46625853542292     
   502.19183792986877     
   506.50184815115210     
   509.56821140660037     
   508.33395943639630     
   508.61127053935905     
   499.27423018321821     
   492.93734447640293     
   494.44351843169028     
   489.77471027011700     
   481.69030811846358     
   472.87854863072289     
   463.54727117331606     
   454.37073033781712     
   446.96103273301975     
   439.02531154179542     
   434.62296968482570     
   431.32639070104022     
   428.98373581841810     
   426.58913469792594     
   423.95712580375067     
   421.60709999168091     
   419.60731669981391     
   418.03163834158903     
   416.50655525995239     
   415.17739019290792     
   414.19308796898190     
   413.12261425516249     
   411.99624054356065     
   410.99205307496339     
   409.46223187172853     
   407.84846831729908     
   406.51339330755445     
   405.17397335113156     
   404.08610335309186     
   403.34340353832874     
   404.72752293564656     
   409.36525907416876     
   415.46255868969592     
   424.09325511081380     
   434.17322031653623     
   444.83233538511359     
   456.08601646713157     
   466.83233584489142     
   475.40482611895465     
   482.63518680928269     
   494.48214409944177     
   504.35793292180034     
   508.78215220558155     
   512.54759087700177     
   516.10182980091975     
   518.38738536786718     
   521.59911283547626     
   520.74987886453232     
   519.73877518367431     
   517.60948824843024     
   513.56689458042683     
   509.75555454727009     
   503.02698981587389     
   494.68216049494544     
   486.75233679821451     
   476.75881338022020     
   467.70660436416387     
   461.11001133002395     
   455.89552122522230     
   452.51246580592738     
   450.07229199899933     
   447.46899800568588     
   444.31134643325436     
   442.89728895718775     
   439.93487899888419     
   436.62390783623334     
   434.93384326892738     
   433.05630170257791     
   431.20969440334761     
   429.44555864445886     
   427.63638923804950     
   425.41609882332284     
   423.35488573285369     
   422.04895137524403     
   420.42441209867695     
   419.03378980188415     
   417.61169289639605     
   416.42806322245821     
   418.02611721866805     
   422.98066995545349     
   429.09697529173957     
   438.91455693481231     
   450.02915211578187     
   462.03600515212901     
   476.74708998363451     
   481.44190992925456     
   494.87968748126406     
   501.48570953265465     
   511.97349336790131     
   518.03994788424416     
   523.81924927163277     
   528.64479290338352     
   529.21948468201276     
   533.95039057897009     
   535.90961069433740     
   531.12448926451748     
   524.61936311329407     
   523.61529802743644     
   519.02554696737639     
   512.30852979285157     
   504.95964160803089     
   497.00007427448435     
   488.05624934762466     
   478.24463423441819     
   469.54890855408399     
   462.20747246217752     
   457.12295171236826     
   453.17708317106099     
   450.18631462335048     
   447.30830299404300     
   444.47078953243999     
   443.12009217507324     
   441.88276798051936     
   440.37342649122854     
   438.49155013093247     
   436.21327356967629     
   434.35335431097428     
   432.69473364304594     
   431.45603991182753     
   430.67363088006982     
   429.70743487419719     
   428.91621046545549     
   427.97133095924784     
   427.08416957459303     
   426.08885869387376     
   425.38951815150540     
   426.80381803410563     
   431.14467899095246     
   438.15517528185541     
   447.97418418929948     
   457.58102941192965     
   468.72097342912571     
   478.27550082010805     
   488.57813061364214     
   497.78218730026163     
   505.68509801738134     
   511.75309442922469     
   518.11195058820192     
   523.02144495696439     
   524.93507699456484     
   527.02754519782980     
   529.50979761392352     
   529.96808603864963     
   528.45691213223699     
   526.25076687168303     
   523.46153739841156     
   519.79917663554056     
   513.29100210332524     
   505.65088661637873     
   498.40389666401632     
   490.00598220106235     
   482.12109360320397     
   475.88907475591014     
   469.11461310366764     
   464.23293381879466     
   459.76503730694225     
   457.38404369341487     
   454.82493991894921     
   452.68606046818866     
   450.85482459416994     
   449.85943044063839     
   447.68298892528583     
   445.72070925808504     
   443.74413241473786     
   442.36671291731835     
   441.28751162248795     
   439.95622493110977     
   438.74087058853064     
   437.29864129296237     
   435.78785690769882     
   434.15454407795255     
   432.29192034468559     
   431.10315638700268     
   430.28950871483806     
   431.56545139749096     
   436.11243020554144     
   440.90964476754527     
   449.01747092872881     
   459.60723674144197     
   472.26315549602447     
   483.05442636919872     
   494.40385046329465     
   505.67198702617327     
   516.80526702491557     
   526.95349133373315     
   532.81452133098696     
   535.80273828840200     
   538.58872132946453     
   542.25344398240554     
   542.81734175166162     
   542.68634305258661     
   541.29058325425058     
   541.24239616702812     
   535.76307879246724     
   528.86423432890672     
   523.95645135045584     
   515.33123325024542     
   507.69015188335419     
   503.11769153542798     
   498.20196587207079     
   493.35060836089519     
   480.80264746172037     
   471.70427825473047     
   469.55132128857429     
   467.12200510692026     
   465.54302546814426     
   463.66760895319015     
   461.46282831061166     
   458.73849114163227     
   456.10226232635381     
   454.28552787445841     
   451.94424153414059     
   449.74861234133670     
   447.43535087543813     
   446.23020221545835     
   444.66469025607739     
   441.92886623883231     
   441.97107930936608     
   441.80454506063666     
   438.83802259413596     
   437.28074624603647     
   436.26957711948347     
   435.75438522707464     
   438.91620891225341     
   444.47352776697375     
   453.54906497059130     
   452.29183141992252     
   462.57974687479805     
   460.06465806160912     
   468.58933682222789     
   466.29729464868308     
   472.92825513928443     
   476.44648071360541     
   476.39305600622208     
   477.94020879072247     
   487.47990011898264     
   488.72632469828415     
   482.58234089433938     
   479.25739122461914     
   491.45633964068475     
   498.06260983705101     
   490.76628571225490     
   475.08284717325756     
   472.46870116987276     
   467.92497186482063     
   464.91872106807307     
   458.81465801047949     
   453.43402833396658     
   451.26179091520567     
   447.32304120393889     
   445.37766537483333     
   442.22917616010670     
   439.76835940212231     
   437.13255063074365     
   434.66005243185214     
   434.42780907909173     
   433.69306961019652     
   431.92775892236796     
   430.62858371175003     
   429.49554709135947     
   427.46646460162475     
   426.17231238432527     
   425.22695402846813     
   422.66923581882634     
   419.51970484430029     
   419.26275010675835     
   418.56477716667240     
   415.52995565783834     
   413.71390831690542     
   411.63504619446746     
   411.64229464119148     
   414.47824007256702     
   421.06069233006843     
   429.79697276418722     
   435.81522109104287     
   435.87268876684436     
   441.92401387071391     
   439.77707205309866     
   445.48619941291400     
   447.46884832901895     
   450.37232090970298     
   469.61253650397521     
   466.97438561926168     
   473.34245807186159     
   465.39287449478144     
   465.61322125813695     
   467.08962555248775     
   464.71237473702348     
   463.07759290361804     
   457.48708065987825     
   456.72436096396819     
   455.73963888206703     
   449.78367315540652     
   441.10266337846991     
   434.42161682823058     
   430.30373867603748     
   423.48081609141013     
   418.94541150880207     
   416.05397835023541     
   413.71626583616239     
   411.81735017115346     
   409.94511646616763     
   407.83812970472604     
   406.21970934187158     
   404.51701565583858     
   402.98810656229767     
   401.84483997704916     
   400.70359426363444     
   399.58809813858090     
   398.79649530875287     
   397.38412227902910     
   396.24573486062116     
   396.07401798464434     
   395.06300108622747     
   394.20577509829974     
   392.74901304735238     
   391.80586608147388     
   391.16837346608366     
   392.36835292025859     
   397.38587099245467     
   401.51997897041400     
   405.90154178396557     
   413.55080605564780     
   425.78799858466073     
   436.07602067007798     
   437.56809692408723     
   445.20787801244512     
   454.64283612854837     
   470.07891750271318     
   464.57196655694366     
   467.66978893896930     
   468.87433713368989     
   458.10986704624764     
   464.75778380768742     
   457.17540794139376     
   463.34945714300966     
   469.01944489502660     
   470.14552224746188     
   465.47589222218619     
   461.30761469664458     
   456.27517857588157     
   450.80879649088922     
   444.64951684679846     
   436.45663635104944     
   428.97648851311658     
   425.18782613784168     
   422.53275309659671     
   420.81849725227374     
   419.04165391676747     
   417.09524774139788     
   415.47337674017632     
   413.94752051469442     
   412.09764793575613     
   410.23811277203794     
   408.49044291908746     
   406.75792400035124     
   405.56924962497925     
   404.19931893501285     
   403.06072065350435     
   402.26052331385193     
   401.18456670994169     
   399.87311059489923     
   398.58171521822038     
   397.50706993128398     
   396.64269007750812     
   395.96461091132448     
   397.04587824676133     
   401.12789875563902     
   407.33974541051089     
   417.07525954254902     
   426.43276408638985     
   437.27504943174961     
   447.66403436763551     
   457.99268738534198     
   468.39930946630193     
   476.22038387119278     
   482.47652856667821     
   490.33681873249520     
   494.89295008487414     
   499.18516529343850     
   504.70600119790106     
   505.83564524366841     
   508.56746352398977     
   510.76728117308113     
   501.71087934888862     
   497.43168524638423     
   488.95600267794805     
   477.60359636790884     
   473.89464499526792     
   464.92670710365394     
   461.20367946460613     
   457.30017981494490     
   451.95646231159850     
   447.04433650418434     
   442.03465690396007     
   435.86007506199456     
   432.64027215586992     
   430.83017077828947     
   427.45426741384836     
   425.03644757616007     
   423.29088051389078     
   421.35766291108428     
   419.53538136405695     
   417.76186757143631     
   417.24541581444106     
   416.91880289852060     
   415.90478133622679     
   413.42537384883036     
   411.26840942453561     
   408.37296062868052     
   407.28825524539218     
   407.51079928402237     
   406.28718117332568     
   405.49309075757691     
   404.72570852760219     
   406.25088103814250     
   407.12882964857221     
   411.89075615461326     
   415.99517460281896     
   423.25217140804676     
   423.64553951178948     
   429.07908357366796     
   436.78102846108538     
   444.11921170957589     
   444.24944124113034     
   443.67004602772374     
   458.66165497195095     
   449.04610717066828     
   451.52341356998534     
   452.00924194856918     
   455.24917811050142     
   453.20710990804918     
   449.40719013976258     
   448.57790860778528     
   444.67881759220398     
   442.23994970004458     
   432.58115863034004     
   427.79801463044009     
   422.97582713871282     
   415.55759558685679     
   411.04384896887808     
   409.55810471943659     
   410.60946446432877     
   409.77897576447657     
   405.77757356785827     
   402.94641896978692     
   399.00140730092920     
   393.31385563704504     
   391.05882734521452     
   390.34696907455890     
   388.66970267244528     
   389.69546959295121     
   390.30404897226526     
   388.00144082611445     
   390.56220520789827     
   393.36180461515892     
   391.82402897469967     
   391.31805908682543     
   390.63484169600156     
   389.78966641099845     
   385.69642606620238     
   383.72373461577291     
   383.95797838143670     
   387.52316360690185     
   393.68202024327206     
   405.72543692418282     
   408.56781329396938     
   418.51113703128448     
   427.94835572234558     
   433.68206946633290     
   441.99444244662737     
   452.91363728860671     
   456.83187263752825     
   443.18470030494586     
   454.28892384183234     
   460.55400408072524     
   455.56323689568870     
   460.33468122203271     
   461.21048033058105     
   458.55469701740680     
   459.70197022469205     
   455.64288408729567     
   450.08422405400580     
   444.48586716352565     
   439.13325366920759     
   429.75350107112553     
   422.53699420664935     
   417.22853423824608     
   413.86935776487945     
   411.90049579636121     
   409.64864924494964     
   409.22750882199887     
   407.83231268989869     
   404.64882922412755     
   402.80316897749850     
   400.07651115833397     
   398.44975369993449     
   397.01615678156639     
   398.31530738697791     
   401.12973079643098     
   402.53526827233861     
   403.27817713085562     
   403.76433337745891     
   405.17903505675741     
   404.42903743763151     
   403.41260415284404     
   403.14213914183017     
   402.89505199119202     
   398.98036693596470     
   398.06236520564119     
   400.41485055023531     
   403.17339208686354     
   405.95099300526829     
   407.22317176541242     
   411.44572024589257     
   415.17970274228867     
   412.28345006069884     
   414.96850846465389     
   416.22834448316729     
   419.43437451207205     
   426.10646389401455     
   431.52103121343993     
   433.05560711636207     
   433.00807539459640     
   434.29523691405007     
   446.05355834126351     
   444.07096512484566     
   448.59727655581474     
   444.70352535524989     
   441.06593527759219     
   446.01920393638784     
   441.71913367326778     
   437.08217010129164     
   429.37106320757317     
   425.16787431586960     
   416.61075435625804     
   411.26927864953711     
   407.11268311288006     
   404.82235140949740     
   402.95491601284755     
   402.05486840492932     
   405.50709812316450     
   405.69001515482267     
   405.81676143710183     
   405.66638673621628     
   404.83013792847305     
   401.71357739490412     
   402.72235084274411     
   402.49704600599682     
   399.73276220868399     
   395.93994784056093     
   395.11823624944009     
   393.88935093627856     
   393.27755925469557     
   392.05419611131146     
   391.35426253994780     
   392.53714985686565     
   391.96509420342733     
   394.30981459197028     
   395.61248542107842     
   398.47948773093339     
   404.88786368684879     
   404.86763442647452     
   407.35172290381479     
   406.44661644588450     
   411.20793581681056     
   415.73325278604267     
   416.60320842772273     
   419.69212777194548     
   422.72141319862783     
   425.14983150671094     
   425.00845932274967     
   423.93953301764526     
   425.98731128833566     
   426.86165182995217     
   426.36596519822797     
   428.51713881361530     
   434.38984985541333     
   430.37711366938765     
   427.29462547456029     
   420.17891423032103     
   416.90765005411583     
   408.40860874019688     
   402.57032588102925     
   398.83412856252227     
   395.40487666082856     
   393.15373093651800     
   391.15413369004779     
   392.94347686278269     
   394.62869564395538     
   391.67210915912852     
   390.06711069437256     
   389.67833362290611     
   390.78976827388107     
   390.20646801626958     
   390.50519702758390     
   391.63283200134464     
   389.66717607189508     
   392.74952797566021     
   390.48706450337818     
   388.22092994672556     
   386.20261848256763     
   388.12088167026252     
   385.53031311802744     
   387.12385082014856     
   383.78545145052624     
   384.50819622398535     
   383.53443675118803     
   387.82892356140997     
   396.44670220588159     
   404.04575339775300     
   407.39987896525167     
   401.40502633551739     
   416.05795036599238     
   416.34350862293991     
   416.28185158427482     
   423.77699265121328     
   423.50735194735438     
   432.00290588712647     
   433.98704138078438     
   439.84110372494342     
   427.28948121205599     
   419.96449294447842     
   431.54749825287723     
   425.64011842860805     
   418.16743473524218     
   420.13080425921476     
   413.75366673871548     
   408.22341985724836     
   405.28150754291249     
   403.19559187480485     
   399.18196733652758     
   392.18375399697402     
   388.27985926254121     
   386.32134061609207     
   384.29304565543538     
   382.47428545701030     
   380.89019242468748     
   380.03043844308900     
   378.73595429014154     
   377.75249951587568     
   378.79095007898036     
   376.52127946673932     
   375.05984977331178     
   375.16608296310261     
   378.97952595845135     
   379.07957086616739     
   379.03371218225760     
   378.16101585706849     
   380.04057240759209     
   379.31835142020850     
   380.22908152751768     
   380.66764874472676     
   376.10797367052101     
   375.29511154691920     
   378.28760243413933     
   382.27360799493687     
   384.96123357691448     
   387.87258514848435     
   394.06919768894318     
   397.48356140328985     
   401.89017965219580     
   403.34008517593628     
   404.81704506517121     
   409.72572679250931     
   424.78439554818692     
   424.74019254363765     
   428.23331800822825     
   423.64622358763040     
   420.72579178273276     
   420.71454487717506     
   420.24617891210244     
   413.57386841143887     
   408.48577340484144     
   409.97253066070112     
   409.41856563191385     
   405.31302704668735     
   403.31185109476451     
   405.73628870597076     
   402.48978439200556     
   401.69528823318325     
   400.76227796230012     
   400.86972892471135     
   401.14808580823586     
   404.02976537165307     
   406.86180694902436     
   405.67284270457793     
   405.58789073197983     
   405.53164919203783     
   403.07193647594755     
   399.56450166439987     
   397.14963142595070     
   393.02929550846181     
   392.53506615826643     
   393.26355665450706     
   393.64480547357851     
   391.90246472635414     
   391.63922878571026     
   391.67721610247321     
   391.18455836897897     
   390.25065940816631     
   389.96225466759944     
   390.30452123753440     
   392.20137680306925     
   393.82515728701827     
   396.46042516383932     
   399.91816319461549     
   403.06807109602460     
   403.35488305984433     
   413.97525660178786     
   406.78339242223495     
   405.16657212355648     
   429.61798569673920     
   441.46480469229846     
   433.44724914766914     
   424.85097805700963     
   430.92614791547106     
   433.15268282146855     
   450.26815582642348     
   443.01861711636985     
   427.81707465596412     
   424.40027723835141     
   433.84822144743663     
   420.33272319982933     
   423.45173685421298     
   410.72249258185047     
   404.05856906875255     
   398.58156250922451     
   395.25419964960474     
   393.82198264862654     
   394.76132565923245     
   394.36589818951217     
   390.79225860273800     
   390.01388095813371     
   389.58996133572703     
   389.28556790745120     
   389.86664742498323     
   385.99942579632147     
   385.85249994420877     
   386.08020176691730     
   386.29298785834078     
   384.49456960277047     
   384.70487874468739     
   382.76955313645175     
   381.84149827159575     
   382.32205386703401     
   382.11634421189251     
   378.52871098685591     
   375.61388019913096     
   374.24472541661254     
   373.73120020424841     
   376.44633514388187     
   380.86032084307442     
   388.32995508029762     
   398.65788396289531     
   406.89946455200982     
   412.32930392558887     
   418.09864342120153     
   421.29553813206337     
   415.43993496641110     
   429.54558798752873     
   437.51429015992301     
   448.00650532687462     
   440.41657883387444     
   434.70624220065650     
   426.75993290896128     
   421.85989543050556     
   429.99773776998808     
   418.71230625716890     
   419.50806811953396     
   426.56043899544574     
   438.03256328583109     
   434.38994026989383     
   429.27461369690303     
   417.14543937282548     
   408.60883748333077     
   402.37968545510984     
   397.93569232405946     
   395.32830823588955     
   393.57337903245622     
   391.28936566128220     
   388.91332566794824     
   386.87514226589883     
   385.41308068506584     
   384.02264361822193     
   382.24219415787962     
   380.15934696554621     
   378.89420673634544     
   378.03913079227470     
   377.29463996677401     
   376.55590334059849     
   375.65625797279972     
   374.48040857800720     
   373.35768578308222     
   374.58514703439141     
   380.59681566661106     
   381.48490476248031     
   381.94030435480630     
   380.59784389268827     
   379.63170124735694     
   382.73861587884261     
   388.62640563932075     
   399.45127648782244     
   407.66071589685174     
   416.15241672125961     
   426.11612753651099     
   431.25341081917594     
   441.38681986726340     
   438.88895404222865     
   431.91188020106836     
   436.16461032108606     
   419.50073164814512     
   430.16201010112161     
   440.51416614623031     
   441.38360508317220     
   440.18256728108912     
   427.44299550736287     
   427.50433758100462     
   418.05662949004585     
   413.96019103697267     
   411.10105037408920     
   409.64276714517223     
   409.33849555627853     
   405.46291596687064     
   398.85801562228255     
   394.15093377403986     
   391.84867292237647     
   390.08193740864021     
   388.64282528190017     
   387.00961344446750     
   385.44389075669477     
   384.29119211801429     
   383.51146023477577     
   382.78986197251976     
   382.07866736800065     
   381.60269812675352     
   380.80258122688508     
   379.68808130035222     
   379.76241879169368     
   381.65825328140045     
   382.48882034896064     
   382.70964144581325     
   382.78515358645319     
   382.26938374668310     
   381.57823675436384     
   382.02410170405687     
   382.28574782721171     
   382.93014443505598     
   384.60431668969517     
   387.19765576190809     
   390.78240815541989     
   393.19887308463871     
   394.96364768567486     
   397.61258843673738     
   415.40660410078470     
   419.63194043391024     
   425.13172203286479     
   441.09363306781745     
   446.11811802038619     
   436.14715663255777     
   425.85087380525988     
   417.58871781750986     
   417.12529229433221     
   424.88716861837202     
   426.65756762137431     
   420.53016119236634     
   421.75693736687816     
   430.37341148556345     
   422.19755800399531     
   416.55880891902302     
   409.13753868203145     
   404.87399234360419     
   400.75839417278360     
   396.75426929677849     
   394.51393561183369     
   392.55146005827180     
   391.12822138930642     
   392.27843072224726     
   394.38908565694817     
   395.02413222394893     
   395.12453621372941     
   394.70504007952735     
   392.76545056675201     
   393.50988689635915     
   390.84194541368026     
   390.10186601413380     
   392.21463712262283     
   392.29069103416839     
   391.89874515780707     
   387.51488239848334     
   385.03682852033819     
   386.19904745111887     
   387.70296723811373     
   388.31939179186719     
   389.28185507795428     
   391.05941273557016     
   393.93133011671949     
   395.84589172032116     
   398.15255529110829     
   402.06678415764020     
   405.85399940599268     
   408.65688784955279     
   407.66178324083307     
   403.21787180107236     
   403.41602825751789     
   404.06057853899580     
   406.73314359969913     
   406.89138563158053     
   407.86797091879458     
   415.91600623261206     
   419.04122172075915     
   406.16767247451912     
   403.42331725174478     
   403.65451731225863     
   405.28742002525382     
   406.09352880936274     
   405.96424077669815     
   406.95706435417804     
   407.06425161429229     
   409.96232544120920     
   408.96950554082201     
   407.51721710137025     
   407.54436945337653     
   407.79493030449527     
   408.32191923240924     
   408.44640208252491     
   407.67944110775011     
   406.26164240989817     
   402.59691150909316     
   400.21773162597543     
   398.74896077055303     
   398.52407558934300     
   399.98626867607231     
   400.26935777422437     
   398.63836462422358     
   396.92353341383557     
   395.17356917201954     
   395.64627973587886     
   397.65585439894789     
   398.06093329275950     
   398.88333664275865     
   398.43884809435514     
   398.30776051035139     
   398.73506911911682     
   398.15653116308238     
   400.83067008335507     
   410.72888137437388     
   413.38080580792570     
   420.56095997553069     
   426.56129093143386     
   434.72566602225277     
   441.76367610482305     
   447.82190019314390     
   452.59301810425865     
   442.95751038838989     
   451.71235952644122     
   451.53185501475423     
   445.50501999154204     
   450.92884693666804     
   452.71533437167517     
   454.03777026948393     
   451.61320957892815     
   446.20137356583649     
   441.37430391819856     
   433.48904076405955     
   428.34527172079970     
   425.19163531754947     
   422.65847405479599     
   422.36226644100611     
   420.34315388637884     
   414.32543511042195     
   411.07571886568019     
   409.46177959380179     
   408.74043510243996     
   408.52602865914156     
   410.04347964355230     
   410.93921565445959     
   412.66689539294197     
   413.13391540699354     
   413.44920242566621     
   411.72803104710891     
   411.52021339968491     
   412.88835279692870     
   413.14259665888108     
   413.00040625267053     
   412.95906942574464     
   412.81069515698755     
   411.65229677970166     
   412.41178379221674     
   412.39240037234413     
   410.26891914116482     
   407.05442495900485     
   405.00392920966539     
   410.56602364696516     
   415.86943700285508     
   419.95619015695303     
   430.25388716988181     
   438.40657161349782     
   429.23369769461084     
   429.42808755384823     
   444.56534472797409     
   438.24738652308531     
   442.03781110104927     
   454.79385259590146     
   449.14905718599994     
   444.16543677735223     
   436.15352135480845     
   433.39895925418551     
   429.54623099612371     
   425.63379056492681     
   429.84803646484255     
   437.58752841123385     
   434.83515173069816     
   431.38633432284115     
   424.84749036051971     
   417.30899821151610     
   409.63815386003171     
   404.86057065924666     
   402.13639951220557     
   399.90197588973751     
   398.80280825664175     
   396.23361390846918     
   394.43866320768478     
   394.23840606000675     
   393.82350392154910     
   391.86965967730742     
   390.58841959522107     
   389.17839580220794     
   387.68986294500701     
   386.44543941628348     
   385.51931673460098     
   384.55462799525679     
   383.68394404852353     
   382.66080384977357     
   381.96635612889270     
   381.34627047535906     
   380.71888257856239     
   379.86813372325292     
   379.09430500912669     
   380.67844287772613     
   385.35124194631885     
   392.15199046580460     
   399.27992852677517     
   408.54156841820833     
   414.16030640539191     
   421.27091112047469     
   431.05071337944588     
   438.86694414989410     
   448.20355057306432     
   454.58803237613409     
   465.91504924122682     
   467.09404695406897     
   444.05949588235598     
   451.37590052248805     
   467.74077392329082     
   464.91666516741833     
   464.49288608872416     
   456.29356974373155     
   451.80342559067952     
   449.11446819334924     
   439.34067086871744     
   429.48199996410051     
   423.17517376253801     
   418.14801180253113     
   414.19360212329542     
   410.04021033320265     
   406.28166896751219     
   403.07004209126899     
   400.87954152814518     
   398.79588135236753     
   396.91098668663750     
   394.72837813380312     
   393.31662167805280     
   392.12851291264286     
   391.25889536489569     
   390.61738313025086     
   389.42945051074264     
   388.66216465840779     
   388.04353441402969     
   386.55880109742679     
   385.11082623813968     
   383.73827464246244     
   383.15052203446078     
   382.75181029061361     
   381.61472495748944     
   382.01607890084279     
   382.41712889962344     
   385.03575162026272     
   389.36422768798872     
   395.35176640203468     
   401.20244076462922     
   405.33824044818641     
   417.50285561037259     
   424.22972373534276     
   434.47928814842828     
   445.28590910835891     
   452.66483605938498     
   457.02394072014960     
   465.25883589887889     
   469.15664693430807     
   456.46284599437547     
   463.97629101877482     
   463.21108183454891     
   449.25518416917612     
   451.18513390256066     
   438.07310501258883     
   431.12164439615424     
   429.47828171302615     
   426.71266652566698     
   422.30419321826298     
   419.92630632995559     
   417.40949781849923     
   413.07356051606143     
   410.73563392922841     
   408.79266764335785     
   408.64024410954494     
   409.45484247450815     
   408.95175502591894     
   408.81575284992408     
   408.41800324431875     
   408.18340080582419     
   408.08255449677222     
   408.11058007843110     
   407.80206309174355     
   407.17445158771523     
   406.86490551845003     
   408.66825662892586     
   407.43934365914220     
   406.08620511971975     
   406.65328625496420     
   408.16667501957028     
   407.47610111168524     
   405.27784651033681     
   404.19029770510406     
   403.13587112258062     
   402.10552965129108     
   400.95679085737703     
   401.01775701183544     
   400.46245357741873     
   400.51966383743058     
   401.62592053443319     
   401.88777566175418     
   406.45140184516669     
   409.92479450873304     
   419.34916869342521     
   415.65175267632264     
   414.69163830645948     
   414.15986712275463     
   419.52615716291609     
   420.34164550467540     
   423.35610854741145     
   415.19701249151876     
   416.38685544213598     
   413.60185268029704     
   408.16608145725399     
   407.66226111237864     
   405.90817100080812     
   404.22757409800380     
   402.23968353090709     
   396.18389331355826     
   392.52257723124632     
   389.40793210403643     
   387.76735670643239     
   388.98513347559970     
   386.29518729375945     
   384.06039342145459     
   382.50223097658875     
   381.14481616331119     
   380.11536179218467     
   380.92972912523578     
   380.95553809726880     
   377.84722238874491     
   376.25438246104517     
   376.16537097005272     
   375.46550734441450     
   375.62452548746785     
   375.72310556350220     
   374.03267444670638     
   375.47242662574212     
   378.27194044237785     
   378.82370914671623     
   379.94488785525647     
   379.24802841700057     
   380.77449187481102     
   383.31087528238140     
   387.61610936464501     
   391.08686267308167     
   394.35054195111701     
   401.84293272534632     
   404.82662796044781     
   407.45786159833398     
   417.84447997124340     
   425.52525303756636     
   421.15780397405410     
   413.73893137813923     
   409.43373552663388     
   413.03007981705497     
   420.96104419206500     
   415.99898100090257     
   411.74920235903414     
   415.39792012609564     
   418.00295907332884     
   410.96525804748109     
   408.42417808756824     
   402.01725370403943     
   400.20908302252212     
   394.01280107324499     
   387.73149438577036     
   389.04169272107788     
   383.78774464450214     
   383.96735152992409     
   381.80351636097828     
   384.15927123580718     
   380.00314481091198     
   378.07323534678858     
   376.56182881095356     
   380.22833268075669     
   376.67357092972185     
   375.98964139080778     
   377.51936687195882     
   379.08605042994276     
   376.36653869018716     
   375.09491843663068     
   378.60393939659872     
   380.04384947665881     
   379.09347321157458     
   376.05779195699864     
   373.60624275147751     
   373.30104388351975     
   375.61655231370366     
   377.17387293276914     
   378.71784844452998     
   379.08706653422274     
   383.88751512905225     
   391.46488198580511     
   399.56833807876501     
   408.49076992088288     
   416.61476825519162     
   422.74502118277189     
   416.93281255824110     
   421.45451836100000     
   426.52361499984477     
   429.63201383083401     
   442.86673323753888     
   426.68169295581458     
   409.06356311191155     
   410.68448581062194     
   424.31551504127225     
   433.39779463836788     
   413.90138524786386     
   407.17183220119546     
   406.68660165805557     
   407.69308940650092     
   405.77180319773339     
   395.73412010115129     
   390.18279588481386     
   388.17488772676120     
   390.70412420430279     
   388.93231507969807     
   384.45495692851398     
   384.28745373243873     
   381.12235616628612     
   379.39405010727501     
   378.25498654813384     
   378.39198578771635     
   381.36014361890938     
   382.06291576664279     
   382.84194603563117     
   381.22407887492369     
   381.99894538146515     
   382.29351734421772     
   381.68361827373718     
   378.53130002214482     
   376.70780478172111     
   378.27803411254661     
   376.81159212869392     
   378.38870097989377     
   379.03339006417104     
   379.55690459098730     
   380.94223058025989     
   381.89964437243412     
   381.57502954811508     
   389.09127879005928     
   398.30938082318914     
   405.50109549557999     
   410.82141589295514     
   413.53416186243771     
   412.35430269488410     
   420.25317677323261     
   424.24840022419602     
   427.52609633220322     
   431.07467810955757     
   438.56409550121742     
   430.88854464367864     
   435.38915638370895     
   419.90163267481506     
   417.83383284882473     
   414.47909067657423     
   416.74389000646204     
   412.15776564377620     
   403.64279809699440     
   401.63411833887324     
   398.26059748346302     
   395.19859444202001     
   391.80628877909373     
   388.51567716453923     
   386.71408349627228     
   385.20850050269860     
   383.99725552657452     
   382.70253399819154     
   381.73029593235361     
   380.74450614324365     
   379.69685641306859     
   378.65630482284462     
   377.44923050312457     
   376.30636498784327     
   375.45734625566820     
   374.85775379620986     
   373.81929490264974     
   372.58599213837329     
   371.59926934410157     
   370.66100759976217     
   369.80730187944818     
   369.10784505832584     
   368.57537586539229     
   368.13699923723880     
   368.29492880437635     
   368.76190796729259     
   373.05767361633065     
   380.73990028863005     
   389.15471547770375     
   395.64337333967688     
   401.93799065454175     
   408.55740102446623     
   416.35533859443439     
   423.98475095118584     
   426.74966267403579     
   435.51160089261555     
   442.81915846265446     
   446.65500529317916     
   447.91098692783595     
   449.10770963094302     
   448.58676849368442     
   446.68098793724744     
   445.08636730012449     
   440.72674112984231     
   434.20072290091167     
   427.12429065177054     
   419.32363786929631     
   412.49576082139708     
   405.90923773701087     
   400.92694660486086     
   398.05460451436244     
   394.95784891694007     
   392.96707488758000     
   390.98762581010749     
   388.80037059642189     
   387.52018223136412     
   386.05932903442664     
   384.77663651313622     
   383.52720764623871     
   382.34922557787382     
   381.30254036880251     
   380.44853744296563     
   379.31636040304636     
   378.18223816488143     
   377.37821462966792     
   376.61587331249854     
   375.99538826486292     
   374.72860458269014     
   373.49517654049527     
   372.01680877237027     
   370.83534449038712     
   369.99968326685149     
   369.82919286573213     
   370.54616349205247     
   374.55029363509743     
   380.50942776506577     
   387.65927210969153     
   396.08790115986244     
   403.76940433941689     
   412.43822642298994     
   421.69074495782820     
   429.37692339774901     
   436.69761139805888     
   443.32803719428728     
   447.91825163620854     
   451.67813668703650     
   455.61869840822266     
   457.52888062203925     
   460.24129854522795     
   458.04935641313222     
   456.60028074382870     
   453.32839323068077     
   449.02179555239957     
   443.79560309077891     
   437.23116432121026     
   430.30289489255648     
   423.61651293985341     
   417.96790861850747     
   414.71792317384973     
   411.33862348604964     
   409.28862345870095     
   407.05412896961093     
   404.77665071842739     
   402.61612830543618     
   400.74306830558669     
   399.10459050692930     
   398.07590646384762     
   397.23718390890372     
   396.02241396302492     
   394.46483620013043     
   393.35917760088921     
   392.33008166382928     
   391.24983258369633     
   390.07229658380686     
   388.84080628637952     
   387.70389195090831     
   386.77419348481868     
   386.23473071239118     
   385.84048061943145     
   385.57428320561792     
   385.65481613445064     
   386.08328472489535     
   388.39188041782967     
   395.45260665078837     
   400.89883118984721     
   408.09434248161415     
   418.07340429851638     
   425.20574878001725     
   436.72996642572338     
   446.51136643986621     
   454.50258507661437     
   451.88478751598950     
   462.26200243382027     
   464.79187343552206     
   470.34109514664607     
   472.67778650579851     
   475.19787690972817     
   464.96423296247906     
   466.65644698212355     
   473.11579213173411     
   458.86575947573323     
   454.48001486110439     
   452.02012807100783     
   449.32899996050406     
   442.91429152232490     
   439.90629759025853     
   438.73488055745520     
   426.59619136665475     
   421.10299363658504     
   419.26181261219898     
   424.05474964759605     
   426.01623151856398     
   427.79786210125468     
   426.32155143671986     
   426.07378469120641     
   422.33550108441864     
   418.73789881173195     
   415.70471217558412     
   412.02974572464052     
   409.84700254700306     
   408.67568271646962     
   408.24257312147023     
   407.50922824215195     
   407.11944975717830     
   406.61652278510434     
   408.37461308412998     
   408.81631421671739     
   407.85575782459057     
   407.00553263762407     
   406.57811389418055     
   406.78993171572546     
   408.44471929593715     
   409.85444946642053     
   413.26313399535093     
   417.81742058455234     
   420.64788988911738     
   425.40353784005424     
   432.17481210622731     
   442.10156438638637     
   443.70463258153404     
   433.92413114884533     
   436.87453804644116     
   431.88925784758658     
   426.00068492794952     
   425.68608306322011     
   430.80495764438115     
   437.04169500524938     
   434.63071450914543     
   433.18472768075492     
   427.86640095266984     
   422.01962197635049     
   416.11340651742319     
   411.03165445840443     
   407.71099984734940     
   405.75047562881525     
   402.37857587156753     
   399.82831890497130     
   397.67302349623014     
   396.22033270718350     
   394.90669508091344     
   394.23323568167882     
   394.91773079439241     
   395.50621830204557     
   395.22897165266056     
   395.19986499071314     
   394.79102481467982     
   394.23945225839441     
   394.24203239154707     
   394.47489577209780     
   394.95274900130141     
   395.35375923770573     
   395.38471598279352     
   395.81585263760195     
   395.76580837347279     
   395.49888638515858     
   395.23603212476013     
   393.98464809147521     
   393.39710493969687     
   394.97891257512561     
   397.42910091424005     
   398.45656861858936     
   401.28254590474262     
   404.96871625631252     
   411.33322073436858     
   416.27352801907210     
   413.37475956659006     
   413.92998085388598     
   411.13249134448370     
   414.67072608245184     
   416.86967097640769     
   416.41867858025239     
   417.15055695370671     
   413.83835837393224     
   412.45603363595689     
   409.19703720236657     
   409.78345058750614     
   409.02865683147655     
   406.64492671351343     
   405.37306865922312     
   406.99057526360343     
   408.11945493403567     
   408.36816018629435     
   406.49984042283938     
   405.98308695683647     
   406.95156705924376     
   405.56995640459519     
   402.65745134511565     
   399.37442617498550     
   397.51370038206142     
   395.45557955381298     
   395.18598846540669     
   394.54988106958137     
   393.80616872817541     
   391.96998988727870     
   392.65851815511542     
   392.79827591613878     
   393.27128623435186     
   393.69007816321681     
   393.53904840171020     
   393.05487280948756     
   391.37752891788386     
   389.47311566652905     
   388.56964862429260     
   387.59782183536720     
   387.43318071003017     
   387.85453462176105     
   389.07879122438590     
   392.33397254681591     
   398.51127744026024     
   400.62250178117768     
   406.66348471334521     
   406.21131440594075     
   401.99937488343141     
   403.17190922787131     
   407.60929449835953     
   412.06966079211844     
   411.68095834584136     
   413.07167368423296     
   416.53549373227906     
   415.66975253298597     
   416.71951039434208     
   412.45279981295641     
   412.14463195314534     
   412.26382051135221     
   409.14651333858700     
   407.99657340434561     
   406.34754544392234     
   403.84874712885477     
   402.49968502776034     
   402.75777266244449     
   403.83557915787816     
   403.57456045143311     
   404.22491063971455     
   403.62946948734020     
   402.31771154024779     
   401.03032565417971     
   403.35599254316753     
   403.30618789830891     
   400.19394638837872     
   399.29524394084638     
   399.06478976347705     
   398.53509050025048     
   400.54436661905703     
   401.08235575087156     
   400.80305334352272     
   399.09630074169257     
   397.98506909348652     
   397.66227753622968     
   399.74835523287987     
   400.45833949673073     
   397.95567971276597     
   396.00059711266118     
   396.31804541198039     
   396.30657252004613     
   396.92769532900979     
   400.23775006885950     
   400.37060706152522     
   401.09305312846993     
   403.20091375105471     
   404.17162921560492     
   405.60540391446688     
   406.85783363990907     
   408.47865206055928     
   410.86391229231492     
   413.05851090455548     
   413.36389762876308     
   412.63196017589536     
   412.31216718780678     
   413.61813000378515     
   420.17126926393723     
   418.18614403105818     
   419.13162676015401     
   417.53996932287174     
   417.82121535335000     
   414.65110450352404     
   411.70129373108728     
   409.43827074503713     
   409.29813540268776     
   406.89264358889375     
   401.91118271968867     
   396.95692010464114     
   395.46841566890447     
   392.71126888242060     
   391.54003682422700     
   390.56612799839667     
   389.92464745260327     
   390.27949497938926     
   390.39890386967687     
   390.83268067427349     
   391.12228297322878     
   390.05740462598868     
   390.21582449563670     
   387.78942218278428     
   386.56791455519647     
   389.74950777897351     
   390.84022913238186     
   389.50072614144625     
   387.93371881425372     
   389.77742293172480     
   389.63801414752692     
   389.29796994235915     
   389.33541959990782     
   392.08611747427852     
   394.94979389868541     
   397.58101704976394     
   401.42647473728039     
   405.54364062710840     
   408.30512839971118     
   411.30960279050424     
   410.08279712667110     
   412.46220453514115     
   419.69418484052028     
   417.79568750545377     
   416.03092919439331     
   421.45299937854082     
   420.79056572220418     
   422.13767164999337     
   421.57659911997268     
   415.49516453614433     
   414.14804857769906     
   410.27205903499771     
   407.68099160320196     
   404.15017165277590     
   401.13407860636869     
   399.53696104373091     
   400.01036450025708     
   399.21235439515192     
   395.75722386625114     
   395.49554529455804     
   396.35844422423958     
   394.27811906938899     
   395.24304351785673     
   396.59124024766805     
   397.11738465697823     
   396.17112810800290     
   393.74301379302307     
   394.76225451000431     
   393.48629022398495     
   393.46254234243065     
   392.81092391577226     
   391.59207440162015     
   391.06064833563283     
   390.68694259003018     
   388.32229798765127     
   386.23015200625912     
   385.27514075444196     
   384.21562745221070     
   384.91389051151555     
   382.83782783909896     
   381.83921614385798     
   384.44009569177416     
   391.39703271221265     
   394.66188965801513     
   398.58129359343440     
   406.35463715463851     
   407.46991350049052     
   406.09829502766678     
   416.71627365779221     
   416.21866035646906     
   407.43095973632381     
   418.72257529856586     
   415.33430796988927     
   415.29697829339273     
   420.09074659072053     
   415.62045865581990     
   412.83467810815688     
   408.67404491243451     
   410.35532056802487     
   408.75210917053226     
   409.56532699771037     
   405.98671969726553     
   403.98567214368092     
   402.29050261727838     
   400.48959145061235     
   400.00760119804818     
   399.92999798890975     
   399.80456279618801     
   398.88266450875102     
   400.10248494128967     
   400.43087159354548     
   399.64164966610997     
   399.87200482192731     
   399.89355686263349     
   399.48077319862080     
   398.48052126727293     
   397.06002609803096     
   395.24126718463270     
   394.80119266321560     
   395.25202575727394     
   394.36029736332472     
   393.92453955812078     
   394.87455789305665     
   397.09928364460495     
   399.69005972043033     
   400.36383837680211     
   400.40552741472186     
   399.33408383963666     
   398.29417249737315     
   400.51862325811271     
   403.02711251165624     
   405.52879737133657     
   407.81737139899064     
   411.26004569943018     
   411.47613404975186     
   412.59212726754197     
   412.58357248540204     
   414.02429921883299     
   410.01721702777940     
   402.84767874715675     
   404.60417198162668     
   405.24090296510860     
   404.74463466374084     
   404.73542001239656     
   407.70553102180185     
   411.40050415527759     
   411.10002167497402     
   413.02530614228704     
   409.42785005300027     
   406.71175157993082     
   405.45614077537442     
   404.53912304000903     
   404.96819310714420     
   403.92370609548851     
   402.59050715163517     
   402.05042107557762     
   402.32358517473460     
   402.71726927808220     
   402.85900472515704     
   402.23239396165121     
   404.43372614192970     
   402.17619146741652     
   399.91807847748208     
   395.63736112361170     
   392.79849182444019     
   390.92802084736451     
   389.99246180166779     
   389.62244290762118     
   389.28222584589372     
   391.48974302819016     
   388.56688338538731     
   385.58532378745639     
   386.30065021041463     
   383.28558387507758     
   381.79998539042123     
   386.14047705820212     
   385.12482105898391     
   386.80242772084068     
   388.56209827251473     
   391.46579966529976     
   398.56075405991930     
   396.89890119149555     
   396.99848849322410     
   402.80528280663481     
   415.10100567218029     
   422.25757169082976     
   410.58025678879147     
   414.81525142801746     
   412.86923384807886     
   411.24807894293741     
   417.48702308293423     
   424.31274298872228     
   428.37647887181777     
   411.07982440184435     
   414.12900524616373     
   403.95288350497066     
   404.37444035759461     
   401.63604793008977     
   396.48260019450623     
   395.44210820525245     
   393.65007141938815     
   393.64541280665719     
   392.70297561670105     
   391.71763608384174     
   391.89253719765759     
   392.52320683805738     
   391.76563959419121     
   391.32124179801866     
   392.22158422620254     
   392.74891372117037     
   395.98778307824512     
   400.47184962378975     
   401.53721804659682     
   401.96673758351039     
   402.28015462612547     
   402.62822463524338     
   407.71870338745271     
   410.75557744949651     
   411.68188083856393     
   412.11616028856503     
   406.75379579875590     
   404.49049683872528     
   405.12712769385246     
   406.23702520890151     
   405.28309336998842     
   402.57484502690068     
   401.62468552634584     
   400.74341173288309     
   401.33162056087411     
   405.24623344380291     
   407.79167565013779     
   412.17857079544592     
   411.38524449853327     
   412.10049554178357     
   423.42878590772193     
   416.80689229350298     
   414.96552606298445     
   418.37647921393307     
   420.69344885271232     
   420.98893206078259     
   427.75513302052082     
   422.17224103460626     
   419.68748536666499     
   416.03043482898164     
   409.26080748204572     
   406.95054825836536     
   405.12199028580011     
   402.08482552896493     
   404.07008994369932     
   408.23567625711479     
   405.90128363796276     
   404.88705257849313     
   404.05975253544653     
   400.37936121854227     
   395.36040068301327     
   397.30379076776990     
   391.86604970927266     
   393.17145462240910     
   391.91890984677724     
   389.59947093495094     
   390.86423574479431     
   388.55812509444047     
   387.92716741579528     
   383.38080327197270     
   378.99133860696821     
   374.99044495885767     
   374.95784896894600     
   370.62318737647257     
   368.93996388848632     
   368.93513363474761     
   373.49555573907031     
   371.96251283633967     
   368.99960484487713     
   368.49931017912041     
   373.16031199041970     
   375.65194892547214     
   385.66365096617540     
   394.27438384326643     
   384.34667592471334     
   393.44537015582705     
   405.79738153219785     
   404.10337626681911     
   409.88331649192980     
   402.19249856343430     
   414.74904666943138     
   415.66274279283300     
   415.83532350097875     
   399.40422649206909     
   394.01599643162865     
   391.40851161788589     
   390.34696931721612     
   390.44295060804740     
   388.35767737441421     
   385.52686689280137     
   381.62700781803386     
   380.36560396224490     
   382.03345010901234     
   380.58448784517907     
   377.32912546790254     
   376.96113501179724     
   377.55056988395103     
   373.66629284562157     
   373.67678456352292     
   373.43854266087533     
   371.07969870437762     
   369.15460408737374     
   368.29611616613948     
   371.22333165464607     
   374.09499487971448     
   370.80370969713869     
   370.10777716494692     
   371.78591490187011     
   372.66812151640647     
   368.68030248160585     
   367.29863198164918     
   370.42918917850051     
   371.33311975630079     
   372.11801778495078     
   374.30930556389291     
   375.42627629799262     
   374.85722960580193     
   376.68644643027085     
   381.27304171124308     
   387.56617464063106     
   393.05767428742149     
   392.34663790929307     
   400.93843653554325     
   397.40643677923634     
   406.62343916433775     
   431.06876614348494     
   404.80370494268720     
   408.06615259910831     
   419.33287188741662     
   412.69237214325858     
   419.53920648783298     
   409.82105820865223     
   402.11529621627568     
   402.65078367584334     
   400.97204362700796     
   396.59443143898790     
   394.02129027523989     
   388.85738751570182     
   387.62588160783923     
   386.56426908421167     
   387.64146503449416     
   386.79721468440181     
   384.76855433675365     
   383.30223539034472     
   381.73189435546635     
   380.52361226081649     
   379.30344038105432     
   378.40815416272903     
   376.66531741900923     
   375.18477311987397     
   374.37920145695529     
   373.75227722216181     
   372.54990050792492     
   371.24823838255003     
   370.94084012467380     
   370.74826733590407     
   369.86739133657778     
   369.57228977241795     
   368.97695073581173     
   368.25030417643489     
   367.67089272273284     
   369.47710653671464     
   367.20995681144774     
   366.74421852812799     
   368.60632754773638     
   370.53934165027351     
   372.37706173760961     
   375.30280966103510     
   377.23109980850711     
   377.43754121779421     
   373.00075800422161     
   373.15474461600041     
   375.18232804097676     
   377.19295255836715     
   382.30720438101980     
   395.59920998867869     
   393.55459253236620     
   389.04172679367855     
   396.24677464865459     
   398.85062589393539     
   394.11594716263875     
   391.91599357455493     
   393.69437562799794     
   388.48674833138631     
   383.49510163152183     
   382.75183868729067     
   382.05785957924911     
   380.97359715367998     
   378.83549146007465     
   376.81041265848432     
   374.77725720628968     
   375.05868735346883     
   373.53119495470781     
   369.56526552876466     
   368.40109320437256     
   365.56431571173420     
   366.01332977713651     
   363.21222136351167     
   364.48516693575630     
   362.06765684122178     
   361.00173692699741     
   358.87988446991517     
   357.98675475917560     
   357.72342024140005     
   358.76240934046774     
   356.42494582881011     
   354.88058803161073     
   357.74690870223225     
   354.22829603584961     
   353.08975279057603     
   352.61976697836235     
   352.52707487594870     
   352.98109839202152     
   356.24530629099462     
   359.85258974256806     
   364.16391167596248     
   368.69255525790885     
   370.72004286027737     
   380.20734779055465     
   384.24180724229382     
   387.30752542784643     
   387.86023716576165     
   390.47024395268295     
   391.26153161257480     
   398.66103451898516     
   395.86271774620360     
   398.46774207223166     
   398.24320431492936     
   396.05120370026208     
   390.10173028667839     
   392.82770973827814     
   389.09588930736675     
   387.62355626105438     
   382.37077956938253     
   376.36752627267509     
   372.76656564469903     
   372.74877421265381     
   373.13369125877637     
   371.22422936151952     
   370.68791251014864     
   370.65459135311391     
   370.39963389107629     
   369.83429699162724     
   368.63401873148695     
   367.89110472378036     
   367.39259876087942     
   367.08585206882242     
   366.64133673850608     
   366.22988432686947     
   366.05764906553009     
   365.56837701361320     
   364.67017516453097     
   363.81582176392078     
   362.80496328939842     
   362.38216527181828     
   362.24538482516914     
   361.61728484401146     
   361.12609506376168     
   361.35466175281812     
   362.62330291259207     
   362.10109609347523     
   361.71001606812342     
   363.26971963218341     
   365.61951824352792     
   365.93471670157442     
   369.67131855430330     
   374.18902369846677     
   375.75870138119404     
   376.22468264473298     
   378.54210361349135     
   380.00720159370900     
   381.73514748961446     
   381.75757043579318     
   381.37973486547821     
   382.56927782800454     
   381.52353422481804     
   381.82746089037050     
   380.70071039949710     
   379.35044447994630     
   381.38348900519480     
   381.02855476592651     
   381.40123037841335     
   381.17986628087817     
   381.12137893784848     
   380.58314383149434     
   379.75645124943310     
   378.40864975294198     
   373.00831633314664     
   368.95420633484531     
   367.71399148141319     
   366.90789749333834     
   366.71174288789302     
   366.34208733832139     
   365.65392035457779     
   365.42948746075723     
   364.52107373082220     
   363.68544377562364     
   362.37796088483822     
   362.02658230250620     
   360.17609058798445     
   357.17449667351303     
   354.32347503361660     
   352.62291684004185     
   351.85072314158759     
   350.87968374492021     
   349.98014302228489     
   349.33312671369578     
   351.43521418990935     
   354.24503164188974     
   355.26413456971181     
   358.36562461601375     
   360.18068495024136     
   360.89781368256189     
   364.13736459487086     
   370.96016309986140     
   373.70936966321875     
   375.11755798870041     
   381.06508085873162     
   383.62142153397292     
   382.01370154410137     
   378.83933547213223     
   376.25380171661493     
   374.74517535003520     
   375.87156356720607     
   376.94884989271628     
   375.69507163118658     
   375.62360106599311     
   374.78887690738600     
   374.01029891027940     
   373.58792595223639     
   372.53401381492137     
   371.05973288416118     
   371.17880458179246     
   370.79458039174784     
   369.99224615628759     
   369.99694280861968     
   371.78788273750632     
   371.40363047946039     
   371.48526922947349     
   372.08468514979643     
   373.52937488035093     
   375.44720043734543     
   376.51026635025443     
   377.91099198178659     
   378.94260052354656     
   380.06869546024035     
   383.64340010005287     
   385.51548924856712     
   385.87537283322638     
   388.00439044093127     
   390.56842590106800     
   392.45379016540608     
   392.87087066774887     
   391.63180804960768     
   389.25262976688066     
   389.84433522133912     
   387.27712763083196     
   385.92204539426774     
   387.60556548990286     
   388.24745677489130     
   388.01346257140568     
   392.43443675992063     
   393.15143839290778     
   395.08786346497271     
   395.19382930747861     
   395.53132046120675     
   395.59866959278833     
   395.95678966224040     
   398.24042677692353     
   399.40800886607701     
   401.02062272681258     
   397.45628042379900     
   394.75401498365466     
   395.72376252250649     
   394.93159894699176     
   392.40594321319912     
   392.08801152705814     
   386.74761572673066     
   383.90373397376698     
   381.98327543975444     
   381.83753642068649     
   379.96284099264915     
   378.32686755498059     
   380.84061320043168     
   380.52811005854596     
   380.27980792092990     
   375.09136488256149     
   374.38436957564591     
   374.77839791205389     
   375.77118395065963     
   375.99246400271937     
   374.77093438172272     
   372.99748249396890     
   374.08895093498552     
   372.90152974368419     
   375.88632008655992     
   371.09802341701925     
   369.39049130356540     
   369.44065356946095     
   370.09533232614359     
   369.98727853319457     
   369.50422340751066     
   369.43713788979858     
   370.79150892704945     
   371.23808697968184     
   372.18552314871226     
   373.20094700367025     
   376.35423429678434     
   377.10317747414399     
   378.98477825878120     
   384.78845603239591     
   383.05626117849499     
   382.03583045981043     
   384.00801365050233     
   391.15306409398744     
   388.25757168471688     
   385.20553300590677     
   385.55714483137490     
   386.22690361760863     
   384.83747548077417     
   383.74808993932152     
   380.55699487362932     
   377.97978581131633     
   377.95920581189176     
   381.46655834728375     
   381.66152489102444     
   385.70414930149627     
   384.32905336953945     
   382.58074759502455     
   379.88484483409803     
   381.71665428558873     
   378.89855535330662     
   374.75607750030201     
   371.40617457102894     
   371.05004629492333     
   371.66058823118135     
   368.49914613178834     
   369.64867272982895     
   370.56975784205190     
   369.66721109438646     
   367.80921644160560     
   366.41137700308991     
   365.51545369724369     
   364.38965403690014     
   364.87883549973395     
   363.91294544638879     
   363.56133867960313     
   365.74146097263946     
   363.19155586508828     
   365.46013132066548     
   363.03831924071790     
   362.90572614181957     
   363.08469079860970     
   362.02267321262644     
   365.52020209342459     
   374.01547953068894     
   377.43964373918811     
   381.70684121871477     
   386.04642985839939     
   388.29535507574741     
   391.90920871568079     
   395.87233254784439     
   400.17174406765935     
   392.58613498666824     
   389.83442501935161     
   394.65215314068882     
   403.61534584980620     
   391.23733477425486     
   391.23802001842637     
   396.84932115712513     
   390.19467038244312     
   386.57707749870099     
   385.66368034574720     
   382.70686850333675     
   381.38280403835705     
   379.27980732134858     
   378.91621266518501     
   380.41137246297154     
   381.09336440491967     
   381.03437708614365     
   382.22543737381318     
   382.01526957286478     
   381.62448135258899     
   379.11770153839007     
   377.90385136037958     
   380.86634833409431     
   381.57463895233047     
   381.07417003994476     
   381.80750222494760     
   382.43862873203108     
   382.71266396906151     
   382.78126799991361     
   383.94871979017597     
   382.80056953676348     
   384.62940038385983     
   387.00221441233685     
   388.45429333344759     
   389.87081369820862     
   386.85325707665316     
   385.93803967935906     
   386.01465888282615     
   384.89908500287288     
   385.53053970115565     
   385.84678308748090     
   387.02736698266858     
   388.35984657102398     
   390.46244486827459     
   390.82246141996086     
   391.77867552431354     
   392.49104141344935     
   391.48866142077503     
   392.39815691516645     
   394.69451711019639     
   392.78950173841457     
   392.57151031443379     
   391.87314763593150     
   393.63198509274588     
   395.36068437291453     
   392.79395394158990     
   391.53478168884413     
   391.08779373546918     
   392.23740055140411     
   390.41233848652752     
   390.09317389238601     
   390.80588184252048     
   391.56252192496737     
   391.27464668638407     
   391.53111913314098     
   391.63110502492299     
   392.55744503532196     
   394.14474989382495     
   394.72665063755989     
   393.95763335329281     
   393.32459891420473     
   392.19677943155762     
   394.14228331620490     
   392.68079937505433     
   389.05165107927309     
   386.93919342559781     
   385.53934364961538     
   390.35334198918031     
   393.21868297343400     
   394.41469140867520     
   394.40978932211050     
   395.01670588581646     
   394.46169194013390     
   393.87196627769316     
   393.69883582815265     
   393.71081411902412     
   394.43714878160159     
   397.11261591737650     
   398.70117800901579     
   393.19039801867746     
   392.26103364288281     
   393.17505532281803     
   394.58849440998290     
   397.22016253154703     
   400.28121652557883     
   398.55151173691922     
   400.07080475703128     
   399.41962083067381     
   399.30914339324107     
   397.28121670579969     
   396.92353493359491     
   394.69447455004820     
   392.95215236025984     
   392.51528749628335     
   392.11859027735511     
   391.18597598085546     
   393.44336497759713     
   393.06149779663747     
   390.91966327142370     
   388.80690449486070     
   387.99694336417048     
   387.66073048771131     
   387.80392041707188     
   388.43425670318334     
   387.68798212391306     
   386.88805705641420     
   386.36600278908020     
   386.57851220394548     
   386.63249816987457     
   385.94131542612126     
   385.93516875981180     
   385.66019999143998     
   384.71484636749000     
   383.59293379930409     
   382.33824308952251     
   381.84966165080965     
   381.99463460096388     
   382.26597982687770     
   382.56792476461953     
   382.89883714641252     
   382.68758436384638     
   381.29891968353706     
   381.38078503291894     
   381.52193341737609     
   384.46550157437775     
   386.94569153797522     
   388.82410989252975     
   391.84681848710386     
   394.96422038461378     
   397.24458827962451     
   399.93989254757412     
   405.90099485463958     
   409.96317796250372     
   407.57380394694638     
   414.14481761802477     
   415.25733717263120     
   424.30686767618943     
   421.97205017365121     
   420.31585044688740     
   415.86397932726948     
   415.21762942386266     
   415.49904623491216     
   413.33934458715589     
   412.79307638469453     
   410.87103362702715     
   410.07262559416688     
   405.66734093015992     
   402.73090395096199     
   400.50127183420000     
   397.05114871667502     
   396.03443368694980     
   394.71173125210987     
   392.07065650819538     
   391.73476188716421     
   389.95732127122204     
   387.18512990364189     
   384.98034443935791     
   384.15950515833504     
   382.10132585514725     
   380.41776025026155     
   380.08832098004143     
   378.44791669304527     
   378.91710018939841     
   380.58122400954579     
   381.21142705875235     
   381.32741572370065     
   381.42492865386640     
   381.04746849955546     
   380.34288728848060     
   379.84959202524266     
   379.06313123619265     
   379.62723903291874     
   380.08142601432814     
   381.64334256760776     
   382.86153008625939     
   384.63550217241163     
   385.37000994042705     
   388.53320078440470     
   390.48225520868908     
   390.26474569346499     
   394.03320545559239     
   394.85832512980028     
   391.55816543788643     
   391.09410872578883     
   393.79695151274206     
   397.32316703751383     
   396.74720976278581     
   395.75060896111137     
   393.42821030419861     
   394.09972085528295     
   393.94429130936498     
   392.12703760386290     
   389.64010132414973     
   389.45919042662365     
   390.42591237101180     
   390.90482366303428     
   391.76266355509057     
   391.76294221352373     
   391.92541534496098     
   391.87578819225746     
   392.65981868679995     
   395.86034704711216     
   397.62052304633772     
   395.00337366865665     
   393.15132899225824     
   393.02705428855768     
   393.78196200178161     
   392.68803288827564     
   392.08475353748901     
   391.87067424618164     
   392.43427040212470     
   392.86949235507569     
   392.96064651626568     
   392.78608489471515     
   391.77950846523117     
   389.43961645397189     
   387.67298794058780     
   388.55458755636920     
   388.20364592176389     
   387.00721620896877     
   388.76746042417631     
   392.25333370788383     
   394.87085515782695     
   394.87491304228587     
   397.10539206298137     
   397.71487868347208     
   402.55225079738102     
   404.65401043117049     
   402.12931364181100     
   399.86555934723850     
   405.10759217159119     
   404.28521671507326     
   408.77283778679521     
   404.54022030872795     
   401.41626872042104     
   400.81746746161008     
   400.78998149101898     
   398.95072200950926     
   398.42526131344727     
   397.39512244454846     
   395.69717196616767     
   393.85695310793034     
   392.43857522708601     
   391.39202920674182     
   391.64508803235958     
   392.21779715196561     
   390.88489238192454     
   389.57863310126612     
   390.78311959666490     
   391.55278192648643     
   390.18053648407266     
   388.90989527652255     
   387.74352585966403     
   386.94800017731444     
   385.67099193179081     
   384.18957545440071     
   383.48200535813595     
   383.08235361532883     
   382.79187103550265     
   381.94810402441243     
   380.75835672632553     
   378.62266770689723     
   375.21695786259698     
   372.95146285480291     
   371.54391575106860     
   370.44407951744921     
   371.86207961823811     
   374.64230605018781     
   375.79681889025898     
   376.97894062534903     
   376.81194920615161     
   378.89720216636800     
   383.98670809219215     
   387.85999602562748     
   391.12200480039354     
   391.64856264105100     
   391.64798906285415     
   391.26800444881667     
   391.33652711130833     
   390.78789845761344     
   390.80075758149451     
   392.53512263404178     
   393.31291007052897     
   393.77292122228351     
   398.99355765856814     
   403.81623422142849     
   407.80526076470784     
   408.54247148596812     
   408.48834362689649     
   408.62131716425881     
   407.46317949237306     
   407.46940809599334     
   407.45663176937262     
   407.20702697380591     
   408.27984276775368     
   408.45153017123044     
   408.49840082398100     
   408.63198864760778     
   408.31043501447533     
   408.58418443462733     
   409.02421332817568     
   409.38215163432056     
   409.51187504611369     
   409.77004730899336     
   400.33310540493540     
   396.11246596535705     
   395.30378263456100     
   394.63633888132802     
   393.70915798626822     
   392.70644537140402     
   391.91117261304584     
   391.40988014704732     
   390.98977238438221     
   397.75515435332653     
   397.19362164901304     
   396.50577746704255     
   394.08372802753905     
   391.92512450025839     
   391.64687662796297     
   401.52211034245971     
   401.55503347347536     
   404.96246630067486     
   414.87693359346122     
   409.13000263678202     
   401.21702602789156     
   400.50526548526608     
   397.81904028037951     
   406.06203460882966     
   410.43957825162141     
   416.78731792116236     
   406.12734444723628     
   412.83974766285405     
   409.32857278793074     
   405.20280536578468     
   398.42179085564294     
   396.20488293801986     
   391.11619625630334     
   386.63924748426331     
   383.61962947098868     
   381.35297495509428     
   380.19672272490146     
   377.90787540381547     
   377.05801014266268     
   376.31972716558039     
   375.49658406584109     
   374.86262132307354     
   374.99136905531361     
   376.23665352185520     
   375.48155518064357     
   376.88696169739211     
   378.54964960572204     
   379.57147436488827     
   380.50372485226848     
   380.31578076877344     
   380.66029555767216     
   378.31455461112319     
   377.74484126412437     
   377.90495367045213     
   377.56813823339888     
   375.95456900545503     
   377.24467813690552     
   378.37206679203092     
   376.43516498419598     
   375.23181629612208     
   373.61786028822803     
   375.52797222627720     
   380.31236063340634     
   383.15681162015233     
   385.05995538813988     
   386.60080027729032     
   384.28722566879173     
   383.30260979643987     
   389.11786445759071     
   391.19417891728375     
   391.43326118105853     
   386.59419584318402     
   384.08188937470936     
   383.95183321230326     
   391.43508548480600     
   389.07404472757719     
   385.26668718230712     
   385.95001807256767     
   380.92898176538301     
   378.13672698888661     
   375.28153665298083     
   373.85501795403030     
   374.32809622330160     
   372.83066796077037     
   372.13758383908407     
   369.59477706641843     
   367.62977257511392     
   366.73549396319765     
   366.38474296597599     
   365.95336773329979     
   364.81017101124922     
   363.97300001836993     
   363.39525855160912     
   362.58874007830605     
   362.22591318148739     
   362.47676432649212     
   362.13880771349693     
   362.08237536542714     
   361.43934131549014     
   360.97385830361037     
   362.78270935918022     
   363.81403492954593     
   364.22631802036079     
   365.25278149193383     
   365.61377030162811     
   365.65365051211774     
   365.77459617720353     
   365.45206888089842     
   365.99556921273609     
   371.06632649468571     
   374.39664248652048     
   374.92334765019348     
   376.39805366731866     
   382.45266019146356     
   384.60179872484963     
   383.58192778671764     
   385.72486730259436     
   392.19915623401323     
   392.56528261558429     
   392.68428025970667     
   390.45289386027747     
   389.84774608163957     
   390.72407307556074     
   389.73447646095781     
   388.71572098136619     
   386.88125418011617     
   384.72724142997606     
   380.48000239673064     
   378.96893127903473     
   377.89569237800742     
   377.41464569149002     
   375.24467420446808     
   373.57599081938702     
   371.42148008502380     
   370.32438921037192     
   369.52912513643275     
   368.78543803922634     
   368.32886576469923     
   367.72170136158303     
   367.23467788786178     
   366.77359811767360     
   366.80066436707887     
   365.88722864057797     
   366.36879546285815     
   366.37757091946042     
   366.09208986394935     
   365.40708128504320     
   364.97259605639101     
   363.62894559867817     
   362.82723838164628     
   362.82429648001352     
   362.43192177310999     
   361.11422868762151     
   361.15097164975310     
   361.55375436116469     
   364.00820738954985     
   362.77381809104725     
   364.13106245772218     
   366.54639122387715     
   369.67798209849389     
   376.60058845476442     
   377.55754549045480     
   383.38207938596321     
   382.31195303745181     
   387.61370443893060     
   390.96813057346861     
   387.36054107490287     
   385.52605528325211     
   385.28694793824798     
   386.44879338949505     
   388.75713514349775     
   391.37366634532611     
   389.61679975640834     
   385.95761372578096     
   381.28118729050436     
   380.22075945512893     
   378.54672987922390     
   378.52575159174927     
   377.52656384935750     
   375.94685163462685     
   375.55966680838492     
   374.94597606976248     
   375.55042109696922     
   375.31276468752844     
   375.17579489977294     
   375.12771830867172     
   375.10288710263325     
   375.42499954662856     
   375.32282747088169     
   375.71097931793815     
   375.64620278920842     
   375.60835337655590     
   375.36757217191195     
   375.20210269901190     
   376.42362683958390     
   376.62285049430483     
   376.42397742371168     
   375.19296528628888     
   376.21573590658204     
   382.74795381491549     
   385.70915924017754     
   385.54260052996943     
   386.13530014295640     
   386.36056771393356     
   385.81624577452118     
   386.49815845458141     
   388.48655135478697     
   390.34104266814325     
   389.83707417411443     
   391.47646250066970     
   395.17148269063119     
   399.02406646574798     
   400.41756732816049     
   401.70858844763370     
   401.18881152931044     
   408.98504005944579     
   413.40711927372575     
   404.00795697391669     
   399.80455885186933     
   392.54671307114705     
   391.08175512364147     
   389.90304726198423     
   388.82995081877232     
   387.69593288165004     
   386.38917266374648     
   384.97243669561738     
   383.35395411003157     
   382.08622287437601     
   380.91410763567694     
   379.63614392635242     
   378.63057118958523     
   377.97708204064526     
   376.15658100630100     
   375.83538490044481     
   374.69525846544582     
   375.66097200607686     
   375.59214746196136     
   375.84854204538976     
   374.41170787802611     
   374.02838983532320     
   375.21724930780363     
   375.75639038478130     
   376.38233550574506     
   376.52842209211775     
   376.76693948513520     
   376.97014012063869     
   377.96929557180840     
   377.37549685377320     
   377.37082391021801     
   377.55486872986631     
   377.57100785981936     
   377.93544483042865     
   378.52692355251418     
   379.71660370992652     
   380.40582094039485     
   383.32191912818649     
   385.32002014532992     
   387.34064395352806     
   389.61323978168951     
   392.46843715891600     
   395.20218085180193     
   393.61793083758073     
   390.88958551512616     
   392.16964090057536     
   395.64463970658699     
   394.04106901470749     
   394.10769628345355     
   392.77741175700493     
   390.03619205262601     
   387.54828181324405     
   386.86825629027931     
   382.50488397737541     
   380.36003298394871     
   375.99721840576279     
   373.77634453844968     
   373.27900070365308     
   369.42171731005925     
   368.14924120843892     
   367.06888649990651     
   365.96029018245463     
   364.72150790728864     
   363.90711060150363     
   363.21108119583056     
   362.46606518494679     
   363.87252123383291     
   364.81701952213371     
   365.21438891391904     
   365.30949790509101     
   365.68371803746373     
   366.89075618034320     
   367.24225260518688     
   367.55390545809166     
   367.73830829160750     
   367.99517164548257     
   370.63679452132618     
   371.65932952373129     
   370.32468240550531     
   372.27814550599095     
   373.10704413743707     
   372.67714845439855     
   375.18146219478047     
   373.93483036657233     
   374.44295101843215     
   375.94927368311926     
   378.04968808697475     
   380.32778386009471     
   380.39333897415429     
   388.32160110345876     
   389.16632739655722     
   390.50981988139273     
   397.88087283874603     
   400.29014106846910     
   399.43768480994686     
   400.79098075553890     
   399.25837014177552     
   400.00027009833838     
   396.84758568072533     
   396.99729595196146     
   391.63086112730980     
   390.35601509861010     
   386.66550510231917     
   385.39647369815458     
   385.71614198712587     
   385.48541779869373     
   383.67452722929858     
   384.06726606158259     
   383.27223826773559     
   382.98212545686283     
   382.20638424215082     
   381.68737084569710     
   381.67307609673679     
   381.25721723747949     
   382.14087641426147     
   382.34081068883273     
   382.06626325074876     
   381.75764605799861     
   382.33176948554240     
   382.50413268119905     
   381.34044863783572     
   381.33731087799345     
   380.72671611139197     
   379.88110780478866     
   380.66280437211452     
   381.04070552508341     
   381.04497355112125     
   381.31319660494472     
   380.15862224051386     
   379.51021210499084     
   381.06683022951654     
   382.52993338432884     
   384.66561258923946     
   385.69565408301878     
   387.14536309364735     
   390.01605089406291     
   389.69286930815315     
   389.69899453127357     
   391.20951717670084     
   391.92261112454014     
   403.20450630033469     
   406.93810570346005     
   408.60685142911615     
   409.18062881261886     
   412.41719644936848     
   407.90772201255839     
   409.69817006678699     
   403.27046827173274     
   399.87118973497115     
   398.46188201307206     
   395.49335554503074     
   394.17263950398348     
   393.24433658446333     
   392.42887472936945     
   391.73528573776633     
   392.79840624302636     
   388.92039780781346     
   385.50128177849871     
   380.64734714993904     
   380.68465040801743     
   383.73842147708945     
   384.62335442066558     
   384.59110189191307     
   384.66575962743707     
   384.06234979262024     
   385.21313475791385     
   385.11105121007716     
   381.82097127028300     
   379.84086274367985     
   377.15483414037288     
   376.46532182485799     
   374.94132135476349     
   375.60294639930066     
   375.62082009938877     
   374.88024139096774     
   374.80752374790967     
   374.24553011997835     
   372.66538986961700     
   375.55456596529598     
   375.99589154582856     
   378.78878089271166     
   380.38519646480358     
   382.95254837524925     
   384.16827591998521     
   389.61302007228733     
   388.36080838246511     
   391.25238997257145     
   395.17704073203498     
   396.93987528219731     
   401.58767430277192     
   401.21562681370364     
   399.53939305212697     
   395.88515593218852     
   393.69111313081282     
   393.99020507563091     
   391.91617422104241     
   390.06414185587670     
   388.57308882835406     
   387.72515686765900     
   387.41249305658886     
   387.42540221877766     
   387.77050321816773     
   386.81123901465679     
   387.47490523711008     
   387.93286559777800     
   388.93280010046794     
   388.60119428335963     
   388.40930556672373     
   388.50375999274314     
   388.58365758115775     
   388.08881615521898     
   385.36295963202434     
   384.43032506027589     
   383.92225724977982     
   384.10770139019155     
   385.11185996209531     
   385.82112731502747     
   387.13217817279320     
   387.48649710740324     
   387.53681349015363     
   386.91446191160219     
   387.15654132572837     
   386.67468213293932     
   385.63421499109950     
   385.42667090957110     
   386.00562251539947     
   388.40424489091851     
   387.83845659595659     
   388.49078727564807     
   390.53802580019732     
   394.00225812907212     
   395.35437830289237     
   393.07558074293036     
   393.00623034758462     
   399.44939174536893     
   399.19465124458509     
   404.26455969289481     
   408.90488385614725     
   412.01309266684444     
   406.73757289933718     
   404.84432492994398     
   403.47629482614786     
   401.68624185769818     
   399.51980024773729     
   398.47438952248558     
   397.72538666576304     
   396.83356771058203     
   397.30174430393669     
   397.83021494212426     
   398.21728218452893     
   397.14388132238366     
   397.49595038293211     
   396.41421569281925     
   397.74678342661332     
   398.24026247270336     
   401.24499384305045     
   402.97173070729258     
   402.85099110580200     
   401.89373333729253     
   400.31135790985240     
   398.26190219256398     
   396.12928051274531     
   393.88437753814640     
   391.59118698972668     
   389.01857703553981     
   381.05282459577757     
   376.36576690723967     
   374.23990030131984     
   371.16435378245433     
   370.04359406223102     
   368.87950466172316     
   366.69403549509616     
   365.46407514184494     
   365.21907570961520     
   366.31898443881391     
   365.58057270494396     
   368.15194758253438     
   371.31334660753356     
   373.64812864157324     
   378.41302567804604     
   382.73423049372707     
   385.11259612972032     
   383.35808336714132     
   384.81099880771302     
   383.85943583123441     
   385.08447945238845     
   386.58597817150951     
   393.19471394447930     
   392.87673871502227     
   389.89380910454935     
   390.92445977515200     
   385.10211040701773     
   381.86029329779944     
   376.06577465684512     
   371.06701803580768     
   370.22700880837135     
   369.72157930645909     
   367.29054379674142     
   363.86151529669127     
   364.70592019986418     
   362.93544027820161     
   362.25094563427024     
   365.58139815014340     
   367.07020174671203     
   362.67687610603463     
   361.90324333834855     
   360.28738613982222     
   359.07138350112695     
   358.29422217627422     
   357.89988909326877     
   359.04809267653081     
   357.45231207390430     
   356.11778523164179     
   355.08767349059787     
   358.04472029945168     
   355.91058869730875     
   355.36072704793918     
   355.79869560023388     
   354.96931416321218     
   353.14367443759500     
   351.58800464378339     
   352.31638930311829     
   353.28815580564958     
   355.94872311088204     
   357.51218795795660     
   367.46434600808414     
   367.85646572466095     
   371.73954705402889     
   379.91379558500648     
   379.04947991512933     
   388.45758719598513     
   392.96380310203750     
   390.27315853957583     
   384.65666456730850     
   382.56333739775306     
   385.07817067482750     
   383.95833925707547     
   388.58722132470365     
   386.33252719260327     
   383.37196253728382     
   380.60663854095054     
   374.27753113213680     
   372.17928558599067     
   367.64567476693918     
   365.87923185050772     
   365.33613351576423     
   362.95057251268946     
   361.87301279363129     
   360.22853707966289     
   359.18799568801381     
   358.86046319212608     
   357.86316937487783     
   357.03084686442719     
   356.32228812907414     
   355.22552103649315     
   354.72707964176936     
   355.13117840978646     
   354.76306443292810     
   354.35448190888917     
   354.08555275201280     
   354.56923219705317     
   354.26006154715770     
   352.63485604977319     
   350.53757438398588     
   349.49232832427396     
   348.83528402483131     
   347.90419308550963     
   347.43375655283177     
   346.51359470804528     
   345.75367911660601     
   347.11474508462453     
   346.70220085566393     
   350.17265115062082     
   355.46247179900575     
   360.47925672957945     
   365.75774070250299     
   371.88762349425599     
   377.50166191040472     
   380.03790440576836     
   382.91478567518232     
   386.60283807323742     
   388.03593644751953     
   388.45237074597048     
   388.62590902938916     
   386.46788881045336     
   384.12750386288599     
   380.96640998461248     
   376.62949127048421     
   372.17679550999895     
   367.75656921879596     
   363.68261914101822     
   363.82023586983212     
   361.53760664027345     
   359.02160516612048     
   355.96727373557133     
   354.90294057411023     
   353.21308545788042     
   351.85197428442905     
   350.59451467721436     
   349.79993932385167     
   348.87949061426593     
   348.04082021313440     
   347.03318199256734     
   346.01455194094490     
   345.18562316821618     
   344.53823529101828     
   343.93999190309569     
   343.17360290758313     
   342.48638121002710     
   341.88952715630597     
   341.03909130377184     
   340.27646711328384     
   339.35425590378088     
   338.53736545349255     
   338.10264961937582     
   337.72859838081706     
   337.31228898762777     
   336.35997767520547     
   337.60707906064818     
   337.81381803313781     
   340.58470917565438     
   345.00286864183391     
   348.72710126405201     
   352.92666344563480     
   358.50617201670337     
   364.32866195722528     
   367.72267709956509     
   371.07750926260576     
   374.45211153187449     
   375.01366692900115     
   376.51107369573276     
   376.56231071802830     
   377.07118176702301     
   370.84578067594339     
   369.25223580891577     
   366.15458518660159     
   362.40922100098425     
   357.64133013783885     
   354.45973638496446     
   352.64756777222391     
   350.97735419249074     
   349.47890934784982     
   347.10116060052809     
   346.67955209112733     
   345.62377773926846     
   344.40329211011533     
   343.40715271748422     
   342.38560729981310     
   341.32809468504354     
   340.36798655510836     
   339.55258430651639     
   338.71538034994057     
   337.93554019867412     
   337.19379136560576     
   336.37673074106323     
   335.67715132203324     
   334.86341133258884     
   333.96491878650102     
   333.03713725002859     
   332.10839034851779     
   331.40568826452653     
   330.58796019156324     
   329.69479095905217     
   328.73001155903529     
   328.00131359072151     
   327.57764406574523     
   328.94952732868467     
   328.44033851324343     
   330.62430557960323     
   334.96920818077371     
   339.82055860051304     
   345.13877324865939     
   351.11121439984350     
   356.71955326443623     
   361.40337438479895     
   365.32364314766710     
   366.02402976201694     
   367.55386944254161     
   369.34515872367501     
   369.69837102593601     
   369.16560180755090     
   367.38300718595855     
   364.53147779071941     
   360.15849646063515     
   354.33893917798923     
   350.52418568717974     
   348.02523701884729     
   346.40663296230321     
   345.02993609853240     
   344.07597536118811     
   342.02538567083656     
   341.56609977343203     
   340.68387862932957     
   339.71619268085061     
   338.44060174935606     
   337.10509035931244     
   335.86989239821457     
   334.50223175953772     
   333.35751368302505     
   332.53129894687874     
   331.78025346782994     
   331.01787939968563     
   330.47528816563153     
   330.03056666089168     
   329.50771401726769     
   329.23806641546969     
   329.68448221353532     
   329.78193203437559     
   329.39314424286164     
   329.15652394339946     
   329.96649380358394     
   330.91552857831982     
   332.41600056503313     
   334.99378930688522     
   339.10455572144815     
   339.97492023196583     
   341.64426565175091     
   343.52489210885147     
   345.46467675460974     
   348.19115579438557     
   350.56993222623612     
   353.65623264669739     
   356.52832285311945     
   357.30736988488587     
   361.30048341379558     
   362.95559131847170     
   369.67872507015352     
   372.39256156087328     
   374.57748966225444     
   376.11792069350548     
   368.87742828229864     
   366.99636775894982     
   367.33795233823577     
   367.94288442563402     
   368.85823932688606     
   370.05270754369201     
   371.05714738719416     
   371.92575054951180     
   371.34149862874443     
   372.46587478362773     
   379.60025150248873     
   381.79194206965178     
   382.36053961988716     
   382.94315715085696     
   384.00060597517103     
   386.21116207278124     
   386.76486965024850     
   387.32560031491619     
   387.18478472391774     
   386.86397775582418     
   386.25891236702262     
   388.86125526950855     
   393.24727144424264     
   387.80270297276934     
   386.11902945889130     
   385.72209171728571     
   385.63773690003808     
   385.70686944887052     
   390.49824186515320     
   390.78878594017857     
   386.49775314743351     
   380.72243905476637     
   379.30354217594618     
   379.64598926155179     
   376.09601772883133     
   379.96011592215302     
   381.83480029626571     
   380.49665952441563     
   381.03807320223405     
   377.20839737562369     
   377.22162773172636     
   386.57812896435632     
   387.38745551739061     
   387.15240916389371     
   390.98093713386811     
   387.73305335845060     
   386.26058950386192     
   384.07945853822014     
   382.32337428467071     
   381.97635086427545     
   380.21015728275091     
   378.79711992624237     
   378.06238517707078     
   377.74732735375153     
   377.91416250577032     
   377.71623627392836     
   375.49132577250037     
   374.99976282176453     
   374.87408988323142     
   374.47766669977318     
   374.02254539976178     
   371.82368583919674     
   371.80094338352603     
   371.92162270743626     
   369.70771551089479     
   369.20278309754406     
   366.47515953310847     
   364.49981400171930     
   364.07764194745096     
   366.29464596938050     
   366.96723820680569     
   367.31099452443232     
   367.89945834552674     
   367.99785246098645     
   367.09956631115114     
   364.31482746798360     
   362.13070162524679     
   363.13862711463656     
   361.04690474769234     
   358.25329111955074     
   360.64803451423137     
   360.23519445368908     
   361.33621312166588     
   361.92033244037401     
   365.02988874355782     
   368.24962668500086     
   370.74474315032069     
   378.66498690774785     
   377.16526414755111     
   379.86129317168655     
   381.48605625811052     
   380.21081544274097     
   379.86175825744738     
   381.28259601892836     
   380.41598191262545     
   378.53067811517917     
   378.14256956010507     
   377.39891957559212     
   377.25843298073113     
   377.02197535428024     
   376.44702794789788     
   377.09627922826621     
   380.00724219289134     
   379.10157445721455     
   376.85769516960676     
   376.59770525323034     
   375.00478192495268     
   374.38023183913100     
   373.15870839125932     
   371.76566562342879     
   371.11951346348042     
   368.36174972467347     
   367.17375908137672     
   364.67152633082992     
   364.82750096560801     
   362.35775846677774     
   362.51901666475965     
   363.55773522631404     
   363.78293029004129     
   364.40024439875901     
   366.12283222083289     
   366.45657170376421     
   365.55095751257790     
   366.09817563293097     
   365.80746778126058     
   365.81839327952866     
   366.14048850074164     
   366.52592283479913     
   371.06624603238430     
   369.22615859341187     
   369.14519476175275     
   369.20796287523086     
   369.70176619983891     
   372.71365531752360     
   372.80732242828185     
   374.65247735401800     
   377.26688469020519     
   379.03540996212570     
   382.84041659351459     
   383.71346734495438     
   383.95788131906198     
   383.90090061634487     
   381.49683573969526     
   381.72710599864098     
   379.25182491551880     
   378.48426477292838     
   374.10285228162360     
   372.72541720689139     
   369.21807551319358     
   368.16921883201121     
   367.37194976888674     
   366.00743225231105     
   365.20599694969212     
   365.60572244452646     
   364.15026918038967     
   363.48234413948882     
   363.25906814826584     
   362.87688228850504     
   361.49471604556322     
   360.77857477773267     
   359.75079436227918     
   358.94635928034444     
   360.14442534014671     
   360.27439034035456     
   360.42185351771667     
   361.05672784397063     
   361.21991197954583     
   360.88485657595112     
   359.77978633131897     
   358.53215736495622     
   359.16372124345691     
   358.74444333254621     
   355.54271827414249     
   354.68057729730344     
   353.76754363620660     
   353.12571690306930     
   357.60322876770670     
   356.89005222114793     
   357.79887170638125     
   358.64808636052402     
   364.53030984679185     
   365.85605758989965     
   370.48039014329174     
   371.90704174215347     
   375.18984581403942     
   376.71321946937707     
   378.91046544887877     
   379.69757899389117     
   380.68145190760254     
   380.57350420261707     
   379.34345404205231     
   379.75449167858392     
   376.64458025463580     
   376.23120132679645     
   370.45920579329595     
   368.74659940997054     
   367.88427476280867     
   367.25261829702373     
   366.97612500514367     
   366.20031732720213     
   364.76006237343370     
   365.75784314680789     
   366.74321948678158     
   365.58280894083543     
   364.49414386803272     
   364.47163900355793     
   365.92433757888801     
   364.24032126892109     
   364.69249663833500     
   365.21760376396622     
   365.57357271012859     
   365.24669701350842     
   364.58805125786188     
   363.81707575925111     
   362.52639475450638     
   362.09080509584760     
   360.75446575307399     
   361.79053718905732     
   362.54120801720410     
   361.73939930675402     
   361.52600871432657     
   360.67947005453425     
   360.69343113407103     
   360.72698264834423     
   361.86363535459026     
   360.71481544964678     
   361.41011507643128     
   361.53580954931272     
   364.12341673702457     
   364.70383609530444     
   369.09308584578491     
   370.48752128931005     
   375.98156118620960     
   378.14886363645462     
   378.22620204980905     
   379.44361687053032     
   377.20571908751924     
   376.42946625928806     
   374.11331035310292     
   374.64738674551370     
   369.41904472818067     
   368.47417412362853     
   362.41228388047358     
   360.55918717055152     
   357.33616377347101     
   355.75234164150407     
   355.06297512968166     
   354.28187249544862     
   355.97376254997545     
   356.99748709963893     
   357.93876780116608     
   358.06413916523820     
   357.34527907475069     
   356.94121675115611     
   357.41926473106645     
   356.50451808574849     
   355.60403735220694     
   355.11976815892029     
   355.27044530896927     
   355.00476626412234     
   354.04886937715327     
   353.60035553962774     
   350.88835375791916     
   349.98413679845191     
   350.41577232035053     
   350.12447516357417     
   349.51778232539414     
   349.32911155779368     
   350.78570983233044     
   350.93641074302604     
   353.54994042228918     
   355.13817119880082     
   357.88121006234093     
   357.73255227580171     
   358.04463697027825     
   357.92509266284122     
   360.02660732306924     
   360.68603258373815     
   363.11404595487994     
   363.95986003547347     
   364.82098327050227     
   365.89329935851185     
   366.98433435392906     
   367.74313514095860     
   368.46757924879745     
   371.95018161625012     
   374.71537568897719     
   374.91194277941236     
   374.89399336198443     
   375.91633657467531     
   371.47852904468880     
   366.93409203656125     
   360.79202975988983     
   359.80246683115627     
   358.30297176204800     
   357.01662522230640     
   353.25362782501867     
   352.28489975554112     
   351.41556910528328     
   350.66160927030597     
   349.42267803590181     
   348.40862706224317     
   346.46858276447932     
   345.25618693943886     
   345.12436570034242     
   344.46905530095523     
   342.90921397322393     
   341.58463249048611     
   340.42798747208809     
   339.77575386095293     
   338.91883490331162     
   337.99669429773667     
   336.69509529090493     
   335.93780138179415     
   335.10047520371529     
   334.19238601504060     
   333.46676715430351     
   332.99041419254610     
   332.71954642088127     
   332.45475094503945     
   333.57830805150383     
   332.51703936246292     
   334.39148929973072     
   335.27077150296509     
   341.71766468577584     
   344.01094603660590     
   351.84562374617843     
   355.46454733038723     
   360.61644564791078     
   363.80098390674073     
   366.48215319000258     
   367.36546899541145     
   367.21916802996788     
   368.32563373355595     
   366.54418612025580     
   366.75602935307842     
   362.89395595903676     
   362.78747352663640     
   356.37315634143107     
   354.16798435157989     
   350.66257607727863     
   348.94979279528877     
   347.78039447823869     
   346.61101903082562     
   347.33750251746750     
   347.67240179453921     
   345.38930731715698     
   344.52234426013462     
   343.64605250217420     
   343.23313410679157     
   343.02606782013225     
   342.60216294438959     
   343.00821187974282     
   342.69611802678884     
   341.16394043112030     
   341.00318293854718     
   342.04384896968111     
   342.55229035044619     
   343.83482389269238     
   343.90204810870904     
   343.88143337879330     
   344.23820421997516     
   343.62008617820993     
   342.57298810758937     
   343.60222166304499     
   342.75164493152931     
   344.95533002938220     
   346.32469063907899     
   351.07667410890934     
   349.56740993142472     
   351.29029360269448     
   352.48475196406383     
   356.79702620303317     
   357.37481204297842     
   360.39996877211365     
   361.59354288292053     
   364.44305393474804     
   363.99307836867422     
   364.87020597464516     
   364.69419931818373     
   364.58308920992965     
   365.57568464461514     
   363.40733518321224     
   364.78381867983347     
   361.05704091501696     
   359.93193816709208     
   356.35860176874695     
   355.10683228300695     
   351.86203165233081     
   350.05060520339265     
   347.91108535614029     
   346.74323478546830     
   345.18493822426024     
   344.83713140512481     
   343.36631577262654     
   342.56029708008413     
   340.53299691867630     
   339.25684093215023     
   337.95650338770099     
   336.78193050323637     
   335.39482471508865     
   334.74469546922234     
   334.02196293958241     
   332.76246782324768     
   331.71520615314734     
   331.02848428596548     
   330.56860743667323     
   329.81601824285974     
   329.46154829950433     
   328.78481407259784     
   328.79259134352645     
   328.67987993096517     
   329.34075173006801     
   329.44394597699215     
   330.70880273470743     
   330.84140786651295     
   333.63925695735566     
   333.29410378178324     
   335.08006492277553     
   335.90758277999595     
   340.34827679237276     
   341.99724121834367     
   349.03378873692259     
   351.14119817887916     
   355.61889617537383     
   358.31832965944062     
   361.62091832479507     
   362.23503787544325     
   363.49706056852187     
   364.21512197358982     
   361.38833894175514     
   361.58140173274455     
   356.05853742048822     
   355.15282118725025     
   348.96030031093676     
   346.76833137431538     
   343.54321249954836     
   341.81808607390059     
   340.60173044854776     
   339.55448832655986     
   337.50896421299529     
   337.19500806651212     
   335.75003115651788     
   334.96937257487770     
   334.01698650583523     
   333.27264772383887     
   332.12583311279752     
   331.10521076581125     
   331.04772911962465     
   330.80755167273225     
   330.77342467957476     
   330.51211722223849     
   330.87312607237362     
   330.55859214445940     
   331.09059099139040     
   330.98723476177372     
   331.90536391460563     
   331.93002425509587     
   332.52162578856280     
   333.02278042816437     
   335.11087214101855     
   336.23732073604486     
   336.61590520486811     
   336.88934082961237     
   338.69097149235995     
   338.86411943340130     
   340.49977321932090     
   341.37312419386410     
   344.99062284184168     
   346.17072573899821     
   347.95148300001750     
   349.20632343909762     
   351.84450519658390     
   352.86577638833290     
   353.01445233501818     
   353.30664001860595     
   354.34041585876349     
   354.93971349055170     
   354.25844195707862     
   357.43180955061973     
   356.46839368323566     
   357.07568410198576     
   355.60221077751083     
   356.39951836170371     
   355.50383329336080     
   355.61211109827099     
   354.99852417960551     
   352.68635916568678     
   352.03690180764801     
   353.43945600696480     
   355.49688088302429     
   354.75217586755082     
   351.57777660529297     
   350.23667414958328     
   347.95825167531825     
   346.18690114718180     
   346.02213520530859     
   345.86443747102965     
   344.66728469872766     
   344.03971359611273     
   342.31824824321598     
   343.78061816740887     
   343.38665596370379     
   343.94826672561209     
   344.21127312337074     
   344.62099528264542     
   343.93438596019092     
   343.06001855976172     
   343.60164496708319     
   340.84049797919658     
   341.29851722966799     
   340.77347563790818     
   342.35872282856752     
   342.02302617660894     
   342.20785210065765     
   342.17167790436810     
   344.89476254345743     
   344.93088281703166     
   346.60316456513692     
   347.84381799271500     
   351.47037535270590     
   350.96150930041529     
   354.17842371742046     
   354.35383780526570     
   353.01738352289630     
   353.72469156370187     
   352.03580644317447     
   354.39409462602009     
   351.60560274298643     
   351.86036475555613     
   346.04815531127008     
   344.14405350330225     
   341.57064446923067     
   340.07221864424747     
   340.29530303549961     
   339.52157808794180     
   338.25178548969672     
   338.44483883087139     
   338.21252919444083     
   337.75821383562510     
   338.92937231892103     
   339.27658807663238     
   339.96802234078137     
   340.13906881524753     
   342.01766630582313     
   341.41315891928150     
   341.99250927385765     
   342.73648083061937     
   344.02090104593839     
   347.12248851552380     
   349.63817317232190     
   350.82676197245502     
   348.98504616951402     
   346.85102515319886     
   347.53562622169704     
   347.40806595863421     
   348.90559243243416     
   350.75840220475317     
   351.36746902801991     
   351.46857638052381     
   352.99968610283150     
   350.76582315640195     
   355.03169338122183     
   352.88645188861585     
   356.14750134553310     
   355.97259783264724     
   358.75603584317599     
   359.82036695393185     
   362.12341299447235     
   363.84983099864826     
   364.25983299411337     
   365.74218766425292     
   366.60690274895541     
   365.83159258479230     
   363.67957144765444     
   364.46026542026283     
   359.19326158052326     
   356.96089741745175     
   353.71484887695470     
   352.73028096199590     
   350.62342652217558     
   349.77356527907853     
   347.98581266494557     
   346.99344231626173     
   344.67691790220982     
   344.48715901612360     
   342.54199424283667     
   341.61547944653046     
   340.77332442465479     
   340.38122540160936     
   340.43322900188650     
   340.44801412713036     
   341.06979311217742     
   341.19131533957420     
   340.36469589430232     
   339.52683065908280     
   339.13188239462363     
   338.69801471210229     
   338.10725035258065     
   337.51520013664975     
   337.01022331850294     
   336.46334829813577     
   335.07251802916005     
   334.41763001827314     
   334.58829190955601     
   334.26777269377584     
   334.15088654552738     
   334.33296663882305     
   336.23217133178372     
   335.71277165864797     
   337.79049751997292     
   338.27754835789409     
   341.94631488030143     
   342.78700881696699     
   344.85100225764819     
   345.79840703993955     
   347.29576260800548     
   348.48131838448978     
   351.36507858864383     
   352.13965091595941     
   352.81351902296217     
   353.28329814190300     
   352.25356334369360     
   352.60907209954593     
   351.23537575962223     
   351.18697107390580     
   347.89900181876811     
   347.16456088389378     
   346.07235525193119     
   345.52001366154582     
   347.23327213431247     
   347.45636451959768     
   345.82799183149575     
   346.02715574550621     
   345.87630058382655     
   345.29120365569179     
   345.14149711698377     
   344.84319525989463     
   343.79214230831411     
   343.37603150316266     
   342.31096223308174     
   341.72637045923176     
   340.01674570289345     
   339.14703822177773     
   337.90019929913558     
   337.06091634945284     
   336.50944527200602     
   336.22863509606356     
   335.86558236378016     
   335.19583472696263     
   335.72712469458691     
   335.47488544750541     
   334.67588379426633     
   334.08029640213368     
   334.43392412845736     
   334.36884407775312     
   334.02819048062969     
   333.16866963869080     
   336.68245635218949     
   337.28659788750883     
   339.59709644079459     
   340.59099184523456     
   341.96219495804820     
   342.97434335511724     
   344.56761311814114     
   345.23706202796865     
   345.17873475469867     
   345.17423027941851     
   346.29780299584070     
   346.71500826349541     
   345.70539382993451     
   345.50682970535712     
   344.20897088854213     
   344.16459475705506     
   342.98092059148121     
   342.78987506647763     
   342.03655289536277     
   342.02325797362840     
   342.44118278313914     
   342.61072345175057     
   343.10432801410616     
   342.42063567366091     
   339.60241722639228     
   338.88452569110387     
   338.96300804113304     
   338.85719897095458     
   338.37735348734407     
   338.02349110372256     
   337.29166574668346     
   336.95055771020407     
   335.88118718511544     
   335.26596599352854     
   334.75603613504984     
   334.49528385884702     
   334.23745399079297     
   334.06347256111519     
   333.87849284369094     
   333.95793572734885     
   333.93976966241644     
   333.81540947617970     
   333.54336742742942     
   333.35304487930142     
   333.91324839221642     
   334.06538387167029     
   334.35024700049081     
   335.10116104501310     
   336.18933253082128     
   335.89326652512574     
   338.38456021068487     
   338.84491358413698     
   343.15003124284772     
   344.44118188758603     
   349.02895850956565     
   349.86092085489054     
   352.48746895958749     
   353.62273813990492     
   352.44963284898705     
   352.39233416083863     
   350.53493359313688     
   350.56123375823643     
   347.06267559180634     
   345.86103372007057     
   343.29773631922143     
   342.34622031086525     
   341.25973997342527     
   340.62819704497173     
   342.27882013506229     
   342.35774550517368     
   343.07603219205913     
   342.57641290864848     
   343.09151504638089     
   343.48471602901066     
   342.95248911487249     
   342.80994650270111     
   342.39945751998437     
   342.22677516173991     
   341.48486478087983     
   341.46924600038705     
   340.66880889484622     
   340.20782431402819     
   339.75422958723169     
   339.71597245415501     
   339.48580800178928     
   339.17735430656916     
   338.78312971480017     
   338.36769495889598     
   337.11794634677187     
   336.85874475543551     
   334.53633794828482     
   333.51472851556571     
   332.44489802217686     
   331.39677070809660     
   330.78547926879952     
   330.81627062101541     
   330.80950250865538     
   330.53921757144610     
   335.46496775969274     
   336.75816052646115     
   343.87359725619427     
   346.35288400623097     
   352.03457621353022     
   355.30185146111336     
   357.52876357758760     
   358.24378956694227     
   359.03916974781748     
   359.51549330531566     
   356.70529523204073     
   355.91181350261968     
   350.49125865005726     
   348.73124110622354     
   343.89793212359621     
   342.27782420985733     
   339.80216499607792     
   338.76427323820747     
   339.57124165372772     
   339.06199717922215     
   339.83519524774954     
   338.90533962651102     
   339.19263383654084     
   339.21105246319604     
   338.92542229557898     
   338.63834021014594     
   337.97012159159686     
   337.83573587443919     
   338.80747793135117     
   339.00296179204003     
   339.24156143423170     
   339.30606023234452     
   339.70515589359115     
   340.61255011816900     
   340.35101638595086     
   341.16994516323780     
   342.26300657865420     
   342.43427220686851     
   342.52260656764145     
   342.44994682875961     
   342.73297427183553     
   343.21281382950042     
   343.46798045779758     
   343.68616512016138     
   343.48178745918318     
   344.34100382503493     
   344.09602226489358     
   344.44964908288119     
   347.74020152339517     
   349.25292997945729     
   352.71198563716825     
   354.13692334578883     
   356.00137310221623     
   356.59777954784238     
   357.04286901872030     
   357.57835221411636     
   356.89016009928741     
   357.48365207861787     
   358.03852731455441     
   358.24813188905097     
   356.32795903802355     
   356.12860599785961     
   356.16582518452702     
   356.30670970320864     
   357.80982525798004     
   358.17313794987797     
   357.13308932890169     
   356.36223180275681     
   355.43154649853142     
   354.20819241524310     
   352.57625650207331     
   351.83536458286602     
   349.69156206542436     
   348.76819559794546     
   346.24101421027177     
   345.11702591445760     
   344.50074087139291     
   344.60833799712412     
   345.04979402313251     
   344.44407056225691     
   344.34350625781752     
   344.66828750606834     
   344.77948107807777     
   345.63621470996588     
   345.91344003613995     
   345.42460540049012     
   346.63981937990928     
   347.53338656674362     
   349.85151480568368     
   349.36509916115040     
   347.38385341606289     
   346.92841860895680     
   342.20637765711263     
   341.49847561355693     
   342.95436405823875     
   343.01967847445718     
   347.20224778668472     
   347.97416941571015     
   351.75681233186236     
   352.91039101860150     
   356.83445382194384     
   358.67462669331587     
   361.94314075306346     
   363.84132061646937     
   362.27269780366015     
   360.58176441630269     
   357.67641840125032     
   357.57188781795645     
   354.30397304997246     
   352.74070977205355     
   347.84934460215209     
   346.44857748932628     
   342.96343475112644     
   341.62786870585728     
   341.20742036602184     
   340.56699846998993     
   339.70635797919272     
   338.34013601337278     
   337.31826631427197     
   336.64374055324993     
   337.25098687456932     
   336.98932468972447     
   337.75079090297874     
   337.75258387233686     
   337.42043537216637     
   336.69781328063283     
   335.68804407785780     
   335.19148318033416     
   333.92211704829305     
   333.32589232624684     
   331.84412032972432     
   330.97988018038848     
   328.90894724360282     
   327.73769192703031     
   326.21085745998363     
   325.48346531019394     
   324.93455571124002     
   324.52397983819100     
   324.67578759607204     
   324.10099852165939     
   327.26377151314119     
   328.66236977218648     
   329.91946768665326     
   330.04513773013235     
   334.11439472807865     
   335.43905639228944     
   341.54584104959110     
   343.98187959682184     
   347.15584862479506     
   348.32955906807189     
   352.04675577596942     
   353.49897541159362     
   352.41397016430227     
   353.10148646218738     
   352.81561664862073     
   352.16428146099031     
   349.05118238578154     
   348.38716994484321     
   345.29171655794789     
   343.79278651769931     
   343.09663305511953     
   341.72719605612735     
   341.87498845448522     
   339.93725732354267     
   339.20470216955141     
   339.67884212192570     
   343.53923180007939     
   344.83208848993235     
   343.61011774002742     
   342.08616648551401     
   339.62653187107753     
   338.48446729670485     
   335.77306397593588     
   335.00476964586437     
   333.79231575731205     
   333.36598046950422     
   331.44031637010545     
   330.78117066594115     
   330.02746588503794     
   329.09447464851621     
   329.01985011472453     
   328.99361244191567     
   327.46561658326658     
   327.27176746624554     
   328.86286652827937     
   329.03745192267206     
   329.28128327566651     
   329.34630714791354     
   326.88551184918646     
   326.66597944056616     
   326.96272437805845     
   326.77854849290156     
   330.99437482695373     
   332.06092627689043     
   334.96357534015135     
   335.56017111713777     
   338.63892256913908     
   339.52180706758571     
   340.46023638129469     
   341.29128040991304     
   342.47741300064035     
   343.57707229884250     
   342.62659269558100     
   343.45966974974351     
   340.15851280806999     
   339.53440478179596     
   337.05517061588051     
   336.19654102239451     
   334.55137787428208     
   333.84504002347705     
   332.68469778244582     
   332.02192106010614     
   332.86423557415418     
   332.06589694963935     
   332.54528526766552     
   332.48162909878033     
   330.05194584344582     
   329.52317338600682     
   329.51740631921217     
   329.47610205484801     
   328.74199292344770     
   328.45561900185339     
   329.00148592894766     
   329.04675510397487     
   330.03410801315005     
   330.40876363425065     
   330.26004573030662     
   330.56735973947633     
   331.28972137528814     
   331.45710539616823     
   331.75531060669357     
   332.36621569257693     
   333.00032613266950     
   332.93477960786987     
   333.21307186768536     
   333.80923490976079     
   335.92871338655084     
   337.49330821220735     
   338.49278935471682     
   340.85439839207993     
   343.77063377896536     
   344.95025866511457     
   349.25292276798172     
   350.18864627050402     
   353.85416368893311     
   355.67221334994463     
   358.83072592536246     
   360.33472278924035     
   360.31614574070750     
   361.10273267485422     
   359.46769698208351     
   359.56258774259476     
   355.81043451876042     
   355.27741671675068     
   351.05515927417827     
   349.36551933388216     
   347.53214286110352     
   346.40868042611737     
   345.28526142582780     
   344.28158418365547     
   343.11940180558173     
   341.35401500836900     
   340.17093585958077     
   339.20168172641797     
   338.63186786501819     
   338.05937926586694     
   338.02074360242585     
   337.60306570945983     
   338.10814935904654     
   338.00169999467255     
   339.27691378535189     
   339.80625534648090     
   340.74129973266582     
   340.56592459601717     
   341.10892703541975     
   340.88475816689856     
   339.66535647745229     
   339.41851671447057     
   339.27717251702012     
   338.58080517029020     
   338.60555016595066     
   338.35943155467930     
   338.73377416565313     
   338.75304575205769     
   339.82107872602097     
   340.81237477113558     
   340.83057520207927     
   340.84470386373533     
   341.57130290603544     
   341.63367337648276     
   344.10283098266433     
   345.17193275731609     
   347.14942765426684     
   348.25991923368173     
   350.21716765747607     
   351.40028132359572     
   351.43694837920549     
   351.81980903732875     
   350.38578665535886     
   350.42842094249971     
   349.23704858214614     
   349.47022507164604     
   348.84382913115394     
   348.71384376526299     
   347.77580222957289     
   348.03063112226067     
   347.17319798300753     
   346.89181867344399     
   345.44168114626547     
   343.80000999196608     
   343.27553007044486     
   342.77410297523562     
   341.07436444505032     
   340.09218018264227     
   339.69027629810239     
   339.31723749429392     
   338.57724703313238     
   338.32963167591242     
   338.60576832389893     
   338.44950568858059     
   338.65971248324746     
   338.34703063707218     
   337.77764242718291     
   337.13474457057578     
   336.26940094224511     
   335.78388321001353     
   335.53217253319292     
   335.31633209965304     
   334.51246049189615     
   334.26604857366232     
   333.73724077867405     
   333.76140674154112     
   335.69996001961135     
   336.67430237000599     
   336.67967852079215     
   336.75149199046831     
   340.48920986590502     
   341.51049866831033     
   345.10463936423957     
   346.78499110447723     
   353.30370352614318     
   355.32691094574949     
   357.57116973226266     
   359.88627332726679     
   360.03135784279579     
   362.27326953344095     
   361.65942345664411     
   361.58256302104763     
   360.22449015973160     
   360.49145495627374     
   359.21793351431342     
   359.04207654402296     
   358.56521573869696     
   358.24749867956183     
   358.59812150300399     
   358.62461579312372     
   359.27016809976300     
   358.70705327870354     
   358.43303277230632     
   358.25803551849731     
   357.77201722924656     
   357.48207661316599     
   356.94200487401065     
   356.37218625453085     
   356.35788710534638     
   355.94550697595798     
   355.24266826493334     
   355.08687107518858     
   355.33433963017745     
   355.38114264700005     
   355.68593264427915     
   355.94173916514933     
   355.24425261186047     
   354.90837295951673     
   354.05689173471626     
   353.47207865273742     
   352.03968710438386     
   351.44638938861095     
   350.42996082595090     
   350.77161142440366     
   353.42227387727610     
   355.09884671603260     
   356.05213949059674     
   359.82564586376242     
   364.22939202760239     
   364.96502844446059     
   368.13428775396414     
   368.88236685328224     
   369.26276649148269     
   368.45367971122937     
   369.25466590983729     
   368.90777870163060     
   367.74017404602080     
   367.83070227849134     
   367.90153458092607     
   368.99765244744418     
   364.02285734978159     
   363.12854593253280     
   359.98644825639627     
   358.88278199551530     
   357.78271599876655     
   357.16186919636249     
   356.84793026725328     
   356.49644901682609     
   355.76866165047909     
   354.53621372099184     
   355.48468939758152     
   355.25478713726420     
   355.27916805319808     
   355.11487624840123     
   353.49948232607670     
   352.70217417927108     
   353.53096096244974     
   353.55668569631672     
   354.57380579686088     
   354.84477318872547     
   356.37625556607446     
   356.87359501512191     
   357.36977174260892     
   357.45439318857996     
   357.82143161758461     
   358.13970656050776     
   358.63143295021820     
   360.09015454341261     
   360.61772423735209     
   359.96449561556142     
   359.69325615420860     
   359.93263089988250     
   360.57482780932526     
   361.78724240284720     
   362.23838623248469     
   362.66971627980598     
   364.57231816258400     
   365.08655855212749     
   367.36009555530626     
   369.78626006119191     
   370.29816812279978     
   370.94098015383958     
   371.69685202899973     
   372.66081585742580     
   372.21816007506499     
   372.24781544517890     
   372.39389509275674     
   372.47026148267099     
   371.49200305969293     
   372.11549649822189     
   372.19306089807975     
   374.84205680478681     
   378.16171617038242     
   379.31003724596582     
   382.72456835648876     
   384.52298216102594     
   386.21066681445922     
   384.46970544498078     
   382.77568142643770     
   381.54135814763004     
   379.97997025708275     
   379.62285501244565     
   380.97277051318923     
   382.60186979766479     
   380.75163262395495     
   378.65387451204180     
   374.35551736946996     
   373.27598071229488     
   372.45927521347249     
   370.50552365710610     
   369.44530700334769     
   368.61014381629673     
   368.77683044660296     
   368.82743432346092     
   368.61964774776015     
   368.78435003424249     
   368.70630521170534     
   368.44459576570654     
   369.04977766406478     
   368.98834039883576     
   369.67505850416018     
   371.56196167589314     
   376.26519238162894     
   377.23754804708830     
   377.38791863961399     
   376.39789958141893     
   376.95818214001702     
   374.55061287740091     
   375.52173879085069     
   374.90171510038925     
   376.28536407253972     
   376.56726022661871     
   375.93105658210681     
   376.07906504175389     
   373.66276580341008     
   375.07400193534619     
   373.84646029582598     
   373.41300348504450     
   369.53218824005148     
   368.04182691398785     
   368.31156866187058     
   367.93201255131805     
   368.58635976591472     
   369.87442655521153     
   370.63982918357539     
   370.03938694103027     
   370.53212755372516     
   370.63065263179288     
   374.21582966313247     
   375.74492543170538     
   375.46467472298940     
   373.91279338636747     
   373.09038385282315     
   370.98188385263546     
   369.48601798095592     
   368.58733801060720     
   368.20834284002672     
   368.10897575508977     
   367.57355574304819     
   368.42625913659680     
   368.64138753060672     
   368.86324791126037     
   369.13754482860480     
   368.94027166709259     
   368.72930913495014     
   369.29766525191297     
   368.72108025671105     
   372.35446280106106     
   373.80010183263784     
   374.95395166210341     
   375.66774451183562     
   376.61543403373963     
   379.33504001073686     
   379.15905346868072     
   379.34626866473468     
   379.34221066666379     
   376.46448272866547     
   374.13812341710531     
   376.60073866516200     
   376.95235907133303     
   376.27308973991080     
   374.79489676846089     
   373.78586643473659     
   375.49550498875772     
   374.99734427197490     
   373.27643682823589     
   370.56217761748479     
   371.38259888828748     
   371.49151132202394     
   371.18349161026373     
   371.70375579331630     
   372.02456869798107     
   370.68227848581665     
   365.96390232683598     
   363.38465891150901     
   362.50845737214206     
   360.68572585587407     
   359.84856417770516     
   356.72419257198453     
   355.19179900657838     
   354.98929668601215     
   353.81875473476850     
   354.62254008523331     
   354.20422648997175     
   351.78255005295080     
   350.97018069537813     
   350.36453017066179     
   349.90500914746201     
   348.55731809539697     
   347.81369743044081     
   347.79376490806408     
   347.72793946731935     
   345.85251814944411     
   345.08841936598765     
   344.52614814339523     
   343.99576358442278     
   343.98217875171224     
   345.31910858391808     
   345.56597974613982     
   345.69440962811569     
   348.17893260277424     
   349.29749392425742     
   352.40317416301770     
   353.13077241681412     
   356.15087021818107     
   356.98474300104340     
   359.62159815444477     
   360.89235063512717     
   360.71542112895253     
   361.19354289520027     
   358.10460120558969     
   357.46031287625260     
   354.38347070900261     
   353.68878915832198     
   350.34922960390344     
   348.76153585377608     
   346.64582381643731     
   345.43513214152614     
   343.72518553368417     
   342.54816855952964     
   342.01655659880873     
   340.60873997844982     
   340.63468127885210     
   340.06489504905727     
   339.75629776987870     
   339.60422641573376     
   338.41239833372799     
   337.70797636083756     
   337.60657520031975     
   337.25972122103792     
   336.89454915385795     
   337.64962689662082     
   336.61881329699867     
   335.39320575898125     
   335.75760027332177     
   335.55096754425205     
   334.93592068527175     
   334.75226002343743     
   334.84626078270554     
   334.52659343734985     
   335.33590742270786     
   335.46838689904610     
   335.97623609473845     
   335.70848654115940     
   333.61450301277489     
   333.65964856326440     
   334.98388079869306     
   335.20973419402884     
   338.38529639962934     
   339.84375798296162     
   345.43158106784637     
   347.41993441779175     
   351.97879195754626     
   353.49284392680903     
   356.11960465568364     
   358.27266087078783     
   357.52927034616249     
   358.88728296873808     
   355.42192108377043     
   355.60464416382160     
   349.73384007841287     
   348.58370000840165     
   343.59645297866751     
   341.59869646819430     
   339.69399678394961     
   338.25576607024425     
   337.31872964517163     
   336.34800826041044     
   335.06208104225226     
   333.49592172337344     
   332.55519716282834     
   331.88623675072745     
   331.00086093404565     
   330.46702205718049     
   329.40879490151769     
   328.42718408107271     
   328.47986028338227     
   327.91687193505464     
   329.26754810742131     
   329.30092159265371     
   330.18494458418581     
   330.48773432325754     
   330.45148841839017     
   330.77012026855374     
   332.45319737486000     
   332.95026221132372     
   332.90606307136648     
   332.59963483848719     
   332.35583772935189     
   332.44113200342531     
   332.12349184969702     
   332.08842511477906     
   332.49483696953303     
   333.08001823460171     
   332.98567890967968     
   332.89112469504931     
   334.58599067964946     
   336.20352889599894     
   340.14181457893824     
   341.37820022237497     
   343.38932591314972     
   344.51234651672092     
   346.12760053504792     
   347.36472657572017     
   346.99667817858631     
   347.31422849218615     
   345.04845368318115     
   344.93746838920981     
   340.44554053086335     
   339.37372599442267     
   336.68200867841529     
   335.58398763503112     
   334.43321743252898     
   333.90688714113321     
   335.27692196601606     
   335.50385604848356     
   337.77883410152089     
   337.34320171793638     
   334.84198646960863     
   333.93432341176737     
   333.82012156250124     
   333.60400849801459     
   335.48176898997718     
   335.33940041700373     
   334.14527140945756     
   333.81236847642396     
   332.96700719204381     
   332.72281444197239     
   333.14452212299784     
   333.36035529522161     
   334.56147744999504     
   335.33793754991513     
   332.51213897919831     
   331.71394189500688     
   331.95431848241731     
   331.80621128937742     
   331.43021430866929     
   331.59203988648909     
   332.85587072555177     
   333.12518420515380     
   332.86762173536482     
   333.62872404970506     
   334.67452870151834     
   336.17125753984794     
   340.10173874751433     
   341.38950589377032     
   346.44391193532266     
   348.33050939561406     
   351.98371455180086     
   353.76234123231097     
   356.88153575215864     
   357.87585804628651     
   358.74807942647737     
   359.58516879348281     
   356.27429788141069     
   355.74538198210610     
   353.52492865269869     
   353.01430567474137     
   352.99664251169298     
   353.13769590307010     
   354.24127542190024     
   354.84982019393783     
   354.27295205483341     
   352.81439536584389     
   351.86041853237691     
   352.15181808451348     
   351.36128619488210     
   351.00752843872664     
   350.84611375454108     
   350.47786020789533     
   350.47343246824533     
   350.50876718919039     
   349.56457387103842     
   349.44455084579823     
   348.80505671228104     
   348.50397658301597     
   347.97287609856767     
   347.59246805112662     
   346.79628949789537     
   346.35574614438116     
   346.34112119775153     
   346.12459111419003     
   344.31589508671414     
   343.18048380642779     
   343.10292672405393     
   342.29013113297771     
   341.84492787655461     
   341.31791916523571     
   343.04618945965149     
   344.37450185419794     
   345.00489558575191     
   345.11670767558246     
   346.09111064181417     
   346.97634910974153     
   350.38641962881906     
   351.44376522270801     
   355.47378346597833     
   356.78315071657346     
   359.43580851385929     
   360.92834014233239     
   359.19115619510444     
   359.24812217675304     
   358.73358945793416     
   358.66074081587658     
   356.13743051066177     
   355.64155627196573     
   354.00557385854950     
   353.34988816845845     
   352.66050026766476     
   351.61715216470458     
   350.36921544995499     
   349.05050694021867     
   343.91195331033890     
   341.66172890160635     
   340.93452607295472     
   339.99241630646668     
   339.03031357885266     
   338.39720917348939     
   338.38855429889492     
   337.66875126577480     
   338.77645030030601     
   339.42758105719793     
   340.04857046276140     
   339.88809385030589     
   340.38913105392720     
   340.02697902700186     
   339.67093407275956     
   339.32163774469228     
   338.63642539371330     
   338.02762460566169     
   337.91008522850802     
   337.77866251867243     
   337.87103616624080     
   337.74771597243517     
   337.91200716253644     
   337.70221590867112     
   337.69294286915942     
   338.06052163543188     
   336.80402895760403     
   336.65656648532996     
   339.65384512369644     
   340.71205215855133     
   344.08653191170504     
   345.59612015880566     
   347.56303703646529     
   349.24819513140670     
   351.46229097420087     
   352.61427538227122     
   354.45711503861452     
   355.40409754779262     
   353.91113435005542     
   354.01499460754593     
   352.15192032584457     
   351.17057734271589     
   348.69914505995985     
   347.85188259831426     
   347.32756409032572     
   346.92558448759257     
   345.79776563451929     
   345.25282978958950     
   339.25643497673832     
   336.53922080390407     
   334.86371153973943     
   333.62021673264360     
   332.21765123591496     
   331.31925326924568     
   330.47699566283512     
   329.24970113366834     
   328.85871300914272     
   328.06846389725268     
   328.88231204599805     
   328.43909965912582     
   329.00951404967390     
   328.93197972266086     
   328.29776608033268     
   327.93716027427593     
   328.46385759004767     
   328.07741612422058     
   328.42401556455604     
   328.44487311486859     
   328.29447548264210     
   328.23946062347062     
   328.04515982291650     
   327.80719548307820     
   328.43066389601643     
   329.19273289068667     
   330.20304606076195     
   333.21629159313005     
   335.18595669672135     
   336.92902724258590     
   339.64452871673365     
   337.41303525991583     
   338.03438868238322     
   339.00706619349563     
   340.11305696496129     
   340.80587631566050     
   342.37163322441694     
   343.81008948097309     
   344.44967610728656     
   345.82583611799015     
   342.16350541142680     
   341.57878924469998     
   341.67367809605275     
   342.30457620901387     
   342.85754538011344     
   342.98166429371219     
   343.44167784713119     
   342.97770293346719     
   342.31675314064688     
   341.10268431440045     
   340.49319146080603     
   340.84777958144576     
   341.17903963364142     
   342.01519932144447     
   346.68744825920845     
   351.02718290154451     
   353.63337201031715     
   353.75348223625474     
   352.63909177876837     
   349.83406544612626     
   347.72553484603935     
   346.59250421340005     
   346.64890464904556     
   346.98194034473681     
   347.48453365990792     
   348.72331301438123     
   348.66474511017583     
   347.60037163092005     
   347.30869094729917     
   348.68528131705159     
   350.52598550798791     
   349.09059005588523     
   350.29098869985637     
   354.31152837323293     
   354.98574762666226     
   355.75569887472699     
   356.08739308112285     
   356.60472226101626     
   357.23280063725809     
   356.27674461580955     
   357.22615775444166     
   357.97613764048936     
   359.25423481627286     
   359.52496787845348     
   358.51165479911151     
   359.46027320592850     
   360.39777166628448     
   361.87997794511125     
   362.36959418502408     
   363.25045804010341     
   364.45105216320314     
   367.11011770181756     
   368.97399382415182     
   370.10303999664410     
   370.32699511935778     
   366.31203100583213     
   363.40572536892836     
   364.53225312692831     
   369.06203528094267     
   370.12012758511435     
   369.99925621034981     
   369.81948558533645     
   369.17220691294193     
   369.04041313637970     
   369.22477420818450     
   369.74417500349267     
   369.73185668136756     
   366.17250845177097     
   363.33008129946916     
   361.77424543806035     
   362.21392445390939     
   362.11307698896803     
   360.56903032686125     
   359.87025369106124     
   358.30503005965102     
   357.92068477111189     
   359.06799367284742     
   358.90613349825321     
   360.46466006918058     
   360.68678881640739     
   360.81955726229899     
   361.73862853065850     
   362.15553630039972     
   362.31727652710856     
   363.15718996318412     
   363.53789048459174     
   365.31232944401853     
   365.80098596557264     
   367.10513280527346     
   367.53838395576548     
   368.79490738864069     
   369.41579937918408     
   369.28132659221586     
   369.39051196613809     
   368.40551414823454     
   368.29153019800020     
   367.01727666457913     
   366.88547288061267     
   366.01705065506229     
   365.66353993423724     
   364.99554496198391     
   364.42086439107834     
   364.02593060631699     
   363.91312183667998     
   359.79889269363508     
   357.77711859629636     
   356.58420260015680     
   355.47723787282524     
   355.89914563547825     
   355.52794747731735     
   355.47144179868485     
   355.87559716462903     
   356.27252693243946     
   357.31059051689215     
   359.46359894502064     
   359.67838698736341     
   361.33454726677326     
   361.65442885016347     
   361.71244497953745     
   361.58173079048191     
   361.34920990606690     
   361.06310267066050     
   360.75172909659614     
   360.61581578341224     
   360.96668283026838     
   362.50067238205048     
   363.56101192449046     
   364.47911563173767     
   365.19086202252601     
   365.62261202378909     
   366.44203930241599     
   366.93487385258663     
   372.13996616633756     
   373.13518543676889     
   373.40385726490001     
   372.64110592090816     
   373.54913526418403     
   372.74127952691248     
   372.49389887950275     
   371.49106293017803     
   369.47481622679766     
   368.48201454417153     
   365.97336638367165     
   365.24607689063572     
   362.24197283274771     
   361.49847838427235     
   360.12745941945832     
   359.50643089448630     
   357.97410985056831     
   357.14954205542710     
   358.24998151122531     
   357.04308944067265     
   357.51524236882540     
   356.53159117637063     
   356.86954262409802     
   355.03198765123153     
   353.83733157298070     
   352.65457558944956     
   350.91898100343656     
   350.70909835218418     
   350.34542021490466     
   349.98870959697490     
   349.93413272910300     
   349.98535809462925     
   349.82255769595270     
   349.08361261369282     
   349.41865760821491     
   348.93737262340721     
   348.60266548377837     
   350.34040422706715     
   351.65316989659868     
   352.83042530015473     
   352.66062074487928     
   350.20732047370444     
   354.42266187984188     
   354.75849120775717     
   354.41156832118958     
   353.61971424898388     
   352.72816457670723     
   355.52597009218937     
   356.00036581720536     
   357.01811920001643     
   358.59132993813512     
   356.61976152858227     
   358.58841465272928     
   359.49541404552582     
   361.29376972091154     
   361.65562933191052     
   363.65840994916999     
   363.84922721231908     
   359.13786198443228     
   357.26366115644498     
   354.32175835869208     
   354.07177079404590     
   351.45331012964675     
   350.11676632558942     
   347.86300637060350     
   346.88071014881172     
   345.58557373020619     
   344.86039256056506     
   343.86379645093115     
   342.33755923393733     
   341.73056951453924     
   340.94119917482271     
   341.19620596813240     
   341.02986805070594     
   341.36784700662923     
   339.67703686451330     
   337.49222243177672     
   336.75346102842417     
   338.10706718727533     
   337.37466248587589     
   338.98326331417417     
   339.10126960812988     
   338.44389072071044     
   338.26766762246905     
   339.54324615948440     
   340.31355034391726     
   340.04750950213503     
   339.56251647323631     
   338.25873512527016     
   337.91005900243039     
   337.75324717309002     
   337.53519069653265     
   335.79627953066523     
   335.95740351071885     
   336.76428314373879     
   337.17586889006185     
   338.29067102664203     
   338.56599675933955     
   341.14340632420357     
   341.62857537860981     
   343.53517431595867     
   344.33006321592046     
   346.18434847713826     
   346.93702413569110     
   347.00965027532470     
   347.63523596311779     
   346.27902396337572     
   346.41206731628591     
   344.32122286400545     
   343.98091570492977     
   343.81551332105187     
   343.75004755228724     
   345.06490405760729     
   345.75684399683524     
   345.19610194263282     
   344.74451546853811     
   345.51249550522675     
   345.23813752033550     
   345.71077443956318     
   346.10629790245838     
   346.74333036004435     
   347.59362604239192     
   348.54352327932236     
   349.24851113972511     
   351.11953042828270     
   350.23538161770171     
   350.32101326299511     
   350.71783768978639     
   354.15010550887382     
   357.45324559501518     
   358.95213385284524     
   363.12253295136054     
   365.38690621570646     
   366.38735317813564     
   366.89123351254858     
   367.42961140858648     
   367.29669644896177     
   366.40479210480487     
   365.80202303914263     
   365.10341739739874     
   359.45174185501355     
   356.57274476486919     
   353.96161283576947     
   352.46800958711231     
   351.23377469161863     
   350.83537841942200     
   353.95595361347819     
   354.00331124355836     
   357.86439123530278     
   358.37158842098501     
   359.59755544638745     
   360.21529888594301     
   360.83278485726731     
   360.90126499430175     
   357.56560467234732     
   356.97340087947418     
   354.66172967663488     
   353.74510339511681     
   350.73773059708162     
   349.44291348598284     
   347.92638921870326     
   346.93624861787129     
   346.41228730625448     
   345.64024227851121     
   343.97387018491452     
   342.31478121471690     
   342.18920739820800     
   341.66022158878212     
   340.01496023192732     
   339.50740804905263     
   340.53614234561775     
   340.60542044529205     
   341.46778772346028     
   342.00264232563336     
   340.42350529583052     
   339.93053652190952     
   340.24395831484651     
   339.97648693859026     
   342.51059697519543     
   342.82377053151646     
   344.30241909477388     
   344.96113438150496     
   342.32267396989971     
   341.34851254795910     
   339.27706158640575     
   338.32167759244032     
   339.49651701154386     
   339.51322348255877     
   335.62586155356541     
   335.04084406432742     
   334.46237589058552     
   334.29075207850263     
   335.80046900387953     
   336.16632343939949     
   338.84129177720297     
   339.60386803348786     
   343.39867436378654     
   343.87353684617511     
   345.97672334680863     
   347.11152383393369     
   346.92612041639211     
   347.26092595332301     
   344.98501567259854     
   344.99890319492965     
   341.60254578469772     
   340.98412216163860     
   338.62140448092964     
   337.86884453030780     
   339.06163672655561     
   338.79003379275446     
   339.72886165208945     
   339.56562326720422     
   339.58550030133540     
   338.92871236573399     
   339.28912082378662     
   339.53924368480421     
   339.58253511257482     
   338.58938360780365     
   338.52355188616900     
   338.81332917605749     
   339.56585179644213     
   340.40309855621939     
   340.98980568772475     
   343.20054256457979     
   345.23189559037297     
   345.65446482019803     
   344.79192536871727     
   343.70834861771391     
   344.55628518935640     
   345.43794703864364     
   344.99090018376410     
   342.91034465612853     
   341.28229531051778     
   340.63078735555536     
   339.98694057554889     
   339.74851635386432     
   339.41135576787929     
   341.37350173967809     
   341.74275421710371     
   340.55410089899448     
   341.13057382143768     
   342.05413255541851     
   343.23389291476491     
   343.61367459433120     
   344.31874841824981     
   345.86217650250603     
   346.87583553363652     
   347.39914482950144     
   346.48873451781759     
   345.87754772721308     
   346.99600538636588     
   347.71730846327091     
   347.78983831599032     
   348.08665867770378     
   347.11152815546791     
   349.10253939472653     
   349.89713789742797     
   350.35363833861942     
   350.71607054098450     
   350.15092305103474     
   348.51055209826291     
   347.31718397236807     
   346.43437115373854     
   345.68479662670819     
   346.47535668596868     
   346.53033808409128     
   346.83986463784481     
   346.79102232351318     
   346.30290678097958     
   345.89859935199524     
   341.77951876437686     
   340.86695955283864     
   342.12123609877597     
   341.61865940726386     
   340.05858145832173     
   339.40007185369552     
   342.74978079912574     
   345.74923697659460     
   348.57444455941589     
   349.09544687438387     
   350.07355637375525     
   350.43573806206729     
   349.18342418258322     
   347.37358660382324     
   344.36387732024292     
   345.04891149735403     
   342.84192461177668     
   342.75879151115782     
   343.74866691080268     
   343.94772769450788     
   346.34568785661287     
   346.56707556254827     
   348.51431252717680     
   348.97002124793721     
   352.07940223797561     
   352.77645607549823     
   352.53509766586461     
   353.67693776711604     
   353.89180910024936     
   353.02354656159252     
   350.63455699845866     
   349.99916496307162     
   356.66965025188568     
   355.34013846225378     
   351.13166013074101     
   347.86741628130432     
   343.12267053011476     
   341.85952096466718     
   341.50721367540564     
   340.57705591684055     
   339.15459652596513     
   338.51747880549311     
   339.31162077441343     
   339.16441219835013     
   339.83510675329961     
   338.94475817213498     
   336.86709385230466     
   335.85039637055553     
   336.38733963026885     
   337.07433653137952     
   338.33166160767269     
   339.03302092061068     
   340.19595889884556     
   340.97723433799433     
   344.70647780723630     
   347.23154311065116     
   352.55664187379426     
   352.83346860278198     
   353.17320615938706     
   353.61792104156586     
   353.04057230621765     
   353.09940647393074     
   349.20397626413194     
   348.49065062525608     
   345.24986168608291     
   344.28559785145961     
   345.37342362627669     
   345.87485433439394     
   350.19500112654856     
   351.47144315572336     
   354.88320276495358     
   356.29558597041773     
   359.32946084675189     
   360.51821613213491     
   358.09567477560694     
   358.31347417895478     
   356.86823027427073     
   360.73449025674648     
   356.79092629756383     
   355.23730455517187     
   351.96537361380723     
   350.90836555821454     
   349.43269847970453     
   348.52890694825624     
   347.79368862489906     
   347.73031397992884     
   347.54904307858970     
   346.77617987795384     
   345.53486302503109     
   344.83579260799928     
   343.91429456457905     
   343.14911137946041     
   341.89001754264831     
   340.98186300400931     
   340.27163378399615     
   339.60085510359522     
   338.74864462891145     
   338.05364830087331     
   337.83967982690501     
   337.48449473912774     
   337.12841828056020     
   336.30832327431517     
   336.64559103175338     
   336.97885954825642     
   337.83493440658754     
   338.49937372990297     
   339.00809583008805     
   339.06605554555233     
   340.02112250677465     
   340.54265582474483     
   340.22065436736631     
   341.24684916188511     
   343.03250342885298     
   344.04971104791565     
   346.29796261778114     
   347.25086228663480     
   350.44506549142790     
   351.43390511615928     
   353.78933188480073     
   355.08066933799228     
   357.04471781800817     
   357.90094276733225     
   357.42058865236794     
   357.75391220980771     
   357.40276364826411     
   357.57930391689052     
   356.83621111195134     
   356.55913407510911     
   355.34113854632392     
   354.99447595113747     
   354.67189044585689     
   354.63409061052192     
   354.86694387533407     
   354.93001722121841     
   354.52420552827607     
   353.93749271729797     
   354.01149181723343     
   353.75785184484795     
   354.81892360956527     
   355.05419246162973     
   355.86240493327824     
   358.53181483004369     
   359.33057042101086     
   359.27780452021597     
   360.93807369156951     
   362.11410928863103     
   362.45817661347030     
   362.12089836778011     
   359.21383804697740     
   358.92900053151141     
   359.16158424932325     
   358.92988718918133     
   359.67239209705878     
   359.95706364015302     
   360.63217316268316     
   359.33509672011900     
   356.51202309753245     
   355.49893480987276     
   355.98085088313820     
   357.22242871491147     
   355.70135500284158     
   355.34291419044672     
   357.81625902417045     
   359.27058063728515     
   362.20295607863835     
   363.20619463380035     
   366.15968060690136     
   367.58632223641678     
   369.50480150018421     
   370.55974795881895     
   371.17028507443837     
   372.24960409245745     
   372.58896205544841     
   373.54369847602362     
   371.93291564297567     
   371.80183260486069     
   372.60438902286444     
   372.56225673810593     
   372.59162600508830     
   371.54679581623441     
   370.02156431206282     
   368.88350118418521     
   369.13824846214038     
   368.02920732939953     
   364.84645153723903     
   362.92727929667603     
   361.73110994605952     
   362.00038717676614     
   362.25959783047631     
   360.71071359659720     
   358.34262899403234     
   358.06106373453815     
   354.75993628029897     
   353.74060534536869     
   351.33169862931646     
   350.51258516748726     
   353.89881379045573     
   354.16897981206472     
   353.67129311492471     
   352.73109266495004     
   351.12707298266099     
   350.50579291039065     
   350.63038142312320     
   350.58257093962089     
   349.88809901141025     
   349.85589848959086     
   348.20668817549904     
   348.34734708893711     
   347.96803679399477     
   347.14096253202104     
   347.38537446659910     
   347.73631332641838     
   350.63499293676574     
   351.39221074867476     
   354.63030342300976     
   355.29824640646308     
   356.93689731683895     
   357.97025719838911     
   359.92315803550775     
   361.17181143139845     
   357.71105996561909     
   357.48451637903332     
   356.59063587630811     
   356.06518232028469     
   352.67763284148680     
   351.77721188448788     
   350.40144794327250     
   349.74014899176575     
   350.18387050510717     
   349.76558802023158     
   347.46121328769686     
   346.07553664859205     
   346.46321501066313     
   346.44721412460547     
   347.29142273798550     
   347.56675525917359     
   347.30543412234931     
   347.23473862050116     
   346.82897920017297     
   346.47894605980986     
   346.24677366259118     
   346.15950578835952     
   347.38874102000881     
   347.80962228006359     
   348.93977979649833     
   349.67564734158793     
   350.21924837782916     
   350.95549899750722     
   351.26848014735617     
   351.65156628728340     
   351.72305079089813     
   352.06166066029124     
   352.32986714548753     
   352.96257530587656     
   353.16344109066449     
   354.11969834137017     
   354.39215758205989     
   354.48190824850889     
   356.45754799111245     
   357.09172457649294     
   360.74897950908746     
   362.00984032938851     
   366.26491042940853     
   368.16110017193603     
   371.80362726355213     
   373.41412376256790     
   373.30811075468631     
   374.46003690943343     
   373.63408327155776     
   373.90430901145351     
   372.23009314363605     
   372.27472945077193     
   370.58778978489880     
   370.27490579245659     
   370.62164851932073     
   370.41308577456107     
   369.47290468654245     
   369.14465397911920     
   369.85162712679676     
   368.99003831016569     
   368.59055985798312     
   368.33975421702206     
   367.29620233037565     
   366.82698911628091     
   365.53652739204830     
   365.45034495440535     
   365.21418259532419     
   364.61925855008707     
   363.41367461497174     
   362.86740353522185     
   363.32506696653996     
   363.40037061224433     
   364.04849167924584     
   363.95106184794997     
   363.96514438021717     
   363.67650280673001     
   363.63967463698310     
   363.35825465019570     
   363.32089982456426     
   363.23355888776041     
   362.87066127971570     
   362.76023385226523     
   362.48524040562660     
   363.26673628763359     
   364.64300897872869     
   365.45070418266272     
   367.56857742308875     
   368.06607593483955     
   368.90654526933207     
   369.25874890180893     
   370.28518065634080     
   372.48227072826614     
   374.34934999276703     
   374.74945492190488     
   378.12366668750360     
   380.23515033041411     
   381.36786575610518     
   376.57092084681602     
   372.21806810644244     
   369.61551204736583     
   367.38245964263871     
   366.51396528100531     
   365.00730557613923     
   364.01541219623289     
   361.73442594701260     
   360.52273907844375     
   357.96859177070019     
   356.15648510702442     
   354.55863345711975     
   353.31194324178267     
   352.47778452761651     
   351.96092438561124     
   352.30327567312588     
   352.01232131331869     
   352.84809862869730     
   352.88159806556183     
   353.04892858892828     
   352.94896106011930     
   352.73602208626164     
   352.44908182201988     
   351.58533798882002     
   350.87902783207170     
   349.35522770291067     
   348.39416951456843     
   348.20032617214764     
   347.56742698673003     
   347.63001941087612     
   347.07062896771345     
   345.89007014647126     
   345.62825489663527     
   345.20141868744440     
   345.61243167022218     
   344.21864200214327     
   343.73854716214942     
   345.75850108781657     
   346.53678407975241     
   349.46895145930955     
   350.47233935290126     
   353.58811535050199     
   354.33523134320961     
   357.53678701068748     
   358.94290700135190     
   358.97327656265730     
   360.87652079510451     
   361.00487359370868     
   360.03872184262951     
   358.49754082241185     
   358.91528664786841     
   357.07451931818787     
   356.47497464430643     
   355.64262590029551     
   356.78015562611819     
   357.12071255351611     
   356.48352294278641     
   356.89421036320647     
   354.73733235631369     
   353.98059983341824     
   353.74701130563972     
   352.71669680051411     
   352.27895431787999     
   350.78872285337292     
   350.14466823742345     
   349.51037027372348     
   348.98636460101511     
   350.10969913264239     
   350.32046304123980     
   351.46231509065353     
   351.75518795050209     
   353.13961754396274     
   353.52866416127358     
   357.81623522904778     
   359.39574348060387     
   359.03465585462811     
   359.30507409263902     
   360.39961193811064     
   359.41793754021865     
   357.83419036743823     
   358.14069339655975     
   359.11053706769133     
   360.30589563429169     
   359.97018241842790     
   360.02685302172642     
   362.83005938052833     
   364.54421170535380     
   365.47046260736181     
   366.72526370078208     
   369.81401292114532     
   369.76649204821308     
   370.45347453172036     
   370.96517951474289     
   369.78225416668755     
   368.28606472238005     
   366.65786711456815     
   367.88564581886425     
   367.21424730156252     
   365.54724458689481     
   364.78416657876892     
   364.03470593239155     
   363.02745435060530     
   363.01333126278115     
   363.09594369124551     
   362.38988935512646     
   361.00372671469825     
   360.17669162741805     
   360.23976642506170     
   360.05712018346162     
   359.00185672534519     
   356.64529418171026     
   354.36550748326545     
   353.74652234002758     
   353.10454869612005     
   353.25497763736723     
   353.02973133970426     
   352.90308324377969     
   352.19301562610332     
   352.05010418313270     
   353.30854542518773     
   354.05932271297127     
   353.24478796302020     
   351.43802096383570     
   353.29010144979145     
   352.82330094041191     
   351.08009836411975     
   350.85662028527014     
   351.47509430915335     
   351.10379504127195     
   351.17515555558703     
   351.62961266356166     
   350.14442888709561     
   349.73147807977409     
   350.93790999741873     
   351.92885008204598     
   355.84794517604291     
   356.77780698046610     
   360.59613370169893     
   360.97382213053845     
   363.15001682075314     
   365.47947732195581     
   364.69454941803423     
   363.16875443558996     
   360.88533589941096     
   360.51232348211562     
   357.42501662909740     
   356.80490446979229     
   353.71406052179680     
   352.72517738391014     
   353.94969242011138     
   353.91152835158482     
   352.49097323905170     
   352.17478495497073     
   353.46338053401735     
   351.81331977171692     
   351.48519324454423     
   351.68416480603577     
   351.94887804083282     
   351.96156933364767     
   350.37064090156781     
   349.91334362523293     
   349.38010128735220     
   348.92993600294176     
   347.95960519558508     
   347.08293158460629     
   346.14564709111920     
   345.36277278194524     
   344.14346364629159     
   343.34520860404120     
   345.09585390987473     
   345.54370134777173     
   347.81285251964499     
   348.62449976688868     
   349.17990328577048     
   350.61474191419552     
   350.29860841753259     
   349.61469594913689     
   348.45028905793680     
   348.97209955246626     
   355.98918563423507     
   356.58140937054372     
   361.20759756195815     
   365.51337965180619     
   367.27881317043250     
   369.25060670811865     
   371.39769875225574     
   372.51970521745380     
   371.56273434076343     
   370.97878702976334     
   366.11600926117734     
   364.48037656410980     
   363.27379806096417     
   362.69206753820055     
   361.24092093832155     
   361.01293345103306     
   361.19310930915100     
   360.19749856245329     
   358.47629520401438     
   360.11662862857520     
   361.71079832850683     
   360.11308254972573     
   358.91905210324887     
   358.03325428412421     
   358.07981408696185     
   358.16012535416235     
   358.71629897401340     
   358.64047725617718     
   357.40354079392250     
   357.11343530747308     
   358.88702706486185     
   359.22004843647227     
   359.27039672522415     
   359.36854292707829     
   357.89093886303704     
   357.04851146308550     
   356.64555996529333     
   356.44333568408200     
   356.65789524843609     
   356.41059051395399     
   354.53155737949578     
   355.65214256136784     
   356.59510337209736     
   361.51460526756580     
   364.19930974512647     
   364.63997387912133     
   365.04440926174652     
   365.00185177173000     
   359.71613564813765     
   359.40448112237300     
   358.75483205177284     
   357.14149958461593     
   359.50730089681485     
   359.73421215966351     
   362.44490589799864     
   361.63439286108400     
   362.48437828097093     
   363.47849484156404     
   365.26579404195860     
   364.72176094550667     
   362.80176200229329     
   361.10162796019284     
   356.92650882192203     
   356.29230057530305     
   354.05222146009282     
   352.75065700952240     
   351.41270012202767     
   350.67779709061011     
   351.29574563596213     
   351.12546962318260     
   349.86441577573623     
   348.77251315908688     
   347.96564231016237     
   347.07397365307867     
   347.21682399116941     
   346.81503885992481     
   348.00091111169519     
   348.15474940937241     
   348.69217643607504     
   348.60350682091348     
   349.81063364713054     
   350.21245236134473     
   349.31835691701053     
   349.16712205058337     
   350.32394824269824     
   350.64504350426665     
   351.46420388230041     
   351.55752531782525     
   351.63197734114459     
   351.60567916418250     
   351.37661402413505     
   350.87491023863487     
   350.58379454071667     
   350.57765690335725     
   347.96185839879774     
   347.93192797722315     
   347.05057445405083     
   346.12583474033954     
   347.20163274749723     
   347.57019837770594     
   348.77260085636647     
   349.00528244414954     
   352.24607847585298     
   352.58495304812351     
   353.06576886032843     
   353.71783810757688     
   352.79562428409531     
   352.47773417603946     
   351.53631217261176     
   351.09814663358122     
   350.38831796767528     
   349.90864761051381     
   348.64957500635609     
   348.14945798055254     
   347.50311853021805     
   347.29654100279703     
   347.02892985969407     
   346.71714773899083     
   346.79461286376966     
   345.93442482691290     
   345.61735456327574     
   345.74816718825582     
   346.65361202806082     
   347.88941784495080     
   348.26963763513339     
   349.85981561694263     
   353.04268221526411     
   357.47537970166877     
   359.33080874866482     
   360.87597979135813     
   362.41288728782507     
   362.17816583506783     
   362.05564048033773     
   360.88954793273399     
   360.70508729753357     
   358.43230580303094     
   354.59084209061933     
   351.32447983698785     
   348.71545041521733     
   347.13368736748288     
   344.53979820429322     
   343.19418197822080     
   338.07315192367975     
   337.04418736237432     
   335.56351027601028     
   334.94900295790404     
   335.69232317753591     
   336.19947840992370     
   339.77213959551381     
   340.00295605030652     
   343.03782329076546     
   344.81278050218958     
   346.78479430111355     
   347.84834838730200     
   348.28545386429352     
   348.80300160898673     
   346.37426924603164     
   346.94582860253814     
   342.55046706832843     
   341.19354986567402     
   337.56791377054088     
   336.18338562373231     
   335.67143410513211     
   334.82453818599595     
   333.35772466056142     
   332.44027096920166     
   333.05958385428647     
   332.08551519909872     
   331.98920069054412     
   331.67859975639004     
   331.33677992419359     
   330.95913438579754     
   329.75155019498419     
   328.90695914161097     
   328.04747178712091     
   327.12275842974242     
   325.70089435195069     
   324.94807453134052     
   325.23736790789349     
   324.81132900425587     
   323.92636466104875     
   323.42508112659789     
   324.48083865776158     
   324.45732890763571     
   322.57105596369217     
   321.54650432035663     
   323.17469867525392     
   323.13143932612167     
   322.10698234482845     
   321.81560137892291     
   323.34059974734504     
   324.90700993844496     
   323.00299921569945     
   322.35309618601849     
   324.26649290129291     
   324.98603758552224     
   328.75041492270407     
   330.14718421417916     
   334.14251379283377     
   335.34137854218773     
   337.29831680178052     
   338.69615549662194     
   339.57335450156722     
   339.20919799550927     
   337.45962450664160     
   337.51984558465881     
   336.14189367240704     
   335.47171178158584     
   332.27706763522781     
   331.22444817696993     
   330.76972953267739     
   330.40088393100348     
   330.64372884949341     
   330.13858020317014     
   329.11200166562696     
   327.94105726852553     
   327.11040661563578     
   326.46094602008594     
   325.85254089865884     
   325.58249169744477     
   323.79778391998155     
   322.88550817365967     
   322.30119622813334     
   321.89685398950974     
   321.27381258633255     
   320.80996301851303     
   320.57178612807604     
   319.91456926327510     
   318.65694607641683     
   318.37577715341058     
   319.40675140291864     
   319.22885198074073     
   318.84072775302496     
   318.59666781406548     
   319.44228604258956     
   319.30141889436112     
   318.83866438591565     
   318.70251144795645     
   317.66519248452687     
   318.34895641110865     
   318.68029687674601     
   318.59567928142275     
   319.63834851869518     
   320.10298129990980     
   324.67282116145293     
   326.02891324250982     
   331.03201154632160     
   332.93510612212344     
   333.92847345280848     
   334.36519109933602     
   334.90270757111779     
   335.85263525217971     
   336.22563319433556     
   337.46618363370004     
   333.24680161245971     
   332.55011403522661     
   330.36631238273441     
   329.62121702543703     
   329.12535117159126     
   328.78994581893994     
   328.59156554668181     
   328.52476483929053     
   328.11910655010075     
   327.42398540136969     
   326.36834649971939     
   326.44289681066982     
   326.15614476024444     
   326.08884689025433     
   325.59727884341027     
   325.44351794429701     
   325.65233723383841     
   326.00853426077327     
   326.15923439643245     
   325.90742139629208     
   325.53299803797114     
   325.25338131976571     
   325.76364900122161     
   326.12780590024357     
   325.46557263181978     
   324.95908593249345     
   324.67500137736050     
   324.87856027129487     
   324.85943477975883     
   324.95396824021157     
   325.17208171148991     
   324.81959337683253     
   324.47670635604612     
   324.84491355971704     
   324.24365988948455     
   323.73587000258141     
   325.17063339161115     
   325.76837527062435     
   329.72705345338363     
   330.78893214102607     
   335.52745274668740     
   337.78339710171042     
   341.18692681811723     
   343.19215712615693     
   344.31696306665577     
   345.76729938983652     
   344.23237145885156     
   344.76319904700489     
   341.23712488128666     
   340.59537840461445     
   338.03357167057277     
   336.95065505993460     
   336.10495123446549     
   335.39404770425671     
   335.62381502167466     
   335.24984045412970     
   335.08867668636748     
   334.11740284076564     
   333.65777652489516     
   333.90597300799072     
   335.01729917618110     
   336.14481353085955     
   336.54905861392410     
   337.07301511174791     
   336.34066215091008     
   337.21605878967665     
   337.77218359715476     
   338.18706793419886     
   340.78228353116413     
   341.50218193096646     
   345.47773823134355     
   348.93369057706309     
   351.09671387618306     
   350.80167297846026     
   353.35928418642084     
   352.76638913747587     
   350.81305296134661     
   350.06101952909478     
   345.89084640347613     
   344.26150656070342     
   341.50763736881720     
   340.85159091283083     
   339.44686712962130     
   338.67675588938306     
   339.11592502080236     
   339.24993572928975     
   342.66416941556690     
   343.84170736404519     
   347.75940466069960     
   349.14493677997274     
   352.47193463553862     
   353.15288563235106     
   353.98907992781949     
   354.93479243688677     
   352.34651022118362     
   352.28234117164857     
   347.74750290773966     
   346.59787567751880     
   342.33617102689408     
   340.63662174072294     
   339.21315672280377     
   338.14115587572871     
   337.47479457817911     
   336.61131806947509     
   336.52281841716376     
   333.86032094712186     
   331.50191513302781     
   334.22645138154803     
   336.30088526614946     
   338.82432004386106     
   341.88451413370171     
   343.05998744196421     
   343.19888054822144     
   342.38840422527625     
   345.30209142453253     
   346.54886016654865     
   345.84903281802781     
   345.64934431862247     
   343.77180871522006     
   342.43459629062460     
   342.46256256891701     
   341.86083856118984     
   340.34304737019255     
   340.13131397932648     
   339.79392187419865     
   340.03324537356616     
   338.67795646009074     
   337.93337859464100     
   335.65921120692252     
   335.87858239764830     
   336.69071470988422     
   335.45324906658556     
   337.32193533601890     
   337.65498113613091     
   339.80117951486477     
   339.15981466301042     
   343.97092136179998     
   345.65344286212837     
   350.90451398183939     
   353.17002331899698     
   351.77198078837426     
   352.93278708335225     
   349.37158461374980     
   349.13379508586587     
   346.31038029826806     
   345.33391883625006     
   341.64477362658022     
   340.41233162006148     
   339.18320154536411     
   338.95379878759144     
   338.82351552569827     
   337.74241894543979     
   341.55114465618254     
   341.18322570548622     
   341.49534515965883     
   341.17997643597715     
   341.22770231575186     
   340.96082823212225     
   339.96994381951185     
   338.41026312179531     
   337.71334524048615     
   337.25363357764292     
   335.65176409044074     
   335.10939847602225     
   335.24767714769206     
   334.94000944223444     
   335.44133694380940     
   340.77074193085201     
   344.08667325566267     
   344.29367561696455     
   344.70460919681278     
   345.72009646149769     
   345.84572599241415     
   347.26190494698102     
   348.09157091802973     
   347.65974980012567     
   346.23447121999101     
   347.20174975492506     
   348.21818409816217     
   348.75517604075606     
   349.26657713578521     
   348.40839294406720     
   350.94375783741748     
   352.50933884502211     
   354.88331153376936     
   355.11589943453163     
   355.38952574518390     
   354.00681133919181     
   354.90813618948971     
   354.31552907979608     
   355.29367877664055     
   354.35658578244409     
   353.73675697384488     
   352.67183058012347     
   351.68589547730028     
   350.91623638048605     
   349.07233144383349     
   348.66018723139075     
   348.13979605737910     
   348.17934351048228     
   350.01686766339878     
   348.68423259559302     
   348.26279968839793     
   348.62948365342822     
   348.99535007378267     
   349.05555134045312     
   349.51741152717358     
   350.04334298863694     
   350.82110501129307     
   351.49552362141759     
   352.52488642094613     
   353.32454057984336     
   353.96008715656734     
   354.39977197763898     
   354.87293540747567     
   356.55623280156556     
   357.70227007289770     
   358.51529223268784     
   358.71980018171081     
   359.02221562457026     
   359.37220168402570     
   359.90209428796936     
   359.92354694061299     
   360.14074901312370     
   358.80154296779642     
   359.26465770797131     
   359.95928821866204     
   360.82361562653074     
   362.71102590920634     
   363.45080630174192     
   365.96646097873145     
   368.81590955031737     
   371.64028038830702     
   372.66505262552232     
   369.03042596419488     
   368.00323268504843     
   367.00971239822968     
   366.69121421473102     
   365.71616582048125     
   372.08885217359807     
   370.13698722389677     
   370.58204635225854     
   371.40273516335208     
   367.23048873551295     
   361.48856517159157     
   356.69099422176936     
   353.46147614511250     
   352.26894609854145     
   351.39009694464829     
   350.17883028553126     
   348.86607544313995     
   347.25183382035175     
   345.95658151070836     
   345.26118945158373     
   342.71203125744614     
   342.04619532524652     
   341.88096502515310     
   341.48417145819576     
   341.85385932285647     
   341.85601137475044     
   342.79625443023087     
   343.11151918956870     
   344.58697573674448     
   344.98237165480941     
   345.60356569405269     
   345.34697099118455     
   345.36784254054874     
   345.63425455416188     
   344.84286597499693     
   344.72650675076636     
   345.13806310757025     
   345.11569824324414     
   345.45395830243473     
   346.39423650999709     
   349.42293059052395     
   350.33140540763731     
   351.18398384688822     
   351.97074923647949     
   352.73882548334961     
   352.96486818163493     
   355.53629728417644     
   356.07711810200294     
   358.78891569543902     
   359.79471146702343     
   360.69609693324344     
   361.57786196938548     
   360.65748736568668     
   361.12439525520273     
   359.94566559233704     
   360.07974760570295     
   359.93379790578365     
   360.10995776739952     
   359.86128719302434     
   359.94107864571936     
   358.96427625318074     
   359.79856539818991     
   358.58671627119782     
   358.42099322642588     
   358.68933532500733     
   358.64190003265759     
   360.39558539205012     
   359.83449447942263     
   360.29107524022339     
   360.38577470290414     
   359.84453415998530     
   360.01089331386993     
   360.67584415193465     
   359.64218935677474     
   357.84484837514657     
   356.90313245924847     
   355.37680955843814     
   354.88806568759475     
   354.95875616883370     
   354.70422892106069     
   353.61079516654877     
   353.19699446187025     
   352.67279751917005     
   352.46312185986335     
   352.59145954160243     
   352.52852502724545     
   352.76367353333330     
   353.17910296836726     
   353.08060101810793     
   352.96333794255804     
   353.28741612154516     
   353.36734285014745     
   355.57779995454894     
   356.07858642842888     
   359.28265942143793     
   359.86519380787234     
   360.97031070837733     
   361.20038084213388     
   360.65375473600244     
   360.94335645737823     
   358.98788121612671     
   358.90346477237108     
   357.62595578956331     
   358.24436685098186     
   356.46741500991925     
   355.56326688473558     
   355.02164126708112     
   353.47867251842911     
   352.11949375621458     
   352.82188792477098     
   352.63078007595942     
   350.73582153408159     
   350.17952733641312     
   349.78063238477910     
   349.38314764924087     
   349.33327371530095     
   349.52360915578237     
   349.64604215272220     
   350.32003706971454     
   350.16215674725140     
   349.40401723015958     
   349.25132847528295     
   349.65313466849727     
   349.69735417139987     
   348.38847110542099     
   348.05909802980767     
   347.91470273498919     
   347.78565882045200     
   348.82483014279632     
   349.12430889026530     
   347.58478010267083     
   347.29213931744420     
   347.75703217398211     
   347.61187482831281     
   348.91756171875295     
   349.70379848570587     
   350.60926922948153     
   349.55568528816258     
   349.49164260211654     
   349.58113548154756     
   350.36591727536370     
   349.84006176814125     
   351.53686692238142     
   350.42117121963219     
   350.71234693966250     
   350.77040398191923     
   352.87148741329526     
   353.32844798414106     
   351.35020851161181     
   351.12786139256053     
   346.72911364016261     
   345.93491116294859     
   342.78181219668500     
   341.66330885397110     
   340.89851498140195     
   339.94763801999130     
   339.19587363640142     
   338.79223653781543     
   338.01428139184367     
   337.05267560870362     
   337.69596257361962     
   337.79871637056988     
   339.86437055123992     
   340.53985302391175     
   344.92689958045435     
   346.32133175074392     
   348.31696687545553     
   351.90953893643280     
   354.01112168926136     
   353.65545237784585     
   353.99083623900282     
   354.25738767967738     
   351.65221967637603     
   350.94085171216375     
   348.05385634912278     
   347.02407899279751     
   345.59076712203091     
   344.85381459330904     
   343.76334386722823     
   343.07955701995041     
   342.27601367461949     
   341.66909307995377     
   341.14623187334598     
   341.10673522628065     
   340.64519595155241     
   340.25949549364492     
   342.19881112497239     
   342.86119959181508     
   347.41488700789682     
   348.57913984019871     
   352.83219767431962     
   354.11615407466741     
   356.16985817067882     
   357.02608617466080     
   359.16099537496552     
   360.33535189856559     
   359.09739016492699     
   359.63693887178061     
   358.82826348607898     
   358.64859670386267     
   356.58604511866298     
   355.98211133204580     
   353.60397132392615     
   352.77890375418480     
   353.26160110979737     
   352.91563439544069     
   351.49770774418539     
   350.37191874862407     
   349.82597799638154     
   349.83025562989957     
   351.10414316135586     
   351.39139318474906     
   353.91853012717070     
   354.55923314731109     
   356.91991925371218     
   360.46838547953695     
   362.45808999469909     
   363.53605964547188     
   363.12103655202696     
   365.67137497427996     
   369.67798964458416     
   372.79195370372656     
   375.01717092857371     
   375.56444660015609     
   376.72963987003089     
   378.63938958758769     
   378.27451287634597     
   379.44662091060832     
   379.71055373196208     
   379.12522683556739     
   377.14626121838705     
   375.38236168674831     
   374.06662219268549     
   373.64176454518753     
   373.74973560052138     
   373.90432603802674     
   374.03380272406929     
   374.02549855190927     
   375.22605750822612     
   375.36089178030250     
   375.96817077763808     
   376.41708179393095     
   375.89224123007131     
   375.43775645117989     
   374.75985565390516     
   374.63076042088483     
   373.54704231768193     
   373.33824952707818     
   372.21266634830522     
   371.91545789079316     
   371.42329171132468     
   371.05312887745259     
   370.57650865818579     
   370.50226833749281     
   371.72016169878736     
   371.32226033721082     
   371.14012939932445     
   370.71027381160241     
   370.24557103689068     
   372.41963985863487     
   372.44381008634343     
   371.94066248551286     
   372.33073175052289     
   372.85770195548048     
   372.18045195298009     
   370.79667331551315     
   371.73634884406948     
   372.62999849253140     
   373.57848513651527     
   376.66461494266730     
   379.13250906113711     
   379.92695139790766     
   380.99520370204004     
   381.43813508494100     
   382.06684364518657     
   385.26136634871125     
   387.13075945600337     
   387.37999161761786     
   387.27946549012302     
   389.40881032823427     
   388.19183227654730     
   387.84810227769736     
   388.66736477013126     
   384.92182388439988     
   381.52400830556428     
   379.53402350426910     
   381.90286136292764     
   382.77066804823875     
   383.39183546003130     
   383.92389757323917     
   381.67834455117679     
   383.46447516331614     
   384.00270471178328     
   383.25845232439423     
   384.34209415006012     
   386.11907854465193     
   386.45742848627208     
   387.86600463805371     
   388.02487811765008     
   387.73945362352282     
   389.64753993810689     
   388.55024407441795     
   387.94036035895755     
   388.02342732553097     
   389.60904791277613     
   386.90344349988021     
   382.98566030981340     
   380.24008673539527     
   379.34378789422721     
   379.11239128672946     
   377.48950612638225     
   376.64589364045116     
   372.79391522047018     
   369.02664320982990     
   368.96538577563291     
   366.95150881719911     
   365.25461121495869     
   364.65573915839281     
   362.57924759126911     
   361.68703610771087     
   359.73197291643709     
   358.86463570764266     
   358.16572953900294     
   357.49619661259885     
   356.93581569559757     
   356.50294186895997     
   359.57752531074118     
   360.30079670266463     
   360.56358338517231     
   360.49133241019058     
   360.15470721817530     
   362.30381230203238     
   363.25821422022875     
   361.27885668076192     
   360.89246980384490     
   360.38927940772373     
   362.45835492354138     
   363.88691683357268     
   362.16900078276137     
   361.83141082685603     
   361.44620401065674     
   360.99112496781379     
   358.49250134824325     
   357.86829383296197     
   354.00892278860249     
   352.53282604835022     
   348.46192601742285     
   347.10140470126959     
   346.30414877254037     
   345.42240191481596     
   348.54422948005697     
   348.18558369279316     
   347.68456954779958     
   347.33342985964845     
   345.54413615140163     
   344.74100549565026     
   345.33622289549589     
   345.22319100728993     
   345.21627236841823     
   344.75870095098350     
   344.81476825078880     
   344.61300713780537     
   344.04747994407433     
   344.05531238178344     
   344.30115081748801     
   344.16112139786998     
   345.01711791050741     
   345.21887701437214     
   344.51718106030273     
   343.99126182919940     
   343.42695757016497     
   342.53854952429879     
   340.93927860855104     
   340.25014388414166     
   337.95376665549708     
   338.09986274782955     
   338.41258724729613     
   338.10957397576340     
   340.15240074909690     
   340.69994313292420     
   343.24202954945935     
   343.74100674463608     
   346.42383136419159     
   347.24799506759319     
   350.42274968205521     
   351.68053334400770     
   351.69225397295344     
   352.19164355953677     
   351.63218933406631     
   352.33199090993639     
   350.51652172869194     
   350.46275184107418     
   348.33519858267562     
   347.92457600122651     
   347.85011662320119     
   347.77329365052498     
   349.26396110968017     
   349.55923992171023     
   347.67983098639786     
   346.63498297740728     
   346.35604312851939     
   346.26882408643172     
   347.86601029842512     
   348.01335561165871     
   349.48597879114789     
   349.51388040779818     
   350.01063649788819     
   350.16879748159556     
   348.02220144749657     
   347.35738178282116     
   346.23553086659643     
   345.88684566386405     
   344.89503173688092     
   344.45735303716901     
   343.30806403113826     
   343.03238174971585     
   343.77894080226793     
   343.86789180329777     
   343.33895236543987     
   343.22168389684947     
   343.13967016384640     
   343.14778505088458     
   343.14789567922725     
   345.08033334425988     
   345.62305255763278     
   345.83814710127666     
   348.45399928008726     
   350.92320237070561     
   356.23483602059332     
   358.06448152272219     
   358.98562249811607     
   359.84232876602715     
   361.13138866849766     
   362.09090178009575     
   364.63520189639786     
   363.47870469979574     
   363.56957219737490     
   365.14083713380865     
   364.33225970993419     
   364.48054244389994     
   361.21818110942212     
   360.33766140767295     
   358.39585381258189     
   357.83833403846114     
   357.94042937741574     
   355.79619131284824     
   353.03462298703744     
   351.16226737132763     
   350.42985382041905     
   350.17809008590649     
   348.58289178936059     
   347.64945060480426     
   347.30336897326060     
   346.58150575435468     
   345.93957541684563     
   346.18749181725667     
   346.55137766885957     
   346.50162973960943     
   346.85133251140871     
   346.49956206523598     
   346.68716769038298     
   346.42496396407449     
   346.59418384774426     
   346.33199139202236     
   346.66661494505803     
   346.71877312362398     
   345.08461844918810     
   344.52754187288235     
   344.27531956536933     
   344.08038041215457     
   342.24749822892772     
   341.58263301118933     
   341.82914983366118     
   341.36104429171814     
   341.93375740365184     
   342.60288406681076     
   347.67185895459488     
   349.08136262219296     
   351.77036871184555     
   352.03971365008215     
   355.51028262165340     
   357.12578250147754     
   356.84689443617492     
   357.72271561082999     
   357.76557571021141     
   357.92167169463681     
   357.17569094795658     
   356.92331764001182     
   354.66365432254463     
   353.79910525649746     
   353.94228703293618     
   354.04164020171959     
   353.71509160603495     
   354.10598531797899     
   355.36213299206236     
   355.26235018491570     
   358.12252727592869     
   360.79126434742614     
   360.20666723318556     
   359.80956717463687     
   358.99480952592279     
   359.10834039308895     
   358.96643198222540     
   359.64080844304448     
   360.69538694524311     
   362.21768426622822     
   365.23321192102850     
   367.79121933159513     
   367.69520867170201     
   367.89812103265967     
   369.41562137909938     
   370.10359458562891     
   369.99547397026168     
   370.68304164774315     
   373.42760669075943     
   370.56863701687934     
   370.17625023147889     
   370.96132431511614     
   371.63574410344188     
   374.68353740412135     
   373.30039738223172     
   366.94410601222398     
   363.06441649487090     
   362.35941141152330     
   363.46143739068015     
   363.67703998074876     
   366.02738585588412     
   366.64780160524498     
   368.16071821338636     
   368.58827814350178     
   368.07271939903774     
   368.65372108808845     
   369.17863872901631     
   369.56669026118811     
   369.97886463216975     
   368.32739952803200     
   367.86150472918513     
   367.84397032788200     
   368.92214134345630     
   369.80422565775757     
   370.39044405492780     
   371.00414126771051     
   372.17793974320790     
   371.95818300341608     
   370.20616667407478     
   370.23675482650668     
   371.25570844471235     
   371.28954000845204     
   371.33396288862241     
   370.81378308361764     
   370.85956441535035     
   371.18651626802114     
   370.80434008917535     
   371.00627376011624     
   371.78633610602759     
   371.63774774831097     
   370.23067942688704     
   369.54189044500839     
   369.19241617596327     
   368.84755550488080     
   368.02862168888350     
   367.65823451684878     
   366.28616117841364     
   365.49510268950166     
   364.23243084967299     
   363.63555781434411     
   363.52100122192701     
   363.83173100309472     
   365.28737573462354     
   365.48938532055672     
   366.26898710659145     
   366.49248575426475     
   367.94852483495936     
   368.20518124229631     
   370.47873472448106     
   370.32316640913467     
   371.17076167454843     
   372.32269801378487     
   371.94296826169204     
   370.97585407798471     
   369.43458316101248     
   369.32914480807074     
   368.14693464789360     
   369.74011404778878     
   369.72214422667577     
   367.52355075566516     
   363.24250868238062     
   361.05254946942671     
   358.79521997955533     
   357.59565935476206     
   351.98688352311945     
   349.55054318220130     
   348.82542812459906     
   348.09599991183882     
   347.31800825574282     
   346.78287633882616     
   346.25665609547548     
   345.76631683703204     
   345.77905875653391     
   345.58514342705894     
   344.82047844906117     
   344.25920156054451     
   343.88733810675228     
   343.29712429911029     
   343.84135870425791     
   343.87191646112342     
   343.03238358981048     
   342.65860727268716     
   342.19507032623829     
   341.49803114665804     
   340.58743101101612     
   340.06223674671259     
   339.67598641990696     
   339.24758144818594     
   338.09241209860403     
   338.01852742023618     
   337.12788231526076     
   336.15318791242316     
   337.59591846391260     
   338.16274360376684     
   342.80649984708452     
   344.74639034023221     
   349.70811971141688     
   352.01393082119012     
   356.61793034207625     
   358.50040517897946     
   359.07535605393724     
   360.42120484285931     
   360.78516494896684     
   361.66345764567347     
   360.43954061911978     
   360.55769433626438     
   358.12573783347159     
   357.76100524568272     
   355.99216933716781     
   355.42435539671396     
   354.21017187468323     
   354.42167353273777     
   354.51623286617968     
   353.46014323243367     
   353.42922686740837     
   353.16907299092628     
   352.77006182997349     
   352.46873677995586     
   352.15616959748689     
   351.81248914055175     
   351.47119837499446     
   350.96435780138677     
   350.12650771099396     
   349.84268862254766     
   350.18561915442865     
   350.50999680852652     
   350.19838689994981     
   349.81062258631920     
   350.37228654967146     
   349.91862156521034     
   349.94001862554614     
   349.83525445650980     
   351.26046316748955     
   351.53207548590586     
   354.11284614025487     
   354.63846624188091     
   355.37515673335713     
   356.72854890840296     
   357.31394072198424     
   358.74944784691854     
   359.30004844314925     
   360.03400156252548     
   362.20966702084309     
   362.89245722530768     
   366.22592566292155     
   368.01509809890257     
   367.46523840318360     
   368.64036274099351     
   369.87836934478503     
   373.20113908670260     
   371.22044551134212     
   368.68344527958789     
   365.49436743976537     
   364.33586637562445     
   360.75288987717448     
   359.58852567522666     
   356.72870948693560     
   355.26132384259040     
   354.43376977357116     
   352.75606974849796     
   353.65668504260771     
   353.18496568706956     
   350.70254461671203     
   349.81963899297557     
   346.30962353194218     
   344.98342752578998     
   343.62372796167324     
   343.34006875255994     
   343.24482493008298     
   342.77077856234445     
   341.84999547986155     
   341.31097634832673     
   341.88481901446789     
   341.56262745911107     
   341.62588273296012     
   341.04304713119643     
   339.47122190852042     
   338.86671096119261     
   339.38170699033560     
   339.69209264295614     
   340.88924948898455     
   341.75713971945652     
   339.52160946696364     
   338.30580204353083     
   338.33572086655715     
   339.63566754170608     
   340.17824524141497     
   339.62597396294490     
   341.43816830593084     
   342.15290957365198     
   344.57226563762924     
   346.56249239402882     
   351.03271174350755     
   351.94889510212073     
   352.98384007506007     
   353.33647024491142     
   352.15476931486239     
   352.85902757436531     
   352.18973522939626     
   351.60994704439764     
   348.12159675031205     
   347.16821744158813     
   342.32771268502620     
   341.87019806077939     
   340.36823222550345     
   339.89658129715087     
   340.07333691757458     
   340.23299080481377     
   339.21092214177230     
   337.23361852584094     
   337.68776191862253     
   337.59714229328097     
   337.28908729813986     
   337.08849715709670     
   336.76401001051141     
   336.12247139678078     
   336.56281932178132     
   336.66595954110574     
   335.43449823714923     
   334.79383030896219     
   334.19063701778947     
   333.90931130987047     
   333.90401650572653     
   334.73600227659239     
   336.33852535376275     
   336.62179656812998     
   335.25047734532211     
   334.96363243533943     
   336.13320009311514     
   336.66596086834522     
   336.14180339491645     
   335.64639961914770     
   334.13892002295938     
   335.42163525878766     
   334.17357939686326     
   333.53209199704560     
   336.27897116824397     
   337.43388551916041     
   340.87078496378530     
   342.25875571480998     
   346.97744218005857     
   348.58578266838612     
   353.04247500650047     
   354.68034695419396     
   354.97085985333109     
   355.71815050217765     
   352.83915190253316     
   352.89413527761923     
   350.64945799333253     
   350.83102664738766     
   346.60917194311958     
   345.22575685459560     
   342.57352997523213     
   341.12761248197262     
   340.82859840828098     
   340.47951009732571     
   342.16954635843410     
   341.09263296358120     
   341.14031646934825     
   340.65819408986670     
   338.44073365233930     
   337.62502280516668     
   337.09669804572462     
   336.58290950175586     
   335.26214421415420     
   335.13434461470780     
   334.30144254477881     
   333.67535152874495     
   331.78625453188295     
   331.18751681122995     
   330.85546837940035     
   330.26710992029388     
   330.10697565910300     
   329.36973201148402     
   329.98850057051720     
   330.31044419209633     
   332.91962774355005     
   333.59935187224204     
   335.88778847319969     
   336.69075976425677     
   336.12250915386579     
   337.98309411463993     
   335.86796169091679     
   335.30193841744699     
   337.58770068743229     
   339.02429506767947     
   345.10103647788759     
   346.86524121632021     
   351.50335087922252     
   352.97062528334499     
   357.48457216292144     
   359.36044845876432     
   358.12983090774134     
   358.70803714714555     
   356.06658541805956     
   355.83675357532115     
   353.87020022693287     
   353.52468131794609     
   348.72152583333713     
   347.46291552593436     
   344.77163771276986     
   343.78917235839526     
   343.75622757207202     
   343.41519847494959     
   342.25341510345714     
   339.96036476401542     
   339.72247923137803     
   339.19517640076560     
   337.62260565723165     
   336.60531636915141     
   336.92123626908011     
   336.95745679972180     
   338.17059600261302     
   338.40355104119891     
   339.17471295898946     
   339.11149060915858     
   337.61898015929171     
   336.92416002581581     
   338.82531147770186     
   339.12064347743541     
   338.21284863141346     
   338.48738734910836     
   339.88540231091901     
   341.44183723978608     
   342.69694439503394     
   343.32946251441319     
   342.26149294128783     
   341.49101428396131     
   341.28786894531146     
   342.06328141043326     
   338.66605085098877     
   336.09252778645339     
   335.62368086450732     
   335.63627887325993     
   338.65802105252709     
   339.12753591821343     
   342.61562810735137     
   342.91422904733690     
   345.26532825910101     
   346.65885333728983     
   347.88875097641801     
   348.96440861346622     
   348.66760001319403     
   349.69957439198322     
   348.10345013409631     
   348.54128593818587     
   347.22412363605480     
   349.30176721688673     
   348.96039960531863     
   349.61539280037965     
   350.62493023796446     
   351.06875317893150     
   350.28645510231195     
   348.61851391323199     
   349.19832281500851     
   348.87173410870986     
   347.70569109775272     
   346.59786778860166     
   346.00601086250487     
   345.36409809044522     
   344.53222358383806     
   343.71108201609968     
   342.67808957266959     
   342.30769012304023     
   342.93836438276719     
   342.86891901336185     
   342.35786120470544     
   342.09601039085123     
   342.11388540272446     
   342.10646705150884     
   342.89037038359407     
   343.13146599653356     
   342.51320380557308     
   342.21637299318343     
   343.72238917685917     
   344.50894343200389     
   344.76990274386338     
   346.62598891760223     
   346.36808556171326     
   346.75912080935444     
   351.37425701584306     
   353.00866324861431     
   357.13531453150034     
   359.08158636540628     
   362.36274543675364     
   363.67962519862454     
   366.89840702733983     
   368.50720084030354     
   369.72992195143291     
   370.46265032236630     
   371.84426632634194     
   371.05488378204973     
   368.40207641898616     
   367.49991626100240     
   364.21496972515934     
   362.29652195681200     
   361.35201308978168     
   360.85606739804308     
   360.33973632399096     
   360.12548359288934     
   360.61674526008659     
   359.05261074756152     
   359.66792487827269     
   360.11060369950104     
   360.09854283035651     
   360.18202404307311     
   360.06124972939654     
   359.89730432237599     
   359.95376359234911     
   359.54339662020379     
   358.97024505010211     
   359.52346196687006     
   359.76906073801922     
   359.51872416194647     
   359.40225685509159     
   358.98619610609370     
   359.32979283462595     
   359.40353487758728     
   359.43072042465923     
   359.14169496838832     
   358.75637962458205     
   358.71106886934200     
   358.56436795537655     
   358.21886747113234     
   357.43948513582103     
   358.09510577255861     
   356.43969892335906     
   356.20542169339689     
   356.47009201100428     
   356.55399463275603     
   357.67774290757308     
   357.64166964089293     
   359.37340990311327     
   359.79273385751941     
   360.31416478039466     
   360.49445009624145     
   361.27629219287957     
   361.76303883267519     
   359.31368567037049     
   358.99205259084709     
   358.88675444500450     
   358.52656616807360     
   354.62257588060277     
   353.50357647328997     
   351.75989333081026     
   351.22112749341460     
   349.58872922668854     
   348.92184544641600     
   349.04783901596312     
   347.08087227221472     
   346.66225120052792     
   345.98304322970881     
   344.87580770864702     
   342.92310826603062     
   342.60064932313355     
   342.32797627574320     
   341.00689179927787     
   340.24206235213353     
   339.38272983209214     
   339.43494372902774     
   338.46369422916013     
   337.53025547309625     
   337.84347597602891     
   338.02507611657160     
   337.61850736531466     
   337.15774095257729     
   336.41309363854987     
   335.85481447063694     
   336.33410480266718     
   336.35174263086896     
   335.77710423548990     
   334.91836186098351     
   334.77775906879856     
   336.73829272965838     
   335.17453531121754     
   334.58078810655729     
   335.91715101556116     
   337.00675621649668     
   340.16371125769922     
   340.41853979784429     
   345.44961036625762     
   347.24813382400339     
   348.11623559559496     
   348.54498296711887     
   349.07422314822065     
   349.74951935009432     
   348.75053061270444     
   347.90139690031106     
   346.49885122038836     
   345.97951711330751     
   344.21538000166254     
   344.10537127897948     
   343.10449218456739     
   342.82038433803200     
   342.28042105647626     
   341.92610826158580     
   342.50406407588474     
   341.21982171610097     
   341.96010867496386     
   341.66693344320879     
   341.80664352127354     
   343.42108568334106     
   344.20493452652789     
   343.37527486816617     
   343.91534006796644     
   343.96295059679255     
   342.99324216008807     
   342.43122963133158     
   342.40292329622679     
   342.02482944259356     
   341.77301226124200     
   341.44878713548377     
   339.91168058689925     
   339.39122685522574     
   338.39489079190412     
   336.63880882156366     
   333.79001597100279     
   332.42070316374213     
   332.21249325747937     
   332.05340978677145     
   331.64043271736944     
   332.81308815506452     
   331.31268460325902     
   330.84499706431529     
   332.09355946282955     
   332.34390761496059     
   335.54579466887810     
   336.36248159148647     
   341.02639163999754     
   342.15194921140318     
   344.22924446908308     
   344.61017334310139     
   345.39431361192896     
   346.00269724689861     
   344.30251846605358     
   344.22014597389227     
   340.92522311625595     
   339.91061728143069     
   335.94938135892380     
   335.41006494161081     
   334.79520649147452     
   334.40177625642514     
   334.20152769992882     
   333.49273606430347     
   334.79301188267232     
   333.82534985210845     
   333.68317635501120     
   333.51243014402394     
   334.07541314168043     
   334.22603193930877     
   335.01122830311260     
   334.98133274209420     
   334.33377420073884     
   333.96604316193105     
   334.10843315575801     
   334.05385804548740     
   333.96678611069410     
   336.34029036005080     
   336.69675460177154     
   335.53818524041060     
   336.70403137775230     
   339.96704893710552     
   340.59440753411229     
   341.37849732470283     
   341.41265432834103     
   341.75864330324839     
   343.01691896953082     
   343.17274322685910     
   340.11963252771102     
   341.46816852414850     
   341.13815837669154     
   340.04855024206870     
   340.44539562192449     
   339.45006975380250     
   343.78953217558308     
   344.90770410496606     
   346.81185386462295     
   348.32040232566459     
   350.51089119949495     
   351.98260528277854     
   351.98727205536773     
   353.57090943485474     
   354.56145553974528     
   355.33189520422093     
   355.56098262840152     
   356.03991246874278     
   354.95115348388902     
   355.16834633257224     
   355.26840869327060     
   355.31275675607037     
   355.60446200640757     
   355.55381420872038     
   354.79089932733910     
   353.02548360112269     
   353.41277967186022     
   353.11284363427552     
   352.04005005898699     
   351.34112701451443     
   351.09312310170759     
   352.07704420772006     
   350.44652068624475     
   351.15005916902948     
   352.24632837021915     
   356.69836761996021     
   358.13948094395164     
   357.71287800411147     
   360.32827578327692     
   361.77568993987933     
   362.53122177392845     
   360.12320887226861     
   359.21173785130338     
   357.86558933184142     
   357.37614779105360     
   357.41008536465830     
   355.67527241035867     
   355.70079598243001     
   356.53299775406640     
   358.23885267612411     
   357.31594013319381     
   355.94908216412159     
   356.37907579378515     
   356.93572911147237     
   360.86138784686347     
   361.71038508304576     
   363.24773524205693     
   363.87454453309658     
   364.35150657798818     
   364.53640666206070     
   364.78231999618322     
   365.10011995827244     
   364.05189596477243     
   363.67290922279921     
   361.63151118549513     
   361.77784283394953     
   359.98898585934984     
   360.17194551777004     
   357.78784801070475     
   355.98961525288559     
   355.77637368706331     
   355.13158142520666     
   353.14363872291068     
   351.44606541705173     
   351.82432978602469     
   351.29451779565375     
   350.54784498081074     
   352.01910681793208     
   355.24980991273719     
   359.69376627859430     
   361.23886266376724     
   361.09320442856733     
   360.47336748078703     
   355.05468294042203     
   353.03497100048065     
   352.89333423691932     
   351.07647379220242     
   350.39191356164787     
   350.58270187742880     
   349.90969685352673     
   347.55569874744322     
   347.52981583953721     
   349.01896605153252     
   350.34785045015275     
   349.54136242996503     
   349.12076302465005     
   349.66954807402715     
   350.07437115133530     
   349.06110953625347     
   348.60258755539439     
   346.53573485034116     
   346.71872835462585     
   348.04487013295653     
   347.95775563279108     
   349.02612096905716     
   348.55512472732175     
   350.29705062652857     
   351.18901641521182     
   352.21384971411658     
   351.65785401371556     
   349.24918205606258     
   348.57237350463424     
   345.95721677100852     
   345.96359187286384     
   343.90278952596174     
   343.91563766998479     
   341.89874942515308     
   341.21338052451301     
   341.04014553892904     
   341.23949019712887     
   342.10155855039119     
   341.20428340700562     
   340.18394356714902     
   339.49866336065344     
   340.14695918174607     
   340.16840711321345     
   340.05279353533371     
   339.96918049272006     
   339.87375662988529     
   339.82395731265035     
   340.88274430781945     
   341.14086802999941     
   341.54836604465316     
   342.58696865089286     
   340.68180343121736     
   338.92555958521353     
   337.84283395833313     
   337.38061880215474     
   337.31384599203142     
   337.02157929277706     
   337.09898917763866     
   336.98302692413296     
   336.42078140995613     
   336.33217485773508     
   337.69125365261789     
   339.18616867591061     
   340.09069977701813     
   340.08262966980641     
   341.10144091204870     
   341.97415855101752     
   345.32672655507906     
   346.97191722880063     
   350.58210399975832     
   350.75115058932715     
   352.52826006270470     
   351.77100064830563     
   350.13236053896907     
   350.06168546697950     
   352.34881076219585     
   353.36306747640594     
   349.76798424590294     
   349.65976419859777     
   346.88022507280340     
   346.32894846146525     
   343.45542453256297     
   342.95022722935749     
   344.46490069338387     
   344.86611685079083     
   344.81086504337185     
   343.84739738120055     
   344.88301817419858     
   345.11331377154607     
   345.98867969165167     
   346.08289699143432     
   344.17026666231106     
   343.68883759593308     
   343.10123393616902     
   343.29750932519420     
   344.91530441751650     
   346.21465750206431     
   348.34738853758296     
   348.99186697382720     
   348.96242577098991     
   349.15374278516282     
   349.49548576358853     
   350.28245405011808     
   352.29274171872197     
   352.88126611133970     
   353.02317467319233     
   353.46761606062438     
   353.58289778921602     
   353.58074820122846     
   350.99697125956482     
   351.18464612333366     
   350.88603665766374     
   350.67893359733563     
   350.72467865337643     
   351.11300733813380     
   354.88275662026808     
   355.63205669342545     
   358.93222723034211     
   359.00823149102462     
   360.92465884457687     
   361.73758007782743     
   364.61016493773042     
   365.93145757368279     
   364.07713492410994     
   364.97596455602587     
   363.25678743352705     
   367.73398241391226     
   370.16413590921786     
   370.04521633038695     
   367.24097917096685     
   368.98058571310662     
   369.60092460057302     
   373.06061990727977     
   375.09671639426188     
   374.70928232820722     
   376.20513901405917     
   377.29545749907334     
   377.81812657727465     
   375.12162653853920     
   372.14039560522076     
   371.06449955555331     
   370.12468948922140     
   369.63405345492845     
   369.15705147774338     
   368.87086597029116     
   368.60102129832143     
   368.18657428102961     
   366.46234311554696     
   365.87255827722805     
   364.34924827890342     
   363.40181897482137     
   362.41510283928602     
   361.85031547284359     
   361.22493397614795     
   360.45530280516692     
   357.68067552977368     
   356.89984515473134     
   357.19118692236418     
   358.49897667845897     
   357.76728178892915     
   357.80127483217115     
   360.61181845767675     
   361.89819282118418     
   365.84355890902066     
   365.69515757884267     
   367.37006349714693     
   368.24515786920426     
   368.69863764577838     
   369.39604098775101     
   369.44344118151190     
   370.07557287680044     
   370.34868766217585     
   371.15645697466249     
   371.24471863255076     
   371.77379298474074     
   371.10034559167178     
   371.53923560852093     
   371.13936612213882     
   371.72202537589061     
   372.26613437249330     
   372.16832004591345     
   372.66535180268937     
   371.75558895756797     
   372.76622294274904     
   373.01576066353942     
   373.17266610532863     
   373.25318447578252     
   374.99882995153894     
   373.81195376308528     
   375.20950849370246     
   375.62153042577074     
   375.27602569222398     
   375.53901562778219     
   375.97982018901291     
   375.72162718784244     
   376.28460211470434     
   374.92213154204228     
   376.31845436523093     
   377.57109182694091     
   378.57821948691532     
   377.59858419143416     
   377.26091690059621     
   379.91974867403246     
   379.79911009075533     
   374.79535841893119     
   372.85577798750893     
   373.67339054706952     
   372.76963431423235     
   372.36389130880548     
   372.96769945785150     
   372.58358557274755     
   372.85328519125221     
   372.52910711827428     
   372.78371028333771     
   372.61554926478482     
   372.69937470148653     
   372.73125334053668     
   373.65018964165984     
   373.79585380366086     
   373.37978270770520     
   372.82400968702171     
   369.65045574774751     
   369.05825971745281     
   366.34287621242942     
   365.40078903223213     
   359.86410658625499     
   358.26634210016499     
   357.02293555826748     
   355.93741046320332     
   356.12615843149825     
   354.77205661447442     
   354.91794014302019     
   354.44524392102244     
   354.32388562847365     
   354.30274845918132     
   355.67540598989336     
   355.87803920555757     
   357.44954748132562     
   357.77268093060093     
   358.68555293973247     
   358.67806961485076     
   358.61684091216125     
   358.58402114568685     
   356.88777220120824     
   356.58890409083216     
   357.24516409878765     
   357.22499258504348     
   356.70930769813299     
   356.61275439706174     
   356.44854407414317     
   356.18582373214707     
   356.01681877295516     
   355.62303580821566     
   355.58147871163033     
   357.73888671095631     
   359.39320297646742     
   364.79273069471157     
   367.41503383304212     
   367.65789131133619     
   368.78844943327550     
   369.93497358846327     
   371.73883719669300     
   372.19625626260137     
   373.60553980606272     
   374.07437532516940     
   374.87802195071913     
   375.92014429849434     
   375.65062111462703     
   369.74886927686674     
   367.65765217989684     
   367.98588639594089     
   368.23374654337988     
   367.94804657244345     
   366.07476570156382     
   366.17947955431225     
   365.73824573462400     
   364.17210577681050     
   363.63444547177960     
   361.93981595588093     
   362.47285189284031     
   362.94912059659799     
   362.72806349024847     
   362.47393269809754     
   362.46417421622886     
   362.12748655759259     
   361.21631772988724     
   361.35918297157622     
   361.79798854417834     
   361.76235496200223     
   362.03246267464419     
   362.07493585242725     
   360.89536217907113     
   360.38523995508200     
   360.89667203195398     
   360.84815209173468     
   360.60791069110718     
   360.13954598919304     
   358.44618977083240     
   357.79608975938282     
   356.68240190719069     
   356.50128435944180     
   359.29490744994291     
   360.85893522704555     
   359.30456494747853     
   359.21267718496961     
   361.59121078794652     
   361.87496187101073     
   365.00241012254992     
   365.22384554590531     
   367.90533789903350     
   368.04136995756323     
   370.83595730549126     
   371.03547948532781     
   372.40313521916909     
   372.34365097985057     
   370.12912066116274     
   369.89518753456923     
   368.00397693244736     
   367.67591285583262     
   364.37862216701137     
   363.53918093691095     
   362.02604199861310     
   361.32063143023652     
   361.16955647070284     
   360.94866925179770     
   362.29245738680066     
   362.15739263412928     
   360.39854848039442     
   357.68894755264307     
   356.85174718084266     
   356.96061702976505     
   355.77512644472063     
   354.89731400752817     
   353.11985123654051     
   351.40851909968166     
   347.85807154548490     
   346.69180378139390     
   344.13074492804378     
   343.09162793246344     
   343.19000606621375     
   342.77094556300847     
   341.62155020421540     
   341.14614074923730     
   341.24713617321703     
   340.98286674938169     
   341.12350446239941     
   340.98710121699844     
   341.41769891609812     
   341.54679292122415     
   342.25294334225669     
   342.34712023825983     
   341.42180551119941     
   341.73891491660862     
   343.43999034730723     
   343.85577952678454     
   349.46511829930017     
   351.23744668616644     
   354.11117469012044     
   354.99172178335505     
   356.42954538028761     
   357.86136415779862     
   355.93059133296248     
   356.96502575067331     
   359.76960302763672     
   363.77801055955621     
   365.64914593798937     
   360.99644516045873     
   358.96252524621013     
   359.77808136969549     
   353.29828619635134     
   350.85618350396072     
   348.04526391839278     
   345.15758637477927     
   342.42201498546495     
   339.94767979548465     
   339.50043277800859     
   338.65962593739533     
   338.23236736891067     
   338.06991140491664     
   337.44228987178064     
   336.56023123810030     
   336.19475436859608     
   336.12266373136140     
   335.67473318800603     
   335.28867692577285     
   335.98406931056888     
   336.50756813751224     
   337.25587412434658     
   338.37488855430439     
   338.90571753419835     
   338.52312952980100     
   337.36600849721276     
   336.44663634197883     
   335.00178286604302     
   334.13624661578643     
   331.84539809934228     
   330.45064320046328     
   331.14283726109875     
   332.63355849553943     
   333.76870684796768     
   334.42316088791853     
   340.20128559751691     
   341.80100241883554     
   349.30993906874829     
   351.76958076056638     
   356.67998750159069     
   358.01146558028569     
   362.38186886115426     
   363.65311487827410     
   363.50716178776088     
   363.87092488852534     
   361.77495298541402     
   362.65639963253545     
   358.55191761519870     
   357.77147936018275     
   353.06756804355450     
   351.84423415346805     
   349.09767685565714     
   348.32728727004906     
   346.18024166172756     
   345.57093349297600     
   346.61177114758516     
   345.47445270501544     
   345.13829249136921     
   344.71330346609415     
   344.53858929208729     
   344.28156460148921     
   343.15385261262651     
   342.47288066345953     
   341.84266398450268     
   341.43442535721118     
   340.28988623475601     
   339.24404624021651     
   338.72455935233501     
   338.23515779484700     
   338.01327757844911     
   337.67685316167331     
   337.37844812870310     
   337.64355563825222     
   338.64435975780026     
   338.72720751728997     
   339.47381714371460     
   339.77049678018011     
   339.02889390535591     
   338.90814481510500     
   339.15934979870974     
   341.16263149974151     
   344.14240299965149     
   345.50430449455371     
   348.04928751004718     
   348.75582725796426     
   353.70436898715292     
   354.97386183737171     
   358.67237067304120     
   359.50067059086086     
   360.40326105902176     
   360.77119261786669     
   363.25040362343560     
   364.11340492374251     
   363.74840823643314     
   364.01336484534181     
   362.09051639217051     
   362.07336241239170     
   358.06974192826920     
   356.68027904009750     
   353.20508395027690     
   351.87388865999901     
   350.38599508755379     
   349.52161383102236     
   347.39058379032849     
   344.98631038718361     
   343.36126391516393     
   342.36137286010631     
   342.99679467135559     
   342.75431823087342     
   341.03422787916588     
   340.81645609817218     
   341.65583745537776     
   341.62727579828305     
   341.68928476654577     
   341.35331986683980     
   340.19494065097433     
   339.62443229761266     
   340.25918409637245     
   340.07596160772778     
   339.47068195318855     
   338.93330431625861     
   338.12425164175841     
   337.14955269332523     
   335.58957420014144     
   334.81005676635402     
   334.96769995544503     
   334.61178525859714     
   332.36322746149318     
   332.65043002725724     
   330.78157121563476     
   329.91440268238171     
   334.09666802422402     
   334.90077472550854     
   340.63150082828150     
   343.35380370680190     
   348.31133914725388     
   350.00203044498272     
   354.90560602841708     
   357.80233076288499     
   359.09819794416234     
   360.63570607085018     
   361.04837727107110     
   361.53716137523992     
   357.60322496087645     
   358.68643208545768     
   352.78791424289562     
   351.32900517366591     
   346.36588943418928     
   344.52409371754231     
   342.69545559616711     
   341.56115244252481     
   340.22455288171119     
   338.16117512909301     
   337.69696944065737     
   336.96395707113527     
   336.38098547481445     
   335.89216691444688     
   335.04516999738053     
   334.24940762009857     
   333.93644096956172     
   333.59278861090860     
   333.71619579825352     
   333.31008844056942     
   333.97529550896274     
   333.66838583015658     
   334.37415529540516     
   334.16837156060092     
   334.32791663692836     
   334.44766827216534     
   335.31996251053067     
   335.70068162058243     
   338.75470664506702     
   339.69474905001761     
   338.87228485558444     
   339.03967239119561     
   337.23316879870941     
   338.31380403633528     
   337.97629867444374     
   338.07379008859363     
   343.06635010243843     
   344.80754235364861     
   351.06310541575186     
   353.76052269956091     
   359.81317854333912     
   362.31271387276774     
   361.63480528797993     
   364.05473507879316     
   363.47295136753360     
   367.48928181821742     
   369.51901914859212     
   369.15210159944786     
   366.97100027608747     
   364.19938255231853     
   361.69536521917001     
   360.89959909907986     
   359.53839920772913     
   359.22393953733177     
   357.48884838814672     
   356.97972413899186     
   354.01856958905239     
   351.49751711945669     
   349.51333711648630     
   348.36715071817628     
   347.42264846531691     
   346.97359055814434     
   345.54486861277070     
   344.84707129600542     
   344.37415699122369     
   344.07949958175334     
   344.34693498851766     
   344.44300981125622     
   344.99288631742365     
   345.13149803041318     
   346.04757482068237     
   346.02745814633460     
   347.63203377988009     
   347.65156110509776     
   349.56653640017464     
   350.16176813955019     
   350.71291310156334     
   350.87023837088441     
   351.66676248022964     
   351.98452119643866     
   352.26864683735306     
   353.40971894591536     
   353.05895064804162     
   353.29510656815847     
   354.18755191849499     
   354.11976157683370     
   355.19439740371445     
   355.97730525335811     
   357.76244331868401     
   358.54057827425203     
   360.38116438387073     
   361.47982799376723     
   362.72224801717095     
   363.92173579226278     
   364.13703457550406     
   365.03187069439258     
   365.49727857496953     
   366.14066787769286     
   368.76466332701989     
   369.55780535608062     
   370.21606204503297     
   370.99956291941709     
   373.02792094497897     
   371.34255315308690     
   372.52923202977280     
   371.82582142112466     
   370.70642504180114     
   370.43576408816330     
   368.96007026887378     
   370.99489573826645     
   368.15151007328438     
   366.26738664256777     
   364.23250581931507     
   364.16564951764047     
   362.05402814589598     
   361.25427656676328     
   359.15414866079988     
   357.99567511386715     
   357.49568489596351     
   357.04802376859084     
   357.87412794523658     
   357.13252150250543     
   355.85478530450206     
   355.85510740836452     
   355.33423002227460     
   352.14579440940787     
   350.78664869499261     
   351.14590935558385     
   351.72371619079513     
   352.65278973897517     
   351.30680146123461     
   350.83127146882202     
   352.58666015961654     
   352.70908089472670     
   355.95591751011722     
   356.30040916236447     
   358.29009144114002     
   359.26877705527284     
   362.78476745306477     
   363.67875794008086     
   365.35995870279970     
   366.26121101984410     
   364.27695732380460     
   364.64024945233672     
   363.54309494647032     
   364.12704005684031     
   361.10492573872995     
   360.59472064903815     
   359.34203532401710     
   359.18826758600551     
   358.98923382435004     
   358.44629851049882     
   357.46243977938866     
   356.15200918253527     
   354.93148549291521     
   349.61979887415936     
   346.17512984737726     
   345.55125540875753     
   345.66962301036460     
   345.72945557107874     
   343.79813320878071     
   342.71151203081371     
   343.11800155974549     
   342.90735409279301     
   342.45940658847928     
   342.43040612185979     
   341.20482422450453     
   340.89495926313987     
   339.95257858449418     
   339.79297736852988     
   339.63445019628466     
   339.50534855277169     
   339.69668172861952     
   339.62886955787883     
   338.88986117244286     
   338.65371399123120     
   339.50319375710831     
   340.59494794895551     
   340.23074514888543     
   340.21227513237233     
   345.54279592356312     
   346.32807782556807     
   351.36669902818363     
   352.09025384455128     
   357.12418899347631     
   358.53179201847877     
   359.74716075437107     
   359.09381791597059     
   359.71815473780345     
   359.75240566304706     
   357.73551759244583     
   357.98075084912506     
   356.04383640303445     
   354.68721796233609     
   349.30211675170818     
   347.42197709482383     
   343.97804757082093     
   343.07342925971312     
   341.93989417769200     
   344.30269119229075     
   342.47037195130042     
   340.15279387595990     
   342.07253914426951     
   342.02276099001318     
   341.85484555817021     
   341.73155471597278     
   341.29927765248658     
   340.83759221325244     
   341.74562582530007     
   342.44485945949054     
   342.90161688247349     
   341.68464792370958     
   341.39480334652598     
   340.44244767027561     
   340.87782260188425     
   340.15766992829970     
   340.47357073871859     
   339.02086694640349     
   339.57087358279227     
   339.98545516397922     
   339.80333143755684     
   340.09706112696216     
   338.77132738402463     
   339.46173985752927     
   339.88521398137937     
   339.05794586711329     
   338.97568975986644     
   340.69970542759984     
   342.52087384249188     
   344.24171306608690     
   346.21709868468594     
   348.63756515530372     
   350.56004789055385     
   353.94477658967304     
   359.92905050742428     
   363.00285791832999     
   357.98982918225380     
   358.02392588669380     
   356.35222374591700     
   353.88363938153810     
   351.72202124515695     
   349.52275409949658     
   347.97259008900562     
   345.96824837039401     
   342.72732606565563     
   341.57316020542834     
   340.13208300219043     
   338.79866131963382     
   337.21587152112454     
   335.38754272910734     
   335.33667320472432     
   334.50523592899191     
   334.31570418037217     
   333.97785152813066     
   332.42826254521952     
   331.72703042370006     
   331.13079197257542     
   330.50077899343404     
   330.51508740525043     
   332.22870310405244     
   332.35920686227576     
   332.41947271649246     
   335.10515604195956     
   336.73606220472266     
   337.84119642939498     
   337.45509476408239     
   338.22004602333772     
   337.70927117697289     
   337.83040919441146     
   337.45861699106968     
   338.05935759726663     
   338.39406070793530     
   339.78592222711285     
   344.18542761823647     
   346.59229797062989     
   347.04895336409714     
   347.46062059944751     
   348.61454471757565     
   347.54691007349521     
   349.51541565171033     
   350.23775164705165     
   351.35249116618928     
   352.73571693020614     
   355.09298422772366     
   358.58146055932872     
   358.29810355881114     
   357.46631831578691     
   357.15084528024522     
   359.37818148410514     
   357.28869349045732     
   357.00699839759756     
   355.71702981127970     
   358.50609299206491     
   357.63027110283491     
   354.84779324141704     
   354.73344132977542     
   354.10347521872632     
   352.73476453811503     
   351.62758983466944     
   351.16808368943543     
   351.16520807194070     
   348.61707743431509     
   344.80640331220292     
   343.89731885360470     
   342.15483544746814     
   344.85423270243808     
   347.14659760771912     
   347.37650318150997     
   347.55978958340046     
   347.78266348675305     
   347.99076133909722     
   347.83907608573401     
   348.66884639989235     
   348.25994831734988     
   348.28242270940660     
   348.61311502504765     
   348.28095294716070     
   348.35794840479707     
   348.56491786670802     
   348.61052622433772     
   347.92587411787542     
   348.85186383561785     
   348.08658867661416     
   348.48901265637454     
   349.77762033091767     
   350.46753847300204     
   351.81756793847200     
   353.26342105940120     
   356.53470184271566     
   357.26306783120742     
   362.11392919719668     
   362.62829733938241     
   363.08868846787044     
   362.63310498801070     
   364.04634585565657     
   363.38745061385561     
   362.78166837275199     
   361.82393359163058     
   358.61465783954526     
   357.71249401812719     
   356.46534609558444     
   353.72391042311233     
   351.28845562407025     
   351.41574513240613     
   350.30996611489002     
   349.01261425317028     
   347.87618246662640     
   347.58358954812911     
   347.82799536913689     
   348.08201444982427     
   348.59851400002901     
   348.78163197327058     
   348.38651096548114     
   348.91401682774637     
   348.50072025328177     
   349.68835809131565     
   350.42172147624484     
   350.16550034831209     
   349.90350910096805     
   349.28906200393266     
   348.65637515592113     
   348.53659697873013     
   347.88443092588784     
   346.20508392139737     
   347.00263712635052     
   350.70873372623362     
   352.08139480495220     
   353.15875438346893     
   353.89624898375229     
   355.92943920679278     
   355.80560723360855     
   356.88235491818784     
   358.40258542209494     
   360.01740110784402     
   360.93734929286973     
   361.16834927693463     
   362.45135330559719     
   363.69925394433636     
   369.57567177164208     
   369.61334545941332     
   370.82036472665970     
   370.89129540355225     
   371.78413961572744     
   371.00745867158901     
   369.81646997707310     
   370.39655512938270     
   370.10234951083464     
   369.68196478116732     
   369.15065870796940     
   368.60555679020911     
   368.82182433515277     
   369.37774113759264     
   368.76553774872252     
   366.48423827861365     
   366.64166910803721     
   367.23812519808001     
   367.53013851008450     
   368.12933894558114     
   368.89548244706975     
   369.75328245875880     
   370.61664405758722     
   372.48175502885977     
   372.60241804438692     
   371.48361979202861     
   371.19582297376706     
   371.31352503305004     
   371.77209049692374     
   372.61527040629403     
   373.14950106551908     
   373.20145848576112     
   373.21362193302065     
   373.35809777431291     
   373.38318599947422     
   372.92904766491984     
   373.38187779930240     
   373.55951290996387     
   374.11503776900884     
   376.64176517576317     
   378.58755515097556     
   378.34990806883638     
   379.69980227937310     
   381.30001606517374     
   384.10112374329594     
   387.54147561415806     
   389.27238740704809     
   390.78137905971096     
   391.87007372618945     
   392.53781857858678     
   394.62906708759357     
   394.13791240564069     
   395.16379197275114     
   390.96782123365432     
   389.01764621640694     
   389.66211981192623     
   388.50861854081512     
   384.10008807302495     
   378.58611374155578     
   377.06118559591073     
   376.87820454018282     
   376.54137034835338     
   375.95343413639989     
   369.93527277396265     
   364.38980061914958     
   363.19312041246667     
   362.46369159923091     
   362.04285129827633     
   361.78248333717505     
   361.74930966342464     
   360.92151022791916     
   360.78197289540327     
   358.00091833456298     
   354.88047007822047     
   354.00580375863871     
   353.15516582594455     
   351.47712292155092     
   350.86956136934270     
   350.44577059529513     
   349.72074811182256     
   348.90261512758292     
   348.37298443887130     
   348.00935633337946     
   347.77839876558187     
   347.34334261831845     
   348.40543595265837     
   348.00840639289538     
   347.86685740548126     
   347.59291331297703     
   350.59344777619799     
   357.71420937818891     
   360.37738478914395     
   362.85778044952315     
   366.16624541340713     
   370.19673797934024     
   369.46044317497569     
   363.75280306806235     
   356.08563876958300     
   362.65531442749443     
   362.83743641572096     
   372.23695179085371     
   371.29807752302355     
   367.55304691910254     
   365.32955827741705     
   364.55107121067283     
   361.78497759772785     
   360.33682375203040     
   358.91971904638126     
   358.52327082581343     
   359.45802092446149     
   359.12338772605654     
   357.18413674942184     
   356.30928231412724     
   358.13723076894939     
   357.14686606575094     
   356.63184213785854     
   354.18860370330242     
   352.70361812423897     
   350.38546740717851     
   349.59390490553869     
   351.91949095207843     
   352.44999109839375     
   352.50887412787324     
   350.28275774752035     
   348.47712650864111     
   346.38235720515274     
   346.95709831415178     
   345.51458286812601     
   343.88491078074378     
   343.94540470325398     
   343.87336044428901     
   343.63620863591399     
   342.38677285050551     
   343.85796909133290     
   344.47198611167846     
   345.91588313680978     
   343.71533899738097     
   344.13986198539681     
   350.74207294335673     
   355.50848953424577     
   353.63735998580614     
   351.59012408808741     
   357.31888732810114     
   360.90921568512874     
   359.20683963667011     
   364.50274836579331     
   368.92357330964609     
   370.73850430915491     
   368.79995900637908     
   366.68626959681205     
   366.96609342541200     
   364.84548642004239     
   361.65589446093986     
   359.53935074465340     
   358.25513132189297     
   357.84484109053403     
   357.19373273419825     
   356.73636117998439     
   357.65517126102645     
   357.23277613250013     
   357.30785186511883     
   356.29367824936730     
   355.19590125856115     
   355.11020711952563     
   355.41950497165618     
   356.36868679688945     
   355.40573141756931     
   353.04747785003423     
   352.07687778163569     
   352.97743641815390     
   351.54387045959038     
   348.21107179812060     
   347.88111100500879     
   347.07062918210318     
   348.45577031171410     
   346.33564269541125     
   341.94808095237158     
   342.04734722126790     
   341.44587257773429     
   342.85213852020115     
   341.86819204383903     
   338.84741909689762     
   339.92108200565576     
   341.94993407304810     
   342.46421309914604     
   344.71831967111518     
   346.60382339391623     
   348.15973922133628     
   354.38526743106104     
   355.54809020086179     
   355.76063821541237     
   356.17358027531441     
   357.50299161277707     
   363.10561311113707     
   369.30353921705745     
   367.75174061685829     
   361.38532920256108     
   360.07120080474709     
   359.74211692560158     
   359.36679358477153     
   358.14947023344155     
   354.77558860585214     
   351.22128895279207     
   349.49621324381621     
   347.84736698694599     
   349.32581518957664     
   350.54548492961095     
   350.28552064860725     
   351.33344661712607     
   352.93513213470010     
   355.70376163840803     
   356.17834758289587     
   356.31370627824396     
   356.63931705948659     
   357.59827031191060     
   358.14365198729809     
   358.95160458534275     
   359.91094623147376     
   360.76079859482024     
   362.55282191380155     
   362.53459190662068     
   366.43654884450478     
   363.88439141901682     
   359.11190933615075     
   357.54218310553813     
   357.36185729514438     
   357.06741648879211     
   356.95896083656766     
   356.97317429259584     
   357.11921930057247     
   360.05633978459252     
   363.77474612494905     
   363.33511491557982     
   363.81126069899329     
   364.55542403469042     
   367.13026756161804     
   366.28055759206165     
   364.31200057272309     
   365.84963212342308     
   369.87095967901320     
   368.25282899995511     
   368.18042549212691     
   368.80262151927764     
   367.09085042309351     
   366.42746480033281     
   366.12362045782413     
   365.18183620175597     
   364.34593248003739     
   365.91670181874770     
   365.32809349191666     
   366.75350453144910     
   367.39478205405055     
   366.10685809589711     
   361.26383489626323     
   359.44253907186828     
   357.81082829229791     
   355.81942135277251     
   353.48587154439838     
   348.25000620378546     
   345.80148380115833     
   346.50164068411812     
   344.47751497902880     
   342.95760822016155     
   344.73133448777151     
   343.50219220216115     
   343.39685235415550     
   342.81884536704968     
   340.90188320015028     
   339.34291573888117     
   339.30034702004008     
   338.96560359797297     
   338.60150744175155     
   338.42586052491771     
   338.01934087328090     
   337.67310476394158     
   337.58967976752376     
   337.82085046944906     
   337.61916246962778     
   337.70036658030403     
   338.70096053752013     
   339.65351835439765     
   343.20844686564755     
   347.96280003305543     
   354.23640840026047     
   362.05578414612597     
   364.74753077507955     
   365.95446775007326     
   363.73136267722703     
   362.59482518968190     
   362.56497955443092     
   363.22636149138509     
   364.37446542888745     
   366.85242233154753     
   364.42905441397335     
   365.33536329584740     
   363.87211549399086     
   363.29319286089071     
   363.04962804349509     
   361.56687111301017     
   360.43897801268804     
   360.15548562715225     
   359.93116883087873     
   359.72965878966005     
   358.40596185981815     
   357.99527294589939     
   358.27871966499907     
   358.59572936933432     
   358.79720762762162     
   358.68781400207678     
   358.93938530711370     
   359.41502759719833     
   359.78317743497718     
   360.12848309251416     
   360.22991040824411     
   360.38659448606927     
   360.25760060274871     
   360.33078458405004     
   360.17384267058827     
   359.70812070070241     
   358.98962213276906     
   357.22699929808346     
   356.90607201368152     
   356.36034116259526     
   355.13123189477739     
   354.71502859913113     
   354.86683937688650     
   355.36476011452118     
   356.88278739468615     
   356.33112491839637     
   356.32944077815927     
   356.54134018047750     
   357.89409624716723     
   359.85557575898883     
   360.97424141179363     
   363.02860127152030     
   366.35100683786459     
   366.46361606058679     
   368.24522030286545     
   372.89289204434692     
   373.94966250898875     
   374.47979581607359     
   374.04374849386642     
   373.89885897668893     
   371.31834100133432     
   369.49138889089880     
   369.75389288166457     
   367.28757957179744     
   365.71544947795803     
   365.44674087678533     
   365.26000439087346     
   364.47811599369066     
   362.67197600693373     
   362.28012388913822     
   361.53649870412391     
   362.74841112168770     
   359.58028270376445     
   357.71568709386190     
   357.90070401160892     
   358.46061339201543     
   359.00977009214506     
   356.38875619786467     
   356.69129800727785     
   357.56985750285111     
   358.28210850381276     
   359.43959356251867     
   360.30565137027406     
   361.88712870237293     
   363.14087199188361     
   363.70051046853126     
   364.00863837924783     
   364.88158149615674     
   366.25266614592044     
   367.25007862596749     
   367.70440758356403     
   369.86156178561657     
   374.76266660646218     
   375.65579909909007     
   378.41131740247965     
   378.18065280997126     
   376.88261157399518     
   376.30561482913015     
   374.90122869085945     
   374.23612280053715     
   374.31241264139925     
   374.21241205981880     
   375.41467810899962     
   375.78471393783275     
   375.65576199967552     
   375.77729943528919     
   374.33337242092585     
   370.25297308410188     
   367.75571358920297     
   366.25243175337988     
   361.80242823814740     
   360.16144849588318     
   357.10270630967614     
   353.81915611478399     
   350.01791497310660     
   348.50487918834898     
   348.01914051627585     
   348.98647598163194     
   346.85862358798488     
   345.17429317499528     
   343.70033594831580     
   343.22165192286383     
   342.61633107453082     
   341.95669075623050     
   342.04791342286336     
   341.00510058416307     
   341.40454552549818     
   342.18211678934210     
   342.36387521774003     
   341.39995729128759     
   341.92435161121062     
   342.91275613145115     
   343.29596574667295     
   343.58322605828755     
   343.91460826939425     
   343.83380971052537     
   343.83988636491426     
   343.67698852950963     
   343.49893591901605     
   343.28015547776766     
   347.66139931531023     
   352.50490573235453     
   350.79873419473819     
   354.13480190376561     
   353.86940139170463     
   351.60767796052693     
   352.05877978731866     
   349.48403579920586     
   350.04844990252161     
   353.14304480335954     
   355.80443036333895     
   359.36052150053291     
   362.61895645036083     
   362.20425640239966     
   362.54809033463943     
   363.13354175151039     
   363.42537849152291     
   363.76619334713615     
   363.93321249212823     
   366.37638357290126     
   364.65584824667735     
   364.63744148739482     
   364.94180018338307     
   365.02839321816856     
   364.10729232965974     
   364.79392125435936     
   365.52521879653403     
   365.91237229698891     
   365.93013392602290     
   365.61696435914149     
   365.15201850993634     
   363.89282407117150     
   362.36314573037134     
   360.65805952742090     
   360.19757815519358     
   356.21490873652971     
   353.46332117364449     
   349.15833575663498     
   346.39952176558103     
   345.28149619675395     
   344.64880897873888     
   345.69069360958940     
   345.39358837361152     
   343.96735267230446     
   342.94578095915534     
   342.29544539881073     
   342.30875902797209     
   342.51682523070883     
   346.09509432542319     
   342.91763064181379     
   344.91550534054124     
   349.06559465368451     
   352.31227459245622     
   356.52434643500999     
   358.25694623038117     
   356.17232558073317     
   365.13030314563707     
   369.56950635905923     
   364.52627209766979     
   367.23612613734934     
   362.53658167211995     
   363.95899762074049     
   365.68716136947188     
   364.39652698006165     
   360.00760778445584     
   358.10227085004209     
   353.48638351631030     
   351.37986963273045     
   350.04242883717984     
   348.22367969650492     
   348.93624479819056     
   345.17901270807619     
   341.22006371234977     
   343.11961151384060     
   343.57968899588354     
   342.86547199798980     
   342.47407398978214     
   345.25805547357180     
   344.84076229978496     
   345.78653456956778     
   347.05901912775249     
   347.42827163694290     
   345.48274818644393     
   346.19555619302810     
   347.57633333763329     
   349.06143703669926     
   350.49982307054574     
   348.03027231374114     
   344.01821534882419     
   344.98105837765047     
   345.01333196252085     
   347.47996383953057     
   348.77387379970907     
   346.12210072627471     
   343.21459881412352     
   337.83700197801750     
   337.99111158320289     
   338.89289753821703     
   339.94410254098040     
   341.01986663003515     
   347.04006202094143     
   350.03527670895289     
   358.62620515025941     
   355.41928674794667     
   354.22698421587285     
   352.80071092871270     
   360.80031230771749     
   361.56891534141437     
   352.86264036415793     
   352.98926109904022     
   355.70615031063090     
   353.84411056498800     
   360.91490281892453     
   353.34364903023652     
   349.74530084640668     
   348.47408438253706     
   345.91086622779329     
   343.11237926889027     
   342.14824630067534     
   340.27319437251964     
   336.69042717917495     
   337.04489348646410     
   337.32789324224422     
   336.09532284993679     
   335.55857420224766     
   337.76397993729842     
   339.45409693083269     
   340.22597331038372     
   340.50992944148675     
   339.80309239414242     
   339.12024793903248     
   339.67157309247301     
   340.88013042155308     
   341.68601346566504     
   342.24012076486758     
   340.88286456625309     
   339.71806016839906     
   339.47491959652177     
   339.09754095272632     
   337.48266022719707     
   334.60819501812443     
   334.11283633572219     
   335.64222317656464     
   336.95697904024445     
   337.39523838131987     
   336.92848245996015     
   338.26311084040356     
   339.28513916701820     
   341.25424817962721     
   342.65994249134826     
   342.06242030907777     
   342.22821961170058     
   345.37562639820010     
   347.68277269830509     
   349.34387184145811     
   350.25101369498680     
   351.77557788716678     
   354.98701636365331     
   357.08554811864263     
   356.73555918620946     
   358.39180559002313     
   355.45894384164757     
   354.13348883135455     
   354.28455888652428     
   350.97784283938523     
   350.08917696394110     
   353.43740331500163     
   348.78308016738430     
   345.56667027199194     
   344.16037788384676     
   337.52073791531558     
   338.45988116246201     
   336.00066661479809     
   333.96766152903467     
   335.48848064127151     
   333.79476511727785     
   334.72492756414698     
   335.14137860585657     
   335.46680836594675     
   337.95861917766752     
   337.91974277057398     
   337.23894212074504     
   335.24499179700956     
   332.75407526226053     
   331.29792268401269     
   330.66103328421747     
   330.08226933921804     
   331.51572918675089     
   329.51094895817545     
   329.45760233163770     
   329.24264996393561     
   329.40267491441938     
   330.57322183730486     
   331.41187994219189     
   336.87287237646137     
   339.27708011378411     
   340.42826158230901     
   343.08873463525617     
   347.57952721441848     
   350.29969659349490     
   351.30126397547332     
   352.58379904234027     
   352.31539317042507     
   352.18253563744480     
   352.90053589643782     
   353.12632199915032     
   352.40283570474071     
   350.86711614302214     
   349.75963214176107     
   349.73828614649744     
   350.05442753430435     
   348.32574728402284     
   348.23970742072032     
   346.46959661490888     
   345.10823042884874     
   345.61741262600134     
   345.94731042756223     
   349.88905508358198     
   353.43460711694269     
   354.76601029928878     
   357.23912252050781     
   359.18026318665585     
   361.56082846450551     
   364.15759122535417     
   365.96331677206126     
   367.21006900827433     
   364.16762932913139     
   361.49182665089347     
   360.37732708256618     
   360.58116548407122     
   360.89297618040627     
   360.91682752182061     
   361.07359343333894     
   361.31308206390059     
   361.17326575654727     
   360.75131231421256     
   360.89353236215931     
   360.39608031295944     
   359.30384129053266     
   357.88513352542140     
   357.18162871026425     
   356.40607380198003     
   357.76651570455334     
   358.45523569899177     
   362.11873404394930     
   367.55815154917570     
   374.14902679050851     
   378.38071381349204     
   379.42188038939082     
   375.67420479243134     
   373.89163214964105     
   371.67465482136748     
   369.93000177175827     
   372.01059939593745     
   364.17592726217924     
   363.40123187073254     
   365.27370385452730     
   361.02453061342936     
   360.92247156265768     
   355.04160709372843     
   351.20132541954393     
   348.62060289511788     
   347.85032901619735     
   347.35407968835256     
   347.16227472199853     
   346.96795644212136     
   347.03108072810790     
   344.47139937111666     
   342.39542574680172     
   339.44116399892397     
   338.19308520219539     
   337.91371060373979     
   338.52216492100092     
   340.71225410523414     
   340.22620993807374     
   340.03957568341383     
   342.07734944159461     
   340.98421878473243     
   339.05325648577571     
   337.12514812453077     
   338.73454005644726     
   337.94533500430947     
   339.49195526359892     
   340.90808106679265     
   339.28167795602241     
   339.09847368212348     
   337.54440085461869     
   338.52262318496827     
   340.82215504697689     
   341.44252542424186     
   342.18299929324178     
   344.73456373267948     
   351.27401715734817     
   353.41414291984916     
   360.46302460024668     
   361.59914846216469     
   370.73842548417463     
   372.59646214804218     
   376.37307975904179     
   375.87506448752612     
   371.82415477813731     
   375.03466311505878     
   369.75366525942184     
   366.28037521595212     
   362.89551496688301     
   361.35600359459983     
   359.21706758110417     
   354.64495787332430     
   351.75412131049080     
   350.03747570374270     
   347.92968302828717     
   346.13030848521697     
   344.12827302264088     
   343.51690375047963     
   342.64777349920445     
   341.14967965654893     
   339.89824479784471     
   338.90875416810667     
   338.21205116158495     
   337.46925890970476     
   336.69582345676582     
   336.22278968149419     
   336.04074104511591     
   335.11436761796256     
   334.33871907638292     
   333.73260897945750     
   333.10139269705388     
   333.01363108802292     
   332.91224975939275     
   333.59384715565773     
   334.27425018034694     
   334.71540147686136     
   335.99535928891845     
   336.64739821402213     
   337.38560993978018     
   339.12598282862285     
   342.10786695286919     
   347.15935304375483     
   352.22600708439541     
   353.98120703387735     
   355.92823485064037     
   357.53774354643753     
   358.54290224617398     
   360.34364172966104     
   364.40179927408383     
   365.30577959538857     
   366.87169588488081     
   369.25270417484649     
   373.42671890675797     
   375.22842306758133     
   375.22245454789424     
   375.40968084122647     
   372.74168491374627     
   373.71039169509993     
   370.75359603198734     
   367.13635747028945     
   368.57678547222218     
   367.93801026536727     
   364.50341463488627     
   360.05395086475238     
   356.58774246093731     
   355.15083761988711     
   350.74497128400799     
   346.56689003100132     
   342.76625553532926     
   340.38242946801631     
   338.82325457039224     
   337.67491347646825     
   336.49142167446212     
   335.48631328548987     
   334.71307772340776     
   334.05543019127964     
   333.24402862814247     
   332.42471265272019     
   331.76153262670448     
   331.11556441245466     
   330.69350256823998     
   330.27796115929169     
   329.97693024251032     
   329.28214666843405     
   328.79492611721668     
   328.64410937710380     
   328.42361395733263     
   328.17774601266387     
   329.76435422546723     
   332.99342795981977     
   337.76253355231682     
   343.88605579557122     
   353.34470437695092     
   358.57070770699175     
   363.55872366368169     
   367.71592488709962     
   375.94853893824484     
   362.24412428670092     
   364.59973104542291     
   384.37398990702752     
   384.66510253694923     
   375.07569364938689     
   365.74585685872182     
   373.95046448796825     
   364.95913276335000     
   362.05623808776937     
   361.77163603201490     
   356.09422699825484     
   350.70950039575433     
   348.88584313160084     
   351.13625104322438     
   352.11844425620990     
   350.62445551439083     
   352.16761087730140     
   354.12130059293344     
   354.39127170062181     
   354.24738852628678     
   352.75005212712671     
   351.02800982568101     
   349.03848462074922     
   349.75940640539341     
   352.58978512943702     
   352.10322253676549     
   351.34356729496238     
   350.90313760471508     
   351.40827958258689     
   351.16516472629735     
   351.29558879919779     
   350.80122810221877     
   351.76300864472995     
   352.74879812751840     
   353.26582409276710     
   352.41080858716288     
   351.01947123532619     
   350.77148592019449     
   352.02766896157891     
   352.25073426150351     
   352.46652242513983     
   360.53191123784256     
   365.08942875399237     
   363.27563062024979     
   366.19623446978136     
   366.55836853078858     
   374.01374133399378     
   378.21214381563868     
   381.76568058989255     
   371.62286104878456     
   386.14279963314800     
   375.05209972894716     
   382.14653104860912     
   377.72592477461262     
   378.64163606216982     
   378.78207442601774     
   376.05063832587120     
   371.58470919482386     
   364.01302498688170     
   359.60715434646886     
   356.91616938112418     
   353.92310502009593     
   352.39239144536009     
   350.11539188560681     
   353.99882261548612     
   354.87277602248588     
   354.48576138917656     
   353.22471289649934     
   353.60753397044130     
   352.82514086151508     
   353.07842574681206     
   354.54057682119156     
   353.72818415043304     
   352.64483193700613     
   352.58531753623345     
   352.18933297949559     
   351.46986855365446     
   351.32787593985546     
   350.61519872688615     
   349.42691405232978     
   348.70242736361848     
   348.10625707333060     
   347.89929991994143     
   347.48608402594829     
   347.17496450235643     
   346.65176638977488     
   346.07008942399989     
   347.22238679575486     
   347.18390907997787     
   348.96841703479578     
   349.74269056374203     
   350.95241123694660     
   352.73217047067311     
   354.88164897820019     
   356.27772288125772     
   357.80467401347386     
   358.16046057076159     
   357.79240812310439     
   357.88985542648089     
   357.09516215467340     
   355.43734873232893     
   354.31092807804299     
   354.77991779606100     
   354.52504082679951     
   353.06829361573182     
   352.25439960676766     
   352.89745841626404     
   352.95396994083137     
   351.96707658628367     
   352.64105370014687     
   356.41548500225463     
   356.12159811600282     
   356.39602338796033     
   356.76165893782678     
   359.77707210164886     
   361.85151262337803     
   362.42028878073944     
   362.39503524316717     
   363.32104968031553     
   363.48228178228186     
   363.37569751836668     
   363.41040650641116     
   362.60374662297420     
   362.54246238434717     
   363.00087433411596     
   362.46284665432103     
   362.38141921596878     
   363.15630336869191     
   361.80504280333469     
   363.56201914579714     
   362.46845836414008     
   360.53770296596787     
   357.71327706373722     
   353.86320593451796     
   349.71967963279769     
   350.26202332797737     
   350.80164967458137     
   352.76182980711513     
   355.62208928448155     
   360.52200014614988     
   366.69126798918302     
   366.45491149852603     
   368.83998059602737     
   368.24392455129367     
   370.92297724012224     
   373.36610444781110     
   371.20454565021629     
   372.33500127431086     
   373.01320630055733     
   369.53163885441859     
   369.24487448275022     
   366.49904726262798     
   363.53008548241127     
   366.86242972147079     
   360.78099040531538     
   356.88253451243565     
   353.41112880083494     
   354.61660844488887     
   353.69439490298248     
   350.13282022006246     
   350.76826241368303     
   349.73785380776684     
   349.98816887717146     
   349.55463505809468     
   349.20417202952655     
   346.58255777902423     
   342.05270334126487     
   341.55322317820935     
   341.35345969224454     
   338.57590683221957     
   337.46376418644331     
   336.78870785197250     
   336.01535229473444     
   335.18182676422128     
   335.13420467541170     
   335.13101801548925     
   338.47834870922946     
   335.27784592785514     
   333.33108369884133     
   333.33266481754703     
   332.61927797493814     
   331.66847871622673     
   331.11661374644194     
   334.61438389348854     
   338.55254989517249     
   344.30212255603846     
   351.08235770577835     
   357.92187668628685     
   364.40781534924486     
   370.72084095627991     
   376.88055218842203     
   376.99087537073569     
   377.46694553437777     
   376.21978423546460     
   378.47950828324724     
   383.65452677199676     
   380.84841120078715     
   378.22098534099223     
   375.94653710329516     
   375.54286505305441     
   370.03017905025109     
   367.20054063320958     
   364.83738382294450     
   363.33189577777824     
   362.16336471290384     
   361.71974235948699     
   361.09247502939269     
   359.66408081826916     
   359.57522118186944     
   359.13013313838906     
   359.04207645048285     
   358.96640896755736     
   359.11756336969677     
   359.13501872324821     
   358.94918497438800     
   356.61857384065257     
   355.28581483435926     
   355.11665089429465     
   355.05337145129045     
   354.52167352732573     
   354.57031234702231     
   353.18416299948592     
   352.44468388203222     
   351.79200368600209     
   351.47087967558554     
   350.93934454588816     
   349.43947346797654     
   349.02251648253332     
   350.86128532703958     
   349.60239377542871     
   350.03512275438464     
   352.77016840902360     
   355.08030221622192     
   356.14759822974855     
   357.41328320523928     
   359.81386553536589     
   362.94020837066114     
   363.63294778561556     
   362.67409849273207     
   363.21071824709526     
   363.90464669979684     
   363.51782949304425     
   363.02808005861800     
   364.97136039631425     
   368.73526615635819     
   369.26015072360764     
   371.64179164222173     
   370.35349937827806     
   372.39012997274062     
   369.64136170685953     
   368.70357291564540     
   365.35199402347854     
   364.00513087943227     
   363.19398108402623     
   363.17612405247127     
   363.96908602872048     
   363.71516755603989     
   359.17392483464852     
   359.68891351460070     
   358.35320082350012     
   358.77545289356379     
   359.53387419743098     
   358.49034700917923     
   355.10537842624154     
   352.34360109200350     
   352.57665057280514     
   351.94898261998327     
   349.77328403236231     
   348.05021371011378     
   347.07231997941619     
   346.56921637474005     
   348.33611257456334     
   346.78897164512045     
   347.35075670884351     
   351.53201855381673     
   352.53567893115013     
   352.51460892340890     
   351.13520710380868     
   348.90580466078006     
   349.93433466069342     
   354.36052935732494     
   354.21450527215950     
   356.70469382402922     
   358.78024171237030     
   368.14288657627498     
   365.88731447611030     
   368.14965585195193     
   373.93154687806509     
   372.06042558603997     
   376.96330969698340     
   379.58047154491248     
   381.08039721874383     
   373.63910065001033     
   373.73024765834481     
   373.20718790358933     
   372.85578546042956     
   369.95332078075376     
   366.29776321380638     
   365.02259365236688     
   362.20201825490966     
   358.24706643755411     
   357.01466225677126     
   354.52619026598796     
   354.02403403384426     
   354.46835065733734     
   354.05463216195335     
   353.94380412890916     
   353.22339861995539     
   353.89326330768392     
   354.69004027500057     
   356.17040906102881     
   355.93237895083905     
   357.40790754971857     
   358.20810601338331     
   358.50991229726304     
   358.35238315035207     
   358.09622056015513     
   358.06644529571417     
   360.34190341033587     
   363.95411185778420     
   365.31932384628033     
   366.74877433903322     
   368.81268819400003     
   368.93186775398544     
   367.46119774880771     
   366.19110483562019     
   366.25464174961860     
   369.53929216613460     
   370.20866234440308     
   370.85918917733727     
   372.73238374541364     
   373.58928787748658     
   374.92479422148807     
   377.11181958862448     
   378.69566527304090     
   379.30067484312616     
   378.19290900993525     
   377.93424088730688     
   377.33028362707705     
   376.17497290247809     
   376.43880154136775     
   376.99739841376385     
   376.12691990646857     
   375.88666921248779     
   374.93046008459913     
   374.91789380071987     
   374.66659975104824     
   374.17829313430127     
   373.54587618341623     
   373.92835085165433     
   373.67833502016975     
   372.31344285182172     
   374.92497755461784     
   374.36021920602406     
   373.72753196986787     
   372.51045678516658     
   373.53111163069485     
   372.70352643200761     
   374.24988177666131     
   375.59079413527945     
   377.47880861738804     
   378.56847504716427     
   380.61848239735076     
   381.02081110534323     
   381.53899113720627     
   381.40405550589014     
   380.78104991599025     
   381.34869988750756     
   381.44924332785752     
   381.00666349827844     
   379.34610576671156     
   374.91263972869228     
   370.13347831584940     
   368.31885290124086     
   366.03891713586762     
   366.22746453944620     
   367.70140927669098     
   369.03324555690494     
   375.35833329680264     
   379.11377186436812     
   386.92323397167195     
   384.20726506171019     
   390.07414869000047     
   390.41676943771785     
   398.94447513376514     
   405.72450545529267     
   400.31284572431429     
   397.76865556231553     
   402.66911939734933     
   396.90953644181468     
   390.50355922344374     
   389.72071262287824     
   386.00464043910353     
   382.06337187972866     
   379.70810089177041     
   377.13593776996561     
   373.20116898996457     
   371.70449676456940     
   371.32144449878206     
   369.94742737834008     
   370.62719375748287     
   372.93799190498726     
   375.42243264040121     
   376.56026725697564     
   377.65755862146057     
   378.69796166812233     
   378.71687708376948     
   375.53325755621859     
   372.62644000423325     
   371.41205752149699     
   370.30927559827290     
   369.77603005152451     
   369.33426268470231     
   368.62103652050672     
   365.10289533943734     
   366.62663758583426     
   365.66647868397894     
   364.53601001691680     
   363.20162967058712     
   361.41087076098722     
   358.60177914672227     
   355.67044111000109     
   352.25647092565856     
   352.56516108821165     
   354.68978096696509     
   358.35843850368281     
   363.02613898177560     
   366.98178779250429     
   372.94308373058237     
   377.40331194622416     
   382.74062242362027     
   385.15330477281873     
   388.07616921673281     
   387.42357303415707     
   385.97223912534542     
   379.69497040692687     
   378.34107199714867     
   378.24954157280075     
   374.91250429472916     
   370.57798006147073     
   371.99781508095941     
   369.24010048671238     
   365.44578020068508     
   361.31515247667699     
   357.80908493504307     
   354.88155342500897     
   353.77685265615929     
   351.73316704586756     
   351.25639542918486     
   350.35690591409173     
   349.39927965707210     
   348.89266599675221     
   348.61491575648671     
   348.14732903753253     
   347.95886856643170     
   351.24140387902753     
   353.74184280791201     
   353.92095937342413     
   353.26480461762787     
   353.60597735786848     
   352.98144890163576     
   352.37980787278690     
   350.04313179486269     
   350.54359277422213     
   348.91797658246963     
   346.53810639074021     
   347.57702781520226     
   349.91260465445856     
   350.68601740458348     
   350.86723409977776     
   350.81539440554360     
   353.30178429764993     
   352.36941780599597     
   352.97532959513336     
   357.05829971730930     
   359.00218311677446     
   367.58324844063509     
   368.52520103351736     
   370.15005727178669     
   361.49843157118016     
   363.37343866193214     
   371.23548837893549     
   379.34578613241473     
   381.80603192886929     
   375.35743450793893     
   372.58286093470167     
   371.49178140364018     
   368.10658698276023     
   368.84989495013605     
   366.79738873889181     
   365.08427796232337     
   362.24819519021031     
   360.44354023538739     
   356.61870132610534     
   355.65917771849109     
   355.06980729060479     
   354.71874449450007     
   354.42608822898740     
   354.55161794703281     
   354.09200456420632     
   349.92770008629293     
   344.82921155868286     
   342.91984647485492     
   341.72128559816173     
   340.56520236648225     
   339.32800299446205     
   338.48624141187508     
   338.07997970546813     
   337.38746670319955     
   336.72465525751869     
   336.58508288409814     
   336.45610969595134     
   336.12449074962552     
   337.84787342714611     
   339.17645983743591     
   340.86708829579271     
   343.57874511677994     
   346.33244397486186     
   344.26898358763873     
   347.20562966885876     
   352.92553997761013     
   353.20027771068493     
   358.75942429459451     
   365.85105874893873     
   367.70033248603039     
   361.69442040664376     
   368.52355687081581     
   375.39739332107405     
   389.71232609963511     
   388.69624278196341     
   385.25469144334011     
   380.85070357963224     
   385.17547340051289     
   389.79161251657683     
   392.93273648128678     
   386.82737506753335     
   381.20137513701576     
   375.71844177614059     
   373.66132233596011     
   371.42828145582553     
   369.20996013072255     
   367.88817223562057     
   366.37535460134529     
   364.44292220390787     
   363.39016958627911     
   362.75087798990756     
   361.57957579854292     
   362.42795508702045     
   362.13144060148159     
   360.79491203949476     
   359.76127122516624     
   359.35540937048506     
   359.27950976660310     
   357.88255037812064     
   357.59759696365728     
   358.42822989597346     
   358.14964269903192     
   358.09206549015090     
   358.37569718056039     
   358.06973312320298     
   357.92658434187058     
   357.60460472305397     
   357.38960904710183     
   357.58011744420003     
   358.54724061763505     
   357.39071116894587     
   357.60778939938399     
   360.04476210699011     
   361.26171725923871     
   362.00970100096424     
   362.95053882274863     
   365.81177112313776     
   372.72824742614171     
   374.73338882885241     
   372.85917314105455     
   371.38414232396354     
   368.55150522795310     
   367.14265836623065     
   366.83648428481666     
   367.79366724940883     
   367.87365925932619     
   367.64858232417873     
   366.48531681673569     
   366.11899315212207     
   365.70003255112994     
   367.98510264253008     
   368.66529665635215     
   367.66549254233996     
   367.31092395420626     
   365.93329101993874     
   362.67223703024217     
   364.14996460310988     
   364.25797448255389     
   364.20761572332316     
   364.02594660101090     
   363.99028850474650     
   363.77306677651251     
   363.15962691956935     
   360.69570926892328     
   358.38723350757266     
   360.06206729778802     
   359.19654901202682     
   359.58175714692857     
   359.87608609006713     
   358.81139056716495     
   355.15021110308737     
   352.88164120149219     
   350.31035376596378     
   348.98476277545308     
   348.74372003984678     
   348.69816930671914     
   348.30014016918415     
   348.00152070487366     
   347.36046180927565     
   348.11476911701385     
   350.96327125938967     
   353.97162959355182     
   357.23073655502321     
   361.09936289011409     
   371.44407729492173     
   376.89062180540748     
   379.26164874476399     
   380.73334435664964     
   392.53962808177869     
   400.32170321939520     
   401.86494313406018     
   407.80511178717592     
   404.95368928067063     
   397.76256381059176     
   396.63056764678157     
   392.60968301742690     
   394.88493926727779     
   390.16578170529169     
   387.05661922162028     
   381.65832413129385     
   374.46451601430897     
   368.36424337261349     
   363.94277681081894     
   360.57534435678105     
   357.53877201269046     
   355.19034623036845     
   353.12611041161767     
   351.89133612766591     
   351.00152491620179     
   349.98031637843320     
   349.32095769229016     
   347.48673587469563     
   346.71183825590953     
   347.63450178444469     
   344.87254426791327     
   343.56286278381185     
   343.16028517806228     
   342.74848635674795     
   342.54844419120161     
   342.03398446959170     
   341.68340280165967     
   341.15353607240854     
   340.75419806396098     
   340.73848620949161     
   341.01491727580014     
   340.94807946976442     
   340.61779378856738     
   343.53449006155142     
   347.89445817545032     
   350.82266854098214     
   355.28609208341317     
   365.13101623662931     
   372.97711359704084     
   372.67057436320937     
   377.76462197640575     
   378.47961286129254     
   379.83020172610321     
   383.42138381801038     
   386.78481607316093     
   390.81325294499572     
   393.65649555819056     
   394.36913575586209     
   401.34450786374805     
   399.27285945871228     
   393.51582656503854     
   389.33232820827141     
   383.44263098221103     
   379.60271525780183     
   377.86052455758261     
   373.48905890108790     
   369.96985048110810     
   367.29179841086750     
   364.08636013020850     
   362.31674001742948     
   360.66390342043030     
   359.04770984484389     
   357.49586533605043     
   356.44896796479071     
   355.76545735986673     
   355.08403400833566     
   354.44923208334376     
   353.75563469057602     
   353.27015055049685     
   352.76969603313074     
   352.37419997848571     
   351.63530293664314     
   350.70078065353863     
   350.03553348141128     
   349.50027102812942     
   348.81640015067347     
   348.15189318915395     
   347.62627092563019     
   347.12946428415188     
   347.08884667283684     
   347.33266325607821     
   348.89044062847898     
   353.79371444699126     
   362.25244708736119     
   369.11994029467076     
   370.07303666665337     
   373.85222039804512     
   377.40335807009700     
   377.36103011480304     
   377.62600919984845     
   379.96929811923604     
   381.07593788247874     
   378.00742652489015     
   375.55793983436314     
   376.18291118716212     
   377.25408537009343     
   379.30093503849736     
   378.54340365645214     
   379.32328176038919     
   380.02187032182559     
   380.11478185562606     
   377.51057721750124     
   376.11261540851575     
   373.78472595622384     
   371.86902736581914     
   370.77175577352216     
   366.95462257482194     
   364.48079578424046     
   367.24152172336579     
   365.15105672474834     
   366.24618746643642     
   367.98134659047389     
   367.91771981128989     
   367.27339816937706     
   366.59617833380867     
   366.14714570737840     
   365.93926903500795     
   365.36064722632534     
   365.28802381294361     
   367.91002501875710     
   372.37396900564715     
   374.83470821070057     
   374.93781301141627     
   376.13349305389767     
   375.48851490033559     
   374.14823495585017     
   371.57737560101145     
   367.91640938725249     
   364.56974415949725     
   362.79994074323446     
   365.16690885979989     
   368.29908138779479     
   369.96712159266178     
   372.33358209191346     
   374.39931222448456     
   378.52252780824284     
   378.50636775295067     
   373.49451994488879     
   377.94233877893521     
   376.99801916704507     
   377.69591736556362     
   377.03098186840600     
   375.94913939917507     
   376.23067257272828     
   378.94740627320937     
   375.03965128137253     
   373.37317707516092     
   372.15740794277644     
   372.49522164912992     
   370.86319376965412     
   369.06384552289182     
   367.15222904949803     
   365.08301728386328     
   364.38619618760805     
   362.74052143326713     
   361.95024760629639     
   360.91953197791531     
   359.98493355809751     
   359.16340535076222     
   358.57980085655697     
   357.53623044440525     
   356.49653318216474     
   355.61650353664618     
   355.00416297105124     
   354.97716974426726     
   353.95971545325722     
   353.37755839930810     
   353.23592466882400     
   352.50550918880816     
   353.61869328349275     
   352.88396769451936     
   352.63987134504839     
   351.39274938168614     
   350.59574213239443     
   350.69300552961437     
   350.81226537423964     
   350.69624990895676     
   350.80090922590404     
   352.40046642475806     
   353.39106447261469     
   356.05808291031133     
   359.10695229714167     
   359.22731120572189     
   360.33618633840979     
   360.66657615324419     
   360.67109853647975     
   366.74999104125277     
   371.36758567859107     
   367.57528508366443     
   365.56138318720332     
   366.24303888896787     
   368.45672861873857     
   369.98341918279834     
   369.54051698483090     
   368.20411978925250     
   366.18035764216648     
   364.56981816900691     
   363.13231675749870     
   359.41704329716782     
   356.19429542878845     
   351.87998397671402     
   347.78584962706458     
   345.44539974115844     
   344.93774514045487     
   345.18526536001696     
   344.89493393767975     
   344.90173067594088     
   343.59733994424380     
   341.14127431161660     
   339.69084741647913     
   339.14299328441632     
   338.89661911442266     
   338.50719935796212     
   337.95767404639099     
   337.17080581942304     
   335.85622755773454     
   334.28995028497854     
   332.40130464097842     
   331.15352604449083     
   329.84014901914986     
   328.49225480635710     
   326.97569681611810     
   325.48017411153819     
   324.09243766528090     
   323.43642302377265     
   325.21898493841371     
   329.74500704643179     
   334.44866590722467     
   340.40783712611972     
   345.89619950558603     
   351.40910277506663     
   358.65618071586442     
   363.48069200207306     
   368.51185488464631     
   374.89717015978897     
   380.17036048699595     
   384.36965303045787     
   385.15927119308816     
   391.00629392834929     
   382.95044973639494     
   380.15256581947028     
   381.66559275076190     
   379.81956690911971     
   376.11543340440113     
   371.47111971484981     
   366.40919706608281     
   361.22818581672590     
   355.64207982960340     
   351.03539653211681     
   348.16693715656316     
   345.20720273768603     
   343.08209403768541     
   341.29869573095669     
   339.48123729657419     
   337.83579992816323     
   336.49427300706856     
   335.21637050222404     
   333.72936867602414     
   332.39807906171603     
   331.23746292934658     
   330.14376541236055     
   329.13451501941887     
   328.28396961924267     
   327.38509591812038     
   326.64169220267405     
   325.69525675098106     
   324.67280739365401     
   323.65195348338489     
   322.68532655947365     
   321.72132926038046     
   320.87333211696267     
   320.32957592042834     
   319.87607025917265     
   321.34049047826528     
   325.41446474980091     
   330.55207894697793     
   336.12958725295897     
   342.31113034113611     
   349.14035277885199     
   355.55402674404291     
   361.39436995395590     
   367.27822721435939     
   373.59592775463500     
   378.68115512594358     
   382.46902559273076     
   383.99231080092977     
   385.86722636404477     
   387.27320331490961     
   388.39208284767619     
   385.69259617033151     
   383.04026432634765     
   379.60611338820360     
   376.19871200233138     
   370.54162744874725     
   364.38035565180485     
   358.59923097676182     
   352.99750079013575     
   349.69115789706450     
   346.74462073585369     
   344.74222359513516     
   342.67693549073334     
   340.71217719140196     
   338.59271430599404     
   336.86632781993899     
   335.50743414212457     
   334.32607424768673     
   333.02546637582810     
   331.65812398681817     
   330.17789016340458     
   328.73147684043113     
   327.23583639741020     
   325.93835632023001     
   324.65506508614595     
   323.57493144250640     
   322.56792618739405     
   321.52216910038766     
   320.41850553511694     
   319.40234374353400     
   318.44580211385625     
   317.66837987264807     
   317.16067935392806     
   319.08054300729304     
   323.97555967795256     
   329.47840094351130     
   336.17016811936276     
   342.32910780956831     
   350.58624717092687     
   356.85469635754112     
   363.85325884041430     
   370.69998868816441     
   376.80177204799304     
   381.33586040216096     
   385.06061324353556     
   390.27140969485470     
   391.53235197496554     
   391.68642543283846     
   391.18570541745066     
   390.53214023583888     
   388.51805196862739     
   384.14785817410268     
   379.69653143614306     
   374.69412128677021     
   369.16744300610884     
   363.65221351088070     
   358.30059078562016     
   354.95807415911509     
   351.52403780310703     
   349.04592041372956     
   346.62752091049020     
   344.24690891769637     
   342.08909213714196     
   340.08213187559971     
   338.62330784748531     
   337.15699509948496     
   335.69722888919534     
   334.36293963449930     
   333.48205692367588     
   332.74829010112433     
   331.31060593685203     
   330.03377484385328     
   329.46265103078724     
   328.91585595027510     
   328.09549743773880     
   327.27100456519042     
   326.26198992318865     
   325.31358892140145     
   324.07775055215234     
   323.14265609286508     
   322.72437022378540     
   325.25904036881860     
   330.55616885269450     
   336.65941374956572     
   343.44799521218192     
   351.74947485801135     
   359.88710151710040     
   369.21612737168368     
   376.16523428745984     
   381.27992120888734     
   386.50696158622526     
   391.81603410378398     
   396.14755420741056     
   398.46374975825978     
   401.96251200476820     
   401.42091644122070     
   399.81099205724911     
   399.26438484660014     
   397.82510242572528     
   392.28806656390162     
   387.44624122126129     
   381.43170030464239     
   374.63978841417071     
   370.04571331168023     
   364.66640622273860     
   360.60608513036112     
   357.15267514396396     
   354.95618352567311     
   352.85111991338164     
   350.85151655946152     
   348.84213566485715     
   347.22300787574852     
   345.58293085499366     
   344.14039594748516     
   342.76504878090765     
   341.50878031427374     
   340.03660312450785     
   338.46868228757756     
   336.91343753672845     
   335.55493209616469     
   334.23828725135655     
   333.00968332068373     
   332.06653700275211     
   330.95836452649758     
   329.69853221852321     
   328.69196864842633     
   327.62739458702930     
   326.57204673725710     
   326.26331826627882     
   328.85468284794399     
   334.93159166199530     
   341.21642673149580     
   348.74390472751651     
   357.14835635899794     
   365.75332722048330     
   372.57442561989455     
   380.78356986143746     
   389.06022829500921     
   393.01482409467008     
   395.61597497857650     
   400.56270526073098     
   404.36016510920149     
   407.31083902363503     
   409.04831627489017     
   409.12203637486533     
   406.89792957091004     
   402.76276114623926     
   397.25399783138027     
   391.55634464022461     
   386.92102457967297     
   380.57612478263559     
   374.10882422606880     
   368.62876429247547     
   364.20766773549707     
   360.30288291670536     
   357.63098094444399     
   355.34802065218906     
   353.27614962057686     
   351.57120429998281     
   350.03490804787151     
   348.24058072608744     
   346.77022919556413     
   345.44088350309067     
   343.90300623218673     
   342.49314276897235     
   341.66133308894786     
   341.93134833510840     
   341.92489187292819     
   341.94550049539879     
   340.28130744810653     
   338.01300790523038     
   336.14968701312540     
   334.75351554390858     
   333.58299906152655     
   332.39066744946808     
   331.60820929025209     
   330.96229291959651     
   333.02098452385223     
   338.73398387987635     
   344.40338869583741     
   350.22876607570583     
   357.69779763795594     
   365.10319128204497     
   372.57315743296272     
   380.64758984866472     
   386.92663165964865     
   392.28789728321141     
   396.71110269984501     
   397.82363766681112     
   399.55642150363718     
   400.85211600449895     
   403.39599828110073     
   401.53585780843667     
   399.77561118890452     
   396.72008967206295     
   393.21681346434201     
   387.77358883956288     
   382.36263184679041     
   376.08671585747004     
   370.34344630438807     
   364.86251892951287     
   361.16490244444049     
   358.13118768802889     
   356.20700771358440     
   354.18966613596751     
   352.44290594724714     
   350.94153336892106     
   349.79595514519366     
   348.74003669692593     
   347.37482148751667     
   346.04907028238512     
   344.85605234435934     
   343.82415170028321     
   342.46637112133851     
   341.29636787910277     
   340.35145410942738     
   339.55615316921285     
   338.74743506285148     
   337.70782768087969     
   336.96854337308133     
   336.39600471252857     
   335.49083938114688     
   334.80262108741266     
   334.79945094219994     
   334.83919408810254     
   337.26967409020051     
   342.79011188487829     
   348.38473599778729     
   355.45281792203679     
   361.66379535889757     
   368.47072979479088     
   376.18674652498368     
   381.91932118174833     
   388.35451114500592     
   393.01485515264511     
   397.03558630728008     
   402.17888775888332     
   405.65545005903624     
   406.12362713007781     
   406.84442253253889     
   404.99512001799218     
   403.05094775497946     
   401.38140996091329     
   398.32383423561419     
   392.43147227559621     
   386.96153019864619     
   381.11288725396139     
   374.82225360162244     
   369.28730800209769     
   365.18432348499016     
   361.67771432965918     
   359.40700700721715     
   357.36959459454442     
   355.77906595327420     
   354.14684697452219     
   352.96719549608679     
   352.02628386898357     
   351.01776995737464     
   350.28847846451879     
   349.55668006894524     
   348.89482768069371     
   347.95389529753805     
   347.19359804392775     
   346.22923446198206     
   345.34721822425223     
   344.43658929491261     
   343.51284044900939     
   342.66631245513082     
   341.93811090907343     
   341.49264438319642     
   341.19139064734844     
   341.15800844632116     
   341.47191917203583     
   343.86680742341929     
   348.13464034832390     
   353.47928547814291     
   360.23117864320000     
   366.34484486618032     
   373.15608541083748     
   379.23963242534921     
   385.50277048105443     
   390.70594415246171     
   394.80353195574514     
   397.74988057073892     
   400.74678815588294     
   399.38868933671063     
   400.29162751253352     
   399.62415194931202     
   397.82538211117418     
   395.16001097821936     
   387.44854833836746     
   382.02545783902775     
   383.10046720511389     
   376.98224752682916     
   368.80883619873987     
   362.73605164087110     
   358.20301429072362     
   354.20984278137195     
   351.22689249754086     
   352.47930041164409     
   352.03737939495954     
   349.26908773364829     
   348.37915256433087     
   347.12047450338156     
   347.64507119649483     
   344.22807429645997     
   344.00480936966812     
   346.83289837191654     
   346.52126811107377     
   344.48394653604203     
   342.75544422293638     
   342.43251626360046     
   342.91603419063966     
   342.78736342500883     
   340.55322937901053     
   340.80250831166671     
   338.37314127850112     
   338.29612697805015     
   336.72039004575117     
   338.04861452762003     
   337.59976830420590     
   341.01807630500650     
   345.38501822269274     
   351.44925567177597     
   355.90394347744319     
   359.79703605421497     
   366.87367094580719     
   366.75886685749617     
   370.99246895955213     
   374.91304994606486     
   378.81289965642935     
   379.73943013398667     
   382.46225838946754     
   384.76182029793500     
   382.42053181959358     
   383.13296008750092     
   381.57596648698473     
   378.43870295575203     
   374.95901999566621     
   372.06715985579928     
   366.35447810609111     
   359.26813567558884     
   355.85728297656789     
   349.23212353309526     
   346.48617033512062     
   346.94247198501887     
   346.03488536466261     
   344.33132578639157     
   341.52064011074293     
   337.07961846981914     
   334.85245694676172     
   333.40801835768076     
   332.00273479258453     
   330.87407855460970     
   329.79425606893574     
   329.21221344216610     
   328.71553283425936     
   328.40685476273489     
   330.67788758417419     
   329.32524378231125     
   333.06316884999160     
   331.34324290877714     
   333.81404302388592     
   332.56524852005919     
   329.18535021758407     
   327.90073414652170     
   327.47166986565361     
   327.24717090281814     
   331.06598938325124     
   332.50774527187968     
   339.07155728458281     
   341.72478554295992     
   346.67408971570580     
   355.55897139776630     
   367.22747661207637     
   370.39674535249083     
   363.79611919480993     
   362.47854070107479     
   375.13910086438557     
   380.84659227117476     
   379.89134489430410     
   380.34092806475564     
   375.92268470921056     
   372.58554473971640     
   379.52955679279285     
   378.88580787934382     
   377.38124789792545     
   381.96316348901615     
   373.72977590938467     
   366.54071428730663     
   363.23899855319615     
   360.12856804314339     
   354.10017223715067     
   350.08173487842515     
   348.13702593169057     
   345.00986824832665     
   343.43334708219237     
   343.06314384996051     
   341.08436000936251     
   339.95696040732400     
   339.75776641932100     
   341.01991849404601     
   342.56742120430283     
   340.96815867867383     
   340.20717481097284     
   337.28444479915453     
   336.30738814336024     
   335.21793490628613     
   334.05838822393423     
   332.79783800740904     
   331.20719786218808     
   329.68213040711066     
   328.49016859323058     
   327.51620958865664     
   326.46792538200441     
   325.53052567332713     
   326.66059210423481     
   330.79594317104721     
   336.51720409976519     
   343.12188819181648     
   350.07691575012450     
   355.96538567078341     
   362.58522071117619     
   367.55600941683173     
   373.93173446680504     
   380.77005131030012     
   384.61833853982012     
   389.39587492705539     
   394.23252593264340     
   398.72422838779727     
   401.58623401238026     
   398.30076176492929     
   400.56982563838682     
   397.70200133018636     
   394.85175641489525     
   391.24477361810511     
   385.87084118743434     
   380.48046312025969     
   373.24649914112950     
   366.37995947162864     
   359.51220644538046     
   354.11978870091332     
   350.14695529160059     
   347.40706780189316     
   344.93417128781067     
   342.56777056478273     
   340.86179992466970     
   339.31386398959467     
   338.11048127423408     
   336.10863287753625     
   334.56297134853077     
   333.37221538129057     
   332.13998966252075     
   331.20357684180652     
   330.42818040822351     
   329.93503671707242     
   329.40655394245999     
   329.08779847598538     
   328.46677358476029     
   327.07101169560326     
   325.89264837817836     
   325.66183885651924     
   325.06241860980032     
   325.67374319729055     
   325.31352444593784     
   332.94490923101631     
   336.79506565993739     
   347.94178018437435     
   352.39680262131714     
   364.82273025566332     
   369.35822979813747     
   375.48412459983552     
   379.38248288226953     
   387.24977813066704     
   390.40864109095281     
   388.19410900317268     
   388.78043118593172     
   388.04018661690822     
   388.26749700639522     
   384.16321638333204     
   382.94091201076884     
   382.47409543869230     
   382.48026084970229     
   378.38840256468910     
   377.51347870432278     
   371.93798892566451     
   370.49634065621160     
   364.91091703564672     
   363.33317347637131     
   357.61468176848348     
   354.47388810348343     
   354.05034296988111     
   352.72785734471154     
   352.07970292178095     
   351.56173392093365     
   351.84063815374714     
   351.77847412798405     
   351.06033263783792     
   350.48755463471258     
   349.23006813989133     
   347.24138687100839     
   346.56817056717631     
   346.16035834790995     
   346.46477531388155     
   345.37026699918488     
   346.47525897226643     
   346.57047671898857     
   346.26963581074671     
   345.86328507438998     
   346.11619080034370     
   346.28065271336334     
   346.11054882453789     
   347.23043369770664     
   349.70324784206088     
   353.39799447357126     
   358.88672535825611     
   366.61940359927212     
   374.92505480308057     
   374.15714190842334     
   375.73291140904405     
   384.13331710688186     
   384.82487412675704     
   396.10767832638220     
   392.56907866798201     
   387.87689807386926     
   380.71660196389223     
   380.37256447831419     
   383.85242629933151     
   393.43302943466222     
   389.99989903423744     
   387.60907089453138     
   378.85209509468524     
   374.20142864857507     
   371.83597043367996     
   368.85430533080626     
   366.78837392370320     
   364.94491192708949     
   366.20327732719522     
   363.04297276801310     
   359.00359317117818     
   358.39378249940989     
   360.24500014579013     
   361.19664495671543     
   360.49641789321163     
   360.70874141427697     
   359.87594925599086     
   357.88965880251152     
   356.79533538895959     
   357.26250966270726     
   356.00959823925132     
   357.01608957693963     
   356.56167618176073     
   356.40362006102794     
   357.51603883988508     
   356.98847856792099     
   356.02808564598649     
   355.61007265811378     
   355.41753249466501     
   353.36700094527589     
   353.88825242308019     
   353.62146957576607     
   356.08829123014937     
   358.93948556480240     
   361.98160918072915     
   360.54235994510162     
   365.46076735414130     
   368.67712311679588     
   378.14264636721236     
   383.00798938930888     
   376.82577604132467     
   385.64898320238700     
   391.78891149753383     
   387.48746137791636     
   377.37634653854036     
   373.73335628260804     
   384.05766307256914     
   380.67307281445358     
   385.51968275411178     
   379.62032229654420     
   373.76037633851314     
   376.22102675046739     
   369.20961691480318     
   369.86806558086784     
   366.27983149054069     
   358.89357312600185     
   354.56811220613559     
   351.56032137512403     
   349.85661920383097     
   348.41150939765703     
   347.33240975653212     
   346.25816192788528     
   345.19698559214498     
   343.94820517100879     
   342.62755653608042     
   341.46692913042125     
   340.43173220127341     
   339.14234808848698     
   338.14627159232504     
   337.00919055962135     
   335.89828596581265     
   336.09653544149273     
   337.10224586169761     
   339.16722645342406     
   339.81044150509445     
   341.08411135831614     
   341.86212054295828     
   342.14422719587867     
   342.43455304079191     
   343.55030046959541     
   345.03004355583357     
   348.39587693329952     
   354.63953757149471     
   365.88382690138491     
   375.26738331407529     
   383.93597214341457     
   392.66070453393098     
   402.00375602695328     
   408.73035210449177     
   414.53953955308077     
   417.87295252047346     
   420.24434805529552     
   423.13903242908765     
   425.43227341145979     
   425.42447593957775     
   425.95956299059151     
   423.42791658903087     
   422.29474662339442     
   418.21903222632511     
   413.57932085054563     
   407.21899362253259     
   400.97201948473781     
   393.62451218478753     
   387.23049653791759     
   381.80948315647089     
   377.46409618877556     
   374.39759793859093     
   371.68986678556701     
   369.32539523333946     
   367.22066241307675     
   365.44868200257298     
   363.75024347442348     
   362.00840999494011     
   360.26417236605295     
   358.68504090690425     
   357.45735805766901     
   356.15567236408873     
   354.92446069704886     
   354.04796887322050     
   353.15994136162305     
   352.44212386627828     
   352.04057708499124     
   351.37012722684040     
   350.58435807114984     
   349.61099180371002     
   348.51713492858903     
   347.27119362867387     
   348.96353958448555     
   354.24093822235437     
   361.55301366253519     
   369.73380182271637     
   378.58822612110930     
   388.77339377218311     
   398.54833387046818     
   407.21970497375213     
   414.30685145329556     
   421.80257676381035     
   426.64107844800486     
   430.91080012496542     
   435.95898254068413     
   438.43164805685478     
   440.02902339851300     
   442.02325049261543     
   441.38467949856471     
   440.10472728081976     
   439.38271484587494     
   435.31404222086559     
   430.25798673946520     
   424.13083220409914     
   419.16292173398085     
   412.91643546314310     
   406.60278718296166     
   401.27367714130594     
   396.96589460222106     
   393.92452067132353     
   391.46867440768676     
   389.70185731489755     
   388.06831816052932     
   386.77498724817264     
   385.53012622724424     
   384.14122483769393     
   382.77596222027216     
   381.66494537756910     
   380.20347948439860     
   378.60841561876271     
   377.21837646771093     
   375.83708227207148     
   374.16382397390868     
   372.30096970819244     
   370.66055477351352     
   369.21224180722550     
   367.60123631325791     
   366.13679670824791     
   365.03106475176406     
   364.94839512805504     
   367.46343747468347     
   373.23280099230624     
   380.46599318153602     
   387.77756472070729     
   396.88186966486910     
   407.21840778728404     
   417.23607054852164     
   425.65160185741803     
   435.34206566565825     
   443.12557411415924     
   450.91843355731095     
   455.82920647876142     
   458.94148941277558     
   463.24307564949669     
   465.49406785306775     
   455.60319213615406     
   439.30029995092724     
   433.24746035715259     
   430.74225322922126     
   417.90098674302953     
   410.85685614507042     
   405.48952861205902     
   401.22518671682872     
   398.28151721836423     
   395.14307982086837     
   393.41245767474550     
   390.07938271147452     
   387.00197642970267     
   383.32158844039424     
   380.88177478360495     
   381.32060670963079     
   376.94262555290362     
   374.05338349734865     
   371.88141036241956     
   370.20968236036754     
   368.79537897273275     
   367.50015195200774     
   366.49028449660619     
   365.66963611093132     
   364.90636967648368     
   364.20792213138481     
   363.32171828253740     
   362.40009887067271     
   361.80805894550213     
   361.31765419109530     
   360.67882017706074     
   359.90923310364974     
   360.16539515063852     
   363.28020622770367     
   369.15445534951778     
   377.49516079211418     
   386.18475595437394     
   393.26458572873668     
   402.84578083738711     
   411.98309985816189     
   421.46737278931289     
   426.71845242033282     
   432.99156415491950     
   437.30830367152379     
   442.29810846054704     
   446.27863478245735     
   451.92893510545457     
   452.64218094132866     
   452.45747860478417     
   451.79941313810559     
   450.83432098645312     
   445.57039165864512     
   441.29878400618674     
   433.50426201148503     
   427.07718913368569     
   418.09970823732277     
   411.32505994699312     
   405.11599051201705     
   399.65119766286108     
   394.87776784733524     
   391.88365035602351     
   389.44313855913128     
   388.04296492752536     
   386.75089595389824     
   385.56699109874955     
   384.82950725490446     
   383.72264966449819     
   382.18259867837764     
   380.84231763898691     
   379.78088574667942     
   378.59091116334963     
   377.30802728471042     
   375.68215539703516     
   374.48544836026366     
   373.27262806724258     
   372.26233074520366     
   371.18096632601657     
   369.78386242051477     
   368.52411743935050     
   367.47272304937098     
   367.48674361711971     
   370.24427295338251     
   375.30549891423811     
   382.57764570407949     
   389.98144022348032     
   402.54419179904596     
   414.29107840889986     
   424.98152442462037     
   433.99771872452527     
   445.48716673371604     
   453.79198303392593     
   457.26839982053025     
   459.84511865866415     
   461.98620510402418     
   463.20145885636748     
   466.34020262377544     
   471.87440328527646     
   472.16170774416241     
   470.55265499067053     
   466.08319326219578     
   460.48112302760666     
   454.79996310802983     
   444.37453056565369     
   436.09378793696629     
   428.63521767132971     
   420.78990480766862     
   413.85807094254551     
   408.19909149379458     
   403.41657492674267     
   399.15786783849757     
   395.50899456745879     
   392.14169576842522     
   389.35673399249583     
   387.35485989226447     
   385.32089096400159     
   383.74829827751529     
   381.70327158440779     
   380.74316146364384     
   379.06052358437091     
   377.78368578237269     
   376.49485155833105     
   375.21699868204246     
   373.71936350421987     
   372.39083833052405     
   371.70297760707325     
   371.10279931877000     
   370.53543854863398     
   369.92950267420338     
   371.79868695075044     
   375.84721260606585     
   380.67406049882129     
   386.66963502041125     
   391.59459618840947     
   404.84188538043844     
   416.38838610218602     
   428.05821427385331     
   436.98175783206557     
   445.83638342776868     
   451.99017732901581     
   458.35971385443429     
   463.35426545430505     
   465.29595965483037     
   469.27066170569992     
   472.32189794010282     
   472.18319220795138     
   469.09991284384711     
   465.61201070611338     
   460.43070384884948     
   451.87255138187334     
   443.34756922373867     
   437.10511611384334     
   425.36866871352504     
   417.49288354879735     
   407.27444219726164     
   401.41759397592807     
   397.33053165779268     
   393.15792789148958     
   388.14087985333481     
   384.12099102039133     
   380.77707250594545     
   378.25412604434655     
   375.77694444290341     
   373.85497435281360     
   372.09008808361085     
   370.02131453605870     
   367.92315118910614     
   366.40454950739189     
   365.30902073093898     
   363.49749445874966     
   361.71658315690985     
   359.98776691539922     
   358.15666863304131     
   357.31708152320016     
   356.14029143250946     
   355.22857869894710     
   353.76062905609086     
   353.96566670550521     
   356.33647809264249     
   361.68378573055844     
   367.42823371725029     
   375.57422265824448     
   384.75240448507157     
   392.99160138047830     
   401.52582278867635     
   409.54346267950854     
   419.53674264505685     
   426.03470374900354     
   434.36116385995979     
   436.84101530533553     
   438.48682358794912     
   441.21033639735089     
   442.41810520822514     
   442.64497606266474     
   439.49088436931447     
   435.08690513427337     
   430.57810238878341     
   434.55971828817729     
   428.72869509131726     
   421.07918148865264     
   415.09712750283302     
   405.30636322262922     
   399.01099290704184     
   393.56407164121794     
   390.08952373482981     
   387.20886453493841     
   385.15633029648404     
   383.22306619040864     
   381.70905760423523     
   380.10364457010184     
   378.27220246038360     
   376.53565695876807     
   374.86523877121539     
   373.23641921928277     
   371.53188988302651     
   369.87591594950902     
   368.56792374572598     
   367.01467353734046     
   365.33485984589657     
   363.80685515998994     
   362.60735232229473     
   361.47117846643408     
   359.97588549211565     
   358.64410734717791     
   357.49601398500948     
   357.82621240112206     
   360.68988971543001     
   366.56476777313384     
   374.01675936480603     
   383.12243972407799     
   394.19054279630240     
   404.39378748681969     
   413.02098557450245     
   423.30834790180518     
   431.19323177762442     
   439.42338200164954     
   443.03800352196168     
   449.43147141622643     
   455.55579535644591     
   458.74974489995941     
   463.36549117100566     
   463.63395406592412     
   465.33161237771589     
   463.53966339465433     
   460.42352913735698     
   454.35637015957917     
   447.14412817485282     
   439.34481123222355     
   433.90943541257957     
   426.20145381028874     
   418.60898880526702     
   411.64570246679750     
   406.60618017838101     
   403.13661235557555     
   400.46869037074168     
   398.05032852378332     
   395.69484803824650     
   393.84237134552603     
   392.43738961877875     
   391.05815379476684     
   389.38593814722378     
   388.00630085700362     
   385.91028518071698     
   384.28874637294211     
   383.10212161780765     
   381.08503913838251     
   379.27691698625637     
   378.21498778386638     
   377.38975119662490     
   376.74849440818946     
   376.27767210787368     
   375.88108973966155     
   375.51757354751862     
   375.84951896014786     
   376.73387412601880     
   379.96760806737427     
   387.95789446784778     
   402.14468068674313     
   407.78715144103541     
   421.64388423340120     
   427.44933869765998     
   440.45665174095853     
   446.60723013777647     
   454.31418553593494     
   457.72537273299196     
   464.51362968202375     
   467.74863805449706     
   468.89115557131862     
   470.87327609926894     
   469.97088215536036     
   471.23407521242297     
   464.38034294106899     
   463.26463877802468     
   450.34640170739340     
   447.31526915654405     
   440.77566345225165     
   438.66057422424666     
   427.46415966963457     
   423.40808052124555     
   412.62040480131435     
   405.60601740658342     
   400.60037984775221     
   396.97235519830747     
   393.56054945867419     
   390.88407963979211     
   388.83361848115777     
   386.83992570573679     
   384.66018618259517     
   383.14517444709298     
   382.25857097334944     
   381.35249386222392     
   380.24483298260134     
   378.77991249329347     
   377.73906309957766     
   376.43620813224237     
   376.21141414497356     
   375.31545658657348     
   373.84615690750599     
   372.61550412502038     
   371.41054634651914     
   369.85583304716255     
   369.48684418699099     
   368.15183654534229     
   371.14500482472772     
   370.66221212306669     
   376.82068179988630     
   376.89018651414182     
   383.92752282841934     
   385.01045947960108     
   389.75036319222238     
   391.10250822131843     
   393.65560130101227     
   395.36613665918202     
   399.70778846402192     
   401.55775225323305     
   401.10438973987397     
   402.04576738767639     
   401.00274635607730     
   401.58500421863187     
   398.84856672569498     
   398.64120430513913     
   390.60540684971920     
   389.18777902930572     
   382.03623748984609     
   379.94530035990107     
   373.50701490890094     
   371.74415330321989     
   368.37870142820464     
   366.67035534814391     
   365.21921534158321     
   364.32692298881557     
   360.87562069361235     
   359.46185908700051     
   360.74698771861307     
   360.49079422264043     
   360.87012577028554     
   360.88063815560690     
   360.71258557596860     
   360.59980999729117     
   360.96206967752295     
   360.68828570363740     
   360.27473232909460     
   359.83808418148118     
   359.14539616026701     
   358.72032529788396     
   358.24949720016622     
   357.93100737329746     
   355.74080619081246     
   354.66306283452121     
   357.37569439375682     
   357.63624295996840     
   362.83566115897355     
   363.69709279909176     
   370.66107050259382     
   371.48956550636041     
   379.16938381270012     
   381.55042104028871     
   385.40344168111102     
   388.12080380947339     
   392.19634837569276     
   394.43611794741895     
   394.86414491699378     
   395.87774439988010     
   398.95001778218267     
   401.18307352427320     
   396.17210410843307     
   395.47530634193112     
   394.39273332993992     
   394.43776457561376     
   389.23310145623918     
   388.16557247386493     
   385.19889002143327     
   384.36691672397404     
   377.67121937209077     
   375.37577359855140     
   370.64225808537230     
   367.75154618456224     
   362.19726137043688     
   358.81149484842030     
   355.44644424981965     
   353.54392355336051     
   351.83997998462911     
   350.50687334972088     
   349.74693756081183     
   349.13089781283281     
   348.24063937087476     
   347.27051077242595     
   346.15940878091556     
   345.37266060961736     
   344.40441185341456     
   343.46649751429879     
   342.65869621664854     
   341.77745059389963     
   340.48416517727009     
   339.12736585691721     
   338.39378742333469     
   337.59044879706727     
   341.30806717367875     
   343.26750396171752     
   353.79240342786136     
   358.89726809316977     
   372.17618238231256     
   377.06655287733810     
   390.37619637512171     
   395.94887793474038     
   408.33737167614839     
   414.18629097429158     
   424.46935041418141     
   430.30539280840492     
   437.68388176430636     
   442.55800049691629     
   445.73566456585672     
   449.14859530346257     
   448.89528432982434     
   451.58745438080553     
   447.30495454948107     
   448.24992323400187     
   439.37158170987732     
   437.81050102979350     
   425.36804831721548     
   421.53955840252183     
   408.23477487225722     
   403.16718921220638     
   393.12437442701247     
   387.00050908307389     
   382.24523371944639     
   378.74546647104694     
   375.67194010302404     
   373.10653933543153     
   370.61045978370817     
   368.29946116941647     
   366.34661027423437     
   364.60180576910915     
   363.19423190319930     
   361.97594232318664     
   360.66759845159305     
   359.65038609171643     
   358.55150291417789     
   357.33742378385796     
   356.71347301898385     
   356.21997257187280     
   355.96943319034960     
   355.68638346719149     
   355.19293440277210     
   354.60793206302282     
   357.45155457439301     
   358.36420980541686     
   367.83493764871264     
   372.51924556735173     
   384.89403124281409     
   389.52321432891199     
   402.33739185026548     
   407.94373490815298     
   420.17073854533118     
   426.22277309674672     
   436.26720812115684     
   441.73058611726776     
   449.71442285257308     
   454.95662792470290     
   459.53640303768259     
   464.59015128429212     
   465.82485087060394     
   469.96529755545430     
   466.16478595481175     
   467.20015922807545     
   456.93620391293473     
   454.44663335419278     
   440.13368950797275     
   435.20476239737411     
   421.87537330045296     
   416.73906673796773     
   406.39186342275991     
   400.36390502704614     
   395.50977399897192     
   391.85896435626711     
   388.75384005257945     
   385.97624855480603     
   383.15284919807448     
   380.77309781004061     
   378.75836952591908     
   376.95875447847641     
   374.94016794636269     
   373.19439330875707     
   371.41203479822269     
   369.66335955316072     
   368.00963709969517     
   366.52972832443044     
   364.45582494468181     
   362.97594161838560     
   361.46623718452304     
   360.22959323404649     
   358.64538385285056     
   357.19345142858282     
   360.07336244486123     
   360.89282867970201     
   369.33370944802255     
   371.64483095226649     
   382.09157993240711     
   385.15722705841915     
   395.87567172273259     
   400.02658545965062     
   409.93441916513945     
   414.26418654023018     
   422.73891150122762     
   426.98747622605094     
   433.02455979885804     
   436.92767632051198     
   434.15035229804153     
   435.27767509896739     
   434.11359714274676     
   434.71240282712910     
   431.97445826651978     
   431.21722016586170     
   425.96673360088045     
   420.90042715986635     
   414.27353813317228     
   411.84488909262762     
   402.06474931401220     
   398.56340961628786     
   389.84757371798190     
   385.09427841263164     
   381.05989959157608     
   378.20657582746651     
   375.51837341134865     
   373.29287820579094     
   371.17266842769629     
   369.22955582796294     
   367.53438744992036     
   366.09324655648811     
   364.79061334262354     
   363.44498222049788     
   362.00167835614440     
   360.74592939131253     
   359.66418169253427     
   358.50326085810889     
   357.76939465386437     
   357.22048949925033     
   356.97835352759336     
   356.70685977720819     
   356.85625589186287     
   356.58738227024685     
   360.22529692847644     
   361.58302047286577     
   368.53305814282385     
   371.60876922374052     
   381.05223914948289     
   384.76671640803892     
   395.55414344609210     
   400.14052690843693     
   408.05261116121955     
   412.96811174633712     
   420.52975204395938     
   425.60422768318847     
   424.14261772116714     
   426.42176983920569     
   416.77347270189080     
   414.59270351946805     
   420.04691821597169     
   420.36073000249024     
   419.79568484073047     
   420.05426988091421     
   412.24686277856688     
   409.91524829689484     
   408.24466123453931     
   407.53113889848191     
   400.41482302782970     
   397.98027377493503     
   395.18136678100734     
   392.95525598898985     
   391.63521518069308     
   390.73553042789973     
   389.30925651634425     
   388.32523799947620     
   387.63026719657336     
   387.13666300873422     
   386.51921212842154     
   385.93656690614694     
   385.46958863243549     
   385.00719526565604     
   383.09384139933343     
   381.88627703604573     
   379.94454926210022     
   378.72273301872951     
   375.93021203976292     
   374.30615884016129     
   373.52035994226839     
   372.47172897006715     
   368.28493207781463     
   366.02846807649610     
   367.24483778891857     
   366.96218826401588     
   373.57085252203052     
   375.35569087041262     
   386.15909176610649     
   388.64568730134050     
   399.32034231487364     
   403.18357290072800     
   413.24109762973194     
   418.11464223551144     
   426.26636425828372     
   429.92386595942634     
   435.15062743719574     
   438.39053793735559     
   440.63346285700396     
   443.53144975964153     
   442.65246668257521     
   444.55176528275717     
   440.28792650209152     
   440.71960455673951     
   432.95405119477249     
   432.62972388887948     
   422.26608663692696     
   420.73035390372888     
   409.14796622243915     
   405.95224701894125     
   396.76802075212373     
   392.01311615828860     
   387.83697308150352     
   384.93014095924792     
   382.36168032379470     
   380.28731254166257     
   378.22559901044514     
   376.42778497331994     
   374.63165032653080     
   373.07548477078564     
   371.40345139344936     
   369.78997926145519     
   367.81107919408907     
   366.12693611283561     
   364.44641833837295     
   362.90742674169354     
   361.28685330042407     
   359.79771876223805     
   358.31653106581939     
   356.96371257228975     
   355.70105637815971     
   354.33955339390974     
   357.58950185057239     
   358.46421874573531     
   366.93666282177202     
   369.61583334505434     
   380.51924005109237     
   384.35800662973429     
   395.58608051625777     
   400.24788314123583     
   410.67802735722199     
   415.49638922452567     
   423.29573324393903     
   427.08184381402998     
   431.98783672159414     
   434.75999958089335     
   436.46402828322749     
   438.53214627088124     
   437.46971234033310     
   438.82301981724726     
   434.94245535229118     
   435.44283235378492     
   428.75101060592345     
   428.61067182860904     
   419.59621571138467     
   418.59024024846690     
   408.29324908967618     
   405.82792579690164     
   397.91920446010545     
   394.17552036510602     
   390.71935322060733     
   388.45992943362160     
   386.22615653281593     
   384.32320364455728     
   382.50769834553711     
   380.89647315978419     
   379.32356159338764     
   377.92125357010161     
   376.36816415748228     
   374.86395999231462     
   372.98857188315759     
   371.38782954628431     
   369.93192013076612     
   368.60273626024224     
   367.28642592424012     
   366.05052970992955     
   364.87469463681032     
   363.74523539939912     
   362.81133936388795     
   361.68823177993914     
   365.14398770087075     
   366.02366082672711     
   374.45727478337290     
   377.03164582970737     
   387.30498133586559     
   390.38671049360829     
   400.83569317075569     
   404.89370927890042     
   414.66120128729244     
   419.05936021136080     
   426.38035819890780     
   429.87188420230797     
   434.95719485897496     
   438.08872115583443     
   440.12823418475676     
   442.45423693708386     
   441.88430076862147     
   443.71974699201365     
   440.37233457366511     
   441.44288362168595     
   434.99790497999976     
   435.22715540104747     
   426.03826593390005     
   425.05579901069478     
   414.39935197077546     
   411.81023753329737     
   403.83719464142860     
   400.04788307169491     
   396.40236739212475     
   393.98328464934133     
   391.68109368893658     
   389.72962251840340     
   387.61002368582689     
   385.60027980419238     
   383.96253132712081     
   382.56865042432867     
   381.33302176440526     
   380.16741062820444     
   378.51869069355996     
   377.01636983595881     
   375.37029945877413     
   373.69861453312467     
   372.29005564059634     
   371.08561020594794     
   369.94360144753557     
   368.95266243885771     
   368.03213048937869     
   366.96832977813386     
   370.88696916411016     
   372.22291354570717     
   381.35040031650976     
   384.46037433889671     
   395.63213755719471     
   399.24776948928337     
   410.72476159518868     
   415.45443006218687     
   425.90176638775841     
   430.50719345087208     
   438.52433125151106     
   442.57871435798489     
   448.45058317031362     
   452.28361906263393     
   454.97858896076514     
   458.01099641222248     
   457.52664468697589     
   459.54902068391601     
   455.89409750951910     
   457.02332218745460     
   450.03144733296870     
   450.19519156112898     
   440.24157695797533     
   439.00205913438987     
   427.35891598224777     
   424.27623201975587     
   414.35141034436697     
   408.97091151645446     
   404.02709048417478     
   400.62755932980696     
   397.48418329055488     
   394.82252069382019     
   392.27432816909908     
   390.03881776189428     
   387.89927574865874     
   386.06174477081470     
   384.08825994502627     
   382.24000808729176     
   380.10027705131978     
   378.29152828040930     
   376.48521295638432     
   374.76646893570836     
   373.22578348942051     
   371.88146075601998     
   370.50868840383686     
   369.22711135175524     
   368.40219490795545     
   367.39516096934216     
   372.60884560461955     
   375.04773416934842     
   386.09168409021231     
   390.61475510101207     
   404.04522737386469     
   409.12324090195006     
   422.75340086464223     
   428.70270756734624     
   441.75739444133114     
   448.37776886025114     
   458.82308017258259     
   464.65330120987176     
   472.17330829771237     
   477.09539145389016     
   480.65473024309114     
   485.51049681373075     
   485.84555572091898     
   489.41334394962610     
   485.58053026532224     
   487.52935287494591     
   479.39573637742490     
   478.98414930865408     
   464.49733399150500     
   460.21410780416289     
   444.41849604324739     
   437.83500999221695     
   427.48431419246339     
   420.72968346004762     
   414.71130652727732     
   410.36443307266040     
   406.13711909611578     
   402.84709501169863     
   399.08970776917869     
   396.38513142294920     
   394.08948616241037     
   392.20625459352362     
   390.59364795575186     
   388.86746792187694     
   386.23259691918793     
   384.35401257913804     
   382.32587198965081     
   380.61129105513186     
   378.21348625529112     
   376.58558625331557     
   375.27276291773234     
   374.12650057437321     
   372.88288015806654     
   371.59610192174193     
   377.13377834403809     
   378.32995768058913     
   388.36886282899093     
   392.12046019496341     
   403.82290983301522     
   407.85403255688561     
   420.58545972439657     
   425.28810416030308     
   436.25886034785691     
   440.00584493248641     
   447.17009466065474     
   449.94267539035269     
   454.67460703877015     
   459.82367197915505     
   462.81556462217492     
   464.57622005609062     
   465.63375130435799     
   464.13840307232215     
   458.21200695725463     
   451.38164915202736     
   444.25306597628850     
   442.06787546055477     
   433.15951648514124     
   424.51652925169060     
   411.24210614784289     
   407.00579101610685     
   396.44577183008244     
   390.91875392154265     
   385.97883782699176     
   382.74808732672346     
   381.33338816467523     
   379.53451941717339     
   380.08189355999895     
   379.19368256160482     
   380.59465364352627     
   380.64805081841973     
   381.34181854377869     
   381.35483401285938     
   380.41020408123291     
   379.95436025522355     
   380.32930297052394     
   380.19247075139316     
   379.84393343537278     
   379.34965992239557     
   379.45732386684546     
   379.35071517776350     
   379.01737377311434     
   378.40329289820744     
   380.23804587292619     
   379.77233999904411     
   384.16073947966038     
   384.99651424880585     
   393.82929430118281     
   395.73855860709227     
   404.32626943132954     
   407.09698228923264     
   417.21340150174484     
   421.52189293588651     
   428.30441975441795     
   431.37416065154139     
   438.17867709486006     
   441.60577606834102     
   442.46840508502345     
   444.37630032727799     
   443.91917040370242     
   444.78882160239186     
   437.19653723676686     
   435.59934836936793     
   432.26793882291037     
   431.16676879186235     
   417.85561282511821     
   413.71291710674302     
   401.68970594190216     
   397.34802391759303     
   389.40201702519977     
   385.00754980651527     
   378.99331017680203     
   375.69121052176308     
   372.68194698596642     
   370.46788646736115     
   368.20114354406093     
   366.24578898042068     
   364.43021056068625     
   362.82949497535083     
   361.18365586850763     
   359.65497861116961     
   357.99317494857098     
   356.53584728066699     
   355.23870182098744     
   354.01116974740012     
   352.60372538905483     
   351.15666342594540     
   350.16786249613159     
   349.33775394995837     
   349.02284948940337     
   348.26340273196320     
   355.39953252733795     
   357.83692255988308     
   369.80532665923346     
   374.61073201028944     
   387.69114300266978     
   392.73561197751991     
   405.78741102093045     
   411.62146371246854     
   427.40877238582169     
   433.55225912120221     
   440.84184614703025     
   445.06531085718416     
   452.24400960398822     
   456.30186813589279     
   458.39769763626208     
   460.74231437366183     
   459.05370023765556     
   459.96608158046837     
   454.58068098254893     
   454.70557661874511     
   445.87432336092832     
   444.84980935943378     
   432.83079398118423     
   430.62427106018805     
   417.88146636461249     
   414.38153307305072     
   402.77173033376056     
   396.46780888873559     
   390.04696198607087     
   385.61249252640545     
   382.42000545535547     
   379.81939530188589     
   378.48988250638621     
   377.37984353602849     
   375.63860936276615     
   373.41545323886521     
   371.26224352309958     
   369.31381352554450     
   367.42438982129704     
   365.58558495783757     
   363.54195241222237     
   361.60222293872619     
   360.03274237435437     
   358.90025207573507     
   358.31079572343674     
   358.00104040534598     
   358.58266997640357     
   358.78603605141524     
   365.43977912453346     
   367.29889901012160     
   379.74649623381066     
   385.31319988964282     
   399.53523888842506     
   405.08957426790124     
   418.36462769028088     
   423.78517101334677     
   435.28497840859040     
   440.43502311693845     
   448.86587080474351     
   453.19378952210656     
   459.01058899439931     
   462.50316700196549     
   463.95871977139757     
   465.21299552101374     
   463.36273081158913     
   464.84719881600500     
   460.22044395469334     
   460.24332358238820     
   451.22348173916168     
   448.84174265343898     
   435.61422507405848     
   431.55501845243197     
   421.07021512558600     
   417.55313035489979     
   407.12872298769565     
   401.92481418487074     
   396.13209309399070     
   392.31513874970403     
   389.26723472481245     
   386.72140482324727     
   385.62220908277777     
   384.18423831874236     
   384.12510533343431     
   383.26310663214088     
   382.75285250563536     
   381.91256052522220     
   380.06278290850514     
   378.80325719427981     
   377.68755730284556     
   376.71268358934606     
   375.74470655005348     
   375.00818545357635     
   374.92607635297895     
   374.49551043999134     
   375.27263546344813     
   374.93045951256067     
   378.86034029292830     
   378.85177578921247     
   383.28513787894462     
   384.20865638825353     
   384.09104143664189     
   383.58945001061500     
   381.66737309751488     
   380.93834961878792     
   382.34202086869544     
   381.88288262434713     
   382.95647577181967     
   383.23070022724306     
   381.78390307901981     
   381.81480357653282     
   386.02313297059737     
   387.60022723678560     
   391.54645292570063     
   393.17341323424455     
   383.58160113005675     
   381.11327250773530     
   379.59566887054467     
   378.72569278499043     
   377.65571779597678     
   377.02437618466979     
   376.01380598334265     
   375.83596302834081     
   375.55042020024098     
   375.09640001585444     
   374.58300354323057     
   374.47204101088681     
   374.03019275571825     
   373.80372625885622     
   373.76589768695004     
   374.01807908590411     
   374.25760531713371     
   374.27078821336488     
   374.57879879889020     
   374.67009899847432     
   374.00499062535152     
   373.78675621213210     
   373.63210266344004     
   373.56528541706973     
   373.36047769739599     
   373.41435958526449     
   374.72825443916412     
   375.35282007431584     
   376.23879449922538     
   375.59890407463786     
   377.16794230831164     
   378.80440629933946     
   379.72552410230378     
   383.07375153071661     
   386.70560890060352     
   388.15833965548910     
   387.94740591738906     
   383.55777997742354     
   390.85081117929013     
   389.66464058988998     
   390.88626976541718     
   387.26305575216338     
   390.54200471324236     
   389.97445919001524     
   389.60357368244229     
   398.55752825752239     
   409.04266344977179     
   415.87366001440250     
   418.17955744953963     
   420.51892439849763     
   424.53680005299225     
   420.61578973503299     
   406.42397492871868     
   401.75320934095345     
   398.39011355228490     
   395.24912097059746     
   392.87498128659507     
   390.39440128476122     
   388.88130373371132     
   387.42181968687873     
   386.26252093215555     
   386.56568423967110     
   381.79601667724575     
   379.48952574811977     
   378.54567631861124     
   376.22873808443376     
   373.20770699256980     
   371.01260598050999     
   368.73881487477536     
   368.73863271250508     
   367.68180299646565     
   367.18661559727968     
   366.70908684030235     
   364.54889998821750     
   362.90133977017445     
   362.93527563510668     
   363.64406288477028     
   364.65811953413339     
   366.33467933544426     
   368.61497324859778     
   371.03129061301502     
   370.96442619996327     
   380.89273438581068     
   387.29713335978141     
   396.23161616035804     
   406.29468064223357     
   410.25399499382058     
   400.88610031406654     
   415.27813164178946     
   398.99725725134692     
   410.63801430630951     
   407.30941258157139     
   424.19278724520495     
   418.17133788180570     
   415.33269914048162     
   425.74619324557398     
   420.20972331296019     
   421.39238782350037     
   421.68148806986244     
   413.95906780770474     
   409.84676146818691     
   407.40569698769059     
   405.41582569634005     
   399.97151871115813     
   394.87783836267391     
   389.45880761245746     
   387.33247847527076     
   382.72168087005787     
   379.19169297989646     
   373.24228750615492     
   374.83947246528425     
   376.18705145001070     
   373.24654602029096     
   369.54167472508635     
   371.99085640884556     
   371.36225983613116     
   369.28253144259628     
   367.32798024459703     
   367.90703537478095     
   366.77033009080930     
   365.58122014907974     
   366.56107608811800     
   365.63658036438704     
   363.69376319593096     
   363.03829007826766     
   363.75805396729720     
   366.07551329421528     
   370.55150500987622     
   370.24424496812037     
   372.56760670924649     
   375.28380838038635     
   382.63975844546934     
   384.18836373138294     
   380.48546432176846     
   378.17057670400789     
   382.23541658861188     
   378.46209529662531     
   394.90296139951550     
   397.80273380651681     
   390.03104311053988     
   398.59131519387557     
   420.72218627175255     
   414.80747062110686     
   415.63009703463177     
   407.73177722672426     
   405.41015015515688     
   399.90578463552623     
   399.06993897339845     
   395.18940274562289     
   392.57281867468208     
   390.66654130045436     
   382.69561226095186     
   378.76146653885746     
   377.32746273253963     
   374.14854875800455     
   372.80654795934925     
   371.39535977201223     
   369.29545800441457     
   369.06433210199174     
   369.68189076751196     
   368.77867327229586     
   369.78673013128258     
   368.80073054333582     
   369.45416572200298     
   368.79990926599044     
   366.13112252004845     
   364.91135409444337     
   366.37638981142447     
   367.20238115416004     
   367.50812954571961     
   366.56877192035768     
   367.54019456207755     
   368.83056494649270     
   368.06425461585098     
   365.30544827610248     
   366.64016351268685     
   373.79989506350182     
   380.65270630732584     
   388.81103578514160     
   393.10982094585381     
   387.25448568196464     
   383.79037304367876     
   387.20898324046857     
   391.82844769137176     
   410.26418548801161     
   406.53393313854400     
   400.19572291034012     
   412.13489952960458     
   410.15431548137366     
   414.32025752223660     
   412.44039738121188     
   408.61259289797073     
   413.16892364662414     
   402.30342856318447     
   408.56446114034964     
   409.59959582691249     
   398.79954247498097     
   401.06981121289675     
   394.00523213169066     
   389.42723543285672     
   383.52612970606481     
   378.35037761584658     
   373.96626146563608     
   374.63583165114062     
   369.94269196566614     
   368.16711610336938     
   366.21191703227021     
   365.37181733895147     
   365.78350561300425     
   364.80287345585469     
   363.45977036346767     
   362.66163867577069     
   361.69207426751365     
   360.59706532246423     
   359.86402900846417     
   359.08747783192257     
   359.04974282269217     
   359.65300265590747     
   359.04403267783852     
   358.43136571793036     
   357.82027412708163     
   360.34243972663427     
   363.41831664607474     
   371.92184243537241     
   378.04058990762309     
   381.96976956129947     
   389.32838559608336     
   401.12346704854616     
   399.67522305687982     
   413.59393144567463     
   422.78467065341101     
   430.90950153757001     
   438.75066272790241     
   439.57931458690410     
   444.83642144594893     
   429.44174739095450     
   414.26430846330112     
   407.16795764615642     
   420.41113838139773     
   431.88518484550957     
   426.51890287682988     
   422.83430302466377     
   414.41454782620048     
   408.75585656455951     
   407.73564324146014     
   402.65735028397421     
   397.91916754281544     
   394.09268488527442     
   391.17468878897756     
   387.98520104556303     
   386.22766303749103     
   384.13744919195221     
   383.06958485647590     
   383.33286054472933     
   382.47109085534919     
   382.21224858232392     
   381.57973096439071     
   380.74708597869881     
   379.49384396112805     
   378.71111550011341     
   377.58710364242063     
   375.61419498243657     
   374.07190466768702     
   372.89026258373389     
   371.86867802996062     
   371.44922090807410     
   370.93488983605414     
   370.42849628196387     
   369.35886548621130     
   368.75848257789636     
   370.11140481505555     
   372.77015366740875     
   377.62956173157761     
   383.38608163832231     
   386.26794115187704     
   396.57273480154345     
   410.51191983925179     
   418.68036478664038     
   431.29779110660513     
   433.29642831391703     
   444.35517897145024     
   449.02964943712607     
   446.74895456706236     
   448.59481608092699     
   453.89312898048894     
   443.81308500842141     
   449.58206963719596     
   440.17839208752662     
   441.52355672021906     
   439.41467263294442     
   432.96948245649037     
   425.56524801088636     
   421.02280059780912     
   412.11039092217425     
   406.05546817420560     
   398.52676911630499     
   389.74975597521325     
   383.04964326789752     
   378.75447653047041     
   375.58225950986048     
   372.27497147843167     
   369.89454817936604     
   367.98261168351735     
   365.99788329276009     
   364.65191890747371     
   363.22625562870451     
   361.85779591001852     
   360.44853846494749     
   358.62089361221950     
   356.84252351423658     
   355.61466778414228     
   354.41666370944063     
   353.51748400448082     
   352.77224069954997     
   352.62290039431434     
   351.52774734332257     
   351.96700070024042     
   353.58515252537779     
   358.85271076856390     
   363.62743776822646     
   366.21744227662674     
   378.68270176617540     
   379.90160231461266     
   373.39204075246437     
   396.49776113427737     
   397.19707001209935     
   410.08163839967733     
   415.72849746873840     
   421.39180234792138     
   430.49234990596170     
   437.52677159182366     
   440.70782603626702     
   443.03428177290198     
   445.48709422147181     
   443.81999744054184     
   441.84659827878011     
   442.35232572073039     
   438.37294594557784     
   435.04114390446125     
   428.63157400082065     
   420.21487438415767     
   413.19552583878004     
   405.85250690683648     
   398.95885364165076     
   390.29740545233943     
   383.00742469670189     
   376.92129974397523     
   373.09386452364487     
   370.54786624923827     
   368.96574184345627     
   366.73811647002253     
   365.38174662653421     
   364.31820785105521     
   363.67601514021317     
   362.88326893562748     
   361.97347273232640     
   361.01014305104582     
   359.91676674525729     
   358.84337776036585     
   357.83510195133027     
   356.73204977700073     
   355.86106433176565     
   355.03079471240466     
   354.33409447599757     
   354.44984056526698     
   356.59382437136082     
   361.17156752069258     
   366.90779903735063     
   373.14870713428814     
   381.97502096776526     
   390.62322835663048     
   400.51755992873785     
   411.95579679888527     
   422.91913501412324     
   432.41927667158848     
   441.49002822636828     
   450.52788788642948     
   456.60227356214278     
   458.63688773706116     
   462.26009561973802     
   463.36018680071038     
   466.86946044712568     
   465.07440821113551     
   461.89732003103234     
   456.35317792396808     
   450.01086537644113     
   446.74024438902723     
   441.66770227460552     
   431.70197016289984     
   423.60228001869154     
   417.55247123639873     
   409.06975757732465     
   403.71388433418861     
   394.99733383710645     
   388.43375623682380     
   384.53268211496868     
   381.44176435030522     
   378.85263072974220     
   376.61550200205119     
   374.56435608145244     
   372.86450943690522     
   371.22484009462630     
   369.43932775557937     
   368.03411354531306     
   366.83920245866011     
   365.33334721745564     
   364.39785522366185     
   362.70071958634469     
   361.27984776742545     
   359.97157569620896     
   358.42532751232159     
   356.93744133858991     
   357.54511554746040     
   360.56457351379942     
   365.89059386163643     
   372.61461350162529     
   381.70115815415642     
   392.46716684356102     
   403.47019952135207     
   413.87086694385067     
   426.23744149328382     
   435.84696274405059     
   447.17996070626185     
   454.86824380633647     
   461.67520260621643     
   472.34441167358739     
   474.57318545083189     
   474.98775164559459     
   477.92551104944056     
   473.44286064821534     
   471.92768411852887     
   470.99213839626049     
   472.57391328245762     
   465.44697925798738     
   459.71602554094937     
   454.25420745225603     
   449.50730200121978     
   443.89300474256669     
   435.85133050399361     
   425.28950802167191     
   417.37447016400398     
   410.23991942152043     
   404.65358568007724     
   400.40497526524530     
   397.39302024002643     
   395.25088832025045     
   393.53802185518339     
   391.93128803513582     
   390.75231753641384     
   389.04288784167687     
   387.19311573672172     
   385.81370759605574     
   384.62136034139002     
   383.27692473963896     
   381.69649556864903     
   380.47500623992602     
   379.41423876508156     
   378.58672173199415     
   378.10439619384380     
   377.59043742700203     
   379.05584955199288     
   380.15594246060465     
   382.95028939351465     
   385.65062002295724     
   397.35399522505600     
   409.47701983621999     
   414.58951434013142     
   424.08993861563465     
   441.59284048915663     
   449.60175014061355     
   463.89385498346496     
   471.82270463772818     
   480.03671252686019     
   488.30442483030049     
   493.83401789013067     
   493.64866342991780     
   498.13636410827496     
   498.74282199725502     
   495.35049153956646     
   482.83641134400892     
   475.99539649511911     
   473.91861268500406     
   468.22310029658706     
   462.31173378621639     
   465.26358008772627     
   460.20977078085627     
   448.21343602504805     
   442.25407796281672     
   433.23543101414657     
   425.20814486315965     
   419.13679373311544     
   414.49295566202193     
   411.03709257909270     
   408.48243638526259     
   405.62397792114757     
   403.64309307609022     
   401.43918379514156     
   399.27192214586177     
   397.74056304546792     
   395.96769024849777     
   394.24137319256130     
   393.29336880456697     
   391.99381145240596     
   390.60960378655375     
   389.53535098941046     
   388.73718577202550     
   388.43219292875978     
   388.33630617116938     
   387.39596974142484     
   388.70859365932131     
   393.30407757217773     
   398.73831077211327     
   407.75138922848066     
   419.65217849991768     
   430.03935932135761     
   440.46543753272022     
   450.85576801301596     
   460.04744666704295     
   468.30588103462566     
   475.66681080258780     
   480.19497373960485     
   486.21115903958867     
   489.92036965841010     
   493.39078315949990     
   495.29186026349214     
   497.63479930042797     
   495.88213499477314     
   495.47179127145114     
   494.97153666343303     
   491.91495817351500     
   486.13600059242367     
   478.57350331497832     
   471.94834061447472     
   463.78568291021026     
   455.50728931027504     
   445.94202269356293     
   437.14256308407312     
   429.57906378969875     
   423.40366797992749     
   418.92276241778421     
   415.79267508095660     
   413.37486338247010     
   411.00235819001534     
   408.42021374730462     
   406.34413191772484     
   404.80895187557900     
   402.48821628807144     
   400.45607162075527     
   398.71569834142338     
   397.02028418422969     
   395.43474384723362     
   393.91667576526777     
   392.64200615910545     
   391.47377855842552     
   390.25976308681845     
   389.09866453386047     
   389.47270289533560     
   392.57591830119094     
   398.49281304230334     
   401.52199896051781     
   405.15548115562058     
   410.97027132791607     
   412.38933562201498     
   419.44769010503535     
   430.30731640222837     
   435.25609936537086     
   443.73798565836563     
   459.21826594322442     
   464.43921794890321     
   466.08307611914734     
   455.59796888994595     
   459.93270630774913     
   452.33623784532045     
   443.46979346905505     
   445.23317338513255     
   439.24363057411313     
   425.75454751266676     
   414.38390736199682     
   405.30096096898416     
   400.03464182605887     
   396.32170227946096     
   392.17614058298096     
   390.15047834586545     
   387.26197781968835     
   384.53266847177247     
   381.54386785122892     
   378.69994814321024     
   377.14460625482309     
   375.53593670815530     
   374.53575561739660     
   373.65847180999583     
   372.95241152138067     
   372.33118503428966     
   371.13716453387093     
   370.68542612800672     
   368.90112794079994     
   366.41455901889128     
   363.67717562866375     
   363.33193709112368     
   363.25463816454288     
   362.70550548769381     
   361.34926997004180     
   361.56268147184880     
   358.17644713389689     
   354.78845649198388     
   357.55606920223170     
   358.68266756758811     
   361.35352808492604     
   365.55408321690931     
   363.03445039117196     
   367.20834357582754     
   374.07925987414450     
   392.11786115775027     
   388.29231195423910     
   410.28477697798485     
   400.68540496010752     
   403.12736981996068     
   405.72557809480423     
   399.45755953487628     
   414.79659246146298     
   414.59393956474167     
   411.97538092204246     
   411.16489491583201     
   415.43085181193646     
   412.62555950047249     
   407.74289798139131     
   408.15015540241887     
   405.30631350893708     
   394.39778599380503     
   393.65553046547211     
   386.13513827714388     
   382.23499266654841     
   373.51611250750022     
   371.76389074951430     
   367.18568439770291     
   363.04115675112183     
   363.53173675665653     
   358.99608372627483     
   356.64298034915765     
   354.66486054399149     
   354.59533769133395     
   352.90766265873128     
   351.79419845050626     
   351.12491861364816     
   350.60579132037407     
   350.12235664353466     
   349.62197665768542     
   348.86237158579581     
   348.23922687966382     
   348.25902618093977     
   346.77908431621961     
   345.90812845167738     
   346.78788083674652     
   350.88572907499605     
   356.99389514536665     
   364.21573784683505     
   372.10403256563558     
   370.36481073372084     
   372.34913465662032     
   375.65561124202549     
   399.91239945786975     
   382.17973205982628     
   377.49241198829725     
   383.11376535843408     
   389.77871997857392     
   391.52427850181186     
   406.24576819472526     
   402.39663961371861     
   403.47959342752631     
   414.92960978570062     
   416.62886097427116     
   420.83465399103909     
   421.71602685763492     
   419.70466253235986     
   419.22203517831878     
   413.77394962757648     
   413.07955602601726     
   402.74804552964576     
   391.60131233192845     
   384.34518693038450     
   380.90714362849349     
   378.29759443463587     
   376.76019559890636     
   374.58579152240935     
   369.30535027273481     
   364.96331612288691     
   363.35545224522195     
   362.41693449662671     
   360.83592207851092     
   359.43369566086324     
   358.35466804406457     
   356.95285796729911     
   355.76113124317874     
   354.64191423346324     
   353.55645285342570     
   352.59793514582577     
   351.85730150311048     
   351.40145031969689     
   350.77185537509109     
   350.22410952900066     
   350.88946969847393     
   354.02231668971308     
   360.65422669404148     
   363.60272364115906     
   364.22804446177980     
   368.53527044679959     
   364.73775210092896     
   368.69243014920897     
   383.50010582832800     
   385.05952271626262     
   400.56140852062157     
   402.76722525378295     
   395.45894608716679     
   402.14233547462879     
   389.92722804682296     
   399.92375596936211     
   413.29995307997166     
   402.49739171828122     
   403.46049050692966     
   414.12320378396026     
   409.95591295497405     
   399.19960955797825     
   405.13477964723813     
   397.87918309729559     
   391.68989374390588     
   384.08230520376901     
   384.36855130949613     
   371.60177332176630     
   371.42077291596229     
   365.26718893451812     
   361.66029977058986     
   359.69115479600464     
   357.62632655695285     
   355.28727983257068     
   354.77518641526763     
   354.48002478710595     
   351.26781293857027     
   349.62913459510708     
   348.59196142896803     
   350.00133385991080     
   350.68215106056374     
   350.21667831901675     
   349.11578159483633     
   346.57003051033718     
   344.96210908904038     
   344.68254039037271     
   343.53555531528116     
   342.88585742836875     
   343.75705487578921     
   348.89706497991773     
   349.87646993590192     
   359.02461045948996     
   367.13600758077575     
   375.41525374142282     
   373.16925539888962     
   364.02305531779047     
   372.95348800847080     
   380.71619913220474     
   370.64334469005723     
   366.31755462035687     
   387.33258859884239     
   398.73035497682264     
   395.81489391657487     
   415.92407341416481     
   414.44866246294345     
   406.90456544653853     
   414.44735397930651     
   410.34350647747470     
   422.40767267069759     
   410.41156778344208     
   416.10568508298121     
   402.75174626078109     
   403.05457270106001     
   397.17546526463400     
   392.49514848551399     
   385.29577526776734     
   377.60243195324125     
   371.23147193699350     
   365.98089859844862     
   362.17892300611493     
   359.00815983505731     
   356.73879849511309     
   355.09436595300872     
   353.42328817467029     
   351.79812162637097     
   350.46901333024329     
   349.58650886199177     
   348.59441368628092     
   347.45150051001804     
   346.56763299690886     
   345.65798027100413     
   344.94272421840822     
   344.27054092105948     
   343.74933660936182     
   342.72807039307077     
   342.08976300159031     
   343.72576236956786     
   348.63990204880207     
   354.38819821053335     
   361.73130965110920     
   370.14134145667026     
   380.21819185863899     
   387.10189259439966     
   393.20095800588234     
   402.76841194102582     
   404.27937793296252     
   408.58273168582065     
   409.83519024949777     
   416.50309425421642     
   411.85846944940158     
   425.48553846561754     
   428.04822830754205     
   436.00238937148674     
   433.69776002929632     
   441.98695618755079     
   441.39924263916168     
   437.16763828518083     
   434.10448031377456     
   431.19735811212377     
   426.57420024732329     
   422.56050396416845     
   416.94558893742141     
   411.45321000040934     
   404.10390809315095     
   395.78352238684732     
   389.26972272170860     
   387.32411026372472     
   385.18991667162072     
   382.64288437132183     
   378.39529754124720     
   375.54674782836577     
   374.12991823952524     
   371.12482102781900     
   369.47898490404782     
   368.29306368499039     
   366.21762132716111     
   364.64185631286716     
   364.02646755805887     
   362.79762571273642     
   363.25946452353270     
   364.68200671421698     
   363.21453624091225     
   362.62285578021363     
   361.98358551606236     
   360.58581317101334     
   362.52697389381086     
   367.68720544201727     
   372.86737217119372     
   377.23019581068672     
   390.21711467495828     
   395.51794962252177     
   408.41825961922279     
   412.35906964615873     
   420.29141550145249     
   419.43178917167540     
   420.16002794293814     
   415.56283133627244     
   413.98401625652588     
   422.68030797215334     
   427.94172127294433     
   417.67420257443570     
   409.87900129028554     
   403.54906085318601     
   404.36577183358105     
   412.96611184037965     
   409.83528945447125     
   407.82128590147232     
   410.30910242748826     
   404.18354404878977     
   407.04623049274699     
   403.38460840784586     
   395.55387830471477     
   387.65582105537396     
   385.07485231372220     
   381.72373644307572     
   377.73662526748609     
   373.68744342145493     
   371.10328347846820     
   369.21741423641038     
   367.70417167891435     
   366.32900251658282     
   365.04526237405815     
   363.84376544895417     
   362.98099671862894     
   362.10225280411618     
   361.46587618041212     
   360.65706021405725     
   359.90591216271230     
   359.31733115795618     
   360.23699897577461     
   359.32004959148026     
   361.25133837681562     
   362.40706259385820     
   364.24172524607849     
   369.38877171340295     
   376.87111822053902     
   386.17978361232497     
   394.87153332396406     
   403.40303666547976     
   410.91408117532308     
   420.82463619166521     
   426.90814807494314     
   431.48956551072365     
   435.67863388983289     
   445.51133635916449     
   450.55026085014396     
   453.83671551298130     
   457.76170918854228     
   457.96011634698925     
   457.03962131822732     
   456.84701373755416     
   456.31373561384459     
   457.60091529927115     
   453.32770361276567     
   451.27461714784766     
   446.71618764399636     
   441.35473392602114     
   433.45283931517434     
   429.49656987864307     
   423.71079474663662     
   416.74250014422717     
   409.22287485713741     
   403.16539328580097     
   398.77250992040916     
   394.70666510949604     
   391.23552720509110     
   389.00134756767596     
   387.02763835802205     
   385.22681763680771     
   383.63257295976604     
   382.23384290657532     
   380.75483484002876     
   379.42400844994955     
   378.36298547653269     
   377.13077742659186     
   375.77139102109044     
   374.41244857459628     
   373.50841100240268     
   373.48559319624479     
   373.33891894674980     
   374.43190332698578     
   378.03927559676720     
   385.15365986833660     
   389.67376574816120     
   398.32412634029282     
   410.13043731432896     
   409.84866699103901     
   422.09717588126693     
   436.10521542295811     
   429.57584165850437     
   441.25587737026950     
   449.44857707346392     
   439.38348584541274     
   456.62722966809059     
   460.47671852352352     
   464.61088000328499     
   459.49603137361430     
   457.29186732987296     
   458.55183710073641     
   455.26422280040208     
   441.70505112079371     
   446.73001768277254     
   446.94921208239242     
   441.17411301930156     
   439.65009413480004     
   434.14573726486191     
   426.61328514346434     
   416.76938064771747     
   411.85968306963463     
   407.85458098273483     
   407.09476199449159     
   405.78724186606814     
   402.34783852547275     
   400.42065886047538     
   398.21038149436100     
   394.19343320500985     
   392.00765152886100     
   391.39285913355224     
   390.78623494789963     
   390.61194554920121     
   389.47920901315598     
   390.35569102943685     
   390.10501638996118     
   388.72008189863476     
   385.36483543267343     
   384.67508914115319     
   383.59026324181139     
   382.13181385520318     
   383.56399975439126     
   389.92994747843045     
   395.16191552640021     
   399.16016460474600     
   404.63882402585557     
   411.61635427610571     
   425.78425312095339     
   427.79953478006740     
   445.63333853166552     
   453.36695852946264     
   464.03607106888342     
   470.62590418703229     
   475.35042006611087     
   474.65111391970203     
   477.35809104801075     
   484.60869482859061     
   481.27349129674195     
   483.83515394652392     
   481.31925243133452     
   478.78144139266783     
   475.09942558074556     
   469.20647744473416     
   468.51552768399807     
   460.38332966793394     
   451.50020918062933     
   448.22485782332251     
   442.92340097727606     
   434.60060482241994     
   428.45996724432115     
   422.81076488028816     
   418.92573715313239     
   414.92355854041654     
   411.61019818907408     
   407.00899254140597     
   405.19669459126283     
   407.22294735934020     
   407.10313636436126     
   403.10780867325616     
   399.34887420083078     
   397.28216472990425     
   396.19141552971945     
   400.60833800752533     
   400.67144203326342     
   400.94953218514445     
   401.28873995438704     
   399.69946475357023     
   398.59285718994454     
   397.71049594400137     
   398.10092789374085     
   399.53112492023695     
   401.51365156634574     
   409.77805209406000     
   418.53025256726437     
   429.65807303639610     
   438.07806312765558     
   439.54761356805062     
   457.12079437161066     
   466.54195657845702     
   473.64146442684637     
   478.41189496623781     
   480.20847357470115     
   491.05333555293981     
   482.00524596848345     
   493.80586719453004     
   497.08853869748395     
   491.61120935148091     
   481.07848497192697     
   491.60586677654476     
   494.09748527664857     
   490.04266022502287     
   485.56852779006539     
   478.92384255923855     
   473.67533673698892     
   467.06744846268964     
   458.77085243583934     
   450.44834539246341     
   441.98870681526938     
   435.37229758585812     
   428.26318517519138     
   423.44786438279613     
   419.87835184486693     
   417.51185690863690     
   415.27034972349560     
   412.77361995788203     
   411.09974161104219     
   409.66099818212484     
   408.39488732717155     
   407.04646283936785     
   405.16318815362655     
   403.32674404695672     
   401.76197162257961     
   400.25742264984609     
   398.87962397775766     
   397.47246414149049     
   396.41685006386462     
   395.56686803359310     
   396.77434131226431     
   401.72047748913309     
   408.81870216577516     
   416.49711949840156     
   425.76375867354557     
   434.59520357266121     
   440.75335457022152     
   445.45292248292117     
   457.21161234153220     
   471.34238204538286     
   478.71229655011933     
   487.60427763113807     
   498.75439159628758     
   505.65284236962356     
   514.18424631099253     
   511.22738433436592     
   513.28172032234852     
   509.62092299597737     
   511.72604662841962     
   513.02743608783646     
   514.89746150017652     
   516.18191207360621     
   513.51066904269294     
   509.44917477787368     
   501.18294897476670     
   494.73994441752768     
   483.98638445331966     
   478.56741160732662     
   469.68674620914101     
   462.03876315460570     
   454.82023846215895     
   451.22471253855275     
   448.17213517149742     
   444.60544820438736     
   441.60328298675256     
   438.21340483367618     
   435.76837851479178     
   434.22992409581843     
   431.66726177153674     
   429.80709727053431     
   428.13620696300262     
   427.65124994033721     
   425.32332371962030     
   424.25965652864744     
   423.91197371644148     
   423.90206645149959     
   423.47685550576051     
   423.00356740144332     
   423.20338626061721     
   424.77675403035971     
   426.08310385193823     
   427.15452784914908     
   428.12929279198954     
   432.02931816481953     
   435.36610351777944     
   437.35490561139846     
   443.95417874626185     
   451.70797292503602     
   452.76805725901983     
   453.58987349996772     
   456.84675230081456     
   467.48197735031908     
   472.11820079071856     
   463.70467745236311     
   448.29222128043773     
   445.78745345390388     
   438.91451201343870     
   440.00987343184431     
   453.17816282828551     
   448.76801895664460     
   453.07476458031130     
   450.73103805994504     
   447.45418406982071     
   438.17872759492900     
   437.28730414413843     
   430.56822641993034     
   422.87884436482761     
   414.43014018877642     
   410.66528430554706     
   407.52170779486943     
   406.22391472477813     
   404.08198271245476     
   401.28639592718946     
   400.53221891397982     
   399.34192178642780     
   398.73416874929791     
   397.21427081948354     
   396.19315467233525     
   395.51734497802806     
   394.95883747495031     
   393.45427080961417     
   392.57560912795208     
   392.46556939193317     
   391.14592537959402     
   390.97533169989333     
   390.64719362890685     
   390.72514798988004     
   391.93251932624133     
   392.70333444623816     
   397.10937516385394     
   399.99370051953986     
   401.18510963824082     
   405.91586683941176     
   410.61906435854490     
   420.38333898495648     
   425.38984418927146     
   436.48398219881580     
   438.84791220024306     
   442.85328416133694     
   440.10720063548587     
   450.98159531917520     
   449.33684584457905     
   448.84415364187441     
   442.61499597871511     
   447.09140032203817     
   449.35586083653715     
   450.21014691897631     
   446.42421449757245     
   445.59045852310243     
   439.69325005984371     
   427.01840354137698     
   420.36146296569524     
   421.87473938644251     
   414.08858111238646     
   409.30579282682652     
   402.22008545893550     
   398.41890970401465     
   397.77283329329356     
   394.50727536106405     
   393.13870630197653     
   391.63004225107477     
   390.98015752237802     
   390.33284836372036     
   390.23950340955497     
   389.15129652030487     
   389.07512471167183     
   386.82611487079885     
   384.65343239811654     
   384.00875496571643     
   382.99675163514303     
   380.93143638098672     
   379.26730841811803     
   378.26187229577039     
   377.87212840968130     
   378.85899844861905     
   382.51687797744387     
   386.94844913685762     
   394.12587808509664     
   399.36675509139280     
   396.00310079414947     
   395.35728147868161     
   396.33109533331719     
   396.99363205614077     
   400.98065570041075     
   403.89595204272115     
   405.06311957766837     
   408.62609536576383     
   408.05707315635777     
   411.49734593698753     
   411.87452605492427     
   410.69136987332786     
   407.38748175365225     
   409.33434751079938     
   409.17795051593566     
   408.48487560228477     
   404.19683026245605     
   402.23078906574318     
   403.90335939025391     
   400.26597952383838     
   398.47467680402070     
   397.65916403894437     
   395.28965320637542     
   394.47278779159251     
   392.82612828949186     
   392.04463561765243     
   391.70012285248782     
   390.96760014716216     
   390.47286727931225     
   389.67170547542321     
   389.43561565778128     
   389.46666392555989     
   389.08053902937917     
   388.57253021892257     
   388.09167941936659     
   387.06349431805501     
   385.73490690660668     
   385.16976659081001     
   384.65528317447576     
   383.62809092144539     
   381.35647821110138     
   380.80709764671872     
   379.24391129508592     
   378.47205886399632     
   380.04911561717216     
   386.68562466406718     
   393.31130871302508     
   401.17334860195314     
   410.26359238666623     
   419.85799315350647     
   430.27061474600805     
   434.00377230117596     
   439.45052278344201     
   441.07005084301522     
   440.77080894839435     
   455.35641865895138     
   455.62333170917441     
   464.94866323903170     
   462.95681403804372     
   464.93478912408528     
   472.42969000971226     
   478.26404438554061     
   473.19145439774439     
   476.81055013682084     
   480.93369495655224     
   477.06644993225223     
   480.56578573333849     
   477.21056768803470     
   468.55330011630815     
   445.29721713058336     
   440.72277169847047     
   429.40400314701139     
   424.71663167987714     
   415.12812851752670     
   409.80647215282181     
   404.78670672553073     
   401.07611569691068     
   398.28886190388801     
   396.09091168421384     
   393.78981346382864     
   391.50504361089850     
   389.50698439885440     
   387.58506032754491     
   385.53573229274286     
   383.74411876941866     
   382.37816946469263     
   380.98461196667620     
   379.50175405380082     
   377.94384434574266     
   378.35232773090581     
   378.39804037214259     
   381.37734062570013     
   382.80274540509527     
   390.63384958700431     
   393.44574866866310     
   406.73791289473547     
   412.04438270412311     
   426.94103565317306     
   440.07831967502904     
   451.01029841502827     
   463.27694918700439     
   473.56416512220733     
   485.42081323958263     
   488.02666369126251     
   497.45408482984107     
   507.33604001424072     
   514.19529307932669     
   510.33004026441620     
   493.34254023765578     
   489.79156519459161     
   497.08280976478648     
   503.02491555583612     
   499.87694643038481     
   493.91343324923099     
   483.10333300914107     
   476.51416691900272     
   467.75342131648722     
   459.84602387912889     
   453.23752410188837     
   442.67268041434409     
   435.24375784734468     
   426.04838433871697     
   420.50613848971392     
   417.39433559193151     
   416.14638934371550     
   413.00946661189926     
   410.51779048815217     
   408.25143699502354     
   405.37296026350276     
   405.54361513044131     
   405.16239020911343     
   404.44095631576835     
   400.81799492366162     
   400.41133491050795     
   399.26697423551423     
   397.39055606980509     
   392.16517609037828     
   389.44494737173221     
   388.15487986483981     
   388.86766861162965     
   393.50408822563634     
   394.79711816968552     
   404.71814550646383     
   412.26949280328802     
   421.08166369836056     
   432.85690374268893     
   442.33210225114601     
   443.62439596698806     
   428.30354941127223     
   440.24588345853749     
   454.22634154999838     
   469.59872044478271     
   469.69729595394415     
   474.97209623471235     
   481.76864669488964     
   482.02648362049109     
   483.33857064970823     
   483.40104859941800     
   481.14962052466342     
   478.38881033372866     
   473.09870119760114     
   469.59199563373494     
   460.98670748325418     
   452.65837753285035     
   444.27340716349079     
   437.90592561488717     
   430.23698386606600     
   421.13886001210284     
   416.50105541297989     
   410.62096674034626     
   405.95579252355520     
   402.91717928954171     
   399.86347844590705     
   397.20437372659597     
   394.56515225895129     
   391.88999729212566     
   389.22850542589595     
   387.30319272565481     
   385.93776852772169     
   384.49383242140436     
   383.23899739617099     
   382.24676156006700     
   381.51805361755055     
   380.58395201425628     
   379.43652135633755     
   378.61272459636626     
   378.17426369706021     
   379.83694103451035     
   383.69787968276808     
   388.42212170386040     
   394.36555722445553     
   402.03110075944301     
   411.00169365805436     
   419.15035728175849     
   425.59551817253629     
   436.86303663467811     
   447.44043226225148     
   451.65048454968002     
   456.40115689775985     
   463.57995240757396     
   470.38075759797374     
   474.00363796143506     
   475.08957652663588     
   477.37296794320946     
   470.76603295820058     
   478.82567189481745     
   471.73758011182559     
   475.15373665341235     
   469.87792671125453     
   463.90524661682616     
   460.53439356453538     
   451.80897458800041     
   445.44273079319674     
   435.77988650959355     
   426.93700039774455     
   418.97487635927405     
   414.53698886374889     
   407.77465551917027     
   402.73112013959872     
   398.37829787172575     
   395.42185770320856     
   393.29071717928207     
   391.15717668056408     
   388.87206202432446     
   386.66071681938035     
   384.84000663557202     
   383.25318432504150     
   381.54277548318140     
   379.68962323730494     
   377.87553049099199     
   376.03322505983385     
   373.07806135284187     
   371.09802607754170     
   369.91964966949251     
   369.46373376815103     
   370.96952258155034     
   374.59684210812264     
   380.17195885217609     
   386.61248937485487     
   394.09335338436591     
   403.66878699987132     
   413.10818942151593     
   423.09353761128779     
   430.72871251252388     
   438.58334724403011     
   448.06397724368526     
   455.68139642999625     
   464.20759636256446     
   469.34435930684509     
   474.82645178643691     
   479.15166461187118     
   482.58607373062910     
   485.02140336409894     
   487.16135229809646     
   486.77877047068455     
   482.67111991123699     
   478.66798127328917     
   477.14543771407114     
   470.91224144014353     
   464.84778348033012     
   458.35503239777495     
   447.44683674052436     
   437.84677045904573     
   431.52342148049297     
   422.27248489024464     
   415.65062873731227     
   410.07502489081082     
   406.60710981594212     
   404.91764628289593     
   402.62846569418429     
   400.15806080240446     
   397.88143236619146     
   395.80178955208612     
   393.69615604764164     
   391.79839480241054     
   390.00536373611254     
   388.68025199788042     
   387.30671751263844     
   385.93199450026412     
   384.71508666647270     
   383.65357099983913     
   383.04796412941107     
   382.53609881788833     
   384.19800937306428     
   388.35515358132636     
   394.26088957206196     
   402.71508593550789     
   412.04445954924188     
   422.29745174146024     
   432.13085835427154     
   441.81003211793285     
   452.57770548803512     
   463.77994972021139     
   471.84323576153923     
   478.21091940896605     
   486.14452712026394     
   490.26913593173367     
   491.72248114202512     
   494.93865055182516     
   499.36994072134689     
   495.36405945150273     
   495.11632809650570     
   494.12309616498868     
   493.09709007674826     
   489.09991786973183     
   485.10635133005803     
   480.47401705761843     
   474.32461997619987     
   464.50790601780199     
   458.29325766826020     
   448.27857159895234     
   441.43540558399940     
   432.67237976236891     
   425.30382866457114     
   419.64736148257060     
   415.55560990507115     
   413.85015139143587     
   411.77349583207092     
   409.79809087275987     
   407.95242067342974     
   406.26486727992807     
   404.89401483292272     
   403.03892165923196     
   401.13038628860090     
   399.44735750379164     
   398.31160855493766     
   396.84053385262138     
   395.05546106403898     
   393.19186371632549     
   391.80623830253484     
   390.75862470072406     
   392.18056437017481     
   396.24525292388364     
   401.21080042459272     
   406.80223897607891     
   416.23405704579636     
   423.31836755399024     
   432.06015054703289     
   440.16370541515181     
   447.38846911203211     
   453.33412042505518     
   458.04178655343759     
   463.53807195183276     
   465.61520543482891     
   468.19771166556296     
   472.42367790963732     
   474.46215268587144     
   477.42116105453397     
   478.19166666103558     
   479.68968417994654     
   478.79328208195039     
   478.55330123147348     
   474.34693454393073     
   472.82749646545193     
   467.72561128167717     
   463.73649930516575     
   456.54275829053768     
   452.23467981147434     
   444.27311075241357     
   433.30923760799692     
   425.89140488688230     
   419.18765845983228     
   414.87252006403287     
   412.22005325595592     
   410.57900463951842     
   409.16906970293297     
   408.10193296513631     
   406.44434984474481     
   405.00551054168096     
   403.56463253133165     
   402.37208635066060     
   400.75803060746512     
   399.63423342916064     
   398.57840273889838     
   397.18154400631107     
   396.21832778010241     
   395.20807655381986     
   394.47419814636692     
   394.09581530052469     
   395.22134564756800     
   398.80031975867291     
   405.31773940121809     
   410.22923206746231     
   417.16794326169457     
   428.82066693531289     
   441.02971053545394     
   453.35105081115364     
   459.87691372903498     
   468.02736437709063     
   472.65024324527320     
   477.89161475615680     
   479.08258463282590     
   474.08526900905656     
   485.73753907038042     
   471.65880142449231     
   481.20400815841748     
   487.64596370615993     
   485.67567480903023     
   470.96297560282852     
   463.90131628778698     
   467.64142597260803     
   466.45879300486155     
   464.97807896877379     
   464.79586292536999     
   462.16673654663532     
   460.41228443488251     
   456.77092965160125     
   451.96203614760736     
   444.26786533858973     
   436.88620418828503     
   430.51701380727832     
   425.06520390785136     
   420.36566993367541     
   417.35399846625353     
   415.20099357092874     
   413.20646427559723     
   411.32088297655673     
   409.67876512896271     
   408.17253340814756     
   406.87014717677010     
   405.87254935850967     
   404.36240743202592     
   402.98570622763725     
   401.84073539936730     
   400.72680571346081     
   400.43329509242767     
   399.90851168255199     
   400.56803054267840     
   404.12109008598003     
   410.44906397158439     
   417.84136910779085     
   427.65067262076769     
   440.10536248317737     
   449.90225946199757     
   459.85054990999731     
   473.80124083181903     
   484.82117160339652     
   491.84343820826155     
   495.62169968741114     
   504.46131803019705     
   517.15857360178234     
   516.40635674376938     
   516.69175545379596     
   518.23432649643962     
   523.94138869006611     
   518.12136399232486     
   509.38897194908441     
   507.82365910706852     
   508.26886866136414     
   502.02163241360574     
   491.66909828171674     
   486.54030072083054     
   478.60535551967729     
   464.80211736709583     
   458.99932847060273     
   453.01609401239898     
   446.46093890585786     
   439.52131172078140     
   431.92613533804371     
   425.67638529062168     
   420.72376048789386     
   418.54082239136852     
   417.85798697928203     
   415.11540173833674     
   410.65997859687491     
   407.85358793332756     
   405.94873043571658     
   404.09802276815185     
   402.99270045400692     
   402.04920430247506     
   401.03573629886137     
   399.88270058414412     
   398.88841370306449     
   398.20412205312635     
   397.11430074909418     
   397.58424585429924     
   401.22590125707586     
   406.94555204397545     
   416.10386217250738     
   420.31914963507330     
   430.08806636321236     
   437.27173467411410     
   441.50303306980038     
   452.99132224667619     
   462.22121933738822     
   477.67717370451311     
   482.59873217623255     
   486.05866593747942     
   492.93796664236959     
   491.75898118866098     
   474.96129421458329     
   469.66412287630124     
   473.91469902387877     
   468.85211263852170     
   472.90128485140900     
   471.93719585712199     
   474.79562050873579     
   471.12674988057751     
   470.02532188282515     
   462.31304128743926     
   453.53257515071095     
   444.35633960898645     
   435.27993610010503     
   429.85829953222020     
   422.70492949660331     
   416.43836199365683     
   413.48342358017987     
   411.98179130726032     
   405.20626052603041     
   403.17278738923648     
   400.24352092591880     
   397.93563519273880     
   396.95301767832910     
   395.44809924296442     
   394.74233545322710     
   394.02975398761947     
   392.90536353592336     
   391.50569441133956     
   392.39980115407559     
   394.23368319590207     
   393.89017380032885     
   394.30200236170282     
   393.99159397865037     
   394.00883440120685     
   394.28440269888097     
   394.37711457664551     
   393.72273302250198     
   394.33822711759052     
   398.17799157389283     
   398.40168124591833     
   403.29126688547024     
   404.98757480824787     
   418.80771603794210     
   421.67568163256226     
   430.45576254340381     
   421.55703479204800     
   419.21216705169871     
   422.93522129315573     
   430.98337402019718     
   427.57864851697809     
   419.39326707557785     
   417.41316350204715     
   412.24093111547165     
   409.36503338322558     
   411.67436330996486     
   415.72557083854190     
   409.86158610997921     
   400.67710875647356     
   400.03175792661210     
   401.13614886348915     
   403.11194670987248     
   400.93804106288866     
   398.80140493385164     
   391.34193653187720     
   387.11751231237906     
   385.34947752162680     
   382.38130473486603     
   381.45583311766097     
   378.75824586454848     
   377.87448471316623     
   373.47538426163925     
   370.75510306688187     
   371.66310612726483     
   369.67822383751695     
   367.69803111214088     
   366.35484078025257     
   366.34469054405361     
   367.46703460529676     
   369.95040740152979     
   371.36902662766664     
   370.69540315495362     
   371.46832517371911     
   371.89961403054434     
   373.95821671866753     
   374.93813420421321     
   375.49117003040556     
   377.61540096047952     
   379.49921484238598     
   382.37162096222795     
   384.66812570970603     
   388.75023892295820     
   394.06255365568376     
   417.06313412233453     
   410.30048315506224     
   401.79735861027706     
   402.84296727137252     
   402.49703174275788     
   398.36727074856964     
   395.66121601094926     
   393.39709708115430     
   393.61311058918074     
   396.74525655181424     
   392.39531190645693     
   386.44120004382438     
   398.43861809517892     
   398.36182266975510     
   397.74587927584111     
   392.97016561719562     
   386.00677239637560     
   385.83803994555933     
   379.43539772053373     
   377.30272594034864     
   376.12564396604057     
   372.16088443783082     
   372.30563463786279     
   368.18099402902453     
   366.19042283676782     
   365.11026221745846     
   365.12920384979100     
   363.12704456274645     
   361.53861817707127     
   362.37964019152110     
   364.05621698916752     
   361.75891264748924     
   360.97740636482632     
   359.05232454028095     
   358.73776071162189     
   359.45831502863422     
   359.43951512343318     
   361.95455148578395     
   366.26615549317671     
   372.09848721542897     
   379.69511471893202     
   385.53592208441233     
   391.29012292242857     
   386.75418264054275     
   397.96896308668101     
   400.39601256683460     
   395.30126863357401     
   417.20214682794790     
   410.69099548629714     
   405.15476047412437     
   422.15942236848986     
   426.82184957039908     
   422.11117318827399     
   424.90125400444219     
   412.26659852555173     
   409.50825133815664     
   403.66323561066099     
   405.69440945894070     
   405.11456254385195     
   398.37963836562494     
   395.34679632972546     
   391.74401346185186     
   389.42113328215748     
   388.47455485160447     
   388.18250890097630     
   386.04900464579765     
   384.82803127783495     
   381.43657189376205     
   378.19937962490479     
   380.95143287761744     
   381.77597344620722     
   381.33844926158770     
   380.98555386207005     
   380.54561419614731     
   379.88862694732512     
   380.84390095878030     
   381.51529302994714     
   377.84936507199450     
   378.87126578581757     
   380.51514589025453     
   376.93293809857926     
   375.24252911674859     
   372.75785268231596     
   373.01093162411979     
   374.05464134844266     
   374.09464404367532     
   374.90523461543415     
   375.41997593430881     
   375.24759007053194     
   379.98349946916210     
   400.02531213480211     
   400.95919470686880     
   397.50912610524807     
   412.60017448716764     
   416.78251912652468     
   429.13798961688491     
   422.95137589268984     
   424.52000830500293     
   419.83138435928095     
   406.69384611677077     
   411.21478532004801     
   417.14970675755171     
   407.00308495766637     
   413.46824495778850     
   419.72355815853228     
   416.11745069299758     
   424.75661378340703     
   423.47102657624873     
   418.65740278558906     
   407.79280165165511     
   403.42440731205500     
   401.08435988435673     
   398.87282471849682     
   397.84565322165543     
   396.23879900422429     
   392.98755462824636     
   389.82118045483872     
   391.23635431492340     
   387.78717901222683     
   388.60889310354321     
   387.43361451113356     
   387.28025882653805     
   386.52753850987273     
   386.15153442917534     
   386.63826990652620     
   387.78956510616109     
   388.19931712257454     
   386.57465473807400     
   385.98121505202897     
   385.01822349862175     
   383.97959920882641     
   384.14346788989985     
   384.12911821130615     
   385.50480338079444     
   389.96618598589026     
   394.65192359851983     
   395.38248818072088     
   396.40793084531066     
   402.96413814182733     
   405.81733660354865     
   413.00868207386407     
   431.39387001889571     
   444.70456680208082     
   451.05710177977483     
   458.01340615146580     
   465.65930779197191     
   463.04705482332997     
   458.85313198331903     
   432.89616820835539     
   433.87842561731065     
   429.51283528147661     
   428.92638320617147     
   433.45453414427976     
   429.25714501484254     
   434.12965292084073     
   430.71158673389380     
   415.07074912740075     
   412.92209753112371     
   410.24691253862221     
   412.97279361722883     
   409.26581821303569     
   400.24471710990861     
   395.25193089100406     
   392.25883258365826     
   388.29990246131814     
   385.95721459336090     
   384.88315249028642     
   384.85125964344218     
   383.98344055101592     
   383.70292411335464     
   384.57118492850969     
   384.31020106569792     
   383.55666437951135     
   381.77470719181156     
   378.11675052962340     
   374.48950355564796     
   374.73023908172894     
   376.17433483643015     
   376.09429926227847     
   377.24243795587682     
   378.40112613849766     
   378.54608469725008     
   378.98888881486869     
   379.89369250459640     
   381.61749568218153     
   385.86133625279768     
   388.58130249981394     
   387.91099974303319     
   390.96682614620460     
   390.44586332313798     
   393.83732380471605     
   397.48065300618100     
   416.30755287026727     
   425.64096230838919     
   433.67162491839281     
   421.87168920735462     
   418.52367512877402     
   416.85760122520321     
   426.41434245075504     
   435.17913467919425     
   443.34788798838326     
   450.51371440503800     
   438.53823421880873     
   437.53102631310986     
   426.34810062329382     
   414.66902040624103     
   412.90223776580387     
   409.94271808953965     
   405.65273452537821     
   403.92287396141916     
   397.79535926022567     
   392.58961350394418     
   387.64802744351562     
   383.66318423543566     
   381.01677290002181     
   379.02822324822193     
   377.17965227477231     
   375.91587760657825     
   374.52751725147766     
   373.22284392380925     
   371.94458372952249     
   370.75874420658903     
   370.22155591053507     
   369.93346896268031     
   370.03166863746821     
   369.20521199785793     
   369.51245510198942     
   371.72412875728929     
   374.17553001308727     
   374.09442139555398     
   376.96962220765442     
   379.74860255392747     
   381.81225166043419     
   386.68334764899419     
   404.15466173378991     
   418.90849734431538     
   428.86774444920627     
   440.67836762963248     
   444.14206827276814     
   443.56480602336234     
   441.60590965252646     
   450.48458686198467     
   444.28843025795817     
   431.59463518607805     
   432.20857715600499     
   432.20986328364148     
   425.94735820551062     
   428.80349483529045     
   427.53379794612283     
   428.12964843836733     
   430.40790175303641     
   424.64860867069262     
   418.34703015630174     
   415.61227203736843     
   415.97563000779894     
   415.77697736063760     
   413.38502527000503     
   410.57352967433775     
   407.86412157217080     
   405.67715691809087     
   404.13928089615706     
   401.42672740322746     
   398.11509230115252     
   397.16469315848047     
   396.91859021775565     
   396.23732448975807     
   395.98496395701352     
   395.03348892570057     
   392.51130838066314     
   389.67446642857789     
   388.50041691234543     
   388.83100767941113     
   389.30341403701556     
   389.18120345678454     
   389.00316143147302     
   389.43378184308585     
   388.64685760224870     
   387.32529097428164     
   388.64960214482875     
   391.28699287363361     
   395.02551672803418     
   396.44533481762272     
   397.86709211488437     
   402.16012037238767     
   405.70353988926848     
   404.04716805305651     
   402.33056213341638     
   403.49267773153872     
   401.88680620824766     
   401.55921139036610     
   412.20407957547036     
   420.62436584344465     
   426.73303476408347     
   423.62017751684289     
   424.47484887542777     
   420.57934501343590     
   441.74392425549576     
   443.62006829558999     
   451.95168780739249     
   448.42651520672428     
   436.93768486714612     
   438.41953783127269     
   440.66730638053878     
   436.96647237294439     
   433.83731107497039     
   425.50256900129040     
   417.96080044422877     
   412.73858537990901     
   408.04362398948825     
   404.94746982977318     
   402.87954330829939     
   400.89419040243763     
   399.91453298559475     
   398.97420347137609     
   399.85239313258887     
   397.96048592304845     
   397.20365518519270     
   399.29835046509476     
   398.22169685317743     
   396.68586869882193     
   397.99353208598711     
   398.79324743035340     
   399.24276206998888     
   399.09248730476264     
   399.23238409082899     
   400.50866716520807     
   402.06420632069648     
   403.10614076911003     
   405.09985650336154     
   410.84214998595451     
   416.96468997156876     
   425.24282731383192     
   435.68969729434895     
   446.77993481776298     
   454.89856329345884     
   461.83787185199532     
   466.60558743251818     
   475.23700262994339     
   477.66541510558397     
   478.37954221375514     
   470.71642189384272     
   470.56946490178518     
   474.06976515132891     
   486.45677405469712     
   476.09809512042392     
   484.18111917864059     
   475.37934363086589     
   471.53404447445973     
   466.54219008691263     
   462.25910004854484     
   462.11988553849494     
   453.03001618885787     
   446.95102931300153     
   442.85492579622962     
   433.85729991177010     
   429.43652376467884     
   426.06108502601774     
   423.57096103446514     
   421.66773321438012     
   418.95402945965731     
   420.45162037420113     
   416.82780504451830     
   416.44918823275032     
   415.66891270538548     
   414.93474596909340     
   413.68090745918272     
   414.57274111121478     
   413.78004556716917     
   413.06782292552919     
   411.85541750871647     
   412.73909873935884     
   412.08688531533613     
   411.29843198369429     
   411.80832587538731     
   413.09427394343675     
   417.08492028770735     
   430.72585026413191     
   432.78325579401121     
   445.62840578705732     
   453.75460879606953     
   457.65340747083007     
   472.66427001375439     
   482.06682904276050     
   491.37423876351738     
   494.27157204672403     
   506.55253721827370     
   510.22096770176813     
   518.06686372567208     
   516.01775382331152     
   518.34291510110631     
   521.48573498637006     
   532.00644190002640     
   509.00089576715368     
   516.47509994340408     
   501.65958914782033     
   512.13480787230174     
   511.97094126218519     
   503.94547176322084     
   497.90712830618031     
   488.10691653366933     
   473.66947827400418     
   467.34137279745664     
   455.86682815404185     
   451.06786477662450     
   446.10610261542138     
   442.13095919349172     
   439.62968202924037     
   436.68176860160725     
   435.12565585510492     
   431.71112108664295     
   429.02126899865488     
   426.71958524728825     
   425.33664196016286     
   422.74212162084120     
   421.60439568013913     
   420.71483575001787     
   420.06039355471847     
   420.06901470986435     
   418.21448360848001     
   418.20034612483448     
   418.65055574019834     
   421.20146125214086     
   424.11877559773393     
   427.65396856351435     
   433.03995691232529     
   439.43805075280056     
   452.76401079600743     
   455.63434601590967     
   471.62964103150284     
   484.68807095726027     
   491.89769773182991     
   495.14289726883351     
   466.00658317090222     
   462.26746493026224     
   456.97853718908505     
   453.83559346104960     
   454.18690346394936     
   455.38421232654053     
   457.58722969928823     
   458.60803827493561     
   460.16541613126782     
   454.48233430009077     
   457.11125508769277     
   449.45704413410459     
   443.04763501721254     
   437.40439258227900     
   433.04980855199841     
   430.87815021772758     
   430.39487081542916     
   427.37572505517807     
   423.03670394275082     
   421.61300789760969     
   419.46908812698013     
   417.65851368454196     
   418.25384084534124     
   418.17981692268478     
   415.84108041066429     
   411.97025603096063     
   410.69016177487941     
   410.39022860232490     
   409.94351371878793     
   409.14417240155979     
   407.93853095417461     
   407.29758425142728     
   406.78138316483916     
   405.85667823871466     
   404.84391665552477     
   403.18831597033983     
   401.77893522121093     
   405.40657746843351     
   404.49735937456353     
   407.23371355715432     
   418.11506378497103     
   420.19362180628747     
   422.89478597533957     
   428.93331634507456     
   433.24735358020411     
   434.79513065220999     
   438.57179034111584     
   442.96786032496800     
   448.07608267507453     
   451.45764887892273     
   461.81564945368552     
   471.46428635462428     
   472.05982526617021     
   475.95994311463971     
   493.24185390648785     
   491.75834138578318     
   483.73453876621079     
   486.34714435391152     
   487.49111179244676     
   475.07749589853591     
   466.81912240130822     
   466.64571986200019     
   463.32129746857873     
   456.35201540079538     
   446.04401664744051     
   440.48027559470921     
   436.54785013044631     
   433.16258227055351     
   431.18370129145472     
   429.44134579643134     
   426.49803389868958     
   424.82457508776849     
   425.09352553663132     
   423.09099253749361     
   421.56601941364602     
   420.72913822282538     
   419.85681603703222     
   418.10655140727994     
   417.64009351801053     
   417.09684926296762     
   416.81858895787934     
   415.77555922246552     
   415.18423649064908     
   415.78798390085825     
   415.13097261122215     
   415.51983800364508     
   415.99443288444758     
   416.81486063874212     
   419.05645853714753     
   422.60396577007100     
   426.45513498557978     
   430.86921542235535     
   440.31949403263053     
   443.76865314350408     
   445.64033017149831     
   446.96227645152516     
   449.76577512662476     
   454.76510084417725     
   460.60853205329647     
   468.42951818570515     
   466.74531328914981     
   458.63671343306959     
   450.05756630025735     
   461.20803005371221     
   466.06973894180436     
   459.98209663694973     
   456.87444023463047     
   456.29283830525611     
   453.72938770985496     
   440.77960032114322     
   438.64182597006362     
   439.03190746133782     
   436.66936135459048     
   433.84034532909988     
   430.00840094647236     
   428.36829251228369     
   425.73308998625134     
   423.29809501477598     
   421.31281858089818     
   420.90796366421301     
   420.33277222303923     
   419.51340364847601     
   418.31590762386713     
   416.00969983781806     
   413.62297325715264     
   412.49995716026302     
   412.19125424170988     
   409.51177184032190     
   407.18346224409714     
   405.76198881858443     
   404.71039321822241     
   404.01385098012781     
   403.12937386654022     
   403.99615410206252     
   409.04877836873675     
   414.79669548373704     
   421.22801414772266     
   429.68371092187482     
   426.53229252663027     
   441.47882340930363     
   449.11709778538284     
   458.38881141990430     
   466.14080566215836     
   475.33566504238365     
   485.82636841970537     
   484.18278838176099     
   496.56009733075416     
   494.37461183930816     
   497.08868779892777     
   503.36989904454566     
   505.34449877281816     
   504.29795018381748     
   505.10798541464357     
   501.24934237193355     
   495.32978346399989     
   481.60420042819078     
   476.43708265818969     
   470.02657199499271     
   475.05603716908149     
   462.70422957961165     
   455.37511221922915     
   446.84749462447331     
   440.77276437654371     
   437.39352181726355     
   432.91623562773327     
   431.22720111273384     
   432.61780389186362     
   430.90778270375739     
   429.38632055673571     
   427.47901597559184     
   425.29360695293752     
   423.07117856668026     
   422.42073900879063     
   422.74971216107645     
   422.40767453075659     
   421.96256749523752     
   421.24731487647068     
   420.83326604266972     
   420.76430059687033     
   420.80632167056626     
   421.02211749524952     
   420.56182088884600     
   420.46652450855646     
   421.94730541031004     
   421.48860071735731     
   423.07871455265365     
   424.15058722331139     
   423.28285913724130     
   423.66108398550580     
   429.99802752711435     
   433.98734875620818     
   440.75818126164887     
   452.18879337927672     
   458.91302641837166     
   456.04158101353914     
   464.97410045181340     
   479.56650780410041     
   477.01266670758827     
   485.77737405810359     
   485.96040132286942     
   492.52576097948315     
   495.29948236283946     
   482.61780617242385     
   482.05163017150545     
   488.28346931802525     
   479.51070064054113     
   471.42589583465065     
   461.24207969598950     
   455.86829923181801     
   448.50295191565209     
   434.57122583692990     
   432.19479120680046     
   433.97802270114914     
   430.11885563540341     
   428.27946394470416     
   424.16948269171934     
   422.06643602366114     
   420.21132271895090     
   417.26540429643006     
   414.75140342104146     
   412.53566158932176     
   410.16481270329467     
   408.32813307580466     
   405.76041934511591     
   403.46438444691120     
   401.76223156524884     
   400.39763630382589     
   399.73202120268593     
   399.19398594374076     
   402.11261375377671     
   405.96919888152001     
   416.77227576567890     
   420.01016124749316     
   431.25643503503983     
   436.14905749775238     
   448.93409353696921     
   453.31007730875785     
   465.12548570640138     
   468.87988981955976     
   472.54416577051160     
   475.28594288230715     
   478.98163753344068     
   479.31347073842727     
   482.81446849787255     
   484.47079151811562     
   461.33082313479787     
   477.62032419579350     
   470.53128343935117     
   481.59385032550369     
   482.07473279233807     
   478.87715164516391     
   478.63105295320645     
   474.34331359323761     
   467.80563092208484     
   461.05396944985426     
   455.51138831686933     
   448.29065161875212     
   444.06322945808444     
   442.47624845052104     
   434.80368428635984     
   426.36642518924242     
   419.05757059318319     
   414.70573253155032     
   411.22271645521300     
   408.64998087857754     
   406.79864890924233     
   405.31331724275060     
   404.03737525740564     
   402.42710878134193     
   400.99596372267035     
   399.49193251700240     
   398.08993589708155     
   396.93479490763781     
   395.18351448245522     
   394.05861196482311     
   393.37537393033881     
   393.89321532253501     
   396.67688205294934     
   400.13632379019464     
   405.99445732135587     
   411.06757382673754     
   412.05100305935525     
   421.09419996519091     
   430.62709517149966     
   429.08933979704949     
   442.29881514103874     
   457.70932150215481     
   459.54088582551105     
   468.24738491773059     
   463.42448975620960     
   473.85246742568722     
   495.85055621184409     
   500.22680226047203     
   484.72490787072104     
   491.56165706167423     
   502.56913123188508     
   498.00715223592357     
   495.35308690037027     
   493.16713599622943     
   488.47333021228673     
   483.56578118751912     
   478.25019767338722     
   471.66074087664197     
   464.00396484587861     
   456.76633007657381     
   449.30831276005028     
   441.67557425523290     
   434.75219176999025     
   429.22613482869639     
   425.68333679506713     
   423.40199113738328     
   420.69776898396486     
   418.41714234391782     
   416.07891793967269     
   413.91514780899951     
   411.70856354084310     
   409.73515716107806     
   407.83841188522740     
   406.34344720266279     
   405.00593821014621     
   403.56282052455276     
   402.33275152173064     
   401.48911617586072     
   400.60062671355792     
   400.85592225711559     
   403.36243463164737     
   407.70155251160941     
   413.03253470913802     
   420.50820787027499     
   430.77847790717914     
   443.41063135079673     
   440.59096946346938     
   435.76808613281469     
   447.84344361135396     
   460.35048480777692     
   462.96962664921796     
   486.47830615430581     
   493.02708714026886     
   491.67007225183289     
   486.02212493383149     
   484.39666611475303     
   476.97757523482011     
   474.81935698617258     
   466.76903276163387     
   454.93364521717552     
   450.82613233129462     
   447.02693911119258     
   443.66968677007355     
   441.15645576199518     
   442.66819466131000     
   452.78285150236781     
   439.28860348118599     
   438.94284278869549     
   436.99342997946667     
   429.73566247064184     
   424.48829594980992     
   418.55298313250677     
   413.54799268694904     
   410.22625253353198     
   407.91477911627561     
   406.13742763300775     
   405.90179452148971     
   404.35132053929607     
   401.76634851161083     
   400.54446707254846     
   399.38553187137154     
   398.14095006645078     
   396.78858017545923     
   395.93051511773552     
   395.03216880032727     
   394.19966572033474     
   393.89028761556182     
   394.41738108910943     
   397.19330143969239     
   400.99237678264109     
   407.41384800177394     
   413.71194093688081     
   421.98487057773167     
   431.54755451727436     
   442.24745361466302     
   452.97181603155860     
   459.02209844947191     
   468.70048647381913     
   467.94820483470539     
   480.55435802737452     
   479.53672893606631     
   485.18409455426109     
   491.96837580178567     
   495.53971056816567     
   496.83651054979458     
   501.95809806705847     
   500.08857420272739     
   499.60120289648785     
   499.42905967886048     
   496.62505411019214     
   495.05783018650436     
   491.04358926646756     
   484.31870600513770     
   478.42522887030873     
   471.12167581740187     
   461.54253611125245     
   451.39713731628785     
   441.52343666799976     
   435.62188227254455     
   428.50792688184214     
   424.30139560577589     
   421.74542847038362     
   419.18575187669069     
   416.84734799534402     
   415.10361392831908     
   413.59062791607181     
   411.40106647778231     
   409.44466780632047     
   407.74145470940118     
   406.29741921739412     
   405.06438013794877     
   403.49669871975749     
   401.90828900347884     
   400.58612071584946     
   399.91900056401943     
   400.30245183343334     
   402.95378284654453     
   407.15797205776710     
   414.77784911383242     
   423.32345188341526     
   432.48532834609273     
   443.40909760029410     
   453.03802188715161     
   462.61671713155005     
   471.13804949580987     
   480.39035187735783     
   490.18591455016212     
   497.69756027472437     
   511.41601221903471     
   518.41298057834365     
   525.04237055216436     
   523.14712465647858     
   524.78730639494586     
   527.89450298753070     
   529.74953005080351     
   531.31287988816064     
   526.65204016056509     
   520.46562701711412     
   515.91964771097025     
   511.49294790494559     
   505.13177282082449     
   499.85330687578374     
   490.91420113189440     
   483.60592475589630     
   474.27531581313337     
   462.22280937612248     
   455.24524875250603     
   449.07953036875568     
   444.09671338105994     
   440.04274904750383     
   437.21446935314026     
   434.57125942926700     
   432.69566901634738     
   431.01715280080771     
   429.31057914055128     
   427.52994149547260     
   425.27608660931583     
   423.12396715979060     
   421.58236840036250     
   420.15005517258817     
   418.93700930071100     
   418.10271114754016     
   417.20549515787957     
   417.12661872763158     
   419.53181622876650     
   424.51480357774301     
   430.93427530274653     
   438.84489084299616     
   447.18431707794866     
   457.09602806470383     
   468.16792854686025     
   478.89524533865767     
   489.30576042048693     
   498.96827323673415     
   505.67704602262398     
   509.85323068651502     
   509.65147286621874     
   510.65993790095138     
   521.63033532387828     
   521.16018115488612     
   525.40467071694286     
   524.93962799237386     
   535.49370626647919     
   529.40656080690133     
   532.64257862502291     
   531.16736960199978     
   525.16802824436058     
   523.16013940898870     
   517.32181900436660     
   512.15773165396809     
   505.16830067260906     
   496.66713110702131     
   488.33285141208682     
   477.88056132400084     
   470.04889508179997     
   462.36070615990087     
   456.35599677526494     
   452.81634863503007     
   449.18298037873984     
   446.18394819144032     
   443.24059840330256     
   440.70339748041476     
   438.35302029717366     
   436.45437307660183     
   434.42657448693745     
   432.34848125797237     
   430.18796783295227     
   428.04133984527704     
   426.19642458905457     
   424.50692084618328     
   422.80443792704483     
   422.56065531255894     
   424.01324536142863     
   427.57290300945817     
   432.38737663925355     
   440.89352906664078     
   450.32405094890333     
   459.20517572777766     
   468.33780098410318     
   477.91542819077426     
   486.14917194666572     
   495.84041850533185     
   498.15590630973469     
   502.97181225008808     
   509.51721717096115     
   515.77902032772965     
   522.73843957572171     
   521.42318554852341     
   525.04522960769111     
   519.83769800784387     
   521.24184315987020     
   521.88205511020533     
   522.86593952073360     
   524.26684537216045     
   526.80080665955825     
   525.21801485769436     
   521.20067527176229     
   515.65372645734215     
   506.27994883758913     
   500.35626847732709     
   491.61768191933589     
   482.52506378231516     
   476.14602800323985     
   470.73262723195438     
   466.51231323939277     
   463.24460745372772     
   460.32314931841671     
   457.37204929192120     
   454.83804666215383     
   452.49704829821860     
   450.15878212071101     
   447.35003957093824     
   444.68596457903840     
   442.91734770615250     
   440.82863346628193     
   439.04311642756193     
   437.70114181877119     
   435.65769899549372     
   435.53809512367383     
   438.29461146960557     
   438.32006961323788     
   437.41067816055181     
   443.42504560672597     
   450.68960489361291     
   458.47769647035159     
   467.20170023464482     
   475.56520848534666     
   488.40515376012593     
   495.95015877109722     
   503.61751036509702     
   512.75027923455923     
   520.64886643882642     
   525.94801403670920     
   531.36453818932762     
   533.74802391410731     
   538.80389828319733     
   544.85627925835195     
   545.17213711820318     
   548.96921172391706     
   548.03123373466133     
   545.78214963228436     
   549.17668581618375     
   545.40201422246184     
   536.72494685180959     
   522.62426315036191     
   528.42590425116316     
   511.54778266743699     
   502.72081586900595     
   500.36948259189478     
   484.08165567369531     
   476.75849096126433     
   470.89278030669357     
   467.44841743910877     
   463.30387130215405     
   460.56127276043662     
   458.25650192189659     
   457.09481371393150     
   457.10986523374334     
   456.62797894948233     
   452.10834798187352     
   450.41986096268306     
   449.16020961787439     
   448.45573399650476     
   447.71219314657151     
   445.45391031854592     
   444.00302869257047     
   442.88470005161952     
   443.85976124451412     
   444.61619825054663     
   444.29450325135429     
   453.45602667312346     
   451.24828747978751     
   445.65818290980252     
   447.76297547680855     
   467.20195375063929     
   476.35619414090309     
   486.68569537749130     
   481.32316223961044     
   484.06068419750898     
   472.73522088095325     
   467.64661207484727     
   487.17316220771312     
   486.67041116236459     
   486.51261120611525     
   478.86185139141492     
   468.69386538771386     
   471.65395975334729     
   482.22069139112085     
   471.12974968365756     
   460.61978592567476     
   475.83686476059000     
   467.39793443931904     
   477.42755408344624     
   476.30701030356198     
   458.95901725004961     
   453.90012928922852     
   441.22092243287807     
   434.88287464724283     
   430.26528134885166     
   429.14842126607709     
   429.32997507084480     
   429.75142532326527     
   427.35167485345073     
   424.32130846478685     
   423.74414046120660     
   423.02516360687264     
   421.34432831995781     
   421.13776662395946     
   418.44990967514707     
   415.72538168292016     
   416.04915685466756     
   415.63525139752909     
   414.81898710354329     
   413.19398059872339     
   412.45759190404590     
   411.19978071594312     
   410.82088665508206     
   410.03968754860716     
   412.07219058654755     
   412.79865512072035     
   413.50957851702987     
   425.85508219187653     
   424.02826254104582     
   432.16095498909721     
   431.52400697382672     
   449.72976296803557     
   442.43416555290526     
   449.53036436612018     
   464.73790335789141     
   465.29501556708954     
   448.86260847578734     
   457.83597326372239     
   463.08684407890462     
   461.06066453342220     
   471.20044609781786     
   463.05557641487815     
   463.52162976112726     
   466.26057438930007     
   464.00725411471547     
   461.19116566900027     
   454.63461844821802     
   455.47397923903236     
   446.22835571759407     
   440.04252801164074     
   436.19750534022478     
   424.08534266180976     
   419.22532903732986     
   413.68493507062470     
   410.85851226524761     
   408.64229782597442     
   407.45099615064237     
   405.17750641643028     
   403.00158496080741     
   401.43027260937458     
   400.00847152563745     
   398.50033565792745     
   396.93001564202740     
   396.53344149567732     
   397.02427497515106     
   395.61893298593577     
   393.97845936553307     
   394.45533175333583     
   395.20213237510808     
   397.03103431931663     
   395.53412786142496     
   394.61385821050482     
   401.30022807497835     
   407.70852493290624     
   406.91627397451265     
   413.65451771783620     
   407.87221510370205     
   413.17959458608834     
   414.55496832566905     
   427.73680994351901     
   429.55682378799247     
   437.07137449517336     
   431.16320295886646     
   426.20045425133839     
   427.49657539148484     
   426.60708431307472     
   423.08974733245486     
   419.18147157395350     
   413.90877004347021     
   414.70552797911216     
   415.56025099792049     
   416.47352271777544     
   421.45227505927858     
   426.27839062402694     
   418.06041140796185     
   422.41197640702006     
   416.38182907365069     
   412.44218867344364     
   411.54321723729282     
   409.40311307808861     
   406.46047534530169     
   404.12323149355018     
   402.36539605316693     
   402.66966930566934     
   402.82203540254767     
   403.52313892837321     
   402.70060302701273     
   402.67091580811712     
   402.17845124381699     
   400.14023086783425     
   398.53350259325180     
   397.17496700725894     
   396.24633658489853     
   397.00329008557770     
   396.71687035747760     
   396.39311634560181     
   396.09198187428740     
   395.67301177630543     
   396.21420641386538     
   393.92070572504093     
   394.55888277256230     
   396.10071202710725     
   396.06184147173417     
   396.76071097505485     
   398.55588734820026     
   398.80622854863225     
   399.73060274583179     
   407.66384903557133     
   439.28765507198636     
   445.79298350765930     
   445.13934636728294     
   438.71358393249739     
   425.81294873746509     
   433.14094882933671     
   440.16057002732947     
   440.27918073562034     
   436.42806472006981     
   425.49406937414972     
   417.55502633670022     
   414.48217628922635     
   413.30968104614010     
   412.18640544309875     
   409.94216976418545     
   408.17221867719849     
   407.82109061273223     
   407.55562274606643     
   407.14199665685891     
   406.46902416981061     
   406.55152345486499     
   408.01492095977568     
   406.09978482780281     
   407.04082869731997     
   405.32397670032242     
   404.51992373108658     
   404.42416867817280     
   404.32373409864357     
   404.24952963682517     
   404.54617159925999     
   404.73084809980639     
   406.98430466172420     
   405.37356918605212     
   403.80508110586300     
   404.99517398144468     
   404.73972497852515     
   404.63464270933378     
   407.00283306429827     
   406.39003441183621     
   406.29095732559733     
   404.68195663197702     
   407.82252128392349     
   407.15775377803516     
   413.89527837345440     
   421.94484832770752     
   422.58822453284785     
   430.97595887446676     
   437.13836086093636     
   443.54283448686419     
   443.49800986212972     
   438.87487887845731     
   429.79633569205674     
   432.39540016450485     
   444.98713299846446     
   451.02883712045519     
   446.18629842082981     
   444.33085462483791     
   452.81254091248672     
   451.32092026457417     
   451.73220738674314     
   457.63052235664890     
   455.61254905337120     
   448.22010049016387     
   439.18685940593008     
   437.86629311946911     
   430.52389354564559     
   426.03255803195970     
   421.21835644283624     
   415.90264475249296     
   410.07188392786406     
   409.39051783259617     
   410.82654157609699     
   408.81274729543850     
   405.13151481753334     
   405.19005738042938     
   403.37406064753111     
   402.33308802782147     
   404.61583253047195     
   405.75043875495084     
   406.08178441982977     
   405.63987969730402     
   405.30596715773800     
   405.61875661973482     
   405.72454578108051     
   405.72647615921386     
   405.67128067024254     
   405.88168171201494     
   408.09762686113663     
   408.38044577228078     
   412.77694008995388     
   416.03904135970760     
   419.05709116989340     
   418.53076967031325     
   421.52811554978376     
   434.62142936817685     
   444.53960967270740     
   438.23427417632973     
   446.58078347784101     
   445.68145643552612     
   446.12604558773751     
   447.20651761171484     
   467.30796816549309     
   462.62970876927221     
   456.83466417402570     
   462.11781500127427     
   457.62283803498269     
   453.51013000572829     
   451.45963463578744     
   451.37393981772112     
   450.95115907420904     
   448.56344594925497     
   439.09940472544417     
   438.31099847017964     
   431.30861748608538     
   427.94012497479468     
   419.50658089254080     
   415.11981137716208     
   411.22382341179963     
   408.60224975918129     
   406.55009345141741     
   405.23422613503629     
   406.17918281372823     
   403.57864834388789     
   401.02898712328800     
   400.52193601504644     
   399.86700235372712     
   398.40129638990084     
   397.54625994671380     
   396.82153991298816     
   395.51855071218688     
   395.39214030109247     
   393.50538823990291     
   392.88381695891906     
   397.00901558912540     
   398.36468212201572     
   399.81288395212022     
   400.42110675133415     
   404.86396982165417     
   408.03818306042785     
   411.71221366984048     
   421.71764946961093     
   431.13132897109693     
   439.16587962839441     
   442.38801314553365     
   457.99527754322605     
   455.62243044857092     
   450.46838654511947     
   450.15162984675067     
   457.29864723793872     
   464.16874410165923     
   469.29291786422283     
   470.76665379448116     
   473.54904969817352     
   467.66195844963914     
   457.70616968780496     
   455.12971806244434     
   457.14792499552078     
   451.20687372963255     
   437.14327963990269     
   443.05660211694197     
   435.00153154348016     
   429.82175980750401     
   423.62652322551247     
   419.89793392967897     
   415.70789074238428     
   411.93632217726179     
   411.29647732988678     
   410.77418768855074     
   409.13284481438217     
   409.06173576830349     
   409.00047325244981     
   409.02391368200711     
   408.71287743174224     
   408.79150218594816     
   407.12636711723525     
   406.21501183094858     
   405.67416542847883     
   405.12930890007834     
   406.54496325223852     
   408.25856545202612     
   402.68651846226999     
   402.36628032665743     
   400.43799250788470     
   399.90399701621988     
   401.31756584409817     
   404.70906181774188     
   407.31407134522937     
   409.89322708029869     
   412.48557078447988     
   411.64705681931588     
   415.40942762943439     
   417.69585433244816     
   416.18717309023810     
   414.85806625588390     
   412.30989633372064     
   412.93247019997256     
   414.25550177047126     
   414.14374658796555     
   413.46850524119020     
   414.11234266463919     
   413.60197293288621     
   412.77346530648452     
   411.77818422438321     
   411.93149945003370     
   411.37461517697488     
   411.69995975826453     
   411.09620966409392     
   411.48080946891520     
   411.06589413851617     
   410.71376424387938     
   410.65843667109453     
   410.10330941284121     
   410.30187740891142     
   410.67917991760265     
   410.77637411456567     
   410.84254825146604     
   410.93331320161968     
   411.02712944499422     
   411.01336988551651     
   411.03434907434189     
   411.49148067515648     
   410.00192569695747     
   407.76280147229778     
   406.74622684055208     
   406.21924450734457     
   405.90920397144220     
   405.73073952655460     
   404.83503749133445     
   405.67066219984389     
   403.91306467478290     
   404.39221654532662     
   405.18469385118777     
   404.98294419136107     
   404.91086279977856     
   406.73588357599272     
   409.31018173986985     
   411.74304388954914     
   416.08140837958626     
   419.65151429788023     
   424.08907713251710     
   421.91528685856019     
   421.63692462773895     
   422.78160795745998     
   432.30519846628795     
   435.10248312705022     
   445.16434280473982     
   448.29172741719992     
   448.58659145357757     
   454.64519754464118     
   450.54461949971596     
   454.12359425858131     
   452.34433883918240     
   449.37373446826433     
   446.20167398253409     
   445.43154459670228     
   445.15809833923242     
   439.07817482196492     
   433.04968293873651     
   425.84072564667144     
   423.62700809008845     
   418.09947512048359     
   410.59891322290503     
   408.54157582652152     
   408.68592321741488     
   410.20315670893757     
   409.54080580949574     
   407.00260896547928     
   402.88989236232572     
   400.09683214791431     
   397.98505776690507     
   396.35156687003865     
   394.96019463053494     
   395.47027065731095     
   395.51031144499223     
   395.41999604531543     
   392.45723658241684     
   392.64902419522360     
   390.90610936193565     
   391.41444465428395     
   394.39638668655056     
   398.57394499288858     
   402.89727665542472     
   400.92025656190970     
   403.03884747600648     
   407.30746109067417     
   416.75146139500879     
   406.67589084460036     
   410.46826571596637     
   415.16871149125302     
   426.21937854045291     
   417.09143399782988     
   425.53904434889910     
   431.85034110453796     
   430.91344854386602     
   436.70679283095194     
   429.69543240811225     
   428.45356098355154     
   418.97955300639478     
   416.55352346634800     
   422.78302832264956     
   422.61878322331785     
   421.27483223943244     
   420.14610834716854     
   416.00600187539987     
   411.27282989638178     
   412.77558599042288     
   404.74970025133996     
   401.05844819596405     
   399.09028969552639     
   395.37230802958942     
   393.71511185808657     
   389.46119047653940     
   387.16096865757305     
   385.44695396007211     
   383.93929373960060     
   382.63862063654216     
   381.42327340081232     
   380.46361122682322     
   379.54051144072031     
   379.17984408115694     
   377.84293349879533     
   378.10666287348312     
   380.34256240433734     
   383.22061114141013     
   384.16961684400792     
   384.26226963744591     
   385.26980387145511     
   386.65997706521961     
   388.34631530875424     
   390.92288360953711     
   406.26764616338079     
   412.77215331358917     
   406.22401252387601     
   422.74672119245730     
   422.34784074786052     
   424.45027962605144     
   429.18412559774856     
   436.77748782648723     
   443.39941643024821     
   445.34746978861216     
   455.59030254178566     
   451.10916649816289     
   450.55809664569631     
   451.81160787122337     
   452.16653247964047     
   454.85335497944078     
   450.41919165548262     
   443.44903145039802     
   433.71875249102590     
   429.29470013034074     
   425.66349549557668     
   420.00951630258146     
   416.99712449886306     
   416.73410628039949     
   415.49991741674211     
   411.27382273526109     
   409.34988374476063     
   408.30229343264574     
   407.56299931673249     
   407.41707872895802     
   407.05971067065627     
   406.43958912214146     
   405.89556459107177     
   405.05260087058736     
   404.33428693274550     
   403.61179656915544     
   402.83458798033558     
   402.10978026760080     
   401.66475725388943     
   401.14299148652577     
   400.73586047495240     
   400.46006758698144     
   400.19894701641448     
   399.89997598745759     
   399.72043278313151     
   400.34988028571809     
   402.17710063051737     
   401.62099652874588     
   402.88518780874307     
   406.77305344269479     
   409.99224213396644     
   406.50831859843896     
   407.25693553808372     
   411.45879040901241     
   414.91454795030319     
   418.09121701885283     
   416.11643555433409     
   415.48890512615986     
   420.40675267995687     
   413.84349406701438     
   415.54847098105228     
   414.31572284466068     
   412.65973709940448     
   411.94978712427849     
   413.02928709853785     
   411.28402587167739     
   412.93473923206869     
   411.95355828041369     
   412.33912337398345     
   413.30369358408933     
   414.27886926523860     
   409.80999172851836     
   407.95693645961262     
   405.92267475891822     
   404.28465425928681     
   402.75202645693480     
   402.56964611636647     
   401.99154507533200     
   400.96739277518810     
   399.81586618366623     
   399.63508052854843     
   401.02220617909006     
   400.94764762322603     
   400.90233889190989     
   401.24056506764191     
   400.82680537745176     
   400.91472215244823     
   403.55966005572782     
   403.09536090338838     
   402.67514953583446     
   404.97578867333112     
   408.13447712059042     
   409.72072044250581     
   412.29630648471658     
   416.31008313455584     
   416.89432497295866     
   418.02798756270823     
   420.54508565319429     
   418.85242264398011     
   419.75982657668129     
   422.96568535375627     
   428.84963916880895     
   433.06527143049487     
   421.83396468129087     
   416.84440716542906     
   414.95192077113529     
   414.10538801061580     
   412.86173624760556     
   426.49732342843532     
   425.10919309971672     
   414.53872150108771     
   412.80556306438274     
   411.77697368457046     
   411.51520541251273     
   411.71467182390285     
   411.19378149871977     
   411.41799833662861     
   410.51023983473016     
   410.19801678676816     
   409.92449732553553     
   409.52421152713521     
   409.03720837279701     
   409.06583875977077     
   409.13769905311045     
   409.26840727712374     
   409.41575458663829     
   409.53899370950336     
   409.69453547342522     
   409.78145946611949     
   409.90037038410247     
   409.80155481130959     
   409.60073261052918     
   409.45066528882455     
   409.33272042818709     
   409.15572380252951     
   408.92984793372477     
   408.34795159439278     
   406.79403760523434     
   405.32241334935611     
   404.39570433133525     
   403.35780104529368     
   402.96753928346345     
   402.27091807279214     
   402.84631754565521     
   403.71990697051507     
   403.13468711464719     
   402.33424600435023     
   400.95671165437949     
   403.63158048026338     
   413.03597094722227     
   416.09176681845707     
   419.27402444432192     
   417.93276533425410     
   423.05364949718916     
   423.36863608053324     
   419.47177843161575     
   424.73906231489627     
   432.94778100072375     
   447.22028678665993     
   442.30278295346585     
   447.41941873371144     
   451.60420158171604     
   450.62128285388150     
   447.02521102365421     
   443.28899033381987     
   439.43878789254518     
   430.58032341215392     
   425.15850528821159     
   422.47704897064801     
   413.72796846620247     
   407.26791079952238     
   400.83993585457642     
   397.15401583389053     
   394.89202153241303     
   393.13640563053048     
   391.62153171015223     
   392.26234731100772     
   391.54926009188983     
   390.15033728994558     
   387.55511235625062     
   387.82198246320706     
   385.27714589040812     
   383.67385719474510     
   381.53296661847406     
   380.52010855997179     
   378.99916696351232     
   378.42341105751495     
   378.15496408658481     
   379.72184469278386     
   384.13192143439096     
   391.83022100758512     
   401.01875692838627     
   398.28437747982565     
   404.87694705624170     
   426.64118258802029     
   433.92666299525536     
   424.77514093524377     
   419.96759377523654     
   443.69214518690711     
   457.36100961989035     
   457.44479520649736     
   456.78490175733634     
   465.50108691988760     
   471.73999965561939     
   471.96930495837609     
   472.85412735551722     
   465.37969952049377     
   459.32974994164363     
   460.57524582934599     
   448.58341534679363     
   444.50189592973021     
   451.26407099281079     
   449.76371116498916     
   442.24528136918133     
   437.33019393941436     
   434.41543205808705     
   426.86979728126482     
   417.97607065891685     
   411.06166436547193     
   405.13649577547653     
   401.48500090670598     
   399.08887079539591     
   397.13439619629742     
   395.34671472580720     
   393.94559966663161     
   392.63556129346864     
   391.28526227107477     
   389.91626443352459     
   388.73525908581439     
   387.56672655307256     
   386.58865661044831     
   385.51705237013488     
   384.36278646093297     
   383.41157522274284     
   382.66613872966400     
   382.04808789438664     
   384.02507421648011     
   388.63466000446226     
   394.52848998747999     
   401.54607062996212     
   409.43993716840686     
   419.32041731093864     
   433.46987070043434     
   443.47458771555034     
   458.12334951323788     
   470.80085777804436     
   477.93361586740326     
   485.86584908073723     
   453.42447272636866     
   457.50372657504238     
   471.84174075102595     
   448.01296388812659     
   447.93349477588890     
   461.97209984622555     
   471.73164694551974     
   456.61006243828172     
   448.30919150864003     
   447.30237782354874     
   448.56883682705171     
   449.20608195272939     
   439.18139122380865     
   436.77693120728304     
   440.60290788204014     
   440.08642405120440     
   430.24977159881001     
   421.77903433625744     
   416.86648417380468     
   411.91541568577378     
   407.83712990037810     
   405.23263008495542     
   402.92727431374016     
   401.12440897642466     
   399.47970011088643     
   398.24948451919073     
   396.95728412689556     
   395.60013670097123     
   394.23449606573064     
   392.69961739338316     
   391.43918065672091     
   390.44820725966042     
   388.81283936715033     
   386.87114945759396     
   385.67128488189587     
   384.93588051064995     
   386.53816340518279     
   390.76910561876258     
   393.22500283079000     
   404.36149665035100     
   414.76068413185078     
   426.39144757635239     
   437.58517021521897     
   449.66474215565842     
   455.32811859731089     
   468.95487120948883     
   478.74722037342997     
   488.05814467978973     
   496.13090125689661     
   503.39873375070874     
   511.25431359248421     
   514.00903408799979     
   505.81549392144257     
   514.43845845441297     
   516.37079811170440     
   507.64390823610296     
   505.17264298568790     
   501.43985725658871     
   497.42918102964876     
   494.30644952631548     
   487.86362798413728     
   482.35303424580911     
   467.83709977320723     
   457.65711124578047     
   450.64897531712251     
   446.22065194169238     
   443.23359872695562     
   440.04430505681279     
   437.17721689848662     
   434.91987492740060     
   433.54386498259288     
   431.38291813286492     
   429.70863843634316     
   428.92106336744047     
   427.97600377600389     
   427.01660365644761     
   425.19497182017136     
   424.21181461348266     
   422.28607586537049     
   420.95978051687945     
   421.07036340182168     
   420.60861986527436     
   419.16260486491490     
   418.43273188318562     
   418.17693826689748     
   417.35840835396669     
   417.69035574784215     
   420.40889219914709     
   424.93314880616748     
   425.62667318275157     
   434.73387671976303     
   436.70220702652699     
   432.11827826811538     
   426.81774618754594     
   424.13418300312929     
   425.52841292408147     
   430.93945630904921     
   429.14421090982387     
   428.83705561286854     
   426.51390513871360     
   432.71159565798587     
   433.58049680289105     
   431.19182373361559     
   435.91465673410789     
   438.24227589384810     
   430.20969406919107     
   440.57419465149906     
   431.49176728461418     
   428.78027854196597     
   430.32915208944939     
   430.39384132386306     
   424.90952287762883     
   416.72608584121798     
   412.80176256452199     
   408.42520386203199     
   406.02681858689408     
   405.17308246730892     
   403.07998736237778     
   398.18868036843571     
   397.48764720499508     
   395.00794132125492     
   394.91776886435042     
   394.50493326424726     
   390.41941689546900     
   388.65219255740698     
   387.16146917654549     
   385.57610008217216     
   385.50310221347638     
   383.95704651032077     
   383.08555298581615     
   382.31373337425458     
   382.73635518317121     
   386.27480749572123     
   391.44641964659684     
   398.77696862691312     
   404.06537191170673     
   410.08665043414004     
   417.79811091963518     
   432.51003617632409     
   430.37576002476169     
   426.32811561820182     
   434.02039926727815     
   434.54024187506786     
   442.76635105739007     
   440.66756983001017     
   462.06363741082868     
   459.92992607710227     
   463.83735820762325     
   462.45916665978990     
   479.64385447058368     
   478.93899080193478     
   483.00841570269455     
   477.31464767522772     
   481.14822462009522     
   462.02093482747534     
   458.51838492203922     
   454.48534093715580     
   449.53264924683469     
   447.27078493794977     
   439.02840246996317     
   433.12764616630125     
   427.16846074261861     
   423.20414607219664     
   420.46163921381645     
   417.43087290852958     
   415.26649693376567     
   413.79358517656527     
   412.88206089524067     
   411.97924110696022     
   410.68236282958566     
   410.57687595415251     
   410.07444848397722     
   408.61463759584797     
   408.82424580859703     
   407.32610168616435     
   407.39056799088286     
   408.03105013052908     
   406.72135580349561     
   406.62795038834605     
   407.76733419239770     
   409.56980871722305     
   409.52831732098412     
   410.30057967356743     
   415.06563645785968     
   414.28259603224342     
   415.45974330291381     
   418.26476696101957     
   420.48295150466731     
   423.75649997493281     
   439.61480765089419     
   424.28100480552911     
   427.77583110924758     
   434.95706102622250     
   439.45575897926659     
   427.36271047353677     
   421.87911239958538     
   420.74023036228334     
   430.06516365498720     
   461.52209101387842     
   457.71009759380007     
   463.60540630982393     
   457.21622007655810     
   457.72634359911893     
   456.17812473080249     
   442.11254309982002     
   431.94085228504633     
   428.24734823311479     
   426.03932234988940     
   422.82369836353143     
   418.48875324775071     
   415.53515174332080     
   410.09441555502997     
   405.68588805976583     
   407.21016837551934     
   408.84681493869192     
   408.91800065128569     
   408.50932472558441     
   408.40050248576313     
   407.95711050747286     
   407.37565283505870     
   407.04151240341946     
   405.88332398831506     
   405.63003524091852     
   405.45203871527360     
   405.22466004309848     
   404.62279355331498     
   404.46542019732749     
   404.53278761293456     
   404.23048402740795     
   404.62602231721030     
   405.72659213486963     
   407.78345238861908     
   412.43614959931654     
   419.36094268899359     
   426.98334724271405     
   435.44596780517577     
   438.69286200572031     
   447.88397043374391     
   446.41509969445752     
   455.40713222637277     
   453.50816263352743     
   448.38159691636690     
   454.54354139708499     
   457.11303627540093     
   461.10150833786366     
   460.73506622267615     
   468.66250038398204     
   471.54358849869112     
   470.36837255963241     
   471.00887341541437     
   459.24634391783258     
   457.05525311810879     
   455.76822583555958     
   456.08473571918717     
   451.64186757516040     
   450.67924753550028     
   443.97660809799817     
   440.90033029463035     
   432.53319279737627     
   429.18449289724526     
   424.96928147576347     
   422.28371990864900     
   419.96770796644813     
   417.78728302460399     
   415.45313318410484     
   412.76406945671249     
   411.44075679193963     
   409.92734411782743     
   408.63099241155368     
   407.54376036532824     
   408.92895687213138     
   409.07685068373570     
   409.44514567162526     
   409.17266992453028     
   408.90372620875189     
   408.37609588679209     
   410.28995704044416     
   411.00231029924151     
   415.89426734872063     
   417.05654818591211     
   424.96391036248042     
   428.31053917558842     
   439.56118702467739     
   443.04302625164053     
   446.81560540159819     
   449.21318077794882     
   466.07607321694081     
   470.41993242433949     
   473.11235449424458     
   475.40068429901930     
   475.85778323002063     
   477.19828558889554     
   482.43938934135673     
   485.79442103745663     
   485.58507115655959     
   486.78702687421645     
   480.26514381193215     
   479.16183092216903     
   478.92246207443088     
   478.36436512497352     
   463.17634972557482     
   458.08889880474038     
   452.12040377531326     
   449.42752365453345     
   444.80685932865759     
   442.73601203967837     
   438.87893899387075     
   437.24427066153186     
   434.72000688383480     
   433.09845447153691     
   431.04488720896683     
   429.38294084429299     
   425.63843852727751     
   423.23253858542330     
   419.93919868642297     
   417.64516896961368     
   413.79480387656264     
   411.31269937788181     
   409.57184757546310     
   407.79885586688243     
   405.29801041932365     
   403.38275171371259     
   401.23864342898906     
   399.79333367719994     
   402.26823175805129     
   403.77552343481858     
   410.92796060398064     
   413.26287968138109     
   419.99627246572663     
   422.49067810629788     
   431.10760615433588     
   432.91607694028880     
   443.71031369818525     
   447.37265970462829     
   459.80688435037519     
   464.82413896098961     
   469.39325983982803     
   472.35433118746079     
   484.50794347056927     
   489.45304742314414     
   488.77872704865683     
   488.84997762052683     
   484.79670527393961     
   483.35236584150221     
   479.19285872196298     
   477.42067348785241     
   462.53622690316479     
   457.77360955739834     
   453.57500647225953     
   451.34106274112133     
   440.73199357970600     
   436.72802741842889     
   431.18139596494569     
   427.96345716892444     
   424.56801658475632     
   422.88479489830667     
   421.19671126771908     
   419.85445589734570     
   418.77551865432804     
   417.91867658057328     
   417.35822163254431     
   416.79023597311976     
   414.94011983115706     
   413.95614477249029     
   411.35329000518328     
   409.78755666359763     
   407.65698539361455     
   406.13839689265251     
   401.58053638425400     
   399.08444616189610     
   398.29192770021791     
   397.03870775551837     
   398.75854178225455     
   399.02512204952302     
   405.51300194862745     
   407.13920398319181     
   417.24590700037504     
   420.09299672551816     
   431.33358763552644     
   434.63609355288827     
   440.32478663328004     
   442.74810614910689     
   450.50865294812621     
   452.96568963851871     
   456.25676493940608     
   458.32651842631316     
   456.92698093969256     
   457.35398028661513     
   464.30456600994478     
   467.44829439015780     
   467.66729646315963     
   468.89469674792861     
   463.12309091155578     
   462.51335233661888     
   459.21143978826296     
   458.82184180269024     
   450.25114478771673     
   447.94676139942783     
   438.62684585863684     
   435.58998421081822     
   426.78781913055701     
   422.81027519929063     
   415.48643497475825     
   411.86360537323657     
   408.74455209322707     
   406.01544402865170     
   403.35497052562414     
   401.62003452183831     
   398.98596101507547     
   397.00128675439095     
   394.70879072073024     
   392.98991516431948     
   392.25760905928422     
   391.02257227711658     
   388.92618607942097     
   387.13950192614885     
   385.14846924243227     
   383.80595718356443     
   382.93319149478265     
   381.92276456784555     
   384.28756376010097     
   385.89432689582185     
   395.10283765625934     
   398.46901742684014     
   407.74793650419491     
   411.44565830283176     
   425.09434179608240     
   433.80487558562061     
   440.53326368908648     
   441.74270939016714     
   448.45539212744171     
   457.37306594229216     
   454.60225325057365     
   463.24993831669519     
   465.06100229476147     
   464.26959145869222     
   466.20544051964686     
   471.26927651778982     
   459.61296315153947     
   460.77694272407427     
   469.16075188529652     
   466.79487076792304     
   466.05269913561062     
   462.96964517130186     
   457.60840843070002     
   451.27454225756338     
   443.23734228686737     
   435.82033521487119     
   423.90561347419543     
   417.56406483365282     
   410.50854828519334     
   406.35371855516104     
   404.02880289277311     
   401.92706702625355     
   399.99510572179810     
   398.41907433747417     
   397.15086817336930     
   395.55239029996096     
   394.18476802744260     
   393.05507322168876     
   392.06524812422839     
   391.16463475267523     
   390.17712889400048     
   389.22136840922411     
   388.58322320166741     
   387.86428143440065     
   386.89294413280680     
   386.30700034582304     
   386.41546278548793     
   389.62742624361641     
   395.15395596852176     
   401.70505071359895     
   408.77531648411320     
   419.61335145030449     
   426.11670525369527     
   439.94444387441951     
   461.28088672158418     
   465.22491365890829     
   473.82279359184821     
   460.17644545957234     
   476.42716734174905     
   492.24178163935062     
   489.83255265092777     
   483.29497328795765     
   474.01880073493112     
   470.24355832814302     
   469.06377301765627     
   463.73282557209768     
   470.84319530181307     
   457.02819918551688     
   449.57584206380267     
   444.87847098675809     
   455.86310303393651     
   451.47652711860212     
   440.25211984951807     
   436.62035212549216     
   431.79091346320297     
   428.15793604253003     
   421.83482482577176     
   415.51697689769156     
   413.14758884090281     
   411.97047716073234     
   408.85406713674428     
   405.53864630020081     
   403.70637286914871     
   403.07356646082235     
   401.93436311959078     
   401.32072294896955     
   404.29427755479139     
   404.07228932724706     
   403.43485164394582     
   402.25742434213754     
   401.90936606093288     
   401.25480334795441     
   400.22671064983990     
   398.46104078735658     
   398.13452399489614     
   397.95078073174204     
   401.21280798567852     
   404.86452466985259     
   406.25647910312176     
   415.65595717965545     
   428.84590034586836     
   428.84501844274200     
   439.37529889374088     
   455.13278262193933     
   444.10613163263190     
   448.94601187136112     
   453.79592041431022     
   465.33216081625659     
   471.75137840605646     
   471.94100508061535     
   468.09359897437616     
   467.45244691746211     
   472.87346288279116     
   474.95574726402191     
   472.71206475380359     
   466.59276542097592     
   462.92035267524869     
   459.10397560152575     
   457.55548357258704     
   463.01679849796579     
   455.43204361215345     
   443.48559848383206     
   441.32427286373695     
   433.58480228417358     
   429.54829257749873     
   425.13810465198850     
   423.44178159601853     
   422.44180884060847     
   419.81694177498917     
   418.01506745689471     
   416.21222424954902     
   414.93548620449019     
   412.16325823830056     
   410.59825434161593     
   409.66182548488462     
   409.38138152242203     
   407.81106890820774     
   404.97733265193472     
   404.85406367594396     
   406.96146511118519     
   407.64828973597196     
   407.81225058338174     
   409.21563485041179     
   410.74365057514751     
   411.94982571266416     
   413.12576907644382     
   415.13710386966403     
   419.66948251434667     
   420.96618652711021     
   431.56872182285127     
   432.86081006192273     
   441.91872268553180     
   435.49808938428527     
   444.20946062139996     
   449.08058234031239     
   453.63615917565664     
   455.16014467309878     
   450.23085374294254     
   448.91027746298369     
   440.78149019999188     
   440.97247888782852     
   456.23862530990158     
   464.55565468825483     
   471.31462916539647     
   462.56529982919437     
   462.81805880743002     
   458.01371875360138     
   457.49360484398051     
   447.94898178300787     
   439.31584410103488     
   434.11913420045494     
   430.11616848154131     
   429.21654272133770     
   423.63388248370438     
   421.46053148075686     
   419.71956443775235     
   419.79035563864250     
   418.44877435181832     
   419.32798411033286     
   419.19413701566822     
   419.49809869668258     
   419.29985796072054     
   418.03146955990223     
   417.34893661341368     
   417.15982449754682     
   416.66833506773116     
   413.72697564307350     
   412.03324731782317     
   410.17149159512633     
   409.00250313671557     
   409.92368615022036     
   409.67269764748335     
   414.34367881069608     
   414.62180347944707     
   419.22716111084009     
   420.69112666670020     
   424.18251548726300     
   424.84069954748594     
   426.79548123528434     
   427.10623763163767     
   425.54774201558740     
   426.26349032767126     
   425.76402646912095     
   425.37339041410132     
   425.12068276128946     
   424.99447605879931     
   434.61232314118001     
   438.05718968110648     
   439.81386289189930     
   442.14670237024689     
   445.74031038055665     
   447.96858186497280     
   449.97760772335334     
   451.92745224957207     
   446.04802424410286     
   445.04549875077856     
   437.14547665647518     
   435.34170909136645     
   431.66134204989572     
   429.71731749695141     
   427.87507398861072     
   426.85960819865880     
   425.83401673262250     
   425.04280194043389     
   423.90735199739424     
   423.12961191284427     
   422.26261286600351     
   421.54802215948069     
   420.99870293970446     
   420.17661115896829     
   420.26882858574169     
   420.01085629481901     
   418.90950790610600     
   418.27146988229975     
   416.83619743141264     
   415.86794568080165     
   415.54628078980073     
   414.95358178615783     
   414.25870113913095     
   413.77806134729656     
   416.08744566539718     
   415.67953186141830     
   422.36240315515693     
   424.02396942291108     
   434.75720299091722     
   437.37179947364581     
   445.64630179637999     
   448.15486214659381     
   450.53089276214155     
   452.10138630936638     
   461.17969340997257     
   464.30842373183827     
   463.94325335090883     
   464.93914449488119     
   470.30360160864399     
   472.19562550558061     
   469.68765353050424     
   470.04360862783273     
   467.07264281474085     
   467.22141765228798     
   464.39578609659912     
   465.15511119118719     
   456.05184074549044     
   455.09819426767433     
   447.32736303495994     
   445.65432579689224     
   436.55826043704928     
   433.00276984662923     
   427.25170511619672     
   424.09883018754579     
   419.63445905776155     
   416.80659210953240     
   415.71296715636197     
   414.15539905596961     
   412.96570857559237     
   411.67182173627941     
   410.18843408043921     
   408.93579335198245     
   407.86138589893460     
   406.65673844251455     
   406.06704911542477     
   405.23650473996895     
   404.95558432954880     
   404.46979932801014     
   404.22690140039595     
   403.76941985602991     
   404.30048200155551     
   403.93249157125121     
   405.38559210004303     
   404.81402209038828     
   407.02428158421844     
   407.83455558169322     
   414.26106415723353     
   415.59595790735818     
   422.28615801612676     
   424.55048433832133     
   440.92062664909218     
   445.86991601028336     
   454.48617832826341     
   457.54397695757928     
   458.62525917433544     
   460.68271932880168     
   448.96006608823041     
   446.51037476444588     
   446.58060495341380     
   447.47336281894843     
   456.33605999153758     
   461.71314740966551     
   461.52607474902783     
   464.34959712540507     
   461.43433955236912     
   462.13858261972064     
   454.58488310209134     
   451.31270914655801     
   443.57121548746204     
   439.85866771561075     
   433.89795802007109     
   431.79858513401922     
   429.77712819963278     
   428.65418869453731     
   427.36832818807164     
   425.44855585256801     
   422.41908537344693     
   420.92432999821574     
   419.29007574904062     
   418.28241582657347     
   420.91756926895175     
   421.46475971582004     
   422.58889439845950     
   422.68318423788605     
   421.53443404692393     
   420.51656690220273     
   417.48414983007672     
   415.71027823603436     
   414.60576183702011     
   413.29028472199047     
   414.68090214877151     
   414.20012878175964     
   421.79622831567724     
   423.22165213330919     
   432.35460696757082     
   434.26371346207441     
   435.04252292227784     
   435.73066958239241     
   440.19220221543389     
   440.82025400467160     
   445.39778249593024     
   447.12376100440497     
   453.94719197786043     
   456.47425763876862     
   451.06009823376814     
   450.21969008852057     
   452.75713131745317     
   454.20365685141957     
   455.53795257724408     
   456.58568646161422     
   446.11156656919553     
   444.26242264317216     
   437.41675158262365     
   435.88325948515592     
   430.64740050485278     
   429.98290139911160     
   422.63361633396789     
   419.91688966921731     
   416.96741314807559     
   415.52909463311028     
   413.24969077933798     
   411.71180947821699     
   409.29018914096878     
   407.58542603509466     
   407.38549239437941     
   406.78211882049516     
   406.01467810689456     
   405.31024501423889     
   404.52051301686271     
   403.79067868474863     
   401.23444137001417     
   399.59762552512763     
   397.87455622201236     
   396.44990574998775     
   394.97287706935685     
   393.57678679370912     
   394.29676805424248     
   393.89710588662587     
   402.39483968484353     
   404.69031920077822     
   411.32848400947057     
   413.55713154785457     
   422.58187845184329     
   424.75161966357308     
   432.40171637267366     
   433.59192539254263     
   438.74557192591124     
   441.26441241505671     
   443.69552028919048     
   444.94405553960365     
   444.50218803343114     
   445.31488423733174     
   448.83307869554733     
   450.27823955981194     
   445.18235678413293     
   444.66284659234236     
   439.86164832073479     
   439.11863798030492     
   439.41655086540169     
   440.16540945475634     
   437.56329381069668     
   437.88813131526905     
   432.16601542508317     
   431.55472445029869     
   424.29006407067016     
   421.10042597831671     
   412.09267371182148     
   408.21291618639992     
   405.46695643561850     
   403.51776868127342     
   401.83445485056171     
   400.25432175824790     
   398.32920840926442     
   395.77739362055416     
   393.89440950375473     
   392.34608428688568     
   391.15189069721845     
   390.00752174331495     
   388.89296586178273     
   387.88928074198077     
   388.75010644945581     
   388.67788631118486     
   390.86233794791940     
   391.45995443134251     
   393.74704245861534     
   394.45040007495163     
   398.69103250139619     
   400.13337884586105     
   406.52938632325464     
   409.75624685272345     
   427.27492950232505     
   433.36489219054846     
   448.67021249105738     
   455.25376547831900     
   467.60756668018121     
   472.97148024566189     
   483.31122936415113     
   488.94223328255322     
   497.02417859781286     
   502.82748744294543     
   507.20573914652152     
   511.62044572218622     
   512.14530085957995     
   515.13706370251009     
   512.07058892697830     
   513.60869746308867     
   507.30946134549589     
   507.50467955370675     
   496.23028702014727     
   494.38310148756483     
   482.31681345059451     
   479.26229557638356     
   465.95916995204709     
   459.16056496600675     
   448.73806597792554     
   443.00527393604233     
   438.10066492399881     
   434.39039933704328     
   431.00077151230738     
   428.01744674878120     
   425.67308186810010     
   423.64924311235882     
   421.58304073285615     
   419.79759567236647     
   417.85025377794614     
   416.11142796138682     
   414.21321313363040     
   412.48179866645938     
   410.81468788957324     
   409.48444548836812     
   408.21585015360364     
   407.03423801611348     
   408.23617261616124     
   408.58053778093137     
   416.86952838421416     
   419.74875185697107     
   432.73843097645749     
   438.19150020603234     
   452.93173183522691     
   458.84009798732143     
   472.74040645577446     
   478.71621555074483     
   490.85215102458875     
   496.14645666219729     
   505.70450792558540     
   510.57849412738739     
   517.03817321929148     
   521.29343900233039     
   524.65025389053983     
   527.79043951353594     
   527.29913113086945     
   529.30461001724802     
   526.00102685441766     
   527.53397495105582     
   521.76228928900923     
   522.28422375044499     
   512.16117927117250     
   512.08204627326597     
   500.05132010895352     
   497.30344773046187     
   484.23271832767716     
   478.22908064898013     
   469.35984561701588     
   464.90870439749335     
   461.97905027716746     
   459.78274834459484     
   458.44808386516331     
   456.61952269555479     
   456.23184921730990     
   454.96409686786444     
   454.19912832052330     
   452.76628378203179     
   450.50799822983618     
   448.57809375153460     
   446.21211114245563     
   444.15308677704206     
   443.61449089427362     
   442.41944533407951     
   440.84472210260759     
   439.25436105213720     
   437.46544839480509     
   435.97563257485774     
   441.06473829997805     
   440.81304263722660     
   449.26581673234801     
   451.70670007224777     
   463.03982180993358     
   466.00499931972786     
   476.84575704860703     
   480.34504910306902     
   492.30543245650136     
   496.66914770844380     
   502.75945722807410     
   505.49945576055495     
   507.12388255018948     
   509.26217851851419     
   506.01503565759151     
   504.51312989092645     
   501.69696818919545     
   500.09570707984813     
   494.07417982598372     
   492.96801927064951     
   489.13177281028470     
   489.15403509358896     
   477.85449036976746     
   475.34380131563830     
   465.35421831557221     
   462.88631284803739     
   453.62109512896131     
   450.28721500804568     
   441.68791628295901     
   437.82522011111791     
   434.22955167501362     
   431.14895328803755     
   428.47645204374470     
   425.24728372219312     
   423.22803337117000     
   421.11200029078947     
   421.31149582776328     
   420.80823681864484     
   419.27812165770598     
   418.01095043535901     
   416.56506141199577     
   415.22207415472667     
   413.81101801326707     
   412.47500166051634     
   412.01076281410383     
   411.24598743981340     
   411.96772944504914     
   412.12516095855784     
   416.88298285718020     
   417.89970049699673     
   426.52445357789628     
   429.19748296937905     
   436.02076218872207     
   436.99090404326631     
   437.84998767221941     
   438.55774135211465     
   447.97610788321413     
   450.92511407863958     
   466.06214681347558     
   470.75523574342827     
   477.34902239984461     
   481.02594168121158     
   482.30584701295260     
   483.65720583386036     
   482.50606335677213     
   483.74335681309128     
   480.50546131126697     
   481.69529924024494     
   475.62292587952868     
   475.40692102316257     
   464.13446770888078     
   461.96566270579473     
   452.00763427052988     
   449.91492025345065     
   438.67861513768651     
   434.01667360147798     
   425.94692609338603     
   421.38538136645474     
   417.46277441209992     
   414.81459008563655     
   412.54163392377183     
   410.05744678845059     
   407.27719656698031     
   404.33651374424187     
   402.13122513690138     
   399.77862603255210     
   398.91987451437836     
   397.84577683315723     
   396.30452925481779     
   395.07490770470963     
   395.08969300452492     
   394.91297790330964     
   395.02561778499421     
   394.97355595215276     
   396.63624705552036     
   396.90631386149624     
   401.42604577444968     
   402.78388725738546     
   412.22777317983162     
   415.68527943718453     
   427.07896326653412     
   430.98041620433276     
   437.85445098828899     
   441.12353470483424     
   448.55730574534169     
   452.39078174153695     
   454.51505039702698     
   457.02216865859174     
   462.03812962692291     
   463.56242427432738     
   462.96818200743132     
   462.48975390437744     
   460.59938027893037     
   460.31632605107990     
   459.36463799533971     
   459.34643151604308     
   451.72520300827790     
   448.94078960970597     
   438.72817481311353     
   435.90606069259218     
   433.39652044673721     
   432.77937092371712     
   426.10824905282777     
   423.30367571781494     
   416.82336734233508     
   414.19594486610430     
   411.41395639963326     
   409.43648265533818     
   406.78768111441042     
   404.61252867600081     
   402.45525421162489     
   400.87246618557987     
   398.64517354327114     
   396.88460723438072     
   396.53503188266836     
   395.34773070077551     
   392.54476803371682     
   390.66505641603464     
   389.84295677765681     
   389.04461400149813     
   388.19131895652669     
   387.23444138684880     
   387.20677126920731     
   386.67222960573429     
   394.46776900879939     
   397.17717269110119     
   408.86442618159884     
   413.36482352198834     
   428.07647436123727     
   433.21702004841285     
   442.76495610235082     
   446.96189097796309     
   460.12077959523032     
   465.34405821669191     
   475.46901028395553     
   479.22489651100193     
   484.55615099260837     
   487.16067361027649     
   481.07474824527202     
   480.85950444738330     
   481.87369646204735     
   483.60694577703623     
   478.86393517156660     
   478.48416146618968     
   472.46043935239237     
   471.91717549497992     
   462.66366468055924     
   461.32526911573586     
   452.79627419508671     
   450.69417021489244     
   441.28557535441865     
   436.47569718460358     
   429.13521780232554     
   425.48039254509393     
   423.10143407656187     
   420.96569195237083     
   418.45627334366077     
   416.56550328446031     
   414.47192370162554     
   412.66964993060049     
   411.17784675217149     
   409.84582147851324     
   408.59979969080200     
   407.50048142815132     
   407.66444092856443     
   406.98540531335169     
   405.06889805978943     
   403.86856345761294     
   402.08589727108119     
   400.67431719400736     
   400.92512624379373     
   400.39614998843990     
   406.58264643542270     
   408.12213584320654     
   418.29265496141016     
   421.90142837584881     
   433.32718396231252     
   437.52693576502389     
   450.67417498532888     
   456.49875177632214     
   465.66899553621693     
   470.82375422975650     
   481.10099792042007     
   485.56410187327208     
   492.66338887208690     
   496.93922595623081     
   499.93209519929366     
   503.50987839475391     
   504.20369003014991     
   506.94987343642100     
   504.25503300911782     
   505.61566019451271     
   499.92306391372671     
   500.42014669724472     
   491.39311839159205     
   491.71312201280364     
   480.13063296156076     
   477.67930704541021     
   465.51887616251065     
   459.22092753664424     
   449.90770279892712     
   444.44491310709691     
   440.93970119000846     
   437.41845135232666     
   435.18520247455621     
   433.08125292540336     
   430.56925929646997     
   428.24341715212080     
   426.65949265318591     
   425.08167168963843     
   423.44568241480670     
   422.08136079420501     
   417.96600301188863     
   415.17116246555230     
   412.58267278733717     
   410.49985263599348     
   408.99659292595686     
   407.70796160258095     
   407.81953308581211     
   407.76420003482349     
   416.14410511534396     
   419.41567905636026     
   431.30690882182068     
   436.45134539649149     
   452.17145875483482     
   458.12188307998099     
   472.49157438964056     
   479.27705298847337     
   493.69203696218483     
   500.18848594581368     
   510.82212886938862     
   516.22652727261266     
   523.01748022619608     
   527.89558111449867     
   533.70416930188514     
   538.45000988887375     
   539.16943605510482     
   542.64534899685350     
   539.41360002223507     
   540.85291073880296     
   532.68459067995423     
   530.74660581084436     
   516.51406618877434     
   512.56198920685222     
   498.35750602778643     
   493.16719724112795     
   479.96695214197439     
   473.25532875270648     
   464.63847827806774     
   459.17059765397391     
   454.78897000067565     
   451.40552054676078     
   450.77187717407088     
   449.38177269526926     
   446.87300050802372     
   444.86092753612991     
   442.48531230282174     
   440.53297569317738     
   437.41039602768706     
   435.28231874929810     
   433.30188290661721     
   431.64788152858534     
   429.82800247337576     
   428.32639293884330     
   426.68203893880553     
   425.19842452664062     
   425.02988966517051     
   424.42059748277387     
   432.42181822886027     
   435.45335365371261     
   448.71481229838554     
   454.47873188643990     
   470.73508983186491     
   477.45557773137818     
   493.81078929037324     
   501.41360999132786     
   515.81431605548676     
   522.41753769204547     
   533.83860087265612     
   539.70130644500932     
   547.28051800111632     
   552.31856744601305     
   556.47814911381511     
   560.88798990008104     
   560.92839901587433     
   564.15890376183302     
   560.43551110576004     
   561.81772431238051     
   553.73924168565998     
   552.91204077468035     
   539.89960095056085     
   537.80270047416195     
   522.62998508284522     
   517.36943171958978     
   501.36644109062507     
   492.16581594727421     
   481.33340086490261     
   474.87114619643734     
   469.68099690180725     
   465.45939473490330     
   461.83911876251005     
   458.71342165763900     
   455.69712112570932     
   452.93066431746485     
   450.12813323366254     
   447.71860292481023     
   445.13974364732093     
   442.94640863315595     
   440.70749058056748     
   438.70054826635470     
   436.38232354895342     
   434.26697199396239     
   432.10570336598744     
   430.09226069308301     
   430.07784280965825     
   429.64298138386778     
   437.90011036275587     
   441.31693724817239     
   456.26402621540592     
   463.13870503124252     
   481.05722564638307     
   488.82230772490965     
   506.46824664674898     
   515.05904825735456     
   530.96068018154165     
   538.74803869102141     
   549.32273168961615     
   553.70996374778656     
   559.49164028608823     
   562.36959983319343     
   563.73934900751590     
   565.41974925463001     
   561.95146359679006     
   561.56766534898202     
   553.55524423528857     
   550.86475199518691     
   538.28735987369453     
   534.17979984716169     
   521.40617925350728     
   517.31556334453251     
   505.77043369550506     
   501.76594911161828     
   491.27399855060207     
   486.43794221838169     
   481.10201119467314     
   477.73420783443584     
   474.29663450659672     
   471.52136045539936     
   468.13864684375426     
   465.75494096982982     
   464.27467238366404     
   462.71960537927509     
   459.85570830492992     
   457.65398457023207     
   455.30235980130260     
   453.54863625260680     
   452.38131920218530     
   450.91712435340759     
   449.62690267355202     
   448.45099198249210     
   447.20234797543594     
   445.97377600171455     
   445.83873294299667     
   444.80852278597746     
   448.91975226866987     
   448.98658148068552     
   457.38743600941120     
   460.13385005834499     
   474.16256852555358     
   478.48286617119754     
   490.46698384096209     
   495.63640801340910     
   512.02892973591293     
   518.35959409303371     
   527.80395123984385     
   531.58373497405228     
   537.67951508281476     
   541.12030303266260     
   544.30774645112172     
   547.72986010441298     
   545.96809246710257     
   547.80969680499254     
   541.69293547093082     
   541.66339011303796     
   535.27702324066377     
   535.42807374810764     
   521.32763550050527     
   517.39278106033180     
   506.15589814198302     
   501.72327176567046     
   491.85956319859224     
   486.66625152750146     
   478.47776823023304     
   473.95004364560543     
   470.48840106961040     
   467.44639721031444     
   463.82532926349660     
   460.93409237739684     
   458.40038982573583     
   455.95797924141095     
   453.79759938176136     
   451.61808056007811     
   449.27339675905438     
   447.08333662231087     
   445.26719537907604     
   443.71528116258457     
   441.93662150993492     
   440.40431564224485     
   439.11652125623715     
   437.93615396321712     
   437.99323360606434     
   437.62789035157425     
   444.40313313959371     
   446.13057758211448     
   456.86359666598861     
   460.56599117122261     
   474.76904245261932     
   479.77008955153013     
   493.98056344458308     
   500.02635089590478     
   513.13246161919449     
   519.28875487000334     
   528.36297652288374     
   532.57298465463305     
   537.95961144365037     
   541.61433831841089     
   544.07922706136901     
   546.64252318985143     
   546.51903067576598     
   548.63693923554035     
   542.93813510349571     
   543.24259843520360     
   533.08515679639640     
   530.46746197243488     
   516.98264129606741     
   513.86769202304015     
   506.58986640506942     
   503.82504039448906     
   493.88112484612111     
   488.74382247557656     
   481.85408555890530     
   478.04438037116961     
   473.84985982441214     
   470.92319441236231     
   468.42107694332219     
   465.79502851076444     
   463.67940560225338     
   461.77070496221722     
   459.75644375376936     
   458.21250035565856     
   456.38067491773131     
   454.68727902958921     
   453.38529995410335     
   451.94827041186028     
   450.43579457582825     
   449.07382238995177     
   447.31955255348174     
   445.90474362083472     
   445.24803288982042     
   444.37704209373589     
   449.72282543478025     
   450.57804478828467     
   460.91159040244366     
   464.17847619280423     
   476.87283225312723     
   481.33476485289452     
   494.50897776422613     
   499.36819657649397     
   507.42354282523144     
   512.12416153494439     
   522.87119959134429     
   527.14849952622092     
   531.05547212992337     
   534.73183866984971     
   541.16393987645142     
   546.11683930153413     
   546.82397779200380     
   549.77832249196706     
   544.17463366892252     
   544.83884582144844     
   532.16383186297037     
   527.83938152247106     
   511.66097097480139     
   507.08956325416199     
   498.20399128272754     
   494.45182943925630     
   489.22201212446930     
   484.80053358217305     
   479.25614363705586     
   476.48727826721887     
   473.96683550739465     
   472.09317865960338     
   471.01484850668055     
   469.73966332525453     
   468.25745697135108     
   466.85917907333913     
   465.50280546572816     
   464.13790354162603     
   461.45022305279110     
   459.35715749094152     
   456.92852322537004     
   454.78939935021555     
   452.91313416373600     
   451.39480088997033     
   450.50263539758004     
   449.71363738741979     
   448.27843511866791     
   446.80653874056310     
   452.47669908707917     
   453.64081470343172     
   464.71262043493033     
   468.78113896057124     
   483.36903862303757     
   489.14440734655858     
   503.57653977036517     
   508.36878443100335     
   522.64239397752340     
   530.11908759233347     
   541.22132282762323     
   546.31320727564832     
   552.74825182771133     
   556.50583905849805     
   559.33517623942214     
   562.04655512121997     
   559.54432311151572     
   560.14356802073792     
   556.26012075451047     
   556.83715067950664     
   548.10629283318065     
   547.58256838271507     
   533.81395100515851     
   529.69746740158519     
   514.96147289808084     
   509.54837769865895     
   499.76042818183583     
   494.60054651271400     
   486.38716866752168     
   481.84733566554718     
   478.22524038299696     
   475.43706607297190     
   473.62479629529116     
   471.83651662100334     
   469.56201830951881     
   467.25761216222668     
   466.06078940613787     
   464.45407946071708     
   462.25127120010609     
   460.43684865167262     
   458.07790643975750     
   456.19475998673352     
   454.33511158999050     
   452.74814691369988     
   451.28461158501773     
   449.84544443368145     
   448.77631360807914     
   447.66035893833134     
   453.23515063762494     
   454.23095675035097     
   462.63045113393667     
   466.13956346882952     
   478.55762724347130     
   483.37303211305300     
   486.94231956386704     
   489.30789604075011     
   488.98362886897604     
   488.58260079076365     
   499.07799256244022     
   502.59300554038890     
   502.42812048813255     
   503.90690221174231     
   509.68914747349362     
   513.16165579332551     
   532.70957983546509     
   541.83842485658386     
   534.80745794265147     
   536.31496522119448     
   525.62438233925491     
   522.28231578959230     
   502.01314361629653     
   492.00532004961451     
   484.07479408323252     
   480.09352916366771     
   475.76169930748273     
   472.03814227501880     
   468.39283391492069     
   466.22424951646889     
   464.15877412580238     
   462.51335176581620     
   461.15311382251167     
   459.34624387077645     
   458.11363173895279     
   456.71269105417014     
   455.86074764185935     
   455.16098639182525     
   453.47301469126688     
   451.94676928294632     
   451.52694492399769     
   450.97027787799510     
   450.92445803539869     
   450.40601936085937     
   450.24995725129889     
   449.37146185305880     
   448.75343049746954     
   447.76044576945549     
   449.87559542934991     
   449.00401130516684     
   456.96303250582827     
   459.07034669721224     
   471.41287781616705     
   475.12885542187848     
   486.96671134831308     
   491.94557138313951     
   495.12365956661938     
   498.35030419837619     
   510.50500354886049     
   515.00507511504179     
   516.04988969376325     
   516.71761732134360     
   518.52627422765227     
   519.31940116077931     
   512.64226105331977     
   511.68885774955919     
   507.34752035904137     
   505.14759432070770     
   495.78293932022444     
   493.63190963502927     
   487.72616467591268     
   485.66244327748302     
   479.70710561085224     
   477.40403990899779     
   472.24822974182314     
   469.54830468728272     
   463.58281331423564     
   460.95784475380469     
   457.30079580195422     
   454.74301758272276     
   452.54477742283586     
   450.40063217504246     
   449.90523128424576     
   448.82342316521061     
   447.49381069993098     
   446.59478947071665     
   444.00977799539658     
   442.51012074112327     
   442.49767374051584     
   441.97353534356853     
   440.16874896255257     
   438.84715922050066     
   438.83308023988621     
   438.14418357090398     
   438.36569863324542     
   437.63377588310840     
   442.34359597944018     
   443.14462188832044     
   445.35824762461948     
   445.94551276928291     
   450.57585202619265     
   451.99419418016765     
   461.09017325763995     
   464.41901720580165     
   473.15176877662776     
   476.97228214623885     
   491.88827573325318     
   497.40308666766634     
   503.12160296968358     
   507.37912623836081     
   513.75155461132590     
   517.62976633955861     
   516.37753582743790     
   517.91020372090668     
   515.59368732527844     
   516.10966317651912     
   509.72406061760495     
   489.47066084120888     
   489.67350960637640     
   502.16568635222040     
   487.41776980992449     
   477.86050043788890     
   470.00560787487586     
   464.90550776829554     
   458.69459234644648     
   457.75978845407496     
   457.34919271782132     
   456.60705086650182     
   454.02562298577186     
   451.40127224368865     
   451.77508117861868     
   450.91888055177293     
   447.95912738364626     
   446.27031124851453     
   444.79286139047537     
   443.65454900509837     
   443.10275150165569     
   442.17745268420811     
   440.20235886733019     
   438.89832594083123     
   437.64234901086547     
   436.78006177498145     
   436.06060878103511     
   435.16136210923321     
   437.77323015978936     
   438.21924652332916     
   448.96321536454195     
   452.59827794022766     
   465.51875357935774     
   469.99202072420582     
   484.11261388996155     
   489.63584385048784     
   501.89394656700091     
   506.76046751733560     
   514.91962007691825     
   518.49121866679559     
   520.84414846341360     
   524.94223793910226     
   525.38254593081774     
   526.86861275229501     
   528.61137466197385     
   530.51249784419906     
   525.51779542108000     
   526.15463987899477     
   513.17263696607995     
   510.71661843991535     
   497.41351166431906     
   489.75798469722059     
   477.23184574598025     
   471.81721068446632     
   467.91660832023024     
   464.14644274466150     
   461.14907830574288     
   458.92733963354976     
   456.49306500442316     
   454.21312009996660     
   450.90514769479518     
   448.51312496666139     
   446.79387540684883     
   445.12382376862109     
   442.95275144445549     
   441.29837010511483     
   439.95891278900615     
   438.33078307607468     
   435.90130408584213     
   434.25595282383051     
   432.73424278677078     
   431.66257256323951     
   431.19356767559350     
   430.60872361240786     
   432.96177795573249     
   432.92274932673661     
   435.09179281424269     
   435.38238389820890     
   438.50529122582577     
   439.85020915362003     
   448.99348107488817     
   451.85543935240059     
   464.38371531938958     
   467.02103521213894     
   475.91542322413613     
   478.29559311732964     
   484.20242735570076     
   487.66894724806070     
   493.79722968393656     
   497.36062431360182     
   491.99701271747404     
   491.47679376102769     
   491.56322216661084     
   492.00315627412965     
   485.91341873412148     
   481.79108938815000     
   472.00714805835958     
   468.49022841638714     
   465.57451951778853     
   465.89674129506716     
   457.71706725815716     
   455.14370438632125     
   449.06658827539286     
   445.25219990508873     
   444.11252727532889     
   442.76345583655632     
   436.54967210426543     
   433.45923337992070     
   430.73148784428275     
   428.81792521255994     
   427.33929785547639     
   425.72337136659149     
   425.74242095923273     
   424.94906498795683     
   423.41803741845234     
   422.22147943646519     
   420.13184498692766     
   418.64784614065093     
   418.75575004476087     
   418.30800419431580     
   415.13260900663710     
   413.40009762290219     
   413.26415479269201     
   412.67064494973135     
   415.86904726684463     
   417.42862058590299     
   422.83461370501544     
   425.38985667338454     
   436.41333983702708     
   447.38774405614760     
   446.51572266355117     
   474.12651431151153     
   460.63513492451989     
   443.31249971008089     
   454.81805206170628     
   472.92174049010964     
   457.27226295193242     
   457.82419285694033     
   473.82190010979224     
   476.25199001470463     
   481.51072622046263     
   474.27050135619226     
   472.67008028997947     
   473.42254848284028     
   468.84470715113883     
   468.98398882496838     
   461.73147935858793     
   462.04780830985356     
   451.91212127492844     
   449.70237305564626     
   441.13604378389641     
   436.08168145968375     
   430.50708602786290     
   427.21875896204165     
   424.40974077428149     
   421.65722958963170     
   419.74079451317738     
   418.43335847275853     
   417.23668984012073     
   416.07721925770636     
   414.97640978194102     
   413.87519519591632     
   413.52457552125782     
   412.73872946613704     
   411.04547170811554     
   409.82900776463850     
   409.50256088683290     
   408.98621633072787     
   407.64021692590023     
   406.87952348400455     
   406.22354421552188     
   405.70855382384934     
   409.81279238307235     
   411.90363553748074     
   421.25244737339682     
   425.47850344546919     
   436.92204528948770     
   441.42576351188086     
   455.22116030293046     
   460.38082951464338     
   470.63845734725089     
   475.07326271718375     
   470.39251985776775     
   471.18461322435502     
   473.54477858561478     
   474.95827419804618     
   477.43102123449182     
   479.46727148295588     
   479.87250644617052     
   481.13211739916829     
   480.58911104568318     
   481.29195542917205     
   474.01050803024850     
   472.72834706786290     
   466.31580444605623     
   465.72714312535163     
   459.49954861430291     
   457.29230138510536     
   452.32006491736638     
   449.09587750332486     
   446.69995955667019     
   445.22887528909797     
   444.74141437297703     
   443.83575049793478     
   442.86387876718146     
   442.01381918992325     
   441.60604373649863     
   441.02275992048436     
   440.42814533133924     
   439.82761194485499     
   438.96404467745464     
   438.35968045729453     
   438.55871556848888     
   438.22392296881719     
   437.69535734033082     
   437.32508269885193     
   435.34015212633835     
   434.50478687409253     
   434.89360808901068     
   434.55126640248017     
   436.23222450014219     
   436.18993694019986     
   441.44553152351813     
   443.18270689859202     
   453.23823450380911     
   454.84547403825258     
   454.26986884181872     
   454.62897425715295     
   458.26031672287434     
   460.47684531489864     
   453.11738818294674     
   450.79434000279150     
   451.24234402653747     
   451.02715730602068     
   468.32573498182580     
   474.43399258184843     
   486.81672136150206     
   492.72178182017768     
   484.19053762315167     
   484.14578679316486     
   482.54279780364618     
   483.97872145979562     
   478.30953460259673     
   479.40267748253552     
   470.64772930728572     
   468.64121251275628     
   463.90978505510560     
   460.84174448910812     
   457.58171746814259     
   456.08889276864585     
   455.44768390576741     
   454.83414084344486     
   453.81819318357645     
   452.99585131936283     
   451.65156286570351     
   450.54221533200791     
   448.07169062347009     
   446.78918581873450     
   446.23478047751416     
   445.73836848169793     
   445.79520725700473     
   445.28174396287909     
   446.19986888338644     
   446.52252122995986     
   445.95229996259434     
   445.88604151328826     
   446.80141774566937     
   447.20280268709200     
   445.97667121905016     
   443.59199031256588     
   443.98751573767231     
   442.75443649619507     
   450.19969841204272     
   451.28687282186121     
   466.45797841197509     
   470.92555599668259     
   483.28110471984189     
   488.49264028238247     
   494.40352068952575     
   496.78209021454131     
   498.20417366065755     
   499.53601212912918     
   504.91215401368976     
   507.39066778363309     
   503.29409636164797     
   502.81244670477940     
   496.23514263266691     
   495.38481801231973     
   487.26864374965868     
   486.35508230365326     
   477.35712820167794     
   476.69982058834404     
   465.40926776279872     
   461.86048504834827     
   453.46482982405729     
   448.92209366097296     
   445.56403444698958     
   443.08056567968964     
   440.19355556562147     
   437.98100900892604     
   436.58092435270476     
   435.15554963520157     
   433.66300545185942     
   432.23978405413999     
   430.64707519978737     
   429.25592603418721     
   427.88699517037662     
   426.65689936956386     
   425.17887253121756     
   424.00394004310152     
   422.75557483089068     
   421.82690337465021     
   420.77430881626645     
   419.96653778087716     
   420.20234000484413     
   419.50679833508724     
   421.46451184027455     
   421.32779832790476     
   426.76250455948639     
   427.76712293626184     
   434.38849409703249     
   435.80917456226973     
   441.89894161122777     
   442.81044161590984     
   453.12244426480237     
   456.34769854073750     
   460.83818317144244     
   462.03110289613949     
   463.60036981215461     
   464.60421773357825     
   464.75567821182307     
   465.07450763682823     
   461.40878186183340     
   461.03904214482571     
   461.32666965602783     
   461.62983789093420     
   453.11156235824222     
   451.33047165215703     
   442.91193805592286     
   441.65747137316509     
   434.96855227692851     
   433.06943231473292     
   426.55848354528661     
   423.77203211124390     
   423.37377278980858     
   422.50616402241275     
   421.33720430987313     
   420.27405605544254     
   418.10235436280954     
   416.74181286988528     
   416.93892397844036     
   416.27564376978609     
   414.77537480408620     
   413.63894203638563     
   412.88753848474562     
   412.21567661535937     
   411.57483557092309     
   410.82443504135881     
   410.66665263799450     
   410.44067605290365     
   409.27232481943855     
   408.33688097899386     
   408.80085382323881     
   408.31762930109829     
   410.84524505771111     
   410.85990452939097     
   412.13099881517138     
   412.61081262449977     
   419.26647309638076     
   420.12028354293648     
   422.40952399126570     
   423.51928687234033     
   427.53206642128680     
   428.49401634317292     
   439.10068665149367     
   442.55545081138115     
   443.63055099425321     
   444.88618853322623     
   452.39499702370586     
   454.99600221087547     
   447.22755837692193     
   445.88394239964060     
   443.79021822761911     
   444.36751965294110     
   444.01589619878689     
   445.16072185493704     
   436.31706469507162     
   434.88581634309298     
   429.65472398566601     
   428.64916222990939     
   421.66571426256746     
   418.25936865428127     
   416.52370209414482     
   414.87043157495526     
   412.60901817376345     
   411.70697639721243     
   411.70299012835272     
   410.96277440625937     
   411.97186230868380     
   411.86198890097279     
   411.24036726625917     
   410.88148670183853     
   410.76402978924972     
   410.39709706560137     
   410.58844709308840     
   410.55205994889280     
   411.22535937431428     
   411.22679775812179     
   410.91215658812655     
   410.92521736503198     
   408.87484245091423     
   408.42891938735306     
   407.75264751332350     
   406.69564565023722     
   412.48491871666982     
   413.81511194793774     
   418.77428936714614     
   419.31283558478788     
   428.82237120890619     
   431.53496425749358     
   440.91020859387004     
   443.34780417632300     
   444.55378904333833     
   445.53059368212104     
   451.13001171671294     
   452.51913657629296     
   453.82825646879007     
   454.44544926321004     
   449.03630296050449     
   448.52928710299483     
   445.77429796496421     
   446.47753545902629     
   442.76261623938262     
   442.52888536953782     
   434.08430091544642     
   432.59462093168827     
   426.26747269857788     
   424.50143453266827     
   417.46085328950664     
   413.67281085224715     
   411.04803429665355     
   408.86481054662949     
   406.86041902222041     
   404.86943446117334     
   404.87280288504741     
   404.29208069337761     
   403.10746211124734     
   402.37779294852049     
   402.33883187038180     
   401.87162435598697     
   400.59080946844898     
   399.67796644586360     
   399.84552516316791     
   399.36190386078158     
   398.97177248679589     
   398.69268782109344     
   398.81184610802347     
   398.78025885557037     
   399.59522469680661     
   399.74357184213159     
   400.55633582288198     
   400.57244970969504     
   403.78345154523737     
   404.80304162597332     
   407.07049674670861     
   407.89889705542015     
   411.29053493180709     
   412.83507227632390     
   414.86517036694676     
   415.47305420806879     
   416.73958388745802     
   417.15736057769124     
   413.60867266866319     
   412.32173089430358     
   413.64690291297683     
   413.84498492139113     
   416.68063993479069     
   418.07826209012995     
   416.68507938702317     
   417.05316120436470     
   419.46042403324054     
   420.49203456776104     
   419.47375232265409     
   420.85576058904059     
   419.58762876706606     
   420.87954869469343     
   415.97707218183422     
   414.03942630399274     
   412.76107713322688     
   412.46053698745590     
   412.09926238304610     
   412.13838180785081     
   411.66117444884577     
   411.26450030521551     
   413.01300978659708     
   413.44597636862039     
   412.00765409537865     
   411.22039122181337     
   412.64770432607889     
   412.41170675358728     
   412.61114929270093     
   412.18057057578170     
   411.57377363354038     
   410.81898122049091     
   410.69656645812597     
   410.95448964745043     
   410.99625428850237     
   410.59833651265723     
   409.77240822872881     
   408.45580583070819     
   407.62962325719405     
   406.85141784818245     
   406.18439962791899     
   405.28512722761423     
   406.75939908848505     
   406.56472714608532     
   408.30766540099592     
   408.07151617269909     
   410.07512223200280     
   410.62714215253965     
   411.50983398974881     
   411.79224375961059     
   414.06912768433313     
   414.94171719383752     
   415.47480306498323     
   415.84827730226925     
   415.10824539045029     
   415.10372650478803     
   414.22767270036638     
   414.58204588095839     
   411.43619196206612     
   411.27786620217330     
   407.35532346051446     
   407.30367258961587     
   402.93990457494755     
   401.36448774589326     
   401.51328185222451     
   401.47650325579968     
   399.73689416996581     
   398.76153254299811     
   397.77086725384527     
   396.64686847718474     
   394.27572600952828     
   392.58918623205057     
   391.73906152234696     
   391.00559582825804     
   389.63751970462874     
   388.43323804746711     
   388.70528645053980     
   388.55400584809564     
   388.08051998303790     
   387.50922813103284     
   387.43510961584991     
   387.18852034903034     
   387.37464789302300     
   387.20371932586346     
   389.76098936651272     
   391.09387585737352     
   395.74612450798548     
   398.36262644403911     
   403.53018719916435     
   405.40433228313918     
   407.59297512024381     
   408.70435514934223     
   416.37448192074714     
   418.08743023862644     
   426.58344488017707     
   429.77203307906854     
   435.94406920041746     
   439.53377589053213     
   449.29431095753154     
   453.97865072802659     
   448.95746035099756     
   449.39683805750957     
   441.96969703512650     
   438.87646712942563     
   430.20476183115619     
   435.26142988383879     
   426.91538946416631     
   420.97885103020690     
   418.12832898044121     
   416.35378557437576     
   414.69632075273228     
   413.10213244251906     
   409.80098709119460     
   408.08152086152927     
   406.37956166018949     
   405.02662206170862     
   407.01178889141619     
   407.50849132255229     
   407.80536749028852     
   407.54869613166659     
   407.48663453963655     
   407.28307764925773     
   406.79208582767978     
   406.64142536669044     
   408.10189188321345     
   408.57697604265320     
   408.78092462731740     
   408.94105917776045     
   409.18416214444966     
   409.12213051838182     
   407.69017659773476     
   406.83866457920868     
   404.87195613562278     
   403.55986493521607     
   407.61611702468917     
   408.23682369974040     
   415.43308758630064     
   410.86518009571222     
   414.48386458323722     
   430.78260898863647     
   436.20269649992048     
   436.94505888520848     
   429.04947204321223     
   430.52948692411269     
   426.16640850513693     
   438.69256219330907     
   426.95178292296259     
   442.89104636237528     
   432.17680735518155     
   419.97635929135384     
   416.95158466448038     
   419.50533044327057     
   420.58559214910656     
   432.08616135167119     
   421.17743434298427     
   416.24782416085964     
   412.33326620512400     
   410.24450030550582     
   404.47670755221321     
   405.02322245282306     
   406.93962150229504     
   399.19202781183117     
   395.02908195165907     
   391.99005135110315     
   390.64126557538464     
   388.96606757648658     
   390.28355314757596     
   391.37873737497392     
   390.71605080792693     
   388.90883831582551     
   387.45915697151975     
   388.95042012603437     
   388.74354398339318     
   387.95374120484797     
   387.74307604060107     
   389.59283327955052     
   392.80626287742592     
   392.42856722275303     
   392.67151962129549     
   391.66904364660672     
   391.98968123914494     
   395.99216234851184     
   396.92073550370537     
   403.24904190538285     
   412.27455058235279     
   410.29826065869872     
   412.91259209278326     
   422.86102436020212     
   437.74024336374868     
   430.16456976265630     
   419.12484087529646     
   418.72739510828882     
   415.98361125349754     
   418.22397628606575     
   435.14367153752158     
   436.45138583636322     
   441.73736668173956     
   443.78139646071503     
   449.59793867948798     
   440.78315390962678     
   447.33615136414284     
   435.35856587539945     
   431.38986549843645     
   424.92232386710498     
   418.15878898060708     
   412.31820545211190     
   410.14861122811214     
   410.03525472978231     
   406.83181732442574     
   403.39570801759055     
   401.43196513769527     
   401.61331377144074     
   400.85529663373006     
   399.76644340071073     
   397.92106469620364     
   394.57890604753118     
   394.13600085980801     
   393.16734262330397     
   391.57798679131031     
   391.98609381806648     
   392.48034156919692     
   391.08924606355328     
   393.05856084993206     
   393.31053285372354     
   393.34844722596938     
   393.14949243755512     
   394.87671588308285     
   395.73009903662950     
   396.71609213612675     
   397.26671782203988     
   402.86562114028550     
   405.06365371190935     
   412.99917730074696     
   414.53969720818969     
   422.45818543590622     
   424.13812388606016     
   426.79857329370401     
   426.69642343904076     
   433.16479138129313     
   434.69993139717019     
   436.28700951510160     
   437.40240372275957     
   441.16279208032671     
   442.88297361713694     
   436.83228044164144     
   434.74787906743381     
   426.69534613129861     
   424.92460207087885     
   423.25338951745528     
   422.83389977915425     
   417.20011661305529     
   415.79212180716183     
   409.24203705476197     
   407.82933539463062     
   405.89727375611375     
   404.80817860683965     
   404.71498664886559     
   404.29889488459776     
   403.02488185358681     
   402.33391339664530     
   401.55367228239277     
   401.19746338480780     
   402.14572946265224     
   402.07964234523791     
   401.02954866509765     
   400.48758824964477     
   398.32131111441470     
   397.23971764399613     
   395.36768694071606     
   394.25489130044946     
   392.81590414560662     
   391.85844092572677     
   390.98250960989537     
   390.02816007900776     
   390.81675530039416     
   390.41026134195363     
   391.24118500146676     
   391.33579337653924     
   398.34606142382614     
   401.05440524359688     
   409.35341551748104     
   410.65334628567064     
   417.93110564097628     
   420.55203371616523     
   425.50252568629872     
   427.41436575689147     
   435.07464794534377     
   437.74643344586030     
   444.72592755510613     
   447.15353625109634     
   457.75774602077968     
   474.50262000876711     
   443.20192797088691     
   429.03385291522170     
   430.59565887646346     
   437.38888068386439     
   433.55187478734246     
   432.17653067145244     
   425.00190695958702     
   424.02403822565850     
   424.85883666583993     
   420.05049707412860     
   411.21346012014743     
   406.35852424034084     
   405.87144868100967     
   404.63076471456100     
   401.38372560008031     
   397.09542173762753     
   394.66308522002549     
   393.68574157521550     
   392.88005863909120     
   394.13280245111031     
   393.66492794241918     
   387.46591478330856     
   387.29767539026727     
   387.10692490831639     
   385.31507638078034     
   384.23965488190208     
   384.51327115978597     
   384.00568131540604     
   383.18502210252143     
   382.81866806539534     
   382.01827463675329     
   381.32319608845091     
   384.04594548808836     
   384.94700534678998     
   390.47240411830700     
   393.64972241568307     
   406.47277484418464     
   410.15735863760199     
   419.71081309412955     
   422.71858868704828     
   429.24613616398858     
   431.91371003199060     
   433.99307903358908     
   435.09322589123877     
   433.07942592032077     
   432.88136779469141     
   423.74034034534719     
   420.49975501762145     
   419.54605693721112     
   421.88579681913041     
   424.53127164429196     
   425.14839314532043     
   424.52292328212548     
   424.00337188262938     
   418.29535346447045     
   410.84817199138308     
   406.28003022426765     
   402.41638886571087     
   398.28219514453650     
   394.74094141155649     
   392.67702869164708     
   391.18268714306708     
   389.68613839073254     
   388.36204424576511     
   387.43395963192984     
   386.55266021273553     
   385.71679352865198     
   386.42630689375403     
   385.72853502721557     
   384.09798511116406     
   382.95456231817906     
   382.44115600853223     
   381.71955924336243     
   381.14525815598302     
   380.61704729635738     
   379.83368164236941     
   379.02334145884902     
   378.12915566767043     
   377.72010379167784     
   377.02678965672197     
   378.14450768198873     
   382.33300454494969     
   388.78170992182004     
   398.09539840649336     
   406.90099016343305     
   416.70661625011059     
   426.95179032044297     
   437.62369556292396     
   447.68536394564933     
   456.07293136739025     
   463.89201085909366     
   467.11377302659224     
   477.00509600448538     
   456.31448495970267     
   440.23799512137276     
   438.35274520003799     
   454.41887150080464     
   454.13703793344052     
   439.97779625340047     
   444.05727420643336     
   436.62024421857313     
   435.11191380323595     
   436.04619886045867     
   428.40453672088438     
   422.95816856786206     
   415.55410329085032     
   410.41596338421022     
   406.88567230802073     
   405.52503401027366     
   402.95629377065779     
   400.53893096946058     
   399.05956829225238     
   397.73775692984600     
   396.09372570025010     
   395.31303650719002     
   393.97168292719431     
   395.21791142753227     
   395.16061228153052     
   394.66560668320187     
   393.52089395377601     
   394.23159214635575     
   395.77028210412715     
   395.62886831054817     
   396.26020588282984     
   395.94486776430358     
   396.44534741818865     
   397.65160522942961     
   397.92763766765381     
   397.00111937557756     
   395.88139821333505     
   395.54191319536415     
   395.75409188667487     
   395.58838399268478     
   395.08369655155087     
   406.09502938609825     
   410.38695852777846     
   413.55303939796624     
   417.90773328185617     
   419.70070122958174     
   423.58470003895474     
   424.79419031645392     
   424.20534662201948     
   419.67906164404718     
   416.74445609290552     
   416.19210761063897     
   418.04029274246534     
   419.03394362626824     
   421.13971613355181     
   421.46467818707072     
   420.13210080267442     
   420.37406511981430     
   420.28275751840152     
   419.37681665391221     
   417.92906992752449     
   417.75324847665780     
   417.81343583650846     
   417.64462366182227     
   416.60951703464139     
   417.04053102523352     
   417.17402352503569     
   416.07274854290290     
   417.41873068045379     
   418.43514997460875     
   421.06644339415817     
   420.77892592189067     
   420.26866321184190     
   421.56683332397461     
   421.52463856212182     
   419.26803070034282     
   416.99773115472078     
   415.59383513273383     
   414.60857923639480     
   413.35810009703232     
   411.57815151348041     
   410.34855916106335     
   409.10496130784014     
   408.70574381944846     
   409.62348954836534     
   411.84095434802640     
   420.18649118916312     
   418.23241414691222     
   419.88397860407065     
   421.31958850019845     
   426.52998921040626     
   432.61193245386954     
   440.32985079293610     
   446.83929027182228     
   449.47177235092937     
   441.25544741333465     
   455.36946798558967     
   441.93717560528324     
   441.02690162834409     
   443.54490871783162     
   443.72143683674562     
   443.30003229470401     
   436.99465848033435     
   431.14002167749828     
   427.80600161404652     
   424.03928894931528     
   419.38295474391253     
   416.41961134501565     
   412.78465894308937     
   411.97269967427007     
   409.51393905401721     
   407.80719128911647     
   408.22120348440717     
   406.04678751237367     
   405.56577607562508     
   404.90060231150875     
   404.43616755925734     
   403.89429117432104     
   403.98155095510594     
   404.03914699418294     
   403.70034457295463     
   403.10790354482504     
   401.93628337685988     
   402.04189116338506     
   402.82557858142445     
   401.17928548568113     
   400.91731540070128     
   400.85686088889616     
   400.58876848827526     
   398.83833427175551     
   394.44463376090965     
   393.09329237123586     
   393.09469273185618     
   398.51870788879796     
   404.14317828219430     
   411.39613538236915     
   419.30564129152299     
   422.97004009294790     
   424.60664262433926     
   418.28560929645101     
   434.28703916534153     
   430.24540593251049     
   426.65603215046769     
   438.01432901351660     
   439.56667594389870     
   441.93143279486321     
   443.73343450791327     
   433.08744591816946     
   424.90751881836422     
   428.34529370337572     
   424.31235030500187     
   420.05207415529185     
   412.91378854693181     
   409.98392611381689     
   409.32350470962348     
   408.02076519614286     
   405.58668532729484     
   404.37051861077902     
   401.23185808807392     
   400.11530954673918     
   397.80641471122630     
   393.69257012293974     
   388.63322233005761     
   386.80534146677081     
   384.88836361905805     
   383.14760699075526     
   382.29132253630678     
   387.09352029673937     
   391.19812159706146     
   392.92352198492108     
   394.13748204383103     
   390.87336376171726     
   391.70467144404324     
   393.86889266504107     
   392.76977902295431     
   392.01994786634543     
   391.91491776314291     
   390.63195852131497     
   388.14150477814871     
   387.90341541092187     
   389.68145081696832     
   388.09741898846431     
   399.58746326265117     
   407.78818452157128     
   415.79060101976273     
   425.42260145045367     
   425.87989647341578     
   425.96077852092520     
   416.18909257886656     
   416.55403801022533     
   430.14561984140153     
   430.11219303857524     
   430.12082244939035     
   449.12292165552373     
   435.25537742979486     
   425.89865574095887     
   432.11064988339723     
   428.01333337830653     
   444.51986880777491     
   431.43533518357941     
   425.15108748949797     
   420.15657216880129     
   415.19716819958353     
   411.12737116523061     
   406.66978655059756     
   405.40572723048990     
   403.63835922943412     
   403.13386773540270     
   397.21476521662368     
   393.95770446969738     
   392.12428786553807     
   390.14118314370256     
   388.57106554700897     
   387.40378304183406     
   386.50630459300891     
   385.49950913128623     
   383.98624129404976     
   382.89414313585115     
   382.76218998686261     
   382.13363782525965     
   381.50168540205891     
   380.86053532733030     
   381.04212307856238     
   382.20847819989939     
   380.54208238340289     
   380.81071194306293     
   381.07701077964987     
   384.05065424144470     
   386.11681988287484     
   389.33076544070764     
   398.33261057249604     
   401.10455350784093     
   400.19398988425741     
   409.38776585194319     
   418.81808630281245     
   429.17140607691960     
   420.15766732605391     
   432.49394301263578     
   433.87892466720399     
   446.06184827275456     
   448.62990771440201     
   451.18597607081244     
   452.71684316598572     
   457.47414160518139     
   456.13090168005812     
   443.78248316251432     
   442.36642248142311     
   440.00338311559562     
   429.87109863125988     
   429.15231284133176     
   424.08469441348416     
   418.47497541012416     
   413.24063995372575     
   410.41630524858033     
   407.02681368453761     
   405.22659581742550     
   402.93028058719375     
   401.70841579930965     
   400.34231388178034     
   399.49695401740308     
   398.97289269737865     
   398.33357438016463     
   397.42193651069789     
   396.68144526699825     
   397.21931148334272     
   399.36158983825226     
   399.92363856061229     
   400.78631766214340     
   403.90680870925502     
   404.68465364361094     
   409.44811901661632     
   413.42322589122682     
   409.20002642774142     
   407.88445347013288     
   407.92550117665212     
   408.05549308413538     
   408.85078425784161     
   409.56085482914358     
   410.25545330260468     
   409.78522858241791     
   410.91971537182667     
   414.11785560814974     
   416.65411698292473     
   414.78431632770179     
   417.02659649082324     
   418.35209878491617     
   418.18958224781159     
   421.60002235029594     
   423.71675292021024     
   424.16478123391568     
   425.07982600172988     
   431.22080635844185     
   433.40050234806409     
   434.30541987390143     
   428.84376769599652     
   424.50699960687678     
   421.71222847937526     
   419.82932984816858     
   418.89258394060323     
   417.17664642368396     
   414.90234140745429     
   414.06003025489008     
   412.87611282450484     
   412.53288470541446     
   412.22967909612390     
   412.00698096106839     
   411.90075752953885     
   411.72077596185784     
   411.80607231299376     
   411.08278701501325     
   408.28579587621419     
   404.94099247384986     
   405.32016089446671     
   407.54365438927283     
   408.23833840065839     
   408.56033655169688     
   408.83367628628804     
   408.90388169938382     
   409.03056774467990     
   408.85456231508408     
   408.80954181753935     
   408.65674739430438     
   408.69550403119132     
   408.90167281805401     
   409.63782498869307     
   410.23495553976153     
   411.96859875692667     
   415.08655881438420     
   419.83565587414267     
   423.54510683952702     
   421.79014604461781     
   423.47916768293453     
   427.70268052683787     
   426.33456743784961     
   422.56119008334622     
   420.74818568126949     
   422.79007050869518     
   421.30647761386462     
   420.06859898662697     
   417.91457851126211     
   421.18202559284606     
   424.27786813301833     
   425.00758227029218     
   424.84456887031769     
   429.53708344524102     
   421.48826686301857     
   415.88851577356286     
   410.01082617583415     
   404.30115990693395     
   401.63278635515803     
   395.78244784539459     
   392.72618092769756     
   390.54752804946327     
   389.00132201168304     
   387.81677009221664     
   386.68926886310612     
   385.55488071476725     
   384.74906178012111     
   383.76138208465591     
   382.48221903954499     
   382.21710271630883     
   381.62803408027128     
   380.82360370981553     
   380.06810985763730     
   381.50242054190005     
   381.33052729278376     
   379.41878592858029     
   380.41420025070914     
   378.93468819950425     
   378.76154951447552     
   378.63170381990960     
   378.27336663590029     
   380.38980332541843     
   387.63275420511110     
   393.22316253440363     
   402.50754573235429     
   410.72919357342209     
   420.46604837765415     
   430.94756679325462     
   426.57240319278918     
   416.87100209951228     
   437.11585522017043     
   431.00317121333990     
   435.49223641372072     
   430.07359460680101     
   433.14744918013264     
   432.69857858532708     
   426.49227487387361     
   431.06005823413199     
   441.89868454315751     
   448.15092630192868     
   433.37118381906834     
   436.08054122756209     
   426.02913121450439     
   417.29785244464466     
   415.78188317597409     
   412.35676801140568     
   404.68159346629466     
   400.42180027244399     
   398.16752774802615     
   396.65218077483075     
   396.36959315327340     
   397.37255539058219     
   396.77233475982996     
   394.32846304790110     
   393.89997737406907     
   396.10233212632761     
   396.07459379819318     
   396.31566145964103     
   395.58973050897339     
   395.29703390427642     
   395.22955088920713     
   394.98047683334471     
   393.65086514436160     
   393.41400514072433     
   392.39617669461143     
   390.93071846077487     
   388.53618555227519     
   385.30038921123406     
   386.51886965359444     
   386.94048713940271     
   391.23725639033853     
   396.16282096852507     
   399.93457286064478     
   405.92457723677956     
   414.96096243887899     
   420.66806626307823     
   426.91162450371019     
   436.63364366756889     
   440.97948825216872     
   446.05320522220842     
   439.85912067880338     
   451.87010823358378     
   456.36699419232849     
   459.18152988687359     
   458.07269844224749     
   453.51110508468895     
   449.55359567491342     
   444.94955017714040     
   438.77781000335119     
   435.13675765792652     
   427.73476690750562     
   420.61797641640669     
   414.77184290047421     
   410.08511525580377     
   406.17477184395443     
   402.81528236543596     
   400.45622938127997     
   398.20021449222168     
   396.33755959457204     
   394.69513068362738     
   393.29164041356307     
   391.68296303947682     
   390.23885215956784     
   389.23709504617898     
   388.46503981894216     
   387.36241285830306     
   386.13377120107930     
   388.41739525439561     
   386.37781604282281     
   385.51574279143074     
   384.93997604366376     
   384.58686799002095     
   385.13514450548519     
   385.52668332122295     
   384.94355380299152     
   383.13630328563039     
   382.90756119620841     
   386.84820444669180     
   390.87179176740972     
   393.59032515781928     
   400.39505662397187     
   407.32969117603244     
   410.56351511649007     
   419.17426279568690     
   411.98695055984848     
   410.99336975450143     
   416.21181686705063     
   415.53777188168868     
   417.99796483089818     
   421.18423508635868     
   431.06855158584625     
   427.04017028585599     
   438.03001589273174     
   433.49826542532236     
   440.94328728076374     
   433.61312392322975     
   428.15801307503557     
   425.49310667776479     
   424.39767475240740     
   416.54863188844735     
   413.06803045593102     
   406.99658477375897     
   403.13381906397632     
   399.81279969004487     
   397.83707669907432     
   396.07790098375330     
   394.62922436268633     
   393.33820090111652     
   392.30805442987480     
   391.53738807688802     
   390.79484982891131     
   390.61136658720710     
   390.46764410699961     
   390.37219545144183     
   390.34179938889292     
   390.21645025019086     
   390.19448227500851     
   390.27647734451131     
   389.79696587272093     
   389.21204580629330     
   388.67906521365433     
   388.79316952129301     
   388.60276802203128     
   391.02804131120450     
   393.71282161854577     
   395.33757084738033     
   396.51661713227793     
   400.98910952836411     
   401.62700187145953     
   405.42652663864556     
   419.64037860414317     
   418.00229662733540     
   430.26099845387421     
   435.99536785076828     
   442.18955482979868     
   444.06971600648274     
   451.94346702534477     
   455.77526355133227     
   459.77690935013356     
   465.52419784228334     
   465.81998707554322     
   464.61332429249205     
   462.44204668294037     
   458.29087850390260     
   454.25359295352496     
   447.60650509660832     
   440.85960915054113     
   434.26835410604343     
   427.55490989344531     
   421.91443759833965     
   418.20171982468224     
   414.73889508927431     
   412.65168400161650     
   410.67386563584876     
   408.92102064906845     
   407.23915007119700     
   405.77185607541156     
   404.57857475454375     
   403.45623023413907     
   401.83039320116529     
   400.54992163500555     
   399.36111043361728     
   399.34080042450728     
   398.52671854435300     
   397.62879760907140     
   397.00787307481198     
   396.31003787392461     
   395.70737173541886     
   394.78884364192862     
   394.22262837813753     
   393.83470109929669     
   393.75902031093705     
   393.06482601738696     
   395.20284116134820     
   401.05907530920558     
   408.53316714378428     
   416.32947272984660     
   425.85861460699311     
   435.42214778888706     
   446.15077376435994     
   455.35532393064443     
   465.09225878794604     
   472.81688266055710     
   480.42288377843897     
   484.70047708227571     
   486.99803643710464     
   487.52671895162479     
   490.83245551190868     
   489.51630299686656     
   490.04973767930591     
   487.26066895456296     
   484.18894270461175     
   478.79836234557945     
   471.23751936811465     
   463.35888291531359     
   456.19274967100642     
   448.34268729396456     
   442.28231211075445     
   438.09023312002432     
   434.21467327369459     
   431.34423837835800     
   429.53121140034142     
   428.58555383295436     
   426.65321636369157     
   424.62894167342608     
   423.55262995084280     
   422.33066326208717     
   421.06290069689385     
   420.01123356866435     
   419.22740098914812     
   418.45544530621459     
   417.95784701553549     
   417.31280944015145     
   416.47176227540251     
   415.09321345286764     
   413.90956237873115     
   412.88118278580464     
   412.44718349090880     
   411.25265027310411     
   410.03998076730409     
   410.28138109137865     
   410.81474978408625     
   415.16484615043669     
   422.83447453588906     
   432.35462802738544     
   441.82942596580858     
   450.45796056927492     
   457.96021015411389     
   470.93200571034828     
   480.05562510440711     
   486.12596594433541     
   490.82498145503672     
   504.05779924751613     
   510.60377768793353     
   516.01697455936335     
   516.01710453543831     
   518.50305443244497     
   516.76807230432928     
   512.30761901350616     
   509.50128123981006     
   503.34964091971045     
   495.10650043604505     
   484.91588703178036     
   477.09638470403672     
   468.55211974999884     
   461.77313227727376     
   457.94023720059869     
   454.41901099798679     
   452.07269366753729     
   449.58807374623404     
   448.62458231701646     
   447.24271218361474     
   443.76720320264673     
   441.36047852147226     
   439.45913349923615     
   438.47911567322188     
   436.38432444203363     
   434.21819889995129     
   432.18813854721617     
   430.35584245148237     
   427.49775799901977     
   424.55756491181080     
   422.57896595365497     
   420.87254277697355     
   418.83559924428198     
   417.23246744157012     
   415.51491409286342     
   414.80705721968974     
   413.33414905721196     
   412.61292546984203     
   414.30456684618133     
   416.28611496102599     
   424.36031094355485     
   432.21484522735881     
   437.74528803254975     
   447.04146807038904     
   453.80573302318209     
   459.60348573435311     
   470.12841718841554     
   480.02798073333491     
   469.28837524159900     
   453.83764120973990     
   454.15486921614706     
   453.38612386414422     
   446.22236505592133     
   446.51369769545175     
   445.66492532910667     
   451.91763973086802     
   442.75928336105909     
   439.76078072888589     
   434.19518137415298     
   427.93072236562762     
   424.75315685377853     
   423.37715356411280     
   419.44878995098060     
   413.19202531956194     
   412.12783098267448     
   409.39462577410887     
   406.66390497321458     
   403.58685061559436     
   402.19352809361743     
   402.90931329938570     
   400.55341331798616     
   396.69274962428858     
   395.84211619093611     
   398.18662426758851     
   398.42227843343767     
   394.74202038084803     
   391.70250639496624     
   389.88514012650512     
   389.02470335752156     
   389.12693033475040     
   388.00396707129164     
   387.80880643988701     
   389.20441068610853     
   387.52371311008272     
   391.48383865700265     
   393.20566584808040     
   394.70060812944610     
   398.72675798683429     
   401.42702014239416     
   407.40700329131113     
   412.99877869511619     
   419.86880490745591     
   427.10497242930717     
   430.94771477100682     
   436.55486514854323     
   441.12571252767287     
   442.87329229866276     
   447.07271694681759     
   449.88670029309725     
   456.03825038242309     
   447.33326290117230     
   438.28662837684095     
   430.59732579284895     
   428.60870067122386     
   430.93068870798436     
   426.18376366083135     
   421.26746553439625     
   415.19845334120362     
   408.23245724798670     
   402.84488667598828     
   399.77080132547627     
   396.94867760804203     
   395.22608724204298     
   393.62999861130464     
   391.71687461390451     
   389.71910109159063     
   387.86855063100700     
   386.12295397677309     
   384.50859320962127     
   382.79552972395732     
   381.02355045878090     
   379.78777078460905     
   378.64209772567108     
   377.57507856434086     
   376.64843424234800     
   375.53022897956430     
   374.37564332941139     
   373.25730897646270     
   372.21602983341688     
   371.44573654713446     
   370.73605937508580     
   369.91946345153804     
   368.90433694964264     
   369.78205531224290     
   373.98692748413538     
   379.79515656777073     
   386.09648403485141     
   393.11080285665793     
   401.52356531093972     
   409.08405841113068     
   416.16448878127159     
   422.36641805102539     
   429.49894978660382     
   436.18549443746190     
   440.83801500923204     
   445.11284801404082     
   447.16208853221036     
   449.45590088679029     
   448.93985474159092     
   450.32280223111019     
   448.45620583160127     
   445.09416268147419     
   439.80211469347859     
   433.87376343557656     
   426.32700819920314     
   420.33220977260618     
   413.69805867665292     
   408.42966374027822     
   405.38635761221371     
   401.87209852558993     
   399.51706262740913     
   397.21888213986591     
   395.03456595611590     
   393.10997142959627     
   391.36980794336705     
   389.73963144756243     
   388.11601447664515     
   386.54053148379961     
   384.80388302151789     
   383.89540349018210     
   382.53498467240757     
   380.66099443843854     
   379.15808570361850     
   377.73911059953173     
   376.61430194348452     
   375.51432722924375     
   374.23769111660283     
   372.97220929671283     
   371.81882108032369     
   370.89332237069260     
   370.74425768342655     
   370.76344427533070     
   373.54861308715340     
   378.56899080832653     
   385.11329474797344     
   393.16340592785178     
   401.52244828543940     
   410.44217891778140     
   418.80058905241208     
   426.26957651956167     
   431.55595597656196     
   437.97699695266948     
   442.22934302071155     
   447.44377922923729     
   450.56184246792384     
   452.05787769066302     
   453.69758840273448     
   453.19016884521341     
   452.44994416263069     
   450.22838754265280     
   445.08779965796452     
   439.33337731478071     
   432.61632239598771     
   425.98443822741837     
   419.73174189874101     
   414.63754251989280     
   411.38957719090070     
   407.95547065261366     
   405.89051162450181     
   403.78859323198873     
   401.78744308769956     
   399.94372581581905     
   398.20866411003101     
   396.43952527224894     
   394.69685146006105     
   393.13132846518693     
   391.45364057386041     
   390.04638065629899     
   388.58679116525173     
   387.01059689269255     
   385.74660014745297     
   384.49362757193012     
   383.08812496480999     
   381.67964744616097     
   380.52696885821376     
   379.38349953771313     
   377.97789973082894     
   376.59729907159982     
   375.91105236221375     
   376.05621542931704     
   379.13367064545781     
   384.67722568967758     
   391.24203170607541     
   399.34524361325020     
   408.16010249404081     
   415.52528207247826     
   425.46863302507012     
   432.81946509900729     
   438.86981607530720     
   443.93011121226334     
   447.83402508941111     
   451.78922627298510     
   454.98744715435691     
   454.16954198386480     
   457.60969704956898     
   455.99059462377375     
   454.73983595860511     
   450.22117878434568     
   443.79387102078948     
   437.64873063879588     
   431.03451276057820     
   424.47031618457908     
   417.84400368214256     
   412.01875387169957     
   408.13534516285267     
   404.46333371698609     
   402.27710355540665     
   400.29179151421636     
   398.59184161864891     
   396.91760632652375     
   395.57555997366109     
   394.34266960674483     
   393.40994408104996     
   392.16922984180968     
   390.83771540981900     
   389.41221976569449     
   388.56028767719386     
   387.72183397259283     
   387.17511389339819     
   387.27906027682150     
   387.20172158546586     
   386.75205093049368     
   385.51676939582768     
   384.08475177309163     
   383.15139163232789     
   382.48385088607046     
   382.18311405924010     
   382.06402228833343     
   385.45623918533863     
   392.24628153626765     
   399.01342216500200     
   406.64911167865415     
   415.04003122129348     
   424.15521363737179     
   434.44876986170908     
   443.55749553229458     
   451.71379359667276     
   459.03858011404992     
   465.65686848751494     
   470.30034182456228     
   474.58317659327645     
   477.18409618137309     
   476.47234197731353     
   472.65992653100420     
   468.01898855278063     
   463.87094318438915     
   456.79527910215057     
   449.45902358506243     
   442.49296810681983     
   434.76214672832907     
   427.10737269277200     
   422.39855327324847     
   418.64081573397658     
   414.31855464641984     
   410.74377963924780     
   407.90226436316715     
   405.62938332256664     
   404.13527990843767     
   402.82379197077154     
   401.29788913485675     
   399.21091966701982     
   397.73616495937733     
   396.76780982704639     
   396.07161614147878     
   395.33820670547470     
   394.07940884023043     
   392.82650890479482     
   391.61258154315141     
   390.58376208556041     
   389.40662357878682     
   388.63165448989122     
   387.64122898998062     
   386.74844899404081     
   385.84699183327643     
   385.21008978279855     
   385.86694877553884     
   389.42107308111133     
   396.38399702470105     
   403.13588382742120     
   412.31333220079074     
   421.68711812100236     
   431.97737495619322     
   441.26483892356424     
   449.48788572786839     
   456.67270456010203     
   461.22223716590122     
   466.63874588615863     
   471.11988332174531     
   473.51217045302803     
   475.43472035700455     
   475.14094859750651     
   472.14283373847701     
   468.77497343774922     
   463.76539814371091     
   456.55988181624429     
   449.49377920438059     
   442.13416421125578     
   434.84996743032133     
   427.78273826088349     
   423.55402577425775     
   420.07479317712250     
   416.55564723066158     
   414.22790588517967     
   412.28545240544440     
   410.47574776081404     
   408.30401603522921     
   406.51054031425116     
   405.08606598169945     
   404.03666670667826     
   404.96438157381681     
   402.82675509210048     
   401.67517817693397     
   401.02979366402042     
   400.43375093335493     
   398.80280458625015     
   397.72870471411034     
   396.69955434721447     
   397.25126631949036     
   398.03548175307196     
   397.87663621326163     
   398.79345136745127     
   398.31217665023235     
   399.77814550397130     
   402.14593708664893     
   403.46508365138084     
   405.74507715967900     
   409.69755604463307     
   418.79852277847402     
   415.62699917982548     
   418.06518692815933     
   433.78626538522963     
   436.89488438917749     
   445.35886693914125     
   452.96242965214503     
   449.60211106893416     
   445.15996097704021     
   440.76165131942162     
   438.34766228281927     
   438.67946197577800     
   431.58754403251191     
   430.42290615600143     
   427.41782501829823     
   427.63045235393975     
   428.27310850205288     
   421.48323914499213     
   419.11022955091050     
   413.86186374653306     
   410.35906977984769     
   411.29004736751779     
   410.10951403123761     
   411.61909868935038     
   411.20447728479564     
   408.33161605033524     
   408.11748098638139     
   408.98548753073135     
   407.63680348747420     
   405.63831755407432     
   405.77973726676407     
   404.71935561821022     
   402.49886134524303     
   397.66261351190576     
   392.45782562657996     
   392.35785324425552     
   391.45313105865006     
   388.41769299249358     
   389.16842146725600     
   391.12512566836892     
   387.71113895383729     
   384.05130634744063     
   381.75998205414533     
   380.48597531979607     
   379.99924638889240     
   383.30565851242426     
   388.54382210519674     
   393.47257976112559     
   395.27381804031262     
   401.28505560394984     
   411.68677208731623     
   418.72315930716576     
   411.09927114007235     
   416.73765121774085     
   425.48337762854618     
   432.45225680496537     
   428.06288269994565     
   418.04626786510585     
   415.06754939628541     
   411.04343948587632     
   406.81377095839770     
   404.36219905919120     
   402.24614278426566     
   401.72847816605048     
   402.49468571633940     
   402.70631539879122     
   402.64563191272731     
   397.54727721987257     
   395.29323558310182     
   392.66543862985077     
   389.75249161448505     
   388.77175678419138     
   388.84828800485786     
   388.23749557159681     
   387.11317608773129     
   388.40197644408340     
   386.52036702913176     
   385.84249456190781     
   383.93381529186968     
   382.68134217119257     
   383.18406987239172     
   381.72568349267192     
   380.21460723547011     
   378.06182911684482     
   377.08043398542213     
   375.29645803880305     
   373.92954840209387     
   371.91252197452025     
   370.73585586710652     
   370.49419317023035     
   369.81890429587793     
   368.88444434510353     
   367.81228619551285     
   370.80954299463627     
   371.99522566208611     
   377.80949183869205     
   378.17722231959243     
   383.02583333397649     
   384.76474970308135     
   392.14736462808173     
   394.75654893536370     
   399.98373518435244     
   401.80598417294891     
   406.67769764201483     
   408.17587302835045     
   403.20455935617088     
   402.87357379224960     
   402.06155536324223     
   402.44307466593091     
   400.23307918514990     
   400.04610448569656     
   394.94114645532250     
   394.25425951547277     
   388.24615125160835     
   386.88508971809745     
   384.41869215251245     
   383.61024019808076     
   382.38910118637898     
   381.30413612546499     
   382.29567436716439     
   382.34511491138511     
   379.37693242999524     
   378.27521855181408     
   379.63856016508402     
   379.48412140953241     
   378.04986975308560     
   377.33299776946433     
   379.80033266000339     
   380.18062779066730     
   380.46548248286859     
   380.47290571878256     
   379.59049843869320     
   379.16846256804916     
   378.71665723390407     
   378.49921154923737     
   377.38702888889543     
   376.97783686037832     
   374.83486707929637     
   373.70273426389537     
   371.71909457621877     
   370.30132549198316     
   373.94487511429821     
   376.45835245579724     
   384.17197187837763     
   386.27570337814120     
   392.68385880132757     
   395.22902684869524     
   401.16187892489614     
   403.30972336238710     
   405.47118956542204     
   406.45824728483706     
   410.81355387938817     
   412.65774702667852     
   412.88389985621467     
   414.16751353462934     
   414.06507530798183     
   415.38733089122081     
   412.57312507340475     
   412.95735322034824     
   406.51950548458888     
   404.95520843843434     
   399.82084646980559     
   397.83240609943778     
   395.86608238780275     
   394.82624646189066     
   394.60020492458676     
   393.44610934265285     
   393.40206094455283     
   393.35544031158992     
   392.67681377829962     
   392.26195094912691     
   391.91703827920730     
   391.42028024088233     
   391.22923111137925     
   391.05424800303541     
   391.40159836508928     
   391.68566248716860     
   393.29292647405526     
   394.48869773246304     
   396.19979296914852     
   397.53758473009219     
   398.73458768017417     
   399.66201540570000     
   400.71721094396281     
   401.59784928016586     
   401.99481936605753     
   402.17189379921564     
   401.17174128295977     
   400.17643231534453     
   399.07068974982877     
   398.45975862707638     
   398.86682868035484     
   397.98139788075900     
   400.98356048654114     
   401.77073840782185     
   404.95295831358311     
   405.73218067948812     
   407.99506276937097     
   408.89219839185824     
   410.03581698262678     
   410.91429908419133     
   410.27390152559650     
   410.74720653679753     
   413.95163316260420     
   415.91451977579800     
   411.66637575041659     
   411.80144399455799     
   407.88847162507676     
   407.12215688427443     
   404.37947938752984     
   403.54909850307433     
   400.52136486669184     
   399.30867898276671     
   399.61590768397247     
   398.53057694863554     
   398.01730092271265     
   397.69356505203604     
   397.20863828866226     
   396.45298059824898     
   396.08890276602858     
   395.87656086009025     
   396.01430755153177     
   395.83027927255267     
   395.86758774238268     
   395.77549648719304     
   395.74753402658462     
   395.56370291915363     
   395.74095661674960     
   395.75075213794753     
   395.80094807183059     
   395.80727691081057     
   396.08561875939387     
   396.35177743008120     
   396.61797223350641     
   396.80744033516640     
   396.94260198509124     
   396.87197979729126     
   397.47664357700398     
   398.24480210866858     
   398.41659078627151     
   398.26999205430747     
   399.23244885156089     
   399.44407022432853     
   402.07475349662047     
   402.77046977212115     
   405.69971150950983     
   407.25450923464342     
   411.49436525830356     
   413.70725475877219     
   413.10693549434507     
   413.87545229351690     
   417.53448641281727     
   419.48311797084824     
   416.40030695127291     
   416.32278045191003     
   413.26286594216373     
   412.34770923168810     
   408.10599802446387     
   406.40798510153525     
   404.21499166469079     
   403.09219345385497     
   402.46228486037705     
   400.98135875274482     
   400.02433639883725     
   399.42139479366625     
   398.85068865587078     
   398.45366255257346     
   398.16661046020243     
   398.01190668047076     
   397.40110451086184     
   397.04866536690719     
   397.99299657565757     
   398.37685816956787     
   398.80544293462026     
   398.98287576178910     
   399.82080128830734     
   400.48043429905522     
   400.58448177239507     
   400.72457279763205     
   400.59784949139771     
   400.47859045176540     
   400.15628443469222     
   399.91120328675072     
   399.27394969334927     
   398.64421216176470     
   398.65553795125658     
   398.99819305170774     
   402.52844245631178     
   402.91661904246558     
   407.87407896765524     
   408.88833499313938     
   419.80818315722325     
   423.34585668775105     
   430.79234871776958     
   433.31970295101348     
   433.12638829126774     
   434.85907164849277     
   436.70371467300725     
   438.33256508927127     
   427.97252020016003     
   426.17658773140903     
   423.06930490236010     
   422.35951903080166     
   421.32518112832656     
   421.13209611130077     
   416.14872770449011     
   414.24126843458527     
   408.97371761380276     
   406.58544989872524     
   405.55195549646692     
   403.90544814980007     
   402.48861539957147     
   401.47254247528736     
   400.72551744227223     
   400.26104609953882     
   399.01470846302539     
   398.30052231125330     
   396.98019558903059     
   396.11394693744251     
   395.09887632767641     
   394.38369675588712     
   392.98795647028692     
   392.15392160381424     
   391.68780198509228     
   391.11761587147873     
   391.52591310159448     
   391.35212975722561     
   391.84094249704771     
   391.72490230738879     
   392.67213492999997     
   392.72964307002161     
   392.55720358014656     
   392.09508275129002     
   394.57531580722133     
   395.36615183222028     
   396.12447888001191     
   398.91507399773496     
   398.06775991380113     
   403.33199082528142     
   404.50156325112795     
   407.97517981991530     
   413.73894533908538     
   409.93708375012955     
   417.62096473679878     
   419.56065251565246     
   416.62589950694803     
   414.48511687145998     
   417.68928845515137     
   418.70645934243930     
   417.27655748479879     
   415.01635001094712     
   413.76892602807158     
   410.97902756941374     
   412.44769184427059     
   404.64652134831431     
   401.26161284644917     
   402.11664537007101     
   401.89509724641755     
   400.65555704956358     
   399.85940113914126     
   398.96421354545936     
   397.58015437618315     
   396.62429718542865     
   396.28080929698478     
   395.05334234075900     
   394.69620039737794     
   394.68832000442734     
   394.23032062532110     
   394.04548051634185     
   393.81849437108121     
   393.35460252841074     
   393.23067893217831     
   393.99260540933136     
   394.02832841314779     
   393.95916574820814     
   393.33390286367114     
   392.45665479964794     
   392.41804907523704     
   391.99238990528079     
   391.91337995024668     
   391.89220554553094     
   392.34098613939329     
   392.92583505749974     
   392.28527868883361     
   394.93198647826159     
   395.37918170401099     
   395.93996166525261     
   396.81846124764104     
   396.54595163393031     
   398.86937643247359     
   400.59886994984203     
   398.62742639946214     
   403.73401270870687     
   405.32350836459398     
   405.21336233421550     
   404.32205314018915     
   404.06662162057341     
   400.02880529058683     
   399.56448939645406     
   396.75159821427053     
   394.07344094213687     
   392.23419111496617     
   391.75568909756578     
   389.32012290246502     
   389.51177196581477     
   386.93724212809025     
   379.67485621929200     
   377.39874315630544     
   375.70002125986377     
   374.33704843333402     
   373.07140543860783     
   373.80354829715139     
   372.23945128177280     
   369.46021748303070     
   368.50003880209260     
   368.05502491854361     
   366.94910735085637     
   366.04641047291631     
   365.26802853971543     
   364.50516307883157     
   363.59739262425853     
   363.17442361051894     
   362.77998969840928     
   362.47529114421667     
   363.47103751623888     
   364.12062659726877     
   363.82173594056871     
   364.22892095064782     
   364.84947786465216     
   366.43756135610374     
   369.24159127977333     
   371.80234802073392     
   375.74074944489814     
   380.65707816853040     
   383.43100471922173     
   384.71324050937955     
   393.76226478209139     
   390.29817488604141     
   394.62585055130756     
   399.39386438958689     
   397.52798448999908     
   397.10675896149473     
   396.77632585078612     
   397.17501847223986     
   394.96864287768852     
   394.26072810526631     
   393.77907542841712     
   393.56715518475960     
   392.09385304117563     
   391.09202890455703     
   390.37813206421157     
   389.69797670302819     
   389.38905022435205     
   389.21370625459144     
   387.85515104639148     
   387.52945340925191     
   386.81707873201032     
   386.49389055293386     
   385.11043678902627     
   385.49511058361662     
   385.97872391661406     
   386.90712451245196     
   385.60563237972065     
   385.46365677513734     
   385.29677571248862     
   384.38121714032741     
   382.58574602388171     
   382.33232447945386     
   383.58925645054762     
   384.00390921805410     
   383.73607776512569     
   382.67549816427004     
   381.59133481031967     
   382.39856443369507     
   382.50377589004137     
   382.45006401160714     
   381.78600044734719     
   382.73527416586484     
   384.38466571473543     
   385.48211108752236     
   386.75004515516241     
   388.28909567015387     
   391.21798185448671     
   393.99615507952063     
   392.64019828732597     
   392.79048394558919     
   392.00426547670025     
   391.72309606442695     
   391.90504789432725     
   390.19554540226324     
   389.07251575477693     
   387.03754068531816     
   387.74063740872776     
   387.45998174022975     
   384.78096750907974     
   384.87145093151014     
   385.26748550372804     
   384.34501948083988     
   382.29184074200998     
   380.56520173271326     
   379.86003744907032     
   378.30990308455392     
   376.00681587615975     
   373.83627818874294     
   372.06688137583842     
   369.50507050223558     
   367.89276050847803     
   366.62955355388289     
   365.51875920651082     
   365.97666130998380     
   366.30713817274892     
   364.22680566792542     
   363.43741154074951     
   363.54872851998562     
   363.67620144368834     
   364.76185795957184     
   368.24660359783405     
   369.49904473465824     
   371.78950172536605     
   370.88118181825536     
   371.93900196303758     
   368.70185317078364     
   366.07448634578134     
   368.55192688716119     
   370.93538919063229     
   372.70719105459455     
   373.45525483990104     
   373.29480613992342     
   374.77993015563146     
   377.11359930065896     
   379.61824512524134     
   380.28399984239491     
   380.62011330024677     
   380.39722926308434     
   383.08574880703151     
   382.70399891765442     
   382.57503075876866     
   384.44157265266887     
   383.29379216602115     
   386.09847294108022     
   386.44564892992310     
   391.69326771513715     
   391.11147608515176     
   387.35108142688023     
   381.84419197254459     
   378.03619919268169     
   374.03070170586005     
   372.02699105887552     
   371.03216711900239     
   370.43574785384703     
   370.22699257778038     
   370.26943142511959     
   370.79673615324958     
   371.81777757420821     
   372.98513639750638     
   372.00041507930951     
   370.83174268821011     
   369.31839153667323     
   367.24690065548174     
   367.92854971423134     
   368.65221319906078     
   367.89495509508976     
   367.89900349420361     
   367.68407865434750     
   368.80755120989721     
   369.50795904541366     
   370.17612885963177     
   370.14510283400938     
   369.72645488721366     
   369.14804934532594     
   369.36549879399780     
   369.97674277004558     
   371.78003727109206     
   372.07857525736284     
   375.47633168665743     
   377.97223119749140     
   379.22209234296548     
   380.43316580010872     
   380.45247465245819     
   382.14236848138734     
   381.95653600892842     
   380.32889210816421     
   387.46681671486544     
   387.87998103669935     
   383.74684327474301     
   385.28524217339185     
   388.54561357912877     
   388.15549482858444     
   385.09570381185875     
   385.19178116404788     
   391.77363527427832     
   388.13508618298056     
   385.80469747732502     
   386.66311459164598     
   382.46971640239144     
   383.24446138830774     
   381.70921335571421     
   377.54965888453148     
   375.07243375273316     
   372.73541361623177     
   372.12686475037032     
   374.01919068421432     
   374.36832952791707     
   374.26232506880336     
   374.37785384363042     
   376.71799344270823     
   379.92215436405075     
   381.09444516205969     
   381.78879807406867     
   380.52583754006025     
   382.05851350123254     
   380.77701556626960     
   380.33336320416436     
   380.34948387373800     
   380.54688330360796     
   380.66113565088153     
   380.66377297320884     
   381.56685334200057     
   376.15274148503136     
   373.90544838056195     
   372.30025128910592     
   377.72261311546623     
   380.04845958078209     
   380.26193704562274     
   381.17374994164675     
   381.26943947809650     
   381.88946220273090     
   388.94433364196004     
   391.91543731152422     
   390.12929134423752     
   393.48687809307813     
   396.79425600227222     
   397.22111975554344     
   398.94301407770905     
   395.79544092504534     
   393.81265158027827     
   398.76962042721590     
   395.03893118329853     
   392.79875626957750     
   391.79557371162485     
   389.96500444301745     
   389.88338872401630     
   388.17978887013430     
   386.81242923353699     
   385.55961379442175     
   385.24713221672732     
   384.08284778710055     
   383.06018747215342     
   381.14231045637399     
   382.56310091512120     
   382.57072580234666     
   381.83488930179919     
   380.66978834735721     
   381.58632097978051     
   381.65909132973610     
   381.31447722434751     
   379.51493595291032     
   379.12758128482170     
   378.88391234909932     
   378.64162359885358     
   380.87590602678267     
   379.25848667213518     
   379.09310145232087     
   376.55591474632553     
   379.50813097029300     
   379.82261511475650     
   376.20393790907451     
   374.77621930089174     
   373.93930854059943     
   375.42646667628895     
   380.58978869989716     
   383.64713777712188     
   384.03747739072696     
   387.67695938581272     
   388.44301872599198     
   390.89120445602464     
   394.21645632283747     
   398.77986257326921     
   397.28876829612165     
   397.70684453530777     
   395.83462754354076     
   397.27780006962337     
   398.12500104499725     
   401.59492695792198     
   398.67278524122270     
   393.38311996323063     
   393.39108242812063     
   392.37153646297793     
   389.73337931334981     
   388.14864164699378     
   383.27124399196282     
   383.70686239879836     
   384.23940798872843     
   384.04130223146183     
   381.91256050269197     
   377.96847231153851     
   376.65595843096588     
   377.18144992943593     
   376.30441244889971     
   373.07776083865889     
   372.37028011502719     
   372.92096332124004     
   374.43896877347237     
   373.59966104888093     
   373.86020803230940     
   373.89174675906042     
   374.36360268486612     
   374.41321361413316     
   374.19451447296552     
   374.14600855479063     
   374.71288660032815     
   374.94380477057416     
   375.08286778001315     
   376.98566288823974     
   382.52839399882015     
   387.12271233091565     
   389.33682712855199     
   390.60662020402134     
   394.45730487514584     
   394.95711557560622     
   394.79447979684488     
   395.36511939758117     
   399.63693178495294     
   401.99500076963136     
   403.45156851086989     
   405.67748833976731     
   406.75416399963723     
   406.95544891054845     
   407.11048795222780     
   402.99711397046144     
   407.19722488731719     
   409.34268861001772     
   410.24812588080141     
   410.98563271772940     
   410.84726814342145     
   408.44368567007791     
   405.40577714758450     
   397.94768384964038     
   393.41602718353170     
   390.27381070662136     
   388.86036579863475     
   388.28493953514277     
   387.72945501998748     
   385.24940677119230     
   383.25678291077963     
   382.38525209440519     
   380.75203809178197     
   379.52160831165838     
   379.07497757088299     
   377.84473633747166     
   379.75327689572742     
   377.84159121227702     
   376.88913004584344     
   377.22440135459590     
   376.34529298637796     
   370.98274746861028     
   368.43045184449716     
   367.28340925040663     
   367.29221117506688     
   365.85864911119165     
   367.06378843082888     
   370.26466162738802     
   371.24411214793270     
   371.60731159526529     
   371.59588362479468     
   371.41823919560039     
   373.87363464123615     
   377.17947544106357     
   378.85972044771859     
   382.45658809924799     
   385.14295824254918     
   388.63725812226892     
   393.65128606557431     
   395.27169570088188     
   389.52861696646085     
   388.57294645559233     
   401.41886617988359     
   405.97853606364777     
   402.21553494738782     
   396.09468117699652     
   394.11587180339217     
   399.84067355342250     
   398.98989118184414     
   391.60573596725038     
   386.15610378036274     
   383.94654624287824     
   383.70044206053643     
   381.30288661772175     
   381.79729462436626     
   383.24515706762622     
   381.93274430976157     
   380.84838665036949     
   378.32370878175965     
   377.58685536795343     
   379.01319438950185     
   377.23390292249519     
   373.19460041616566     
   370.04055664390125     
   370.10336271652727     
   370.56566229542756     
   370.73661995441802     
   370.36076891254925     
   369.11620626417874     
   365.26167551522752     
   366.38644426228780     
   362.76995510086090     
   360.26676227839272     
   359.15100273567668     
   358.37588845381435     
   358.04318327867173     
   357.78226656780146     
   358.05110477735519     
   357.51790127089993     
   358.73450049368597     
   363.67598390971108     
   367.34862881133677     
   373.61850400695829     
   378.21956687119751     
   385.50432169043177     
   386.41763264938413     
   395.65589144908608     
   389.28263756385752     
   389.20128275288067     
   393.96899515294689     
   385.50158500904968     
   384.09911902528091     
   381.88406292662853     
   384.45562458399428     
   381.07751918393205     
   382.88382487144816     
   383.64545566059547     
   378.60724962115438     
   378.11108244132515     
   378.79112579602435     
   378.62720834594325     
   376.25393110640647     
   374.86865554289898     
   373.53119651967813     
   370.76462893159629     
   369.72029268722832     
   368.80816231386234     
   367.66270926197137     
   365.95945006228703     
   364.59745564112404     
   363.42537178000089     
   363.37615596071049     
   362.86787263691178     
   363.11225409144555     
   361.75696972622177     
   361.70802229777661     
   360.93616027592594     
   358.79351231195272     
   359.19823558550303     
   357.82954979153021     
   356.41122587240375     
   356.78564970806730     
   357.05101513445572     
   355.39632121812707     
   360.12575480585622     
   360.93279639397127     
   358.74500434016454     
   360.24433614191963     
   366.31728676681132     
   367.79207132489597     
   368.57852920559475     
   376.50474711786120     
   389.97753888179176     
   385.00903382409479     
   383.47449776019243     
   384.53651652999821     
   402.70647299743410     
   400.66163401950428     
   398.59554523779138     
   394.84503867739721     
   403.33701571151283     
   394.56089062843625     
   393.43637768875431     
   392.83732536360435     
   387.01818351448969     
   385.66710399120001     
   381.78633885058838     
   377.77615198508840     
   376.13104607545142     
   373.14460083276958     
   374.37879495574418     
   371.06679518292088     
   367.19713739242280     
   366.38561630560076     
   365.38211908115090     
   366.93488613216857     
   368.12710912085072     
   365.76911316970080     
   365.11543175989129     
   365.99483570685175     
   363.78381411304076     
   362.54899227576573     
   361.30501996821789     
   360.41654244085674     
   359.55945834239623     
   359.21476738484751     
   360.79186022978047     
   359.34921559553737     
   360.19031191331777     
   363.81299974549910     
   363.06760556761617     
   364.73854990787737     
   363.97691478884599     
   363.13603050480833     
   364.91188956327716     
   363.55553972127262     
   366.13865748546357     
   369.85396092673921     
   373.38628078554416     
   374.80788889853318     
   378.09578240057044     
   379.49433334022115     
   382.79124647346106     
   386.23618145024273     
   395.80891977151452     
   396.93726334712466     
   403.22085678805030     
   408.33627138103543     
   405.03578294647332     
   400.56081391692578     
   392.07761626864851     
   391.03277025948285     
   390.55657292621720     
   388.17344624588401     
   383.48237777037241     
   378.00129046898724     
   377.03916063381365     
   377.12649249623513     
   375.21715011831952     
   373.61185379867635     
   370.96089401890930     
   369.62844068133813     
   368.70356781099838     
   367.22645523542036     
   366.12912040269174     
   367.02236721142214     
   367.16912560935350     
   367.30828551535632     
   367.64659755577975     
   367.59868925902748     
   367.35414610524361     
   367.08996633098610     
   365.99181092413107     
   365.48462879262649     
   365.39616007072487     
   365.10058211408170     
   365.01616725361674     
   364.65133543522205     
   363.53461012052060     
   363.12896293322063     
   363.32884173181088     
   363.08305542101238     
   362.33860380122911     
   362.71201644925532     
   364.80602865840848     
   366.65563151056591     
   370.23722659000703     
   375.35272340297820     
   377.10111602468419     
   383.04804416659084     
   390.84572396089658     
