   456.30137258649484     
   454.84202465454348     
   453.32519446330269     
   452.06546923763926     
   450.99388881512186     
   450.12255338331317     
   449.22405279858413     
   448.26563010540252     
   447.41291554366768     
   446.60859672276337     
   445.90123249059133     
   445.11150980449207     
   445.16209024489990     
   446.96039977630682     
   451.80938950252505     
   460.99685673383794     
   473.27376226006345     
   489.38168793095980     
   508.15525491087021     
   528.57285694296627     
   545.18762729306025     
   557.46273507247679     
   571.02168562894065     
   572.26824124808763     
   553.18752005371914     
   542.40519367703166     
   522.29495460990586     
   521.56706748292925     
   536.35428282939642     
   540.81451455001456     
   541.35822480509933     
   520.91864198375322     
   510.47111163558372     
   514.31175918692679     
   514.68905991376516     
   500.87613832220870     
   495.89941999083652     
   487.48057225836908     
   483.13756239685426     
   480.76976037246322     
   478.85034979958675     
   476.21514330912493     
   474.23935686868532     
   471.43204567956917     
   472.84649547214968     
   472.93892906077070     
   471.58339076596815     
   469.87967721596425     
   468.33165931362771     
   468.85645200549976     
   467.71695774801344     
   465.50154777879271     
   463.74400622467846     
   461.88890261515303     
   460.19268942772572     
   459.12961827124167     
   459.70064684730562     
   460.13498170418592     
   460.00434121581253     
   459.78893826432227     
   459.58432672923720     
   460.10583373903205     
   463.86343565225553     
   473.78124439468661     
   495.33347542243308     
   503.55386104413645     
   515.37531819458661     
   526.69776227537659     
   534.82499894652653     
   534.07900051040508     
   538.56947578947620     
   538.59212497607814     
   530.23592332500539     
   512.53786387145806     
   502.43720316223488     
   499.50680943283407     
   500.66641054957898     
   497.32354734205290     
   499.92527382140690     
   499.07273595890831     
   500.06618533656206     
   496.94088018465516     
   493.01047313646245     
   488.26168134270011     
   481.23136663887823     
   475.05191795979817     
   473.49493044884923     
   472.53959844377664     
   470.96268355711123     
   469.75918225375710     
   467.60286530955216     
   465.77667356089296     
   464.52872184145406     
   463.52389686482258     
   462.43173662097877     
   461.01341947723245     
   459.52494227070525     
   460.16790646485276     
   460.31848622023608     
   460.03544360299031     
   458.12965777950279     
   456.39124885244655     
   455.13589975521364     
   454.35908707581581     
   453.74845220786466     
   453.09813056276687     
   452.54942222541393     
   452.09333113324334     
   451.52031396457903     
   453.95614399079210     
   461.93126417552315     
   470.71519375901175     
   481.63437580660332     
   489.52585753641870     
   481.07429762148701     
   487.46258188088251     
   499.30551074391673     
   547.41968537596563     
   562.40315744133886     
   578.60617956487818     
   576.20837267967897     
   571.63312600283496     
   563.95320391258451     
   558.33476339908020     
   527.77344223563773     
   518.36758016254691     
   509.10876323503862     
   499.43546163407149     
   494.26729615231307     
   491.70706534452444     
   489.70728865247577     
   486.49410577689775     
   482.84219728710207     
   479.53721116779286     
   476.85360614351657     
   474.40054857689739     
   472.54142708684651     
   470.51616777455001     
   468.90463334677963     
   467.60932476307539     
   466.75224557678274     
   466.09705841352456     
   465.56272652992487     
   465.12944092467586     
   464.21121772333078     
   463.68865612735192     
   462.33373810575614     
   460.93451312858156     
   460.06729606198786     
   459.44670197655142     
   459.08739977007178     
   458.09394563297377     
   456.91434775912302     
   455.67415765012612     
   454.61453180910456     
   453.93244055871656     
   453.43684620947960     
   455.49740321474997     
   465.26929138289688     
   478.01315280787787     
   492.13170182343123     
   506.74479573089690     
   520.55600563893438     
   519.76260171376805     
   543.98890870363289     
   534.08218522607126     
   549.03342975424641     
   578.10736464839079     
   589.96506639422739     
   590.74596077593424     
   596.51668019587589     
   547.29457365526775     
   538.36793517157560     
   529.05174129713691     
   537.88042231831650     
   545.87371321904936     
   540.88455932933266     
   517.88818084638910     
   504.65824572217753     
   498.69143086295509     
   495.22500113938315     
   493.00710811371556     
   491.55657528396421     
   490.52664423981810     
   487.47225408084239     
   485.00698380338082     
   482.96278129627052     
   481.01079766147114     
   479.12058380038991     
   479.02889084846225     
   476.33306703952371     
   473.88091913826969     
   472.73822702027536     
   471.97897656057580     
   470.31026601796071     
   468.60473574589548     
   466.77807112505195     
   465.87538673259820     
   465.04413244746780     
   464.38745810741250     
   465.49123788434503     
   465.59935892230061     
   465.45433656965884     
   463.77070094538664     
   462.36406049036702     
   462.16234944677200     
   465.49640778581863     
   468.47896448570816     
   479.29644624612280     
   498.32383160395307     
   505.99900264869314     
   516.61752600131558     
   521.27806049521712     
   530.58477160285054     
   535.14791550927282     
   541.15365693325077     
   544.08594716568803     
   533.66498381541169     
   508.60881940411576     
   502.69824025475691     
   502.92141610238184     
   503.35535660338667     
   500.94588464085160     
   500.50347143889923     
   497.76457291262790     
   493.16107281826282     
   490.19199269807956     
   487.03676498138060     
   480.85631488355455     
   476.57247753854131     
   474.18648075149139     
   471.97460829039289     
   470.51586569666028     
   469.23184537993694     
   467.14123970682277     
   466.05745884445975     
   465.30302239182737     
   464.56114488215201     
   464.16275725381979     
   462.61780880166737     
   461.06506577675981     
   461.30144716521340     
   461.48079404785653     
   460.48011896535490     
   459.48181286740407     
   458.00015899487863     
   456.79037581497170     
   456.42312603744057     
   456.13483394786522     
   457.43907561544535     
   459.17880528436274     
   460.27352527336325     
   458.04472821471302     
   459.47350929371311     
   462.20853631353071     
   462.33210692196661     
   462.57491608566880     
   468.14925579991404     
   480.93736810131071     
   490.42766173596749     
   499.59800472959932     
   509.18842674789869     
   536.07680720116605     
   535.45957141809640     
   549.53854058425770     
   544.00162761233105     
   557.76604371373674     
   549.88321837207661     
   559.25196946100141     
   534.61672212011081     
   533.09701822331340     
   541.72769719821758     
   524.31963342266465     
   513.88819160292178     
   505.07751997592851     
   497.86049122783800     
   494.71337140521041     
   492.62439957045086     
   489.19142007039375     
   484.23712574186345     
   480.42612889942683     
   478.50255038731922     
   476.32873822251668     
   475.53342392347730     
   474.44755424886091     
   472.87179248109840     
   471.25683151241304     
   469.04368574479980     
   469.16040349864846     
   469.05785002070337     
   468.85652801406513     
   468.70091407322275     
   465.78740511722151     
   463.13341187442256     
   461.65435095712598     
   460.86415514389120     
   460.35637432258324     
   460.08124512767586     
   459.40088547795301     
   457.09367076841522     
   455.40630039129007     
   458.99120380232512     
   465.64472968252574     
   474.57265770891871     
   481.29029978966042     
   492.29439966613290     
   509.60179977367642     
   522.12478280379787     
   527.27888023647643     
   536.23072712833732     
   532.94441683989805     
   532.00256102304718     
   555.82910344122138     
   587.03714162979713     
   574.69002437838401     
   599.73328627476747     
   595.57992280180736     
   600.92585097327981     
   590.35880866532511     
   573.53714605299501     
   565.65892036930825     
   539.12158311572227     
   525.68023583037586     
   518.22962637193314     
   507.78656131911919     
   500.62099201917010     
   496.49654193171210     
   492.99386306616543     
   490.13380429261008     
   487.32934900391308     
   485.17030793758886     
   483.15482328676273     
   481.00456826454365     
   479.62048238008146     
   478.04535801093584     
   476.77247100864997     
   475.17159973262164     
   473.54245689754566     
   471.82953225906596     
   470.36460208876531     
   469.08030595227933     
   467.66428849377360     
   466.48436356223414     
   465.35769491359150     
   464.28262642542796     
   463.38330700779761     
   463.65359584074378     
   464.02319864399431     
   463.72210002882161     
   466.05408697851379     
   474.23423224905838     
   489.47813081751224     
   497.68976458943291     
   516.20290497273038     
   528.21229010647835     
   544.47788397674174     
   558.58299489188209     
   569.82362411073564     
   583.92620267937673     
   594.35053728046273     
   600.94007662937452     
   609.50110618838391     
   611.48431431837889     
   610.95621662167775     
   618.33273757904806     
   592.10963739373767     
   597.90246067794806     
   560.86736745403709     
   558.91648856654490     
   544.98863333298664     
   538.70146484561178     
   523.48174890328903     
   511.65806390710776     
   505.99965073676958     
   500.54756976660860     
   496.41770672385161     
   493.79191095617819     
   490.72446913787672     
   488.74036537628280     
   486.67047782645813     
   484.59964396209000     
   483.27297991406164     
   481.72004195858477     
   480.14565162992744     
   478.67306819925773     
   478.19596891415978     
   476.83270501413176     
   475.46411111844026     
   473.97380601245254     
   472.83045156134068     
   471.59035799411157     
   470.36840646161914     
   469.12972747482877     
   467.91806729777659     
   466.88225743292816     
   465.80284757357845     
   464.73567033073857     
   466.97526673579193     
   475.59755802390424     
   488.80810096780493     
   505.30293731675505     
   509.19188649381221     
   512.24557772441676     
   513.63835073859525     
   552.82735846760499     
   572.55933958653009     
   585.30886919148099     
   596.26415467185700     
   603.52445634989328     
   608.46306592456813     
   576.82677002081289     
   560.48475044138263     
   567.46178761421481     
   557.98561921215219     
   549.75154367053244     
   539.92966515629109     
   525.56922469482265     
   513.16338062657019     
   507.90419650015576     
   504.43627969694955     
   501.23008248289113     
   498.21458806161615     
   495.45984849359860     
   493.86578535295615     
   491.24957244214056     
   488.36094937755024     
   485.45211047208937     
   483.82451510522890     
   482.31761851788718     
   481.07253234438701     
   479.87211662532923     
   481.23573458630432     
   481.02754772293514     
   478.48421157089086     
   476.69584442254268     
   475.32279679020422     
   474.57981470899813     
   472.40251246678827     
   470.89835326739529     
   469.56793443335175     
   471.19073101365387     
   468.07472295244116     
   466.35899143676426     
   465.72104308552696     
   464.60381766379027     
   467.42551278428357     
   473.71642127176733     
   479.96725759536974     
   486.48367171893460     
   493.08375702880636     
   496.43695224033661     
   520.75832757507897     
   535.89412090322878     
   549.09598629215805     
   520.09147098977451     
   523.72987456172632     
   536.20875540598547     
   550.85899667087665     
   567.09268915250141     
   554.98560699113568     
   548.68729314545305     
   542.90350999916018     
   538.60910330940828     
   530.18154563890971     
   523.09076903871414     
   514.94262408087127     
   508.22004588376586     
   501.76719920480826     
   494.86668059748513     
   489.39183949418884     
   486.95845284398678     
   487.07898048532513     
   486.39636197697030     
   485.46538662063870     
   481.81265345515970     
   478.88312985319567     
   478.85440239884230     
   475.88955164752144     
   474.20324003862993     
   472.81092024560860     
   471.49756364983904     
   470.92749627987132     
   469.69367710069673     
   468.49763989891028     
   468.30584918188214     
   467.18560898745829     
   465.92927073353331     
   464.58020686937522     
   463.21239701222828     
   461.84542973811915     
   460.88553699054393     
   460.08976826876790     
   459.37018541241628     
   461.53361861099779     
   470.00378678829287     
   483.84356009027010     
   499.74114233749543     
   515.50709500554080     
   531.75438122496041     
   542.63182132591226     
   558.28271837541558     
   570.23399494483817     
   566.24960898686925     
   545.17717288919869     
   562.05611462600791     
   597.70941955638330     
   609.74221233950436     
   605.09122969876717     
   599.25122795861239     
   546.74378072413379     
   531.46922569346725     
   527.06769289154522     
   523.44109660515767     
   519.50777337928992     
   516.19207184250581     
   510.15800718514492     
   502.20802085299101     
   496.67637651416442     
   493.31638881098399     
   491.41841359251754     
   488.72850369067277     
   488.06413233114648     
   485.03526370003539     
   483.64975796991251     
   482.54105150891689     
   480.90636319774802     
   479.11735681765128     
   477.23875595187172     
   474.64234457888296     
   475.27136976881468     
   473.95187584635306     
   472.42704698857767     
   471.05303845461395     
   469.63130262473015     
   468.42531805764844     
   467.38366068365423     
   466.95881622823930     
   466.00147353522590     
   465.00522505112491     
   464.46538932445668     
   463.78797837431148     
   464.41799404188112     
   470.67109805572716     
   480.00216422866367     
   494.12223261887004     
   510.65158101726632     
   526.54451851819317     
   543.11059367022347     
   560.42306808679427     
   575.20442321292524     
   582.34830350856521     
   590.49011432122734     
   598.53238253204358     
   607.63249239924528     
   554.68173288575474     
   532.08950089387088     
   523.80517104978026     
   556.44331243461306     
   562.14146807648967     
   548.91446991791338     
   545.54055026074752     
   530.72164854198093     
   525.62355200018385     
   511.94260071449423     
   501.74178211132761     
   495.10844485775880     
   490.57813830051316     
   486.87370971242620     
   483.72500099712113     
   482.11657708312254     
   481.07694116041955     
   478.68557249020307     
   476.80548776943147     
   475.17352894262797     
   473.65409348089423     
   472.61008336387982     
   471.77219895043498     
   471.81120924987823     
   471.06493473551757     
   470.61911405262532     
   469.93587544285856     
   468.87171286522619     
   466.26629310899085     
   464.35405527579803     
   463.91468409028795     
   463.88774583053856     
   462.99298432146679     
   461.80501296217085     
   461.51761243682370     
   462.83522567131320     
   466.20591343972717     
   471.51462376968141     
   475.58599940450728     
   479.49899020154413     
   497.51076268087104     
   517.90016360678180     
   525.58277915758379     
   537.88854241369540     
   544.34175926057856     
   549.44250940211168     
   553.30409259689873     
   520.37769466502687     
   507.49346146633616     
   503.70854140617371     
   501.69383931115703     
   499.20498053030570     
   496.43241176621223     
   494.55096563857086     
   491.19437585119908     
   488.85819038580183     
   487.10844337998986     
   483.19741511980362     
   478.74063446415352     
   475.13336267944266     
   472.39930783001074     
   469.82731157755177     
   467.75497589883616     
   466.40090724279776     
   465.84061101108836     
   463.92375029012686     
   462.47116181904727     
   461.86868619843540     
   460.91914844668923     
   459.53173363592077     
   458.44941502800680     
   457.40746724843581     
   456.49460279540239     
   455.64108050679141     
   455.10462677342770     
   454.57071699812133     
   454.44533924000450     
   454.25775901309044     
   454.26055330621273     
   453.12444960338968     
   452.22827330332103     
   451.63210382368800     
   452.37537832993422     
   453.54666622228524     
   459.18480186110503     
   472.09195380330573     
   487.66371516433298     
   504.24111712589541     
   519.59748889653690     
   533.23571629743446     
   537.97667608250993     
   508.77950523147655     
   500.71198383616587     
   495.88442574969474     
   503.40194616589201     
   522.41526679487856     
   518.45018624054967     
   507.73723869926448     
   507.51208460900796     
   508.25735884622418     
   509.37127844149472     
   512.55006177762266     
   507.93932754647790     
   516.57137539388532     
   509.45734059693177     
   500.57708562225406     
   490.71698255592406     
   483.86872843098911     
   480.64439382373723     
   478.40148435684193     
   475.91051806391391     
   473.90880488188003     
   473.35925070822083     
   472.52106067781898     
   471.11150215270618     
   472.24516424145440     
   471.55832391579168     
   469.72394348275321     
   467.13274209990777     
   464.62607239163424     
   463.22735210665621     
   462.17998857821624     
   461.24213050525395     
   459.92311305922863     
   458.99557956929419     
   457.80578030476772     
   457.15605407007877     
   456.90123278217681     
   457.50323497206938     
   458.44463560701519     
   456.91549363484916     
   457.98586691033870     
   461.87902735778488     
   471.17985722803434     
   489.89014996023411     
   501.22023132983833     
   507.79330755096328     
   528.92747607882723     
   533.66243447053375     
   531.82999960914185     
   535.67062031243506     
   523.18832285810561     
   521.38539849848132     
   527.77131647133410     
   535.89097061714131     
   543.93050588322558     
   537.17103889920770     
   528.20959290149221     
   525.24116732710138     
   518.71730683698979     
   512.93091448748419     
   506.47080439120492     
   500.46652016727683     
   492.59823516702261     
   487.28103147435974     
   483.79455269061333     
   481.03193484554930     
   478.95018408181596     
   476.75398944716216     
   476.09588721487444     
   473.71465636303697     
   472.45191407645279     
   472.03869527062062     
   471.32568281089954     
   469.73675545766923     
   468.32647865928431     
   466.81778298809104     
   466.41358875242872     
   465.34436068302256     
   464.56614300745554     
   464.07302996738736     
   463.23347719679418     
   462.32337557764043     
   461.50915569263907     
   461.14158779347599     
   460.69537889303609     
   460.46385588291179     
   460.14339453634631     
   460.03827834785096     
   462.71019743071304     
   466.05483125625108     
   471.71131079250711     
   487.50653060587513     
   504.81624439031356     
   511.69534913940481     
   532.09460618201854     
   545.79971398906082     
   567.10538901267853     
   548.40759513395506     
   525.93320177271244     
   533.88155982395790     
   574.56935183902931     
   592.96990924142347     
   598.56835942064117     
   594.51803318741213     
   591.39320629910151     
   586.33870071871740     
   571.76951182644859     
   535.55759086004343     
   529.32763746023954     
   523.89437169774601     
   514.06589196982929     
   504.75106883238391     
   499.34176897092306     
   496.13328851039432     
   495.14671182079235     
   490.47093421510635     
   487.26371399078278     
   485.09444559472706     
   483.59893723915536     
   481.94168511353092     
   480.43511258113216     
   479.34922029636834     
   478.52732929831393     
   477.37638176125461     
   476.71754844860908     
   475.51041663019441     
   474.85246573103132     
   473.90554306715063     
   472.95727594012368     
   472.50635784468733     
   471.88811528509581     
   471.21244750637567     
   469.57869529013999     
   469.12586514838824     
   468.62595690367129     
   468.82147523491039     
   472.24712008852845     
   476.17926507764457     
   482.80863711766926     
   490.39418911039331     
   494.25032555397524     
   513.44397743391448     
   539.11802196446433     
   547.60305413480262     
   542.53242699051862     
   535.27809362606286     
   554.39930456569959     
   580.07569893662458     
   577.36828726748445     
   554.34127836828930     
   553.47535062706720     
   583.75402186822612     
   573.51514073115629     
   538.38162742960492     
   531.84922124161653     
   527.72238101561584     
   516.45627421012580     
   509.94690659469967     
   503.90086467707800     
   497.23804314905112     
   492.04878022103401     
   489.36305272014778     
   487.28896022910055     
   484.97482283523829     
   482.83951651346064     
   481.58079759470172     
   480.62895779055765     
   479.92565320228027     
   478.13281959250281     
   476.74680610876646     
   474.84249998161289     
   472.79228203702945     
   471.80430365644963     
   470.74155001981717     
   469.32688015453311     
   467.33758126452369     
   465.57878977276238     
   464.49655508873690     
   463.93687261303262     
   464.09269831762481     
   464.27377537913077     
   463.81303723487787     
   463.30879014035651     
   462.71140980628752     
   463.23831698303366     
   467.61611408002972     
   473.29813175907771     
   479.37152992934142     
   492.79955297784232     
   500.25895691912217     
   506.90151864326720     
   535.50301026027262     
   529.23789838756056     
   532.40445841336373     
   579.50717314670931     
   586.83368368653782     
   569.71087913734664     
   576.63487611928178     
   576.03990574407976     
   556.50839146699354     
   554.17456501593324     
   566.40277254663488     
   565.13328312990541     
   559.38232539934927     
   532.05450277069292     
   523.10022778682696     
   517.12075544549259     
   506.49660608900933     
   498.60353436479568     
   493.52148687830129     
   489.83730424155385     
   487.04346786756560     
   484.39358045879362     
   482.34770416807595     
   480.50024751926884     
   478.92071346801367     
   477.50841568625304     
   476.22138337145560     
   475.19706206450633     
   473.99804039034808     
   473.30002760298862     
   472.06098785184804     
   470.83388046222660     
   469.65421154208093     
   468.89988825394073     
   468.79320918486889     
   467.69100176463297     
   467.45038605185317     
   466.28149249354976     
   465.04447972692617     
   464.26438970177543     
   463.56971615921492     
   466.94407030837834     
   474.24305325838736     
   482.24215558592232     
   493.81356195142365     
   508.67674610445619     
   517.24010382172787     
   538.96087352610721     
   558.59151065852177     
   560.28437583834011     
   567.57157888396205     
   575.87836443789706     
   566.86206291898395     
   582.28570725752104     
   582.64488142915695     
   569.00901146867454     
   572.04923375629471     
   555.85138212553545     
   551.45043340783820     
   538.22155123367247     
   521.61968416009302     
   511.93683129325041     
   506.98437338045824     
   502.09768368946550     
   496.08755114739762     
   490.75162564984993     
   487.56720724011183     
   485.97580100420578     
   485.20247996933210     
   482.95872566176689     
   481.49363306445656     
   479.81353714177902     
   478.57975017485211     
   477.00414805652781     
   475.57290301407454     
   473.86256407856382     
   472.49434774445490     
   471.91935591554278     
   471.20359089132438     
   470.06898575981359     
   469.21324953609860     
   468.47798439270287     
   467.36112620252055     
   466.26288442719857     
   465.31333044012814     
   464.69959315914468     
   464.25988102483427     
   463.85384216015814     
   463.38901577987053     
   465.26287633618858     
   470.48963734099533     
   476.24235013458087     
   490.47542843833321     
   498.34789771703197     
   508.62404317416247     
   522.06107949959403     
   541.11685486648196     
   562.90050563777231     
   567.58040857942376     
   573.91150891999439     
   593.93995802788152     
   595.44557676606269     
   601.48343921483604     
   601.80224381754977     
   583.10093086202221     
   593.97259568719755     
   588.19238641857260     
   559.97623346395585     
   529.67667188818223     
   522.93114299428726     
   519.70520025599012     
   511.94558998622210     
   505.86760621139956     
   501.66417898775103     
   497.64857894720456     
   494.54831271114040     
   492.26140210594264     
   490.82203273654727     
   488.68478514368172     
   487.52356273713116     
   486.44356632497988     
   484.79015402579358     
   482.73308799926633     
   481.19315847382893     
   480.57579025941976     
   479.61225948702713     
   477.24243022392369     
   474.68478759370436     
   472.81510898158774     
   472.48532859844181     
   470.97231790620066     
   469.51927938020208     
   469.79076213170731     
   470.64168103453358     
   470.46209876307324     
   470.04958072894533     
   469.74231957525649     
   470.05441552741439     
   473.72943454409386     
   478.63065923591938     
   490.11922793131089     
   507.44229627804913     
   509.17567077246997     
   512.99948803993368     
   517.51699684482685     
   499.84793744928692     
   541.31831439671532     
   558.18164825538975     
   563.88039642603894     
   560.15576700938618     
   561.25232279939280     
   520.88276167175820     
   510.73327738345512     
   506.86924516825229     
   508.49497102066016     
   509.66620075533575     
   507.20933227149635     
   504.33288716857152     
   497.93093225538047     
   491.51136799364002     
   485.41689226202453     
   482.49486167796323     
   480.36640243147059     
   479.12243591516807     
   477.61562516242583     
   476.00895355365543     
   474.85863127957197     
   472.76738238042827     
   470.37676047059216     
   470.91012330488667     
   470.64548817168685     
   469.47234597621258     
   468.46400522085167     
   467.71267227145728     
   467.16127343833710     
   465.83030660833475     
   466.24767105208463     
   465.02913433217543     
   464.51023101847187     
   464.58020139742939     
   463.55770795284343     
   463.12942755002263     
   462.90974674774327     
   462.37629441056851     
   460.26709893000856     
   461.18823405091933     
   462.98117100013326     
   471.34975743885195     
   482.02050761728952     
   493.51251035328028     
   492.51385258933578     
   493.21087989214897     
   503.55821509906309     
   522.14854486043134     
   526.38377800844478     
   544.30335418243999     
   552.17542371172385     
   576.57019641868578     
   558.95346505054283     
   551.46070953582716     
   536.06668711028010     
   521.36264130537052     
   526.06415847839469     
   543.30960593393570     
   526.85464507342328     
   507.55861559644262     
   503.68425557022186     
   496.37772468409412     
   492.68542423496382     
   486.24729745839761     
   482.76802387320089     
   481.26322181032231     
   479.90560702232420     
   478.71136305255277     
   475.12574378618370     
   472.49197851561377     
   470.92632694433894     
   468.58171514453920     
   466.98829898226563     
   466.13954604486941     
   465.50879056061666     
   465.81131965030539     
   465.80035429144834     
   466.40783362968534     
   465.72651579833274     
   464.40996410409588     
   463.70247545283598     
   463.84966443209129     
   463.52513217876077     
   462.57517116867740     
   458.59534334984966     
   457.34225464192912     
   456.97032227391844     
   455.64438432402699     
   464.92932593285394     
   467.85117788169350     
   474.21784569703470     
   489.33614519568101     
   497.26414279398574     
   508.82419124776573     
   514.04488540011516     
   522.17502601311810     
   536.22079384819267     
   545.09622136716450     
   574.15949287836929     
   571.09686237203709     
   557.89104609758408     
   549.60795714015228     
   566.10231577048364     
   547.02745726070452     
   530.68026182523806     
   526.58329640911677     
   521.36985826854084     
   513.73757649804963     
   510.24913604280897     
   505.57803159847407     
   496.50950556074133     
   489.92973820797476     
   487.65349403602920     
   485.82385777440857     
   483.29670184995746     
   480.96435180967177     
   480.31879694498457     
   478.10548299370583     
   477.32434864885101     
   476.45924594690069     
   474.76530806317896     
   474.48615642527847     
   474.79258092517068     
   475.09590983786353     
   472.38063778516340     
   471.09421484582231     
   469.43743903052871     
   468.69310200748748     
   469.12564775766180     
   468.98857182476092     
   469.51350064122960     
   468.76106504838287     
   467.42359594491461     
   466.79152602571895     
   465.65609589966681     
   466.37591895695044     
   470.79148541910439     
   477.45974175139514     
   485.85045371222873     
   492.60188484952846     
   499.90801242190929     
   528.11079681070396     
   526.00702894113090     
   542.76622494545529     
   552.47987582455346     
   569.20701468107461     
   553.75211155484897     
   531.39869717623867     
   523.24649576065565     
   528.13063141939460     
   526.36336080233139     
   535.54455275161990     
   532.54256188262627     
   529.82184654789012     
   513.94343336595659     
   504.37635694394675     
   501.41594859070301     
   495.21042229415866     
   492.10893283958103     
   487.44448009524177     
   484.73920222934777     
   481.49625046888400     
   479.37587227670434     
   477.66600041188542     
   476.37176001814692     
   473.65937708932643     
   471.62962569448916     
   469.98633204770152     
   469.78339370361761     
   470.08801613016715     
   467.31937342352336     
   466.95425203120288     
   466.35751744234915     
   465.14325680602929     
   464.03333371345889     
   463.23116854671201     
   462.59044176333703     
   462.42258048986332     
   461.88120877646082     
   461.21648002286076     
   460.50574604192724     
   459.79807478022661     
   459.19495233542722     
   463.05840844366242     
   464.26871706678537     
   477.64617291247453     
   482.73279017613066     
   492.19383945321397     
   496.49404500521746     
   504.20919744066646     
   508.23885109563531     
   529.81147035358129     
   533.83270103997552     
   551.16127231847270     
   570.31188336939783     
   558.85230691589175     
   557.17202438159381     
   567.07816871613704     
   575.42201290199284     
   561.25163872807298     
   558.89527893335003     
   544.92180589389545     
   541.69839182018006     
   528.14477492424874     
   522.47383893711628     
   508.60874832892790     
   502.75300628591606     
   493.95979883451753     
   489.24601937546856     
   486.50816435330165     
   483.60062128413392     
   481.10493117853594     
   478.89540988327479     
   477.11599472660646     
   474.28454412630600     
   472.28765045601625     
   470.55788088050195     
   468.89799934027315     
   467.39938846050893     
   466.90510181605879     
   465.84106645568198     
   464.80164313006310     
   463.70242313378236     
   462.44590255140287     
   461.54709260540926     
   461.61843813543857     
   460.45318387312136     
   458.68682435535493     
   457.60612954860363     
   457.08830034789702     
   456.32092288622471     
   458.58275081320210     
   464.33555836513511     
   478.28641180020071     
   492.35498087134641     
   505.33511793312010     
   512.01371673915867     
   528.29850574211264     
   536.68830329893149     
   547.73654249899982     
   553.76345980848816     
   554.35304407857677     
   556.72804634185445     
   536.71457637053993     
   520.39029653396176     
   509.05556216432916     
   509.48625098271145     
   522.16293907561067     
   547.64469447670513     
   541.80555981643840     
   528.31859461234137     
   512.86204379219498     
   499.71064024657221     
   494.25712046006862     
   487.84817499538332     
   482.66660555406617     
   479.27194949645616     
   476.30426362117180     
   473.65067491755889     
   471.62883897609191     
   469.79649717090683     
   468.26945941787238     
   466.38225783780302     
   464.90875784649364     
   463.11251388301253     
   463.57550743960451     
   461.40735049488637     
   460.70303916040632     
   459.66895985916108     
   458.77903604236315     
   458.56225233532325     
   457.43731916901885     
   457.53503771397328     
   457.32716704703154     
   458.20024144637705     
   456.74282268156867     
   454.19767381747982     
   452.89554389644888     
   452.38155584885288     
   453.36037725794313     
   457.60781056862857     
   463.98045376019189     
   470.47965485175536     
   479.83023119321439     
   503.53276638918788     
   516.29502307715381     
   524.59166774388677     
   530.48432423003089     
   537.67428229681718     
   538.68269622068055     
   529.41765867654442     
   517.06258903323805     
   503.52112946944914     
   499.57292046100810     
   498.43606374714284     
   495.82634299441133     
   505.13130836487977     
   495.90773124178315     
   489.43697551042465     
   488.06378331430307     
   482.65226457663465     
   478.74602125447512     
   475.55580483339617     
   473.47463802752213     
   470.84808420172868     
   468.00707205611315     
   466.37371953874617     
   465.03065281251230     
   463.73988460909760     
   462.25558893758597     
   460.89637729643152     
   459.62625286200034     
   458.30473232872936     
   457.11182148720758     
   456.27263042035798     
   455.64133881924141     
   455.17297312675527     
   454.80297484141920     
   454.54118846822746     
   454.18107682166919     
   454.08654702596016     
   452.97716394232543     
   452.24492002734411     
   452.80817559592845     
   452.95429814258716     
   452.34119362616070     
   451.82217166878979     
   453.63638966778160     
   459.30361447597915     
   466.28639118912707     
   476.09203834475022     
   486.49729298954225     
   501.45299723274564     
   510.36644126719136     
   513.76423143270779     
   516.84783719284792     
   519.30026255695589     
   519.33448576095236     
   519.62350935076608     
   522.73696973573306     
   524.86553612313730     
   524.61331399473761     
   528.17156708325308     
   518.52013225592611     
   517.16871021474083     
   507.43035694482478     
   499.16777548932271     
   495.39243328469496     
   490.88182628666254     
   485.41359206251877     
   479.32067732719889     
   475.43716321477632     
   473.44512334806313     
   472.41956765648092     
   471.19425285357948     
   469.91661529266725     
   468.87526691933772     
   467.71969859950116     
   467.07829355430789     
   465.08141651052273     
   464.09275238879354     
   464.26925160459189     
   464.17970724410236     
   463.32704135519214     
   461.78970419427537     
   459.99314003800447     
   457.00575738195823     
   455.28096997628029     
   454.50508292951184     
   453.65234915607817     
   452.86931297874349     
   452.19058735462693     
   451.56283578309456     
   452.02296163555928     
   451.81468304758431     
   452.28919098606190     
   456.59991678077512     
   466.30613171956639     
   470.03651802343603     
   474.19487406988350     
   476.44550533914128     
   495.56344479912309     
   503.59981437827105     
   505.84360158243635     
   508.13234388631236     
   526.78266690453381     
   534.13650247439477     
   541.29000800975200     
   545.35818819735459     
   551.13728468066518     
   558.16537013735672     
   554.93814958869200     
   556.46184741237460     
   542.40307869816070     
   539.35450172951118     
   525.22436151162162     
   521.67436742747111     
   508.17961346156721     
   497.90304911992433     
   491.40080167584227     
   487.66714546099467     
   484.74722745990641     
   482.18221376747982     
   479.53619324723809     
   476.89685655435642     
   474.67576575207215     
   473.31107167631455     
   471.83289405303003     
   470.18928152971301     
   468.82129639255737     
   467.56370207706294     
   468.00015618195340     
   468.68825335972736     
   467.18805935353328     
   466.85296304432677     
   467.63288973296073     
   467.76823623956193     
   467.15611557487978     
   466.08856736724601     
   465.34430161083947     
   463.55023170608979     
   463.81073847250894     
   462.96386973740817     
   465.11107876075795     
   469.08879746373742     
   473.85496634136501     
   480.67270418942019     
   489.59949133879240     
   503.78683479383704     
   521.33865657039939     
   530.40073026418997     
   550.81384037465034     
   560.15033714705089     
   570.29930171751425     
   575.83575013543259     
   577.16477772891812     
   578.97665414716369     
   577.15123366712919     
   580.90830067693673     
   567.77485088713911     
   558.97072169139494     
   546.08472952156046     
   549.16686954803743     
   543.42177790374080     
   531.36969370839608     
   516.46203653666555     
   504.77849128477874     
   498.07137449897829     
   494.35487403492965     
   491.00583307960648     
   488.12033765639046     
   485.42946049466781     
   483.39630237403662     
   481.35731933868954     
   479.04692221490393     
   477.20845038333044     
   475.93718512819487     
   474.73714923366970     
   473.43633220120330     
   473.20367497760213     
   472.06647159126697     
   471.11409956456100     
   470.11725078746707     
   469.00275529788388     
   467.94061399263416     
   467.75816900298253     
   467.77592331665204     
   465.87386329225194     
   464.84262006096372     
   465.27440301949127     
   465.80661920165312     
   467.10103303215499     
   475.45879902302505     
   484.27242238959445     
   494.93045617256439     
   515.30313107884149     
   527.59301629518836     
   543.06469049174405     
   557.15614055611093     
   570.35636449068147     
   583.80608449303531     
   580.86909034749544     
   572.55042891054779     
   562.38721687936732     
   536.23052107934257     
   577.95820294572923     
   580.21210520330851     
   589.41205497152566     
   580.40396778753063     
   568.73752509268866     
   563.78632812645969     
   553.92837190656030     
   539.18552238563404     
   524.35380811246773     
   511.43711340261859     
   504.20616329111550     
   500.07425598512947     
   497.43191487496767     
   495.65371399230264     
   493.66437701209918     
   490.44343337002971     
   489.10029552643311     
   488.98473887609839     
   488.37393089906675     
   485.32916635786847     
   483.58303836430053     
   482.91730204682204     
   480.77844687319936     
   478.65140033011392     
   477.97797550760055     
   476.47301814088507     
   474.59089022872894     
   473.12015394620460     
   471.76905141050844     
   470.29627412239404     
   469.17703794311853     
   467.71034729797628     
   466.26085629525289     
   466.20039229950839     
   470.64182388013410     
   475.78590628152352     
   482.10179737149480     
   490.98477921179079     
   503.69585242992571     
   499.95324670629486     
   502.08549790917897     
   504.72580001458749     
   534.96930466574554     
   556.68042228496472     
   576.03586558966515     
   593.44386035153889     
   599.33492542267743     
   586.94865510338036     
   588.49047226133962     
   590.94565256426154     
   581.97293544645663     
   578.77905618343755     
   558.36854935009012     
   552.94442102200401     
   537.25453681839474     
   521.80493877496099     
   515.89769830230546     
   512.87028379595733     
   503.98592065434894     
   499.19480627410985     
   496.15956451079956     
   493.97013474958067     
   491.25833789301419     
   488.39285712035809     
   485.67481192149410     
   483.70379030258408     
   482.22133271930625     
   481.56504244820411     
   480.34436258209735     
   478.26018306150598     
   476.64186722333170     
   475.60811276218504     
   474.59308371763950     
   472.42236633318146     
   470.56971928127234     
   469.22462358203603     
   467.96143602321592     
   467.24358425523110     
   466.71585825055070     
   465.05263469349586     
   464.22653857647055     
   464.08899974475509     
   466.16359929600401     
   471.57882464020446     
   482.42352042783085     
   490.84507897140043     
   509.30880572041110     
   516.78199872632706     
   527.03416697805869     
   531.53138481256053     
   560.93545978246721     
   574.92263952250914     
   584.78837627451514     
   588.39190077800981     
   594.54625394692732     
   596.44749383703879     
   577.03225999052734     
   545.34643728531785     
   538.23407487509087     
   551.74181212853387     
   559.27440825721021     
   547.81898419727383     
   528.47000620039580     
   517.50723521148200     
   509.53028799098547     
   503.67666401349686     
   498.19635964642060     
   494.28057940900447     
   493.06224661605165     
   486.94091300922076     
   484.27532684145007     
   482.03812394889070     
   479.92322354941109     
   475.89126254676955     
   474.42302109638570     
   474.33433924952902     
   472.27746800856477     
   469.52570048817068     
   470.11899746831642     
   472.12625518845408     
   473.02948274784586     
   472.00888869796296     
   470.80806223383536     
   470.20716274411842     
   469.12052236957089     
   468.70860842244838     
   468.06527686098292     
   467.01448034301416     
   466.72852827963413     
   466.25634032207603     
   466.25198142582809     
   472.68353102716628     
   479.06946544443537     
   493.19390417256164     
   509.64954402119798     
   513.56235114437777     
   537.43067126493077     
   552.32555051577970     
   564.15898849255768     
   575.16929809460578     
   585.93602669703671     
   594.36572407227493     
   600.28803070808567     
   603.64385132727409     
   604.51387371127885     
   603.39238222635697     
   604.06551747637798     
   596.03302038224308     
   583.59033603929345     
   574.67735733732604     
   563.39107623143639     
   550.87322711289642     
   535.15033412923685     
   519.81071459455939     
   509.31886611533207     
   504.06340816474244     
   500.72347184385615     
   500.78824728894176     
   494.31173851552472     
   490.53664693242638     
   488.39992461849164     
   486.98824535705023     
   485.16835386075536     
   483.68078033544674     
   483.06131626614530     
   481.56975885820128     
   480.30059268672073     
   481.26222894428037     
   480.36002641293089     
   478.83355362087093     
   475.45670004898335     
   473.59030908393686     
   472.94061507417223     
   472.45127705259398     
   470.39993214734358     
   469.05635984239950     
   468.13415920687078     
   467.42184431761950     
   469.49275325439692     
   477.00404907609442     
   489.18646298223712     
   500.27859014592360     
   513.29846412221184     
   529.49283805124378     
   544.95329440872501     
   562.61362687670817     
   577.47398254829193     
   585.22239487380148     
   597.05356474905648     
   602.92845410892141     
   612.14537053237802     
   604.38577363987656     
   599.33462874455086     
   570.11997212898416     
   543.56483674134813     
   532.46439451988829     
   529.14804214728292     
   524.23408322604371     
   519.60448548888451     
   508.92029587762170     
   502.16878849593604     
   496.84393594918964     
   493.00062248980083     
   490.04975355485391     
   487.63223519142883     
   485.22629376018256     
   483.52695002522557     
   482.29005064570993     
   480.04323410018134     
   479.07429474127122     
   479.23952883768663     
   479.80385911218002     
   478.32800505226112     
   477.09128909721005     
   476.49899710389229     
   476.16843481018981     
   473.86488284096743     
   471.09646297680706     
   469.22412188010026     
   468.12556425969768     
   467.18203431411297     
   466.38655327993467     
   465.93016666154421     
   466.77974275676894     
   465.20689352972590     
   464.21609211933634     
   465.22107145411087     
   472.07659659130667     
   485.94287510116794     
   502.25270133591039     
   496.66862210316680     
   504.13659664142773     
   523.75150843565882     
   528.51347294864013     
   522.11415967438222     
   517.75539554024033     
   532.10414290300935     
   539.86334798302903     
   542.19239820858570     
   558.63491353292250     
   571.97945022625890     
   582.39341118463335     
   585.68844811780673     
   568.85346450777365     
   548.22201927709045     
   524.70298276977564     
   515.86935535751672     
   508.97476098419594     
   500.86704336543801     
   494.64453102226724     
   489.57711909991798     
   487.41747193310010     
   485.18572530886377     
   484.89543009883414     
   484.01610773662827     
   481.28343443896688     
   479.44739285217497     
   477.28076679300489     
   475.69738697375658     
   474.55692645656632     
   474.22997679057585     
   472.76245029403327     
   471.85536052190878     
   471.16347379892653     
   470.27007259628442     
   468.75149141715713     
   467.46452173259280     
   466.41822230131680     
   465.62898530010392     
   465.88009222926092     
   465.32964002829738     
   463.80828546364364     
   462.27520151347733     
   461.54617895754666     
   463.85873272527562     
   473.32311345766965     
   484.35226805323771     
   497.19451187314280     
   511.84292790365225     
   526.78820300672351     
   545.57050297828891     
   541.75707342291969     
   510.09873414732294     
   501.22856657298195     
   497.20625670789258     
   492.85198283388831     
   487.71715872764764     
   481.75324614582183     
   518.14655715911454     
   529.97084931628990     
   527.80406313397134     
   529.97808680075627     
   519.66338628115147     
   517.42677221443444     
   510.09655550251057     
   507.74408200808551     
   498.24217901672768     
   487.30847382008562     
   479.82465276662657     
   476.11421439824323     
   472.62619444357506     
   470.15410968774472     
   468.08816811637490     
   466.00260184032572     
   464.20903503511454     
   463.31768359694149     
   463.54094472082301     
   462.36735393784255     
   460.63221572051009     
   461.90020635869109     
   462.94378524108578     
   462.23685075052572     
   461.38795502640744     
   459.85927722522041     
   458.80854100018098     
   456.75895890290502     
   455.09330527191264     
   453.64323690197796     
   452.53313756859052     
   451.84797275249713     
   451.26172723547120     
   450.63117490693372     
   451.28858641159019     
   458.17327299719653     
   471.87930720010229     
   488.41723702776397     
   504.05517601068556     
   508.44741867019263     
   529.02686436154761     
   542.99109109932431     
   558.24350543236210     
   573.29894864193568     
   583.90666999124278     
   583.83348383391740     
   603.58954535699968     
   581.61342200488048     
   566.99838840763493     
   563.62326924098761     
   567.54085098557709     
   563.52911800632728     
   557.81906394404712     
   533.65730371528275     
   532.15445997908739     
   522.21271146286847     
   508.14557273194890     
   502.25364728691051     
   498.79582758374784     
   494.87413728460979     
   491.12271508733090     
   487.66366549930962     
   484.40248791523157     
   481.12145956945193     
   480.72397615398609     
   478.34175384392944     
   476.46176267838007     
   474.90657178508548     
   473.58132805999139     
   472.71616340815763     
   472.22450630965102     
   470.83186228845835     
   469.70600858692819     
   468.69734201314236     
   467.55934699367049     
   466.66942158338054     
   465.88986975637630     
   464.85594433274230     
   463.75233668313422     
   462.94064366089918     
   462.72261088773473     
   462.55693761507774     
   463.14757674987248     
   469.00791050902569     
   473.62251670903066     
   481.85322385112323     
   499.49868886183089     
   507.50884405307761     
   508.39064274318656     
   505.57557994790466     
   511.22539410093276     
   507.14007801185869     
   507.49782246996915     
   500.27076485716464     
   503.57940022938868     
   503.24334744662565     
   497.69823276270466     
   490.50379557836510     
   485.18274177419863     
   511.08213476623217     
   506.44314033866863     
   506.42344887435951     
   500.63559807275004     
   498.61729746957991     
   488.58734376997916     
   485.30007472612124     
   478.29809366325088     
   475.02363159692152     
   474.31085227130541     
   473.09279009165920     
   470.70666659489001     
   468.97935324884878     
   467.54897900179407     
   466.57266341238397     
   465.54927215098922     
   464.58273489977159     
   463.82332276249105     
   463.29242652195012     
   463.83618455924068     
   463.33229705712307     
   461.83249278173929     
   460.78822045007519     
   459.19492687493931     
   457.91092263291108     
   458.04902487891542     
   457.82320410833893     
   456.48716694698516     
   455.90637788397953     
   454.98621981176893     
   454.30087874250313     
   457.67760572663934     
   458.53124143389135     
   463.61553136378586     
   465.93621956339211     
   476.79589747015109     
   480.46220674263105     
   499.03086390705175     
   506.23087845605227     
   509.86670321055732     
   512.93819264921547     
   512.83535107826481     
   513.94293685474520     
   516.90725314413601     
   519.26750843777188     
   521.15314674658862     
   523.01488219423959     
   518.41157146401235     
   516.39066848882135     
   508.56526347220625     
   506.57331482713573     
   496.12623979493662     
   492.08572043375142     
   484.38277194367242     
   482.85062734892074     
   479.95242708191466     
   477.56106395717700     
   475.45430396171508     
   474.14447067329940     
   473.08854649749441     
   472.27033612867905     
   470.75557759608978     
   468.92125020618494     
   467.06623414998990     
   465.57370683092847     
   465.22070815126045     
   464.63465856685247     
   464.27438689151529     
   463.96433320287565     
   462.88336243195698     
   461.87823496665885     
   460.61230025009428     
   460.01022021763004     
   459.68572230692718     
   459.59199242953105     
   459.16143607797954     
   459.38616158459791     
   459.18841180379491     
   459.08895137696339     
   460.12154798647225     
   463.91126775661428     
   478.71347371634226     
   482.67160873350468     
   487.78958292840963     
   505.57430672173030     
   519.17358362872210     
   538.97106941428854     
   560.47873103477491     
   579.98609135124116     
   591.47148142303217     
   556.82097430807914     
   539.93004083153892     
   534.74992432272018     
   552.00212523240680     
   558.43314736877755     
   528.60621078700888     
   513.86220586281456     
   506.18374337379282     
   511.61232780099738     
   508.93543077144301     
   502.90222089642367     
   495.50460534921785     
   493.63690519944771     
   488.79980362664099     
   485.72121509626089     
   482.18588933778869     
   478.59400840595242     
   475.93651460617571     
   474.21758547661193     
   473.99698858214867     
   473.52011174788930     
   472.53757121140558     
   471.54720007011946     
   470.86492191559194     
   470.27394319339862     
   469.72306097041343     
   469.19719052944879     
   468.38613906116228     
   467.46199898633762     
   466.25550319070584     
   466.06511005192448     
   466.06712110807996     
   466.03732823957915     
   465.39534426610322     
   464.56554938304191     
   462.10955903879119     
   461.23209358360498     
   462.01874363892085     
   461.78239036763426     
   469.07430401649259     
   469.24686789425573     
   480.04627430566188     
   495.00190513304148     
   511.42564012150706     
   528.92126075917076     
   540.18983533825030     
   543.43597148767901     
   537.00549858610623     
   538.20975738573838     
   525.93862430944876     
   496.83200867313627     
   481.83493928794923     
   518.91788484792448     
   527.38001422013508     
   527.99355582748353     
   514.08339202048398     
   511.00618834106933     
   499.16803708761933     
   497.03048038636979     
   492.76243704198555     
   487.02804279394979     
   480.40812413445076     
   476.78626647550055     
   474.23995470742989     
   471.24449369410399     
   469.02519996630201     
   468.07841448640664     
   467.23457842910881     
   466.01064580887703     
   465.04230358951827     
   463.88155301532129     
   462.36151722253561     
   460.73121144917161     
   459.36727345440613     
   459.33104782340519     
   458.81017526661708     
   459.00742435918630     
   458.35939048714403     
   458.11253753289230     
   457.81348636787391     
   457.03418887373510     
   456.45879051002663     
   455.93220951867858     
   454.30319825485759     
   454.21407700591686     
   454.17827497132043     
   457.05655506457902     
   462.83184895252208     
   477.27128471378717     
   490.94684693931566     
   508.70674494432416     
   508.55642462320242     
   530.42969461976941     
   550.38202920357776     
   568.16595968187278     
   580.46744752696964     
   569.61358758552399     
   588.82035766186198     
   605.84012417425549     
   585.13552140159140     
   593.13268105778127     
   594.02579962218852     
   582.25726205972239     
   575.60604617191541     
   563.43711120992782     
   548.71050326896398     
   534.55140869660306     
   518.78107069070347     
   506.97583808580652     
   499.87604488740465     
   495.32796343656361     
   492.45157386588846     
   489.70937846437334     
   487.66830542837192     
   486.33570983788587     
   483.39033126276780     
   481.78167383901831     
   480.87168438186796     
   477.64704785466006     
   477.27361140457401     
   474.90536093039731     
   473.79036411750241     
   472.21499302201380     
   471.17505246265335     
   470.21247413657454     
   469.45128589418522     
   470.01359081717368     
   469.18586398801858     
   468.44715383947289     
   467.87637125793594     
   468.63186160391007     
   467.89930591194411     
   466.50162153310566     
   466.42970783920345     
   469.87713718376858     
   475.17988870160707     
   482.29092189322728     
   490.27646085539283     
   506.68393026998257     
   524.69789651919871     
   544.03266888851920     
   562.02680080568018     
   581.68564155342699     
   569.87418171337208     
   548.32867966138110     
   522.98114619172134     
   509.30942244664504     
   545.41011475442599     
   528.84445071491120     
   523.81751367623690     
   519.61308407233037     
   512.75521355025512     
   511.31981464230927     
   504.11602673355867     
   496.61890439410217     
   491.01149626185014     
   486.44194194043166     
   482.22227952989749     
   479.92439792788031     
   478.35440751447595     
   476.87457036453617     
   475.61674682328169     
   474.05135545254882     
   473.77621406055971     
   472.70295163640816     
   472.87367147059479     
   471.53421243867501     
   469.00687403300185     
   469.20077456606481     
   470.51508587475064     
   466.27314025692664     
   465.01010966284650     
   464.22305674283382     
   463.22783399653650     
   462.26838577953390     
   463.60564596205808     
   463.47697023864856     
   463.02083443682750     
   462.28643127548094     
   461.82007753799616     
   461.35096722758362     
   461.52179062246887     
   464.38889055002755     
   468.19698955087460     
   474.13920762561992     
   485.37945669115817     
   490.39482954749457     
   501.36845830166533     
   512.33806472923504     
   514.92410528838593     
   529.37926182691183     
   556.36394465929391     
   561.34639816987942     
   582.27200713957632     
   584.92050546976634     
   568.74253288102693     
   559.78511473531955     
   529.60462493474836     
   520.36688133944313     
   516.39456539371201     
   507.75117024423071     
   499.20011493999868     
   496.58792896887752     
   493.03400708120387     
   486.53352616432261     
   481.96553018504147     
   479.50333347830372     
   477.55991196287260     
   475.38355271439184     
   473.80912521490831     
   472.24964330438388     
   471.12004651982500     
   469.82094485200417     
   468.58704140833140     
   467.49858634786455     
   466.69908230212172     
   466.08534630499236     
   467.30327837806948     
   469.34712183569809     
   468.59545660095358     
   467.83774119845270     
   465.71728763298063     
   465.44447726023236     
   465.68116761251218     
   465.55065644669145     
   463.52954510360325     
   464.04878360283595     
   465.37241960093547     
   465.92041227050538     
   465.26858473631506     
   465.27208401615371     
   479.35358545132107     
   484.55834320074280     
   503.06639652641201     
   502.03259253499459     
   526.10067544168555     
   530.92533169869421     
   546.05094396860250     
   558.06224309991330     
   559.24763442481549     
   576.90704025658010     
   584.44194453763498     
   558.61105920822581     
   580.89046426187940     
   588.70214057192334     
   577.92236784512011     
   549.26679831993033     
   534.10472675382698     
   524.45047891753154     
   514.06208877640950     
   514.64950987903842     
   505.77576528164957     
   498.13036907097643     
   491.19859976128947     
   487.05198017690469     
   484.11992325664460     
   482.28075259850982     
   480.21422202893353     
   478.64085212840723     
   477.19340490639439     
   476.11828570211907     
   475.25657047463170     
   473.77921932944923     
   472.62824887543718     
   471.35721806993723     
   471.79478680900326     
   472.95779712602666     
   471.12491666550903     
   471.53872138352898     
   469.26048338159637     
   467.43921624757593     
   468.59038893270514     
   466.96288865665275     
   466.79989697595374     
   466.20239392948827     
   464.89911543901212     
   464.41593810430032     
   464.91186376319718     
   468.55430973788327     
   473.14275785262748     
   489.60721845278357     
   502.55597619615884     
   495.64859744622197     
   493.56213273405041     
   520.78685351218496     
   511.00134129385305     
   528.95018206095290     
   547.84215518458052     
   556.80207855477897     
   563.28453275530387     
   568.29929202756159     
   525.42556689072239     
   522.61773864049053     
   536.86975236750663     
   531.15785720081010     
   523.83239803474964     
   520.00138829308798     
   516.93431216887745     
   512.18629574530962     
   498.12333086171998     
   490.29540224093341     
   484.78776011591185     
   481.41974234517352     
   479.02923175078064     
   476.90132459329175     
   475.69309090052587     
   474.72376564767711     
   472.64525479834327     
   471.85957308535478     
   472.02559017967747     
   471.18852141617919     
   469.75652071537121     
   468.35620298727832     
   467.71333703183734     
   466.72513252444583     
   466.51882687008191     
   466.13834548026625     
   463.95118914513421     
   463.70430190851954     
   462.73970570915412     
   461.90183804014862     
   461.37334939845687     
   460.61828022847595     
   461.02511413053617     
   461.25583089452886     
   462.03461444641675     
   465.60428795555038     
   472.87994131335654     
   486.76832587148817     
   502.39909941586188     
   520.73013311589739     
   516.36187266769332     
   516.79668895011639     
   524.68829438280443     
   551.23136087978492     
   569.66570912765565     
   565.98508799278545     
   573.66152418114496     
   564.48675084586273     
   568.08987063673237     
   572.30133572859586     
   540.35763570106565     
   524.17949306974833     
   528.85275154991120     
   536.97102165259480     
   522.53220573515864     
   517.98125575395795     
   509.66459185785385     
   501.63401974581035     
   491.19227686559003     
   486.64210725124428     
   483.72044861684486     
   480.93517326686128     
   478.80286453523354     
   477.13486003430614     
   475.59848082326158     
   474.25092626695931     
   473.52807749423584     
   472.64278083046395     
   472.43591830065276     
   470.64408485229802     
   469.28035717648413     
   468.26660932851348     
   467.26078607062067     
   466.39101869515457     
   465.79951736195062     
   465.41319360954890     
   465.02127284222286     
   464.61204948065705     
   463.83509419476866     
   462.40539650614795     
   461.33940068117147     
   460.82090344551125     
   462.63876429085138     
   467.80517076150727     
   475.97734792735946     
   482.05553947297170     
   494.05267087130744     
   500.79851438661740     
   527.74617730043974     
   538.14419665863704     
   553.06273825201390     
   561.10453063104001     
   575.92627191343229     
   596.48302853157520     
   604.65386753719622     
   604.55234638236470     
   588.50223239402646     
   567.11600853593643     
   544.87490040354180     
   543.36146041121219     
   533.78046004971509     
   523.31643734938075     
   520.41557607522691     
   514.37985127809122     
   507.73845466533038     
   500.77507588661985     
   494.19520478855895     
   490.70581414488151     
   487.83160102744034     
   488.56493796834008     
   485.04522317101191     
   482.54261978535845     
   480.56802725709389     
   478.75824057982874     
   477.09061871341356     
   476.46734561263276     
   475.43866924404045     
   474.44851219731152     
   472.95308442622803     
   471.79566094600739     
   471.15807255094080     
   470.11253607959048     
   468.96128819722742     
   468.62160201288333     
   468.02839586378707     
   467.97150626693195     
   466.36374068974493     
   465.10725802758469     
   465.52546947612086     
   468.19543224685754     
   468.83007933639811     
   469.12341882606842     
   476.59514549255499     
   479.45987754640845     
   494.28434355454124     
   499.58507276708525     
   513.93491415140397     
   501.93984023983126     
   500.69573540018405     
   511.56467160494253     
   525.42689825473656     
   540.59913511172499     
   556.71589888718790     
   566.02295284537684     
   565.47421521834303     
   558.35501803351394     
   551.97073033544791     
   536.22858308042225     
   528.97443289735793     
   522.26006051964691     
   511.61426171364434     
   504.64581266849137     
   497.48209335941709     
   492.53645826166667     
   487.63867613129247     
   482.56881237610594     
   479.28034779647243     
   476.45429783343394     
   474.34220481471414     
   473.25041581977649     
   473.37267143046768     
   472.36971113721461     
   471.12190310483987     
   470.04565482697541     
   469.13242887466197     
   468.60183317449520     
   467.23605511790890     
   466.09502139516013     
   467.20571682803546     
   467.59787764069097     
   466.10155103186918     
   465.74601368207749     
   464.96875104675019     
   464.74300926154319     
   462.93468093867432     
   462.54181134884055     
   463.28782063660179     
   461.89152287322901     
   463.48004918990438     
   463.77809896624586     
   469.01486496843711     
   470.72895735667629     
   477.44688906724923     
   479.77977311754944     
   497.27004019221329     
   504.24048614601782     
   483.96060385796733     
   479.34329337728366     
   478.88122388368311     
   478.85207838243286     
   479.06169039512406     
   480.55653014764221     
   482.53395829455758     
   476.81617076238717     
   477.95781400860727     
   480.30885177564500     
   481.02504721869252     
   482.87131850452920     
   481.79702029286193     
   482.15903634385865     
   477.29473061431781     
   470.84850273462962     
   467.33309150820548     
   466.38987535635204     
   462.82903052450297     
   462.33817922093624     
   462.68715710183574     
   462.27378483738198     
   459.49974360173195     
   458.96339251419579     
   460.22662223667805     
   459.31280988808277     
   459.52701452330422     
   457.72065234653445     
   456.25692846977728     
   455.61188375039529     
   456.29657710222688     
   456.88773487566135     
   457.08642093658176     
   456.85445911630109     
   456.57043264904303     
   456.49431967963659     
   456.63573283637970     
   457.07580009740667     
   457.10874016274556     
   456.25416626984168     
   457.76782571191376     
   462.16090288039084     
   468.65776080747611     
   473.46859171718791     
   483.08387050802219     
   493.15929008163232     
   504.09603694717515     
   512.16302447097280     
   522.47410482330338     
   539.91815472319001     
   525.65640210650793     
   523.11234503532603     
   532.31210589913860     
   536.57781119672222     
   523.51215901610499     
   520.95313654302458     
   520.49006512560743     
   520.01638945185562     
   511.61392614973937     
   509.14983122023244     
   500.91593138066065     
   497.23236237183897     
   489.92304615261935     
   486.70141823514211     
   481.02484178532899     
   477.83373940032266     
   475.67165247723176     
   473.78132243406446     
   472.26244176678040     
   471.01034111882177     
   469.50045120465279     
   468.25041854987950     
   466.52794697126683     
   465.33016694538634     
   464.01719040462848     
   462.97043775387391     
   463.25839787771878     
   462.55209504059894     
   463.02601480334613     
   462.73555063297158     
   461.04157318064125     
   460.08385715109165     
   459.36386220299192     
   458.75567865348302     
   458.32204850566654     
   457.84427480328208     
   457.64385148158516     
   457.21166718219092     
   458.55395854932607     
   458.67236802307667     
   467.12851845505389     
   470.38403702759422     
   484.58062522018400     
   490.28407202737651     
   501.86775198867389     
   507.16250353885903     
   522.12073385638769     
   528.91525817727609     
   525.71811632265019     
   525.75110961225778     
   534.63399441289823     
   538.24762572114162     
   548.44112699310801     
   554.08564392643416     
   545.00960007148149     
   542.20677267359588     
   527.18092994457731     
   523.54220918219244     
   513.81648349092188     
   510.08930203180955     
   498.54156127649560     
   493.44445038566226     
   485.89912394145347     
   481.75849950096767     
   477.97478411090793     
   475.16466184601478     
   473.69616373017203     
   472.59857821573644     
   471.06878595183298     
   469.88695470558719     
   468.88042752460552     
   467.80290484179670     
   466.88477674578763     
   465.96623599661035     
   465.55663826971499     
   464.64141516534113     
   464.54556735467719     
   464.16940891015582     
   462.63715457869858     
   461.76238612176957     
   461.31299822910279     
   460.76928161363190     
   460.03322967333889     
   459.27712576873023     
   459.05558465719923     
   458.71509158612054     
   460.89874679137932     
   461.34028186527206     
   470.48259048416907     
   473.67364773632931     
   485.57482240364754     
   490.23864261668581     
   505.16795233514961     
   511.53635612501932     
   524.46406065046040     
   530.49967378966028     
   531.08494988178052     
   533.28302792141847     
   532.92613942836533     
   533.38079526242609     
   533.21414531491803     
   533.60837742172748     
   532.88452319030512     
   533.00733247798655     
   522.53162703819487     
   519.69118830494244     
   508.60843482461951     
   505.86979831787102     
   497.24865716162566     
   493.59583365152463     
   486.23066157644092     
   482.15108109518826     
   479.50866235239164     
   477.23572560529237     
   474.86818570296805     
   472.69470957396749     
   470.48993573900600     
   469.02642405494680     
   468.86938378263767     
   468.29487228799678     
   467.55406280031809     
   466.76778429571146     
   466.24854324170428     
   465.30007628163906     
   465.15817366619058     
   464.43853805817804     
   462.98237877874300     
   461.98317313002684     
   461.46104894361281     
   460.98543056734081     
   461.09081993453538     
   461.00321121676063     
   460.28688212666276     
   459.69174595911107     
   460.61391223233238     
   460.70675889139494     
   465.55682904282372     
   467.40822482404059     
   474.99846488499884     
   477.74495702368364     
   479.71335000778714     
   480.71438781323343     
   493.95090496789152     
   499.04191651954136     
   498.47167210839763     
   499.91123256576367     
   499.15715155903547     
   499.71883246427706     
   521.01278149732696     
   528.17785640821774     
   521.88851485478119     
   521.03192995123152     
   514.29946922271790     
   512.42102399106216     
   499.53709641326583     
   495.75775394415342     
   487.96396454368619     
   484.58644127276438     
   480.02060500772063     
   477.23477802532091     
   474.92696458119570     
   472.88873426783550     
   471.76833925968197     
   470.63697441011061     
   469.32673535268566     
   468.56985782351046     
   468.04113815744887     
   467.32593053480969     
   466.16988351530983     
   465.54248310917080     
   464.60056132558867     
   463.97434599419199     
   463.35664972020231     
   462.71655776464655     
   462.33266484720627     
   461.90533084189735     
   461.74752570904207     
   461.37153379781745     
   460.85836328404321     
   460.32715422053803     
   459.87003707187051     
   459.42908188250379     
   460.53219453298300     
   460.56403663056506     
   468.68406707010769     
   471.76498975474027     
   488.08275115979325     
   494.38526813757841     
   518.06039949677120     
   527.23300148541819     
   547.40822135708413     
   556.74383796026677     
   561.61621822400195     
   566.38273097213096     
   562.44092938227038     
   562.10022425004070     
   528.75755208940370     
   519.73803262292870     
   517.54905937757621     
   514.58458441148071     
   506.48865230037580     
   503.87898670987698     
   499.69252564929917     
   497.29435815658860     
   490.69909047597810     
   487.34005468187775     
   481.98116973492864     
   478.83725431696030     
   475.48765174587345     
   473.59683825112404     
   472.28230064554691     
   471.22253329337008     
   470.90568533159501     
   470.29142633790832     
   470.01123083598179     
   469.33320913774054     
   469.67847850308470     
   469.35347721409954     
   468.64515123382745     
   467.91231608178339     
   466.42380018403418     
   465.62808739608954     
   464.69646992436441     
   464.02915905522207     
   463.83206878909880     
   463.35453622671861     
   462.02295530752843     
   461.17608439587588     
   460.40098498490204     
   459.96486283508068     
   463.36203909693063     
   464.55194618617696     
   477.13906233790459     
   481.61177453318334     
   497.32666274800863     
   503.32792607827554     
   514.84420008144184     
   520.00151533730241     
   530.46133688382133     
   535.79359319111825     
   552.14243173040029     
   559.39895012484442     
   567.93820192643363     
   572.84184873006996     
   573.58676208088184     
   575.52274122582799     
   571.26468283069551     
   569.00559942569680     
   553.26857992854639     
   549.47653797095575     
   532.97786117449232     
   528.79052950006462     
   512.91432001085491     
   507.18399933248878     
   497.11184602200598     
   492.06580512711440     
   488.32438202646296     
   485.38269213257911     
   482.60106203929331     
   480.26844115484926     
   478.40452792782912     
   476.73970491492406     
   475.12843518610481     
   473.55591263749011     
   471.44122991090859     
   469.81340148496730     
   469.48182944995847     
   468.52328543932487     
   466.85641505792307     
   465.77724665040512     
   464.22123712254410     
   463.02896387268106     
   461.95382219781595     
   460.97988747236388     
   459.81348570518367     
   458.81720712048150     
   458.28390137251910     
   457.73452745945372     
   462.54694574694929     
   464.16496853175124     
   478.84663578100185     
   484.37633194774014     
   501.24412650011124     
   507.22423480948544     
   521.16819077798561     
   527.58196663706451     
   541.73570501194001     
   548.33281276748221     
   562.61044746882976     
   568.97172644161731     
   571.74560068561618     
   574.90820190853174     
   575.90584504975004     
   578.15413470424699     
   571.16110311919124     
   568.64831845317281     
   557.32011284053567     
   554.56934172115336     
   538.74162626912812     
   534.93756714446067     
   517.61646062357477     
   511.21481266324810     
   500.17651100782842     
   494.69999218630892     
   490.14360599134818     
   486.87158180204528     
   485.08681522340851     
   483.16522315376193     
   480.25211256593821     
   478.21365853135256     
   477.22892765612374     
   475.88512570004036     
   474.19637286541808     
   472.91865173104014     
   472.72943414328444     
   471.82397444667203     
   472.11731186834595     
   471.59497686939733     
   468.94315331207298     
   467.43741361346110     
   466.52067162458400     
   465.65654732957279     
   465.24938098039388     
   464.74506683270408     
   464.91695216278504     
   464.67537045728557     
   468.16106987484932     
   469.03341737045025     
   482.42804290600981     
   487.02590259837802     
   504.35100234852723     
   510.63832462554245     
   520.12814336725569     
   524.59073139392353     
   541.92305464667004     
   548.93466791923197     
   561.06236697400129     
   567.25130913277701     
   569.81020360318564     
   572.71313224114488     
   572.72184484492470     
   574.09028305900256     
   571.63000201366106     
   569.76911373369251     
   556.50147862006384     
   554.01765433755543     
   538.13242470438593     
   535.12739920978856     
   518.11081081187501     
   511.86185108049102     
   500.76782887145981     
   495.42191859181804     
   491.72520158531546     
   488.61091002023687     
   485.70563654148418     
   483.41516945686391     
   481.17985071429246     
   479.20761011384286     
   477.57872581374937     
   476.03720561165113     
   474.78583961194511     
   473.66906728010548     
   472.49154852080142     
   471.02948986458017     
   470.10119988568863     
   469.05734353928636     
   467.88225995451057     
   466.93154220180907     
   466.25019471513485     
   465.47722883427343     
   464.35692787490791     
   463.56552803784285     
   463.15668692998719     
   462.64172376525732     
   466.17304584195631     
   467.06009995347551     
   480.87453509179250     
   485.85679753986915     
   502.12365816770307     
   508.33713555735568     
   525.31338922032592     
   533.04129668496330     
   549.61472336710210     
   557.79249936994813     
   567.58450578305121     
   573.88902840802666     
   588.33817830801115     
   591.91389201961806     
   577.48724460339020     
   586.75548658201672     
   578.74942233602837     
   561.93685315893617     
   548.43514376724136     
   541.01892306020932     
   530.50126660906619     
   520.37268042707956     
   510.59281488473533     
   505.99556247398459     
   502.31036734398106     
   495.93674376718974     
   489.99151453515304     
   486.51205509767971     
   483.46954458182972     
   481.21516902799999     
   479.12751844648682     
   477.73019560269938     
   476.38327778925657     
   475.04722460075499     
   473.31496743030561     
   472.18761165358268     
   471.94934750023344     
   471.13487936498268     
   470.01565876704029     
   471.75591105011273     
   472.35301154082714     
   470.03635108550787     
   467.70630732183167     
   467.80102719548171     
   465.95358432975456     
   464.69374538506497     
   464.10478819726649     
   463.88437065432242     
   465.08558280113078     
   469.41079226541001     
   478.72870995883159     
   492.57313089983813     
   506.52303481098494     
   520.16180771688960     
   539.48483317572379     
   545.09104141878333     
   553.54824329620180     
   565.43765025685377     
   575.44496828156116     
   583.54867587905755     
   556.70189002178631     
   548.06528861187780     
   572.90179739884775     
   585.54177046427094     
   582.84407764050445     
   574.07942640460226     
   561.26236609690318     
   550.11778439023544     
   537.90034053368686     
   526.48606324669902     
   520.38548626839827     
   509.55591426067912     
   500.59140965789533     
   495.52776665100413     
   491.53048317275244     
   488.04710301402531     
   485.62443274583882     
   484.26551914864069     
   482.59330247763967     
   481.14590422421031     
   479.83176905185911     
   478.16771988985920     
   476.53513799036818     
   475.29615946643776     
   474.65159252802971     
   473.94198513664355     
   473.01463498382014     
   472.16155980601621     
   471.08335423325696     
   469.68944049059905     
   468.91437598586975     
   468.07555808359484     
   467.96734571304671     
   467.59165906584280     
   466.98363705040526     
   466.48131370879378     
   466.83203950126659     
   470.72562524783336     
   483.83281918238174     
   490.06531323649688     
   500.59218565400801     
   519.12184831853381     
   516.48900045191829     
   538.56255894611365     
   545.27590926375353     
   554.15823671359590     
   563.80186044564164     
   577.53148777490219     
   585.34647459003372     
   588.89739984375558     
   586.44370069467118     
   586.43700592669791     
   588.15505053132927     
   580.18335910538224     
   570.39249605473185     
   562.56383981331578     
   550.58329346501591     
   537.88526093983376     
   524.41004148175170     
   512.08639728930996     
   503.00549001598245     
   500.21041484555673     
   497.01238786928786     
   493.50490538799136     
   491.54006638325183     
   488.72659821773459     
   486.38259646305124     
   484.20991910951955     
   484.13608083776813     
   482.79812721205269     
   480.36679272825660     
   478.28728839831979     
   476.59935801183684     
   474.85607903256977     
   473.90947187927372     
   473.22354798080653     
   472.05445449605770     
   471.12159856575471     
   469.95365184649359     
   468.84003524781701     
   467.94990190471134     
   467.54091546681286     
   466.83125351707247     
   465.98673080288307     
   466.01286166274900     
   468.72072210514978     
   478.23303596571094     
   490.84773758003530     
   506.62755182630889     
   519.25154538253457     
   515.33266887318496     
   539.51172482280538     
   548.51134717849607     
   552.16950950627597     
   571.07300532208183     
   581.23293560499985     
   584.35981996518194     
   588.43970141243005     
   590.75545919549563     
   592.97743688557944     
   581.90280810728825     
   574.03262288897884     
   562.35674084157358     
   564.16862373335141     
   549.98213440581299     
   535.75922065610223     
   520.40426538667987     
   509.14852308934366     
   502.52977277257258     
   497.32396495475189     
   493.93553654819169     
   491.74601933219253     
   489.52642044449715     
   487.03608208906741     
   485.37473594163112     
   484.44848567725808     
   482.82747912544681     
   483.35480487099028     
   482.58063830681175     
   481.28071509920295     
   480.15275871386734     
   479.35961736529038     
   478.74831281724255     
   477.65587979273965     
   474.58327363003508     
   473.00769502414715     
   473.40311794568328     
   471.06830590577056     
   469.05848992994487     
   467.99948894930714     
   467.48956455454476     
   466.83313111551035     
   469.42915956014554     
   469.62295206335489     
   473.78448203007304     
   479.53579791115652     
   486.19299051463025     
   490.45974676282907     
   497.32831919821569     
   518.12335069634605     
   547.35180018351741     
   557.32810811581726     
   571.96898552473692     
   578.06461994072868     
   582.36365617255797     
   591.09118883649091     
   578.33523449040194     
   587.65383494842786     
   582.85577159680463     
   580.22863556581979     
   564.78483174626660     
   556.60475253290315     
   547.49195086786835     
   533.48265192994120     
   518.21084648615658     
   506.19851010160937     
   498.45742715610311     
   493.69467877938416     
   491.15249728542733     
   487.97654741312226     
   485.38160418998643     
   483.30492489177675     
   481.22768772575046     
   479.53622290396640     
   477.83212017540075     
   476.48495081538800     
   474.95584741772205     
   473.57092071127624     
   473.30731826953644     
   472.62279336064722     
   472.02962282884238     
   470.99966652029059     
   469.42047515734845     
   468.58665657296768     
   467.72983223603961     
   466.94655141868236     
   465.82971589630034     
   464.63132364698021     
   463.72607980289951     
   462.98801602557717     
   463.58965288371985     
   468.39941898136755     
   477.51975268396990     
   490.40277627997853     
   501.97684288716778     
   517.55794973528930     
   527.05115045874959     
   542.03216190611283     
   548.20814716817688     
   568.55178874802561     
   581.74398780692036     
   588.76998418974847     
   594.42767070900015     
   594.64073859457324     
   596.37519474585838     
   596.81133078545679     
   594.71226325416035     
   590.01431788550167     
   578.39389491868712     
   564.48313150479873     
   549.34206040449862     
   533.07055239728254     
   523.43070248754805     
   510.19775035758761     
   501.64207377970644     
   496.00785514944329     
   492.85008303617997     
   489.50887827157703     
   486.58188049539535     
   484.04254976900779     
   482.32868438507245     
   480.62402496162122     
   478.99713350893336     
   477.47951229739476     
   476.13910826471533     
   474.70737486034665     
   473.95389449919435     
   472.60641662014405     
   471.56652134489514     
   470.72990220852512     
   469.80409039637874     
   469.61237762889431     
   468.93258901592395     
   467.84620204571519     
   467.13428427828683     
   466.83252740434938     
   466.68330037607973     
   465.17357632513944     
   465.90691430277610     
   471.50348748998908     
   480.14535890913885     
   491.86874183311795     
   505.81939069325398     
   511.69658828909189     
   530.17590758159770     
   542.84426753081414     
   556.22169852107459     
   568.73251878726876     
   567.99497655662958     
   566.98545127963303     
   558.52445706587685     
   556.84042386080500     
   580.74292992055507     
   575.18022073484644     
   583.93251358244868     
   578.51844309782985     
   570.11184716000355     
   561.48489721329054     
   550.03073283884692     
   539.06982987342144     
   521.54433987734251     
   511.94836591875833     
   503.23978505403011     
   498.05178905914994     
   494.76304879787887     
   490.62096719716766     
   488.09514578765038     
   485.37280160565831     
   483.48236523815780     
   482.03602818462008     
   480.90246848956866     
   479.64798516038223     
   478.47311491839315     
   477.52195484341786     
   476.80377240218326     
   476.01378474960876     
   475.28603994459894     
   473.71133082888724     
   472.45311055442221     
   472.06404835802192     
   474.46787678869356     
   475.31977475806190     
   474.76019753443512     
   474.26337924185475     
   473.28101868601914     
   471.80536479155370     
   473.62274452624411     
   472.12275779859402     
   482.05119660837630     
   484.80636525626363     
   498.52286357264489     
   503.61424640359445     
   515.21858822110448     
   520.06031533567443     
   539.94053417569080     
   548.68550136376166     
   561.91566373448313     
   568.58925564842536     
   558.03976061873004     
   531.76139681827567     
   523.01801318060814     
   527.32288008577927     
   532.72455206202119     
   526.92030754372411     
   518.61334201935836     
   509.71335928706003     
   503.69855896033090     
   499.07371824687112     
   495.04598952876290     
   489.94107633513113     
   485.44064244195249     
   482.74175833083859     
   481.03963749233088     
   480.34905866351068     
   478.78315987593993     
   476.89036294670984     
   475.41656917431408     
   474.45310923742829     
   473.96127801896273     
   473.41885377270825     
   473.12708757680190     
   472.47799227607072     
   472.13024113240198     
   470.79182632943491     
   469.92886004612302     
   469.49523064755653     
   468.62819424968069     
   466.95772471442768     
   465.06964252523522     
   464.12730198447662     
   463.34719919315478     
   462.95555707684133     
   462.25942927452098     
   461.64431314218058     
   461.86509554199705     
   466.58150010358804     
   475.92179054868745     
   488.24582113966363     
   501.73455394887549     
   515.90418035329617     
   523.74084110852641     
   530.08275698695309     
   552.59470319818320     
   547.97041333052493     
   561.82878558621042     
   570.71176053552517     
   578.17535899616144     
   587.33276622854692     
   588.88084037076499     
   592.15653012104883     
   589.59396818718642     
   579.26437183144640     
   572.75717611703908     
   562.43501973223783     
   548.80047977681022     
   537.66229090740774     
   524.37999246208335     
   512.10155870102267     
   503.55503976864469     
   497.80148664419642     
   495.17643159972454     
   490.89304361361741     
   488.84015676443016     
   486.41558079678492     
   484.09675404941061     
   482.64201034235612     
   481.47591274399122     
   480.99161693827580     
   479.01654665607430     
   479.76246481311534     
   479.25752215692717     
   476.87116807375270     
   475.15542598340346     
   474.51111622743031     
   475.78970985153273     
   474.77899184458857     
   472.07943543682518     
   472.59041371337230     
   473.34845742907220     
   474.05924624233575     
   474.44966960735019     
   474.41639077935292     
   475.03937250771395     
   475.29340808711021     
   480.45926153735201     
   489.81955537807607     
   501.99694678129936     
   520.08139515010828     
   524.16770808280887     
   542.32838972226909     
   538.10649751964138     
   557.28036474570649     
   564.85934307435286     
   547.83993318873934     
   558.22534958301287     
   574.70078143657622     
   571.81567450088085     
   575.30595686772858     
   581.76766343564987     
   568.35067247742802     
   553.63247591118034     
   535.87208539101277     
   536.47558691784104     
   525.60371728202244     
   515.81132910548342     
   504.97992687487812     
   497.35044732339844     
   493.46113590058195     
   490.32949215118049     
   487.68509295454515     
   486.23881213051999     
   483.58503506326707     
   482.17164571105849     
   481.11071111035017     
   481.94460752297203     
   482.36099998961316     
   481.59011184260754     
   480.52308667258154     
   477.85172160360253     
   475.46831073842418     
   475.03809408634447     
   474.18910417979640     
   474.16227580110342     
   472.91630833054256     
   471.03312874674003     
   471.62800756192485     
   470.89512975629850     
   470.76598110606204     
   471.48548534910509     
   469.52136894028729     
   468.20567499480626     
   470.82634932311043     
   474.96272911387450     
   490.12204580021461     
   501.90657561883683     
   517.13993917425330     
   523.54610197161401     
   522.65515496558373     
   532.18565022453254     
   537.40161038148403     
   538.11848886563098     
   538.34820042789670     
   522.55639371243728     
   518.38434124385583     
   500.94449804085457     
   525.36834775165823     
   525.98317564839590     
   525.77598386861359     
   525.87641441383346     
   526.47191826540302     
   510.54027274886414     
   505.41646139907164     
   497.45091202513322     
   494.53990924586947     
   487.51301864209421     
   484.39906983499532     
   482.08398243006781     
   482.37054589065269     
   481.40215293312110     
   481.16144657949656     
   480.91096911030684     
   480.65262897535052     
   480.38509101815310     
   479.69194387542251     
   478.64233972769074     
   477.70325116559889     
   476.82376716949028     
   476.66736882807686     
   475.70074055007501     
   474.47552339697046     
   471.39413704791366     
   469.04660358351805     
   468.25627080470963     
   467.33913203085922     
   467.21391222467986     
   466.82720040738798     
   465.30818446263430     
   464.53346550523224     
   465.16955047660451     
   466.83177667946018     
   469.94395025289123     
   470.77769437333404     
   481.05528884075557     
   484.58915592540154     
   495.48396711746369     
   499.95928510016842     
   500.71042963311675     
   493.07329053689244     
   491.34639147694259     
   491.08685935407021     
   487.06829645470293     
   486.89915496106363     
   493.02335577681993     
   495.96051770007614     
   498.70041574751497     
   499.18215697706637     
   497.45040596603110     
   493.44983162356868     
   490.95538245216596     
   486.91991826176280     
   482.70593682133739     
   476.77110622817850     
   472.37391933621268     
   470.17228432957091     
   468.25047400465650     
   468.49439283388136     
   468.83110991509079     
   467.41240853164584     
   466.69842796003337     
   464.32866028263544     
   462.87130589014043     
   461.92487316926196     
   460.76154527474478     
   459.99368025377953     
   460.11201500639129     
   459.53328212924680     
   458.75363475915708     
   457.86748333609575     
   456.91975058188973     
   456.22464806396192     
   455.68692733252715     
   455.01957253619383     
   454.47150172439547     
   454.37107801306769     
   454.12711673492902     
   453.76718522888621     
   454.58660690983305     
   460.20742646481676     
   466.37061147598899     
   478.05456850239489     
   492.00226576641569     
   495.86762929552935     
   518.26292874124863     
   534.41134950748449     
   549.06337338561582     
   557.99112598839508     
   568.34648554503758     
   578.06692869212281     
   583.39390652686745     
   563.19872595922345     
   577.07724569254640     
   581.16532669512105     
   586.23963204902600     
   567.92293386634333     
   552.02143375925129     
   528.80126820857663     
   517.75662208294341     
   508.06160486453950     
   498.08117564721005     
   493.82686907156420     
   490.59081403568337     
   487.82958985374552     
   487.64326216215960     
   486.14491911591978     
   485.45616796688398     
   483.54500951847541     
   480.95476237365500     
   479.47287397164297     
   478.22461470050632     
   478.47906353811243     
   478.59750376296864     
   477.88478680685984     
   474.08699578687185     
   469.51756358726396     
   467.36934553053476     
   466.04343658172297     
   466.32238837935830     
   465.39528571446942     
   464.99795677190889     
   466.40201323708493     
   462.74127574559157     
   461.36939076001437     
   462.58386988779586     
   462.81008971300014     
   464.94748452353275     
   464.85530953613608     
   471.98216733146108     
   468.25979427597025     
   470.78043765882973     
   476.44501010773405     
   479.25191876559006     
   489.04247301501255     
   514.53298918864868     
   521.28652477421508     
   515.23328059584742     
   509.77118594457306     
   517.93467823711148     
   547.57987786832393     
   567.17247042849772     
   573.77416720273925     
   574.67023584364097     
   566.69369654951242     
   565.98823082113097     
   555.79402920270263     
   542.37149759548436     
   529.16068436019327     
   516.48364976899609     
   503.50705511464525     
   493.95468328795772     
   489.52308740492123     
   485.48699325221230     
   482.77333319895661     
   480.18682284013687     
   477.93236187893228     
   475.78847971922823     
   474.05360847773153     
   472.82327317957970     
   471.57339689704986     
   470.21489440663231     
   469.12109888132568     
   468.70820605673424     
   467.62141916213915     
   466.54423873262579     
   465.49799311098411     
   464.39392126153530     
   463.51669649255024     
   462.73260432325037     
   461.88338215511163     
   460.84485668899146     
   460.09934837753940     
   459.32158518480662     
   458.83842605083174     
   459.40091263075846     
   464.61561246697624     
   472.86339766108466     
   484.67958985970000     
   498.67013267624606     
   510.81395623683886     
   521.73298934935735     
   536.02758691907582     
   551.61748883254847     
   562.99926511416652     
   563.89432922064088     
   559.69463817658846     
   578.83077370128376     
   580.76751455901456     
   583.12936577255141     
   583.40229007636640     
   584.31692796084371     
   586.37741014437472     
   566.43408265379458     
   545.29786438107669     
   533.73110106095703     
   520.84089935617317     
   511.86906614247732     
   503.93582641961382     
   495.74600806019168     
   493.57124247265375     
   490.10022135726342     
   488.04888263804412     
   485.98108828164283     
   485.93265137524452     
   482.99670075677130     
   480.37065666160629     
   480.54653869218652     
   479.92742939516052     
   476.47780412551930     
   474.09911106667619     
   474.19704817258787     
   474.75623444059892     
   473.34925816932576     
   472.69395021830422     
   472.14169268325469     
   470.01307342651688     
   467.84724824922614     
   466.68998939186844     
   466.65381690602959     
   466.71886170081336     
   467.89556625990548     
   466.84034896481666     
   467.74275369301347     
   470.26951829531669     
   472.87153060340688     
   477.63029471537106     
   480.25973312500548     
   488.98202852925323     
   499.63487967186836     
   510.97628832466791     
   522.69691538523887     
   534.58902295469170     
   540.57400841002936     
   564.95271136944007     
   582.82753327011335     
   564.54941653570506     
   554.67286265629889     
   557.90519615805260     
   560.19237913708525     
   558.14812707236592     
   546.30724062510842     
   551.85386391347845     
   544.26992047308102     
   532.54609460949666     
   516.34845643155586     
   503.34679296141201     
   495.77655416210735     
   491.56417418637682     
   488.06512507819269     
   485.35307896816778     
   482.81942543218622     
   480.55118363917313     
   478.48474345167136     
   477.02320368406100     
   475.54569689399227     
   474.51114685769591     
   472.95136555034202     
   471.64940976354143     
   471.27025294682613     
   470.37471980655630     
   469.31101313306362     
   468.39613545662979     
   467.59657954822558     
   466.67727126365378     
   466.85433166689040     
   465.38578674267200     
   464.57289176067854     
   464.41846456388964     
   464.01961598017414     
   462.67041855509018     
   464.67329213040563     
   467.94812650940673     
   473.42780996628716     
   485.44142641474866     
   497.59430054543094     
   513.69393308456051     
   528.48933520594164     
   541.66945584864425     
   552.90453638307133     
   566.23152262143230     
   579.59348465134053     
   582.36864267514795     
   587.82664377460048     
   553.11358342439894     
   539.70774946537188     
   530.77969810539958     
   538.94522708660679     
   537.11627561030218     
   518.73107458451591     
   521.12959495897849     
   509.22853616420235     
   504.19373540283482     
   500.16269854462928     
   495.75533310781282     
   489.77225577146106     
   487.29311771811405     
   483.24410999251683     
   480.77370066619380     
   478.52045706178330     
   476.71063496008344     
   474.99553995676592     
   474.28352523469010     
   473.15542478190878     
   473.18031721001711     
   472.78256125929289     
   470.63247981273258     
   468.94446560725686     
   467.55996373247280     
   466.58473377161118     
   466.48088887405032     
   465.00530640552819     
   464.10108487846827     
   463.42108487542822     
   463.97317639136918     
   465.52345423593749     
   463.77797353837468     
   463.62812719051158     
   464.25329562613723     
   462.28502962708257     
   464.01627529194832     
   470.05968580567014     
   477.96272774555848     
   487.87070917789686     
   505.84220518632003     
   520.01849307767077     
   532.13543686959849     
   542.34971706374233     
   555.82790955005578     
   570.05680239250205     
   582.87828539751627     
   588.64417201103015     
   593.13593612161401     
   592.81438293722465     
   575.30492134043425     
   589.24468178334769     
   581.02514032629881     
   574.10425225676943     
   566.35318135497664     
   554.72303801403996     
   543.10117404781033     
   528.10928076165396     
   515.52399935509186     
   505.92923575638355     
   500.66326717460453     
   497.25138023854618     
   492.20119995195353     
   490.25175892288246     
   487.36681994262847     
   484.50070445992372     
   482.97148772309555     
   483.24596829815994     
   484.03733776521261     
   482.98585001444934     
   479.57283235233263     
   478.40587141182522     
   478.61430505244607     
   477.69272961399082     
   476.39265794376888     
   474.46411290050133     
   475.18003965285305     
   472.13694675423699     
   470.22202930297146     
   469.22013315270749     
   469.34077620266874     
   469.55889266981876     
   469.85762975437910     
   470.50858015590831     
   472.22663706296458     
   477.79289238723084     
   490.38353463489977     
   507.49962518347866     
   519.49788640466988     
   536.77049069014720     
   527.20798337254178     
   505.84559994857477     
   521.29534896295604     
   512.39079028943399     
   530.76821490439443     
   519.20315328008769     
   528.07068343399771     
   515.45351902558809     
   507.99630228250561     
   518.10717824648157     
   525.41112712060135     
   517.77844311965055     
   507.62224836338072     
   501.02657503940600     
   506.13315102267165     
   501.90075260429512     
   491.75928024890970     
   484.13378891635955     
   480.10383931999286     
   477.43747391522493     
   475.09768943352981     
   473.43444948718297     
   471.96009738060815     
   470.81719196481390     
   469.45677693745228     
   468.82425760298378     
   468.09608366788893     
   467.29155919506121     
   467.59112082903209     
   468.00367086817499     
   466.40223164284458     
   465.99244970090854     
   467.04771381840663     
   464.76585145465901     
   463.94390841582901     
   465.02087774310894     
   464.88891409479237     
   462.11329505249927     
   461.83665607409228     
   463.12648749339326     
   462.57567023662597     
   461.59175727811578     
   467.36476958034734     
   478.58115708256520     
   486.50232809892725     
   499.26586206335088     
   511.93945071450054     
   527.55323259063914     
   545.57977226859202     
   561.46237281910851     
   571.90680520227886     
   582.81460531139624     
   589.75090004108677     
   599.84374649588563     
   602.11467518867585     
   590.39039334760025     
   594.22155507260652     
   595.18868217982276     
   552.05209212856710     
   535.29503019176775     
   549.56996928330977     
   550.41762186180119     
   530.89115402041296     
   519.38353887633900     
   507.86392767839084     
   502.15186505712347     
   497.40863986764407     
   492.25417500624479     
   488.42014423741017     
   487.78385754318566     
   486.50875314063654     
   483.30819538659921     
   480.71700827551314     
   478.30961341853583     
   476.01542095353562     
   474.73902199061752     
   475.06748637139509     
   475.70376004861862     
   475.05861191738438     
   474.22007603639923     
   472.84513404095338     
   471.19471454422364     
   471.04804856546264     
   470.75381217787998     
   469.75633277154077     
   468.16972368335820     
   466.79770719406503     
   466.39328317639263     
   467.84847170053951     
   467.78655691079638     
   474.24555987221987     
   481.56979427557565     
   493.91719919476037     
   505.39587245628093     
   514.69277967096207     
   528.37767872888173     
   525.30136860071002     
   556.00956341488768     
   542.08802679445591     
   547.80316332263260     
   559.14238954192695     
   570.99791951803013     
   555.91449812023120     
   520.68700048658513     
   505.97517758700656     
   506.56073808374873     
   503.96330902687589     
   502.01215628755244     
   500.58453599646862     
   497.63435055691991     
   492.32976824293462     
   488.39164583449991     
   485.28327611585303     
   479.06969604173776     
   475.73768083096911     
   473.15608850327953     
   469.87586421713019     
   468.10324790428689     
   467.02386982959433     
   465.31005724768295     
   464.62526127120765     
   463.14030653837926     
   462.76864973445845     
   461.64437251822625     
   460.74159443049626     
   460.42883059319047     
   459.52788691986171     
   458.87015018385222     
   458.56230237702442     
   457.56156272890939     
   456.39715206279226     
   455.15383328410525     
   454.16621662827924     
   454.58977558559098     
   452.75557515092180     
   452.13700184691243     
   452.95712608012309     
   453.68696242451671     
   456.03817156807202     
   461.45954848222897     
   473.56029658513881     
   493.08892454224980     
   504.88353908413370     
   520.86320046364904     
   536.83623756231839     
   544.39990492533468     
   555.78532423253944     
   565.53397904769633     
   577.01500266026392     
   577.64817225699176     
   587.37001038692983     
   587.55134232445744     
   585.74603852475389     
   585.83189925923932     
   579.68221943127685     
   576.95922864190106     
   570.96640727657530     
   557.80222131661787     
   548.12225557389411     
   526.51058760294291     
   514.07174981761420     
   504.09207030465046     
   498.17038377806080     
   493.95680002443021     
   489.95541437757169     
   487.05685113074890     
   484.17136191060746     
   482.19011964844009     
   480.19518632723464     
   478.51230138327003     
   477.11531008519142     
   475.66286099972893     
   474.19526805420952     
   473.71648575028883     
   472.66850287369300     
   471.68138028268260     
   470.46065329148217     
   469.76813814789955     
   468.76671463978886     
   467.70507050040226     
   466.44918149712055     
   465.82728120489350     
   465.44924492934700     
   465.54038304061555     
   464.60167305235694     
   463.93747179949548     
   468.83016478037354     
   478.97600703423461     
   491.43588550374068     
   502.41258661097362     
   522.00246943771288     
   519.77361102523923     
   542.32811120811596     
   554.77650929194135     
   568.86889755233585     
   582.11330394363904     
   590.83918462749557     
   598.98739595235168     
   607.40758752221507     
   586.72370969709550     
   579.65099942814959     
   578.61677388224405     
   573.08004455260436     
   568.72757234316987     
   560.65960375681266     
   547.42782123334837     
   533.50968914152088     
   517.70065820690559     
   507.48783521020351     
   502.28405502089663     
   500.24353328617150     
   493.87833644587022     
   489.76699727659656     
   486.90564054976727     
   484.90468489252345     
   482.93049421021033     
   480.81212673038220     
   480.15252363758776     
   479.30628653742139     
   477.73262299690566     
   476.44426887595614     
   476.40690554660893     
   475.76136716370763     
   475.01653336498151     
   472.90852971924636     
   471.12496963793069     
   469.69199285366176     
   468.56036264677880     
   468.09567966389238     
   467.46130951385572     
   466.99114047330443     
   466.35711170798697     
   465.62014556173409     
   466.67151273964032     
   470.36668661970344     
   478.99255015718853     
   490.27117356462463     
   503.69880016084136     
   519.10506651539743     
   530.89375338225170     
   548.80422890352725     
   561.73730502387161     
   577.06325489494952     
   565.35469598381803     
   535.14879160969838     
   520.24584938170165     
   563.83942456985176     
   543.43078216398760     
   533.00448747657504     
   539.76176251591903     
   533.40253522461580     
   518.98369956030831     
   520.09205563758235     
   517.38662966245749     
   513.71675969421858     
   504.76048673155174     
   497.41208481261134     
   490.70992218807089     
   487.73550216292068     
   484.10408073641042     
   482.10266929095474     
   479.78354233589232     
   477.62739731953883     
   476.13154127052553     
   475.57001506738368     
   474.62587001311437     
   473.10661353700362     
   470.97245145845915     
   469.21999110619640     
   467.77668278634457     
   466.58775861712701     
   465.26126808402688     
   464.31611889977682     
   463.85547138094773     
   462.73933653124897     
   461.92617246944900     
   461.67567493851027     
   461.10864535235157     
   460.72520927424233     
   460.40977095061237     
   460.03136544494896     
   459.98329464543201     
   463.15617975368752     
   469.00012714096619     
   473.95257804420953     
   479.66798481904215     
   487.68045489606720     
   502.34191275904976     
   515.97059490908794     
   535.40006799592538     
   543.85845668807394     
   561.97689417295169     
   571.06724542961945     
   569.77062771928433     
   572.36771018241245     
   571.83053084146627     
   571.88125361890445     
   564.83179714286598     
   552.89382835958747     
   546.53559177687043     
   551.79638371257386     
   544.26835990456084     
   525.82280393633459     
   520.96719344772373     
   507.43645410367566     
   498.83404610694453     
   496.64904022915317     
   491.09642919879127     
   486.75364409462082     
   484.62251186000373     
   482.68590951766174     
   481.19133434836095     
   480.10768927073252     
   477.93681952430279     
   475.88396635268725     
   474.23131361719959     
   473.10174013126345     
   471.82886256720144     
   470.06167483449354     
   468.63761672207494     
   467.97881487742382     
   467.11690212558511     
   465.61860921724514     
   465.32936245490754     
   465.03971267942791     
   463.93253886585120     
   463.69151997029923     
   466.22579651792410     
   464.28793502994802     
   464.11017028361357     
   466.94929007015111     
   472.98325178648275     
   488.49008486042482     
   508.46216146053121     
   512.87729594191444     
   501.94591202289314     
   503.42073893199148     
   508.62498685108960     
   516.89680150730123     
   529.49295169631193     
   538.34188372914343     
   556.23102422138197     
   566.65500857996574     
   553.00398403418376     
   573.50175249749987     
   555.83804173463636     
   563.13328245136950     
   563.77551537732518     
   539.39300322205111     
   539.28903106760708     
   529.96420166726227     
   522.36043253790899     
   510.02448765016959     
   499.62290445675274     
   496.21323911349344     
   491.33510293976616     
   486.10849170146651     
   483.42438073473846     
   481.14437582565739     
   478.52893959413507     
   476.67841192216054     
   475.55189479732536     
   474.06153599926665     
   472.96892689670233     
   471.84568535702721     
   471.26863980551724     
   470.16708886016966     
   469.38212065208705     
   468.61622351937478     
   467.55095401333193     
   466.70979682420159     
   465.87706210711042     
   465.13123140681904     
   464.34276858523680     
   463.50750968042303     
   462.73257364628438     
   462.04665061682715     
   463.39269396485713     
   467.87640468805614     
   476.50430945691102     
   490.14276713232664     
   485.22333806610806     
   509.38954830840794     
   524.24065357023733     
   538.56095599389710     
   552.74194246619595     
   564.32376865669698     
   570.94868426007372     
   580.20971168940287     
   583.58180420915153     
   587.45663069553370     
   591.20133455967539     
   587.85470377603144     
   590.64374258605585     
   581.02353297990942     
   570.00282052098100     
   558.94166833494785     
   548.91276912217768     
   536.04901719447571     
   522.06601974796729     
   508.24592084195217     
   499.05120846616899     
   493.32071109861710     
   488.79733374228755     
   485.75649541731531     
   482.95179198647367     
   480.67987070195170     
   478.91927754853413     
   477.19362371133298     
   474.87720056376554     
   473.20320296326537     
   471.61115654135273     
   469.98919287051450     
   468.96969238304354     
   467.82579888286637     
   467.07125101964181     
   466.13503622272191     
   465.44427030909389     
   464.62274961351523     
   464.19551774051342     
   463.58322832486482     
   462.99834352320875     
   462.71384587274201     
   463.16602941728394     
   463.23630691793949     
   464.08299137908011     
   466.67473834940620     
   473.03800753927959     
   474.02791204281738     
   492.54373569555469     
   510.66712125040794     
   527.16441247266084     
   545.49050765984566     
   559.39481531919841     
   568.44341955025459     
   572.56166529823997     
   580.83489122103788     
   590.47646763515684     
   603.96291019204330     
   607.79873948916065     
   608.78140095667686     
   608.30047656113459     
   570.88110129460301     
   544.06052105803599     
   542.05403614704142     
   532.69079444425768     
   535.71162209159047     
   527.85230216148625     
   514.02379023736955     
   503.34852512710086     
   496.97992582698146     
   493.60523714788116     
   490.43236019503593     
   488.53289573899463     
   489.26689225901947     
   485.73220096350394     
   481.99374430157610     
   480.05365709877816     
   477.80507616480497     
   475.70699372154826     
   473.83369868245205     
   473.35896122276853     
   471.55988041375485     
   470.16690161912868     
   469.33863088713645     
   467.84477552519087     
   466.52239236549997     
   465.95229090972526     
   466.28082677568040     
   467.68964556571211     
   466.40487103465910     
   463.50556215283518     
   462.39969029153895     
   465.30933834105798     
   468.68845206979091     
   476.65873422177526     
   490.87576689999503     
   502.49997273489521     
   519.95225172904327     
   533.44701058278906     
   549.35534601560857     
   562.28962172125784     
   574.84852248735751     
   587.20746856615301     
   598.42620512717019     
   600.45557334607531     
   609.44582542107582     
   614.69664521593597     
   608.36399866872728     
   602.21521108372986     
   584.54716298319840     
   576.72020096623714     
   548.71708927723546     
   536.55912892765457     
   521.91882983921812     
   509.56588806783151     
   502.30017150505188     
   501.83956569920275     
   498.37586254822008     
   494.10238408783965     
   489.95388047993646     
   486.38446062744015     
   484.48503695662566     
   482.36730546158071     
   480.11562921908904     
   477.87820704756757     
   475.72785316716931     
   473.86173660262267     
   471.89568621221662     
   471.90588141369210     
   471.48334226888801     
   469.07207371551823     
   466.73049917041658     
   464.94957864940199     
   463.33997146585591     
   461.60620408218091     
   460.66617891458793     
   459.67903216593373     
   458.43093841266932     
   457.60809609651869     
   456.96172294038308     
   457.84323700341344     
   462.24169609593434     
   471.99209264892778     
   484.74869378100857     
   496.40237375742379     
   502.19414999625144     
   521.36477758211083     
   506.43304983209941     
   524.02621128293913     
   557.33306627917693     
   558.77612509092626     
   542.65735504911481     
   558.71288068579929     
   553.38001607191154     
   527.05132882223734     
   517.82949422280296     
   513.19092715940371     
   507.40433253909424     
   502.36521041445894     
   502.21036039627285     
   501.99925381820691     
   501.44218252788977     
   495.21795940974090     
   488.92934130925664     
   483.26855136286201     
   483.29213578609620     
   480.05905845308416     
   475.61518739828699     
   475.14874145963336     
   472.03511362901600     
   469.97473835173923     
   468.30751319368386     
   466.82701326756859     
   465.43755538877230     
   464.61068803736282     
   463.33445928436396     
   462.77022871609938     
   461.33120362947312     
   459.92106947070408     
   458.87754888090819     
   457.74835730341380     
   456.78092615204486     
   456.03021580390953     
   455.22647128043712     
   454.46568616166638     
   453.65196095564596     
   453.00594308229853     
   452.87787229232185     
   453.77844271835011     
   459.66087276835356     
   472.48480483633978     
   480.54321724328167     
   488.49033050735721     
   494.95218379149964     
   504.73336272543213     
   526.01564303781538     
   553.17476575522335     
   566.16023621460602     
   582.64391074604077     
   566.35347777700758     
   529.95293736766814     
   530.38319927692760     
   536.33483483542398     
   565.97757908521999     
   555.22399352020807     
   525.91186981937176     
   533.27818028142440     
   551.01712111193854     
   531.71367362009676     
   513.30618326041997     
   501.02157167671220     
   492.42187554485326     
   486.66736167685184     
   483.30146345391159     
   480.15811807070935     
   477.76883783143222     
   475.71590023420833     
   474.23618699521683     
   472.73411627525348     
   472.19147312213096     
   471.58871182898417     
   470.57705659419440     
   468.73238297024710     
   466.98913686104862     
   465.40230997808067     
   464.55761735593796     
   463.46240837068035     
   462.73777696263073     
   462.30600093409203     
   463.04697302552194     
   463.16735191569023     
   464.21013832461409     
   463.23852750698609     
   461.26391295444876     
   458.97255805545632     
   457.81274517226245     
   458.29627698303807     
   466.22093846844177     
   474.75827204651603     
   480.22199476816189     
   493.56116890040539     
   510.88858077652020     
   526.26969295545518     
   545.67548308107621     
   543.14590482286496     
   547.18553074245517     
   553.11924697868017     
   559.08475773459952     
   565.01303510463845     
   556.35240518683543     
   516.18994567804737     
   507.86550627403290     
   513.72064721223933     
   530.23913323066199     
   546.86144335932681     
   548.40583421984900     
   533.89514876504882     
   520.53977012143991     
   505.00082970650845     
   499.12957432188472     
   491.35180221490219     
   487.87397934855733     
   485.18082438778384     
   482.39104017488563     
   482.20296214984126     
   481.03926755410163     
   479.90336071773913     
   478.89902009921252     
   478.06879000602430     
   475.95056815418434     
   474.14646845886148     
   474.60751737235790     
   471.95514290762776     
   470.44888930157384     
   470.22726072558760     
   469.69395642098999     
   467.81284195248583     
   466.44824825467055     
   465.53327920306634     
   466.16124341687350     
   464.36328333513939     
   463.55806296190423     
   463.16503395896541     
   462.85956592647932     
   463.50256191564466     
   462.52378132813351     
   467.41479239126659     
   468.33296578495265     
   476.22776588985153     
   479.39339879374108     
   491.43690753764309     
   501.92706304172754     
   504.39416846377293     
   495.07868660051179     
   489.11010450704913     
   494.05144035914958     
   499.75645520738357     
   520.23744277449623     
   516.63653232491356     
   506.25339510753901     
   496.10400014521178     
   491.83104691135043     
   490.18663580747932     
   488.73559341719596     
   486.72637020483751     
   482.75730444263405     
   478.85989330744059     
   475.66725283416872     
   472.73762746377253     
   470.57994178973314     
   468.50755025358666     
   467.22059569111582     
   466.79810462642268     
   466.26864794153403     
   465.11722750199499     
   464.20480275035231     
   463.44700518343524     
   462.93813214788150     
   462.42374387729944     
   461.71216764182412     
   461.66122193539331     
   460.47776608681653     
   460.22472718800333     
   460.09137012483535     
   459.39539343988804     
   458.40755270067893     
   456.62115242268698     
   455.85618791128428     
   456.63344630964150     
   457.15634777983740     
   455.91724548961105     
   454.98173098169144     
   454.47340789335476     
   458.03689626130932     
   469.43187704681287     
   481.71459061673340     
   493.82667518054132     
   508.40251735476187     
   506.00061784408734     
   512.60602636234671     
   542.77548190920879     
   561.10088782578646     
   573.65285019124360     
   582.59621044803407     
   589.51663235546835     
   589.61356614240651     
   591.77824054857058     
   588.47530984982666     
   589.06770613493779     
   578.94749096195289     
   562.17630286675774     
   532.63603604753052     
   524.64424792906698     
   514.35544386924505     
   504.33925874296796     
   496.90847529825533     
   491.26368556712924     
   488.30400579292177     
   488.21611950037061     
   486.03217626586775     
   482.44694386250671     
   480.71538880739604     
   477.76428368705007     
   476.87244987002020     
   477.13389228034106     
   474.58569898153081     
   472.16663403437758     
   471.08507911214343     
   471.96493765185409     
   472.89615139735298     
   473.23698884510435     
   473.23889045122104     
   472.74033195710507     
   472.67702242502941     
   470.33832435831249     
   468.00674353205039     
   466.29538168877758     
   463.61516533132442     
   462.40455940614078     
   461.36643784346768     
   461.91140818157169     
   467.09717355789326     
   471.24180582224125     
   482.56762490237861     
   492.84126286600315     
   499.07473417881062     
   505.12764339665819     
   533.26128139731577     
   546.18655840136148     
   554.11742986065690     
   557.89813516284585     
   559.48652281112470     
   559.59095325535054     
   558.01443191639203     
   554.62995693031269     
   573.43639927263507     
   583.34100082550185     
   571.66017022008168     
   560.42671420431816     
   533.48099141788975     
   519.78466700559443     
   513.40195633512872     
   507.10643820838300     
   499.53079934299876     
   493.61288345300943     
   490.32060916228477     
   490.17035496795995     
   485.34558950555862     
   481.37971547492816     
   478.36102714669130     
   476.26977761814879     
   474.50728367538949     
   473.06683789540000     
   471.57351791478038     
   470.04875432064341     
   468.73776903617437     
   468.45214863368545     
   467.53289514615830     
   466.40046780260371     
   465.50345420261010     
   464.79393052628421     
   463.84336250411781     
   462.84401126939321     
   461.51877019752322     
   460.43256596990824     
   459.58132810844143     
   458.71880913393198     
   458.20515291906520     
   459.00352369386093     
   463.93769132373734     
   472.59683213832551     
   486.82755789413602     
   498.57964962931294     
   515.11066582024557     
   525.68428981048100     
   525.90095175769238     
   529.46913583427670     
   556.00285810462174     
   573.93983545355809     
   582.69692020886419     
   584.10536960653565     
   587.50769158819446     
   591.14958653230144     
   584.98966584587458     
   588.32401381163538     
   579.15805746334388     
   571.24120909470003     
   561.29157132708292     
   548.48776161671026     
   536.09181415284672     
   523.39960820607882     
   510.99730593549953     
   500.69712231174987     
   494.64487175296784     
   489.79679116701249     
   486.28005993137822     
   483.76917573117356     
   481.94327884743888     
   479.65987876585285     
   478.13784267378514     
   477.03798020558577     
   475.48342855563067     
   473.79738845474128     
   472.13824841433808     
   471.80011263786122     
   470.08833887342342     
   469.28214299125665     
   469.67799125729493     
   469.74267672775858     
   469.10269940714704     
   467.01536453902582     
   465.60998356200719     
   464.89526452438383     
   464.24856421758039     
   463.91391040933604     
   464.03475070753024     
   463.95611381377432     
   468.00237245172451     
   475.97852942359401     
   485.65496547108899     
   495.08343545464481     
   503.78359507621246     
   513.58342528499020     
   524.98183999970149     
   540.06108348041744     
   538.20782590159308     
   539.11556913001323     
   553.84007724566573     
   559.30497150166127     
   565.06487029796926     
   566.04616813795133     
   563.69035802767746     
   562.12897445570229     
   552.25652197662941     
   542.44014938028101     
   531.54222931830213     
   520.48728026786091     
   515.33489308961805     
   505.71036765634881     
   496.72456872890979     
   489.18367292992690     
   485.21750234997040     
   482.62067774596716     
   481.07493030451417     
   479.01945583391694     
   477.55980340170754     
   474.72837301534230     
   471.77156299231677     
   469.86030176966256     
   468.66378221909275     
   467.69623976047109     
   466.86875752673359     
   466.52561230098263     
   464.55279954518170     
   463.10051982678357     
   462.14078966581087     
   461.45491264466790     
   460.68725550181745     
   460.22786793549767     
   459.97863917161743     
   459.34931142346795     
   458.48605806861536     
   457.75216134282937     
   456.91316772511635     
   457.16313193089536     
   461.96554718966138     
   471.17928943811910     
   483.12075971117332     
   498.46361309529374     
   512.99602675604854     
   526.75734179160759     
   541.91549803332589     
   554.79488298159981     
   569.06614191251981     
   575.08053778930810     
   583.70354017569923     
   586.60202433651045     
   575.43725816065023     
   566.49051239354628     
   557.10907868736706     
   568.57685212150579     
   576.91857650515988     
   570.03626176172691     
   559.28699407286615     
   548.91340908981192     
   538.85197221313877     
   522.35887766721839     
   509.35761987194383     
   501.30522311291600     
   495.51814925572302     
   492.90359244359428     
   490.69544688514185     
   488.77273907309541     
   487.02381440409067     
   484.79123217319926     
   480.50452585855606     
   477.16933085091921     
   475.30003904122304     
   473.53923216602527     
   471.98783802713263     
   471.58414579089384     
   470.12447667974510     
   468.70846821239758     
   467.02884343430566     
   464.89426516990244     
   463.38676535190694     
   463.21270965829484     
   463.51597314362562     
   461.30925999280595     
   459.79450049654889     
   458.97470751495348     
   459.08427904664558     
   460.27358286679129     
   462.37968022556026     
   468.45638810105970     
   483.76745986786347     
   495.75515466216501     
   515.19084396845790     
   522.27768535132032     
   523.88622213421399     
   523.16410778197701     
   521.29564692007114     
   518.56194421985492     
   515.16593871291946     
   532.96690610489770     
   535.71858968337597     
   528.75900428182922     
   543.42789871599791     
   567.11583657085248     
   558.63451590864838     
   536.78774788282260     
   534.63136068760684     
   520.80399362113076     
   510.51527141545296     
   505.27679050615978     
   496.29952312558595     
   488.56636826916781     
   485.27939190690472     
   481.85144456061431     
   479.03100041190282     
   477.45772489460347     
   475.43022132948749     
   473.44836712114335     
   471.49287671456511     
   469.68688264794537     
   468.20907012403751     
   467.28800617398355     
   466.22261385548853     
   465.21532504670029     
   464.06760699055224     
   464.03298017597757     
   463.23226812845172     
   461.63023887906530     
   460.58630389129030     
   459.76342191664099     
   458.98783190461751     
   458.44285631836914     
   457.99187045530942     
   457.72708192175048     
   457.35568247672046     
   457.89638073169272     
   461.94778537032528     
   469.82946597154893     
   480.53446626809000     
   492.78573741558193     
   506.10838620990177     
   520.21697118498093     
   529.32357380709470     
   537.23263146569900     
   544.79718045462948     
   551.92333187605163     
   546.58563945693243     
   566.43345391174898     
   576.70800662955821     
   566.53016469952979     
   572.57632930545753     
   566.03329669986931     
   536.33680843260584     
   529.08241508789501     
   520.67315415542237     
   513.51724254089652     
   513.52061778820462     
   504.89963385043205     
   495.57910061248788     
   491.30632292239761     
   489.28093996077268     
   486.01555330868547     
   483.14143853859031     
   481.17128764071037     
   479.17588095151177     
   479.98099364987047     
   479.06256092543146     
   475.68735973661393     
   473.94600389525095     
   472.41258014407339     
   470.42927551638502     
   470.47068595319422     
   470.00826004243675     
   467.48356352499280     
   465.88940026470885     
   464.88710466039680     
   464.09107730012266     
   463.74313047802576     
   463.32013253143708     
   462.64665514241938     
   461.91989022916431     
   462.89249477212758     
   462.63697911914909     
   461.44764609034803     
   463.22782105247569     
   467.19272944216260     
   470.73359459003649     
   473.96182406141315     
   480.64381722931932     
   481.28199905520580     
   486.05993111268765     
   510.20835541328410     
   510.74472978083446     
   536.08131510834653     
   562.72525292842840     
   561.51290196060620     
   553.14411348216322     
   564.24553626492002     
   573.71535338962667     
   568.04301901224085     
   550.97210231456984     
   545.10620611708066     
   539.07650407858102     
   538.21857084086798     
   527.29146137704174     
   510.70702465554723     
   500.40545151515880     
   492.59224082011480     
   488.51847353524624     
   484.10876754865325     
   481.73368294203578     
   479.45293810567301     
   477.92198296455672     
   476.06129489504229     
   473.86208158843357     
   472.23508496956163     
   470.42095046397100     
   468.68747166359378     
   467.50858801180243     
   466.79967616975961     
   465.54834519955676     
   464.56442246059646     
   463.68250913580141     
   462.84949036969243     
   464.31293622130835     
   464.86657014052821     
   464.05026388244909     
   462.83487602734533     
   460.89161981867471     
   460.11621494819610     
   459.30325751178270     
   459.93028609053374     
   463.09641312950589     
   469.26361322476941     
   471.25123123873527     
   471.96117135969348     
   472.43701166199992     
   472.67663058067495     
   472.72570776828309     
   477.24108106258564     
   482.19542349379708     
   496.44701536125444     
   516.72260426547859     
   535.49975558095878     
   547.28725239017217     
   550.22698879874406     
   546.49531695703376     
   526.93682441604699     
   533.43230065682610     
   535.65772566370708     
   519.79564305407405     
   519.08646356641236     
   507.99476471812375     
   496.70465935147570     
   489.71387322782033     
   483.16875393783403     
   479.62851559059447     
   476.20732806354681     
   473.32655320075412     
   471.29384532881238     
   469.59011147978151     
   467.95792156798842     
   466.04047954216452     
   464.76801499263138     
   463.80848323837949     
   462.86544620846132     
   462.02573648676815     
   462.35654519802085     
   464.75639883707242     
   466.26601050776992     
   464.99620375251396     
   463.85166541381881     
   463.09300499358710     
   462.52882235780322     
   461.96658011684650     
   459.07354817194812     
   458.11820312761853     
   458.17902987730747     
   457.84299277121096     
   460.14569487924450     
   460.70346924662169     
   467.79871345056199     
   471.34537261669783     
   486.36933084680174     
   507.36207676301603     
   519.82107318652618     
   532.21599403761331     
   541.11355527824912     
   529.08619516943691     
   534.52374351168680     
   544.22698944917136     
   557.79572234252078     
   541.40101857264153     
   564.33275451718998     
   556.45042376616891     
   562.90383056409485     
   571.79157954059121     
   556.41880965178871     
   536.54940275961485     
   520.63072225814528     
   513.61653921005347     
   502.76720867740573     
   494.83056566699861     
   488.41563552617760     
   484.76094739317301     
   481.90779067619280     
   479.52109674336373     
   476.82920612420816     
   474.90116433951778     
   473.08981798158641     
   471.99929364577486     
   470.52127431413260     
   468.89163611041516     
   467.56710271875232     
   466.47543919189695     
   466.42050633389709     
   465.56831285611327     
   465.25368708858701     
   464.78392399981783     
   463.94773734213112     
   463.32156744982586     
   462.66157851944246     
   462.37750016336173     
   462.06741494158990     
   461.67725210402574     
   463.50849431710986     
   463.57443613918213     
   463.87562436117719     
   468.99858960482806     
   476.47661057603318     
   490.05411198791421     
   509.77994948277728     
   521.92415216225174     
   532.06717813342766     
   548.18959689957421     
   527.92856237529463     
   519.95133476510125     
   514.94525224350161     
   509.66149058284941     
   504.03842394276398     
   501.43422769515007     
   510.44125960927113     
   522.88321647634757     
   528.32733398185292     
   525.81506857819045     
   532.49203203595289     
   527.07958653663411     
   513.31162885447793     
   501.96280104398278     
   493.59119653061504     
   488.06829751702503     
   483.13103038142691     
   479.45686266168889     
   476.95406767423373     
   474.42712573456708     
   472.84952655634379     
   470.55140867002007     
   468.71101910387824     
   467.41155521992806     
   465.80933529333674     
   464.50349371365974     
   463.65742690732486     
   462.37381137048646     
   461.82268869197679     
   460.82352977542666     
   459.89877137956984     
   458.76111768712695     
   457.54923768890762     
   456.78077617585961     
   456.09480327434795     
   455.90636490790018     
   455.69656885146037     
   455.09776891692735     
   454.42124734919628     
   453.97607694117153     
   454.80063268219260     
   461.36180058576895     
   468.66425578409593     
   472.67724898518111     
   474.66423855208376     
   490.17194543873353     
   512.27460290761928     
   519.19610611566168     
   543.10490906368807     
   557.84955423655731     
   565.73209521549063     
   575.28048667787277     
   563.17736706587414     
   579.42331632003970     
   582.24974973984911     
   581.32192790348233     
   586.21784205514018     
   573.48477463021470     
   552.85029957711617     
   524.45068831196045     
   512.31745707978837     
   505.55189426169107     
   500.98783015234000     
   496.45607461180907     
   492.33700876234917     
   489.44412796062568     
   485.82512231004773     
   482.43707108632123     
   480.77205177586956     
   481.67764785108830     
   479.86192460580764     
   477.77519076995617     
   476.26281044473131     
   474.01268016058651     
   471.44409459629605     
   469.34902463070586     
   467.48094119750539     
   466.22712861002560     
   465.21766015918342     
   464.24194687859983     
   463.04160475599326     
   461.89761985798532     
   460.96892093710807     
   459.77688986840906     
   458.88570879181992     
   458.16509555101180     
   457.16157847629080     
   456.76071785751463     
   457.68957784679634     
   463.00794565802209     
   467.97370101048739     
   478.03973681311146     
   491.05740585362167     
   500.58077418440240     
   513.79838096683523     
   528.69641423540156     
   524.33386278119769     
   549.79672277251666     
   537.62393005754643     
   534.49062341941601     
   533.83429590858191     
   533.02471840697626     
   532.03136491735381     
   554.11764124900412     
   559.13188172378182     
   556.36501741099858     
   538.92403379652490     
   520.67448962844969     
   513.35232996216064     
   509.48107278556023     
   503.24452337273738     
   493.41148186675252     
   487.78652243288144     
   487.21315872788796     
   483.72747205609227     
   480.55263642043110     
   478.04580645092193     
   476.52694881246953     
   475.06573318610521     
   473.70655075746600     
   472.40700596514642     
   471.01434068966000     
   469.64090270515783     
   468.35051442737915     
   466.99778201883032     
   465.54756939779799     
   464.47766247270033     
   463.28011256284987     
   462.36355382662714     
   461.66127742613781     
   460.85428891973271     
   459.74176631079104     
   459.08857803044572     
   458.46437143345690     
   458.13214553442248     
   457.54510672193106     
   459.82797645328316     
   464.02094408098492     
   467.60582507941331     
   473.71142258723631     
   476.08060410119043     
   482.95413514492787     
   491.58175721996241     
   501.11464554594204     
   490.33007116222871     
   519.32973779803024     
   535.52264514566082     
   551.11443020850720     
   556.39515002475616     
   569.87385619106385     
   552.57221533944448     
   558.80306858895005     
   564.02405578562912     
   549.81528791119399     
   524.76082446804776     
   513.01597721068754     
   509.21685142249390     
   502.44937633000416     
   497.54306707247520     
   491.60815688001099     
   484.75822834104406     
   481.14176484158605     
   478.68434504113401     
   477.09152001751511     
   475.22052901509556     
   473.98056527521754     
   473.02797932954473     
   471.87976087305850     
   470.30511755311835     
   468.91859391113843     
   467.51467295088753     
   466.19966966005074     
   466.24868511574476     
   465.42519096144088     
   464.22189696468831     
   463.51428238080956     
   464.03114786575867     
   462.59232156026167     
   461.85604919936941     
   461.66962286187106     
   461.51151061852647     
   460.91206991296752     
   459.33928855534191     
   458.78350359386650     
   461.42557721200541     
   463.95962821157764     
   469.12815286812389     
   477.43851650742459     
   495.14031150201640     
   501.81441771125822     
   512.71340216212275     
   527.26526710873475     
   535.40420562826910     
   539.74705094817023     
   552.00869532329614     
   558.63561772317018     
   558.76366396640333     
   561.24981627896079     
   565.63242141545402     
   516.43568377081510     
   504.05918971826122     
   501.72972963791386     
   501.25222822859286     
   501.89989149900953     
   502.63008231362937     
   495.76989723850011     
   490.02686898476117     
   484.98968293898065     
   480.40411324893523     
   478.12949776244108     
   475.96745704382920     
   474.19123531550690     
   472.84511456125296     
   470.96746510527771     
   468.61042420967414     
   467.36312344305429     
   466.92702130474061     
   466.45691214694796     
   465.06965141218416     
   463.81194378341837     
   463.96224510126103     
   462.89156113123971     
   462.28087427105851     
   460.48118818492998     
   459.03270420681866     
   458.48469114773019     
   458.41859869992373     
   458.80790849050157     
   457.14984993524985     
   456.34837272339888     
   457.25022057136869     
   456.60694034853219     
   457.15506503666057     
   461.25466769747209     
   466.93959687142092     
   473.43112229710135     
   478.52956194070578     
   490.96721132825360     
   492.02761084731020     
   512.82750301274893     
   541.25350297015200     
   533.71656261885664     
   554.95382489378801     
   571.68669347095431     
   582.42874405271721     
   583.94823766041964     
   585.30207572039683     
   578.57021980894092     
   580.90298840240246     
   568.75229530593219     
   558.84319079381419     
   552.61294841731717     
   534.03465061079510     
   524.50433241226858     
   512.81231352035672     
   502.56141183570242     
   494.54995504508605     
   490.27523535720331     
   486.74880260093374     
   483.74113564631108     
   482.74383953420590     
   480.20188986426575     
   477.11740724057273     
   475.01588137303980     
   472.62871924206871     
   471.01228249900862     
   469.35865243809997     
   467.90346332287004     
   467.47816068556392     
   466.32396428343475     
   465.31101363312104     
   464.61675078440788     
   464.82847592239494     
   463.45141074683391     
   461.37004848764951     
   460.64936483059273     
   461.50652902586904     
   460.98531637765052     
   461.43457780339816     
   460.83361518237007     
   461.76085824186185     
   466.41349153433168     
   473.75044765073289     
   487.40209406300278     
   502.77408441132900     
   518.96382910091245     
   534.18473772612526     
   548.27899894949553     
   561.98624070844198     
   577.41761359859777     
   585.65328106357185     
   602.08506432515651     
   607.47545721373353     
   609.31371409468045     
   596.35781720822297     
   600.11295886429230     
   592.27053390362687     
   579.41126338740571     
   575.76164640278307     
   565.85808987259804     
   553.27623931096548     
   541.56764544284840     
   526.93938159664538     
   515.01862773419191     
   505.26379601976669     
   497.96049194528132     
   493.21118443274992     
   489.42634660599703     
   487.27875687871750     
   486.10233315296665     
   482.34003763928706     
   479.83811487831906     
   478.24161564273749     
   476.90848719863556     
   475.83867419459631     
   474.46041826128595     
   474.20313965401886     
   472.71061292159220     
   471.61714899550736     
   470.40513261929942     
   469.09887936205979     
   467.85974672799682     
   466.56865522654346     
   465.75892437394361     
   465.25685275723811     
   465.87368489677419     
   464.46698113349697     
   463.70795385078702     
   464.10115832804132     
   468.19614503109995     
   483.04712561365807     
   498.88435191396525     
   511.28651318582644     
   509.24753879850067     
   513.44949324162985     
   520.75393410797324     
   540.85688958240496     
   563.89828052587688     
   563.49625949849997     
   583.48884885971006     
   593.36111909781278     
   599.51555368864933     
   602.85549492253517     
   596.84737435242766     
   598.94634951732542     
   591.57958161511556     
   583.36452010118091     
   570.60604488042964     
   552.90404407462188     
   533.09661933600239     
   522.71303041014903     
   511.00352454837667     
   502.34929296774322     
   497.68217898385677     
   494.52204852069843     
   490.80342219385068     
   488.26532672466163     
   487.48399850148371     
   484.41621353750139     
   481.96241670905596     
   480.19645635969090     
   478.45092752510021     
   476.65998637737954     
   475.55337724598269     
   475.49023223960342     
   476.13002750764139     
   477.07807151244737     
   474.33562380369284     
   473.10338156108827     
   471.54571980882093     
   470.82206889555817     
   470.46823683018323     
   470.23010060638063     
   470.11328840888643     
   468.00358176401750     
   465.88587688040110     
   466.17490755906101     
   469.91606048357329     
   477.82274196857486     
   488.22290365971418     
   503.52989747912693     
   519.28507884994463     
   533.11422213090168     
   549.42137714642718     
   550.72802911075394     
   559.02977584345740     
   552.69618635331972     
   568.09672968077587     
   567.64189248550508     
   568.56356529159700     
   569.40920703597544     
   572.09745727758536     
   568.72588798926904     
   547.39306924191021     
   549.28917863467962     
   549.37254542749974     
   544.30340086186061     
   540.32334228957563     
   520.13607601731223     
   507.11097663935408     
   499.55876848221521     
   495.66641831324910     
   492.08856161099078     
   491.88756604607818     
   487.69934575607812     
   483.69660860363120     
   481.04766247319520     
   479.16431079141074     
   477.40876852400925     
   476.07846391852564     
   474.40368970947191     
   472.59197944272546     
   470.81311796335808     
   469.31249487347793     
   469.14979256482638     
   468.31263235370142     
   467.20715711011218     
   466.64993232862003     
   466.11557989178618     
   466.43216843603875     
   466.42785095961182     
   466.87801250103001     
   466.76078617302977     
   466.33196502271528     
   466.47746452579662     
   468.67272864155865     
   479.35833189884261     
   490.85111766139084     
   498.79202034462691     
   514.13516182383592     
   530.10153433089386     
   541.02740742010587     
   563.96604264694122     
   565.92992402293339     
   585.37879446594877     
   573.37213857053757     
   587.41785441527315     
   596.65906487582686     
   601.36611635273277     
   592.32521870265259     
   591.89708681702109     
   582.34900453220769     
   572.86276164758988     
   561.46235960906859     
   548.20874242770867     
   535.91986675954695     
   522.17590895732712     
   509.05546246775475     
   501.54801667734620     
   496.25337515406233     
   492.04599034334700     
   488.99467811012374     
   487.03042423083048     
   484.38691854836395     
   481.53915528423425     
   478.95680104253569     
   476.70694994295616     
   474.50846162627590     
   472.49473210606800     
   470.65502056503021     
   469.16687346500890     
   467.30770348217652     
   465.55182379886548     
   464.24700649646252     
   463.03130429523753     
   461.85591048549992     
   461.16044280383392     
   464.12453936701007     
   463.83924907492860     
   463.45854826498640     
   462.64661765950638     
   462.26388541347637     
   462.37498243379400     
   465.88106788546304     
   475.14390158968553     
   489.34989279518021     
   505.05948347782009     
   520.67187142242324     
   533.55245670785882     
   541.80328326925144     
   555.55334146205075     
   573.41272480511282     
   581.46808846717818     
   590.79249362732810     
   593.57129623049639     
   582.91485596331825     
   593.58954502907670     
   596.10386129816095     
   593.50441330444357     
   586.78010259057521     
   579.08576852352246     
   567.29419806544126     
   550.37200915441269     
   544.79807969421438     
   526.10771363229844     
   513.13195659819894     
   503.15160956928372     
   497.21854440384732     
   492.84347736143098     
   489.57629207966113     
   486.46408685262395     
   483.70444306296235     
   481.23901908564596     
   478.68613508883976     
   476.51552743319098     
   474.62170736245281     
   472.75977572706694     
   471.27419753419167     
   470.67064036113561     
   469.23031377624267     
   468.11645907782230     
   467.34452580838473     
   466.22131040548959     
   465.35977068252345     
   464.89812008818660     
   463.97687706784188     
   463.71894856783172     
   464.04404605512912     
   464.02556318903981     
   463.98921388153110     
   465.25486339244969     
   468.47755766532305     
   476.83500125460392     
   490.68837330033517     
   500.15925232802994     
   510.95736142793055     
   528.63040160554010     
   544.82523329452704     
   557.30165544345039     
   573.13070887488641     
   581.12356989618763     
   594.72571900560649     
   604.04633669324051     
   603.13798761520945     
   601.84802206861139     
   600.04316481995613     
   602.05126204200349     
   592.62003711483646     
   583.23374983281883     
   569.89880319580300     
   555.63553937955498     
   540.94080798098798     
   526.39679041107752     
   513.18526084594725     
   504.63049838996250     
   497.41021608564682     
   492.42173995657430     
   488.86723040222887     
   486.28680272338249     
   484.64629973414480     
   484.17702401680049     
   483.86055893285538     
   480.12681037451148     
   479.38958318687634     
   477.99401459684606     
   475.70894675739879     
   474.87084390543782     
   473.14043280441609     
   471.81351369729441     
   470.24212679890030     
   468.82009560002240     
   467.56519609274704     
   466.71776561527895     
   465.82058980140636     
   465.00064565891779     
   464.06152096996692     
   463.25559076611381     
   462.61358209986383     
   463.36654825699281     
   467.84950291538871     
   476.21756508925722     
   487.66203398017200     
   498.92640430911257     
   514.45803415019441     
   528.92763353875500     
   544.29491818674433     
   559.85120743377058     
   570.38894168185527     
   577.06645639809722     
   587.30206244407248     
   589.70458004526949     
   598.00989178172324     
   592.64311654899973     
   586.10846294114742     
   581.31503904036163     
   571.10011472889607     
   561.75391543364026     
   551.96306756061324     
   541.68877823452647     
   529.28604506959857     
   515.11683626066076     
   503.35112598200249     
   496.72091995493798     
   496.27705630530397     
   493.37900976837096     
   488.17706411405504     
   485.11173751335423     
   482.73254361099339     
   480.37298137291037     
   480.91833759076047     
   478.22211088393470     
   476.52082610702894     
   474.60435449960374     
   473.10482442840600     
   472.60812418190892     
   471.70537444077701     
   471.21793822995613     
   470.50960006283344     
   468.83369752660593     
   467.29672467840942     
   466.15342332829124     
   465.07452574984285     
   464.07863935933619     
   463.16496312177549     
   462.27775213316420     
   461.48420658439795     
   462.32106132758673     
   467.21508850313086     
   476.25341375531639     
   488.06852893566656     
   499.19482201141363     
   514.41076532462466     
   529.36881157598509     
   543.98584508638260     
   558.18012324978019     
   566.38365677355830     
   573.14255213411593     
   584.29118094691694     
   570.83283420627322     
   583.37264338940111     
   589.63827657517731     
   591.67818213821636     
   588.21492649054233     
   580.76614517694816     
   575.00292770687463     
   568.83501999485372     
   531.26678252977422     
   516.59126061508709     
   512.16548992573894     
   502.42327897531948     
   494.74756963421504     
   490.34987540000452     
   486.84261929517169     
   485.29506792301493     
   482.96733767851174     
   480.77943244754772     
   478.59871684192547     
   477.17831753372150     
   475.55970135912793     
   474.22510367745872     
   473.17045207932142     
   473.58368376934482     
   472.81270184139680     
   471.01170107160141     
   470.35685933591822     
   469.70048032004058     
   468.13745193291106     
   469.02143876241536     
   470.83526411880581     
   470.74197321855007     
   470.36577515505491     
   469.58625109277949     
   468.12168013068197     
   466.16027637904250     
   466.32996192700170     
   470.07485795266865     
   476.22374101102901     
   490.43098860791224     
   507.45676802269355     
   523.15140181045763     
   538.34277137790104     
   537.01187032015810     
   556.78409543871589     
   569.88982521103139     
   580.28147642306612     
   587.40622050140269     
   595.14512362879839     
   601.14903680098814     
   599.15552914995203     
   599.05944186912279     
   592.80658999499622     
   578.04941791197439     
   577.06039868312939     
   564.59512247354201     
   546.92544803152191     
   531.02474056568326     
   515.96073748226331     
   507.80885213106257     
   502.61914917927083     
   498.93397975532565     
   494.41822450197299     
   489.42440994060445     
   485.76779476572091     
   483.62012765570779     
   481.73336237226675     
   479.94361636901266     
   477.83062139750285     
   476.05914520464512     
   474.33171583820467     
   473.08891006855538     
   472.52279207065720     
   471.06561069937248     
   470.63858432844847     
   469.37210457198489     
   470.90341690278080     
   471.03781408130067     
   467.57390265395645     
   465.91956119906160     
   466.39095484167171     
   463.88991102393766     
   462.13125416321731     
   461.51294909906881     
   462.89722218080317     
   467.05389738572268     
   477.88300480642528     
   491.25856621921207     
   506.11506984457077     
   519.43448796921905     
   533.15507024454951     
   543.50640353187873     
   558.25212978619834     
   569.31009092966463     
   582.76283501685407     
   569.05247035514867     
   552.84179969507886     
   559.02472542331623     
   569.73028793848505     
   553.68872204188040     
   539.07751634094711     
   522.53204314250797     
   513.34864585065111     
   512.98207377904168     
   518.88966171914103     
   511.08412508731982     
   502.35352576370758     
   492.22274292663485     
   486.44461328219057     
   483.96103430061800     
   481.92839178746175     
   480.97966804424715     
   479.13549433195078     
   478.14243829920616     
   477.57018832525370     
   474.54258642634250     
   473.55620150059082     
   472.47902354879517     
   470.85440634989101     
   469.53740372204902     
   469.30350592307440     
   468.26239054424474     
   466.69855256138436     
   466.14742438929454     
   464.74205484357100     
   463.43751868438432     
   463.34833942174942     
   466.46313208112622     
   467.30789379055039     
   464.02022984699596     
   461.51184614918446     
   460.43922672443381     
   461.79143588957606     
   468.88526090544900     
   477.53593313968503     
   480.32390287672479     
   497.00813989335552     
   503.45242954433047     
   523.54275606256977     
   531.93803276082997     
   541.92294948064921     
   560.29224372267583     
   544.87498082688421     
   571.15927069986287     
   581.47387994293945     
   574.09909106840018     
   559.82303706980463     
   570.68636341234674     
   575.08676167516182     
   566.57835296268331     
   560.49734172589251     
   542.49955721531558     
   530.07132358348667     
   516.03399519754942     
   510.76464856482045     
   501.21322016986841     
   494.64140475084253     
   489.23506661700594     
   484.97276945881839     
   482.46029688531576     
   481.85963113500992     
   479.23621135273106     
   477.27935140008418     
   475.57033278552518     
   474.02216955022243     
   472.85329978878013     
   471.28217217820236     
   470.21557116548007     
   469.60628756038017     
   468.10334595447705     
   467.03748804324448     
   466.36684603132198     
   465.89983581986650     
   464.79446005508066     
   463.10171207360571     
   462.09327468118096     
   461.37946310132855     
   460.52903282848115     
   462.50904539571212     
   464.01782376405083     
   464.26630258725555     
   468.29052698592119     
   467.67352720068538     
   466.24339388017825     
   487.21443057406077     
   506.30769286869270     
   522.32103893137673     
   537.18309634879074     
   552.51645427439303     
   565.82620201152224     
   576.08134378040120     
   571.70986103449854     
   578.98641553828838     
   569.06980980796118     
   590.74551105680803     
   591.90964170301424     
   579.86168872211840     
   557.35005456346653     
   533.30400048894285     
   522.66016387225920     
   513.98198717187540     
   507.33246769389791     
   500.86993576805116     
   495.13866392715551     
   491.04614699013229     
   488.12238087885584     
   486.50626955987849     
   484.26546603351153     
   482.45409999392746     
   480.23808591232284     
   478.06316055534586     
   476.55420691036068     
   475.10085822170765     
   474.25467654394811     
   473.14027391011871     
   471.51749915225241     
   470.05777353626047     
   467.24204868292748     
   465.42606934167492     
   464.41745168865305     
   462.97405348528548     
   461.94493075382343     
   460.99320875794206     
   460.23719994674860     
   459.40973012361655     
   458.57704096234625     
   458.02289144586302     
   457.31478542270992     
   458.53794365348290     
   465.72531297442697     
   475.29172348606500     
   487.03318806911653     
   502.76883454840458     
   517.27602594406392     
   526.76845063303210     
   547.08392781158204     
   562.81030268017776     
   579.14217342544839     
   590.77428403914598     
   601.10455478729602     
   601.99207381351880     
   597.50861746845828     
   561.79244385133165     
   537.70767363641755     
   568.75766904169427     
   558.83849076061938     
   568.77755378476934     
   548.72336887390361     
   541.95458829052836     
   529.58465909079143     
   519.26065454524723     
   508.15773700246478     
   499.91705825087570     
   493.87320446302130     
   489.95914528670698     
   487.99305328084620     
   485.44511190421048     
   482.98436786064991     
   481.89884451862565     
   480.74243482762336     
   478.97665318202195     
   476.88665416854519     
   475.73554974795184     
   474.33777379498997     
   474.03000184995113     
   473.39901434833246     
   471.73826172068112     
   470.25237493586513     
   468.78633696078919     
   467.24637526281430     
   465.87351902438326     
   465.35830586354268     
   464.86635756512180     
   463.96620347587168     
   462.89053783484570     
   463.95791040743302     
   465.62811212759357     
   469.17877128300421     
   478.39886544798799     
   491.10011449149459     
   502.47040596768346     
   521.42862403091601     
   535.90453709579947     
   538.87417135197268     
   560.42255833107026     
   558.48762892727007     
   559.32730351494945     
   557.91940909301434     
   550.20397865910581     
   541.61730664742811     
   540.86773712616207     
   542.07678108976745     
   540.43905162731335     
   539.04512500669091     
   535.40858324137162     
   534.93886029929695     
   519.41357635478926     
   513.94227696190194     
   500.86340200019970     
   496.11255234828286     
   488.77395412839991     
   484.89510802251033     
   482.06403104658688     
   479.41709710240877     
   477.82664279315594     
   476.43302512519142     
   474.31993375258145     
   472.80958710567234     
   471.44377539912239     
   470.11358958809257     
   468.53308691895000     
   469.20276651443339     
   468.02910335718241     
   465.77332126660633     
   464.02297645434828     
   463.94519908130883     
   462.87135016992312     
   461.40338367710808     
   462.01711918411200     
   459.41074427101853     
   457.66384184868656     
   458.17140731017395     
   457.79343000989269     
   458.70175322997147     
   460.77347863909637     
   460.68075155541788     
   465.56847454212613     
   466.98362434022783     
   477.55217888824831     
   481.33124394293196     
   497.01794923087510     
   503.37549242282307     
   484.55988388503874     
   482.80133439148261     
   486.13292089641919     
   486.88743494234268     
   485.71543001342769     
   516.11929383744700     
   494.21772655440077     
   488.42926789423103     
   485.80395885563706     
   484.18683659648423     
   486.28082741716025     
   486.77599071019898     
   478.86218591545151     
   479.93634660795533     
   475.60048320128101     
   470.56515438073239     
   467.46743729464822     
   465.32004817325134     
   462.62208287374546     
   461.01494658288306     
   460.95164424092843     
   460.72080395515815     
   460.10535624624708     
   459.92424255182067     
   459.34139326807627     
   457.66794272830901     
   457.12803314267336     
   456.30579812716388     
   456.24280719763226     
   455.78157293116055     
   455.41786472841420     
   454.95503259027032     
   454.78094074778187     
   455.38442366874148     
   455.93023121827503     
   454.82170370430333     
   454.41721859035209     
   454.21055278472409     
   452.94161384217284     
   451.25404973783219     
   450.77291377550341     
   456.03817602658984     
   463.92062248695896     
   473.38835369324977     
   477.59323506925131     
   502.44140480099054     
   513.14075449453458     
   524.02938317118458     
   546.99276775026567     
   560.85732455281106     
   576.92185613421623     
   588.28243898207677     
   567.51252181274890     
   539.75788607875518     
   562.53850922275944     
   571.88359013935531     
   558.31693169853872     
   560.78562556371048     
   550.69720331942085     
   536.40350414796444     
   531.49181827767040     
   516.21416615203691     
   505.72676433953507     
   496.47683441002135     
   490.17643313368859     
   485.54496092997084     
   482.60209105396859     
   479.68581775001792     
   476.63059022795818     
   473.49808078741779     
   471.51433605461250     
   470.75811612568714     
   470.08314252711949     
   467.96963028688566     
   468.35829456383857     
   467.06228212067043     
   466.48736970794977     
   466.32746071349379     
   466.44279098937346     
   466.45328193631013     
   465.71727196830932     
   465.42696104208426     
   464.57466474938713     
   463.67945429840921     
   462.75916074668595     
   461.56526849085736     
   459.36736388213973     
   457.59027395141595     
   458.03409665014794     
   461.57069717595908     
   469.62584877545589     
   476.51407395895018     
   480.11718437870900     
   501.12140812196532     
   531.18298171423214     
   544.48070259838596     
   559.11156394582429     
   574.28876543350088     
   585.52426946219236     
   595.97516744919767     
   601.81112758451673     
   603.20506275190576     
   593.50586132756280     
   581.25970752411001     
   565.50425642029222     
   556.36330538628715     
   550.78283230849377     
   537.72957332235137     
   525.74420292559535     
   523.38552926619423     
   513.44364100995119     
   503.11281759246646     
   493.96737820440427     
   489.16081916660664     
   486.02902808384181     
   483.40798067163070     
   480.51551669839398     
   478.74029108237750     
   477.38923056030632     
   475.39707088423114     
   473.91207505122151     
   472.99238432408669     
   471.15266409148165     
   469.07696061004492     
   468.01358748452645     
   466.43871182830600     
   465.00493697834071     
   463.83640216775535     
   462.57183197676761     
   461.74218115333105     
   460.89339827420957     
   459.99217878555760     
   459.22515750873225     
   458.28011985119286     
   457.61595508287348     
   456.51395372944444     
   458.63382050402339     
   463.73641752778701     
   471.85499606675836     
   481.77264582289274     
   498.04536303932622     
   509.96162496266470     
   524.39731083140884     
   533.88803831557175     
   537.58864234438443     
   557.44933721259247     
   576.27958227582064     
   603.42076441710833     
   591.13263595936394     
   595.19368439189611     
   606.76866023645243     
   599.15005525163656     
   592.24583841238791     
   586.96080611306093     
   578.16158156353924     
   562.35155756374775     
   546.04812951641793     
   525.26918092612846     
   512.01004516555543     
   505.39310833830388     
   501.68822811736476     
   497.97726980483196     
   492.71533181043736     
   489.27220790398678     
   488.05442412638558     
   485.41281607279063     
   482.51290056097400     
   479.91897037301220     
   476.74922396188703     
   474.68045508803687     
   473.16894742153727     
   471.93639978581217     
   470.46417342125568     
   469.03613236203046     
   467.87405759903123     
   466.82748490489644     
   465.54098423852548     
   464.45481683268093     
   463.71311211267232     
   463.80184532998402     
   463.19722773231899     
   462.70639032405091     
   462.58876260729278     
   462.06889715650095     
   463.26196615061406     
   464.61739123057623     
   468.28195631778874     
   477.91430590605950     
   504.70240611715070     
   513.24534313936931     
   512.16322287050139     
   517.52173733939048     
   523.06913589924284     
   543.46070640049584     
   567.23997920562408     
   589.66274273176191     
   598.37156805518600     
   605.43541755575143     
   605.71892747476807     
   604.50418330076820     
   602.95931047987506     
   584.60621108669920     
   575.53217384251025     
   556.83712492581651     
   541.77388466951504     
   527.00941405221909     
   514.19769469767311     
   507.57535758519106     
   501.16694732227432     
   497.61862136938589     
   494.90856581273482     
   492.37845008080103     
   490.09148462914339     
   487.91535168408262     
   486.90587323308108     
   484.59518751968022     
   483.12450177562590     
   482.29865545683543     
   481.35891231605694     
   479.28515204047034     
   478.11781429181826     
   477.40958020370618     
   476.28708310754615     
   475.03345295571410     
   473.24055475357625     
   472.58956272168962     
   471.66242332605293     
   470.53874245261414     
   469.52464645309709     
   466.73278227302927     
   465.37267395291826     
   464.59286917455097     
   467.68596331967154     
   468.06005956661073     
   480.24733520176062     
   483.93871960844928     
   501.28942752726027     
   508.17328727215772     
   508.37607836932619     
   521.47153276137374     
   538.41764381349469     
   557.25213289961141     
   577.77040375952083     
   599.83246005171918     
   596.26976799881368     
   578.00884781309264     
   562.32441663454028     
   548.82266759611662     
   565.90064166591344     
   562.83406031701873     
   559.13882316249521     
   550.87142200369169     
   538.80742120558125     
   524.87983647047224     
   514.13232672337972     
   502.29181037350088     
   494.91232628597794     
   490.01315071574527     
   486.74468227683951     
   483.34821502071770     
   481.01774960203034     
   478.99094012690102     
   477.38314980592133     
   476.68696268394871     
   475.39924369958362     
   473.81741500905139     
   471.89254454046784     
   470.47778045542742     
   470.13685428242462     
   468.92679155998121     
   467.31157701639114     
   466.09910890466170     
   464.76579654334569     
   463.62745450988535     
   462.95583429158086     
   462.18416909624585     
   461.32303541238394     
   460.37074986671303     
   459.37298065998232     
   458.53616012929547     
   460.04021673312758     
   466.45091839209056     
   476.96181807472942     
   490.90244079008278     
   505.48192592071263     
   520.09505569391661     
   537.04232950586663     
   552.20293766650411     
   567.06511887896852     
   577.84072205145048     
   545.45040865833573     
   550.58307548276389     
   561.14743413947133     
   543.13858876771542     
   552.16037283562002     
   587.39921788783431     
   587.42032376584564     
   576.17138477041465     
   570.06236187293621     
   548.02159358820131     
   535.12479205284922     
   517.45894479417234     
   507.83415947441728     
   500.50254635781755     
   495.25405164422506     
   491.37616028157379     
   487.03023738104406     
   484.89240458958028     
   482.34458118455342     
   480.56072470075389     
   478.36531870379508     
   476.84912275442872     
   475.26143377838139     
   473.49700261650298     
   471.93109730245311     
   470.73068360349589     
   469.98418948774383     
   468.60855486770225     
   467.73584079264674     
   468.74707843721245     
   467.46862227741730     
   465.62222334064035     
   466.85770406283615     
   464.61149442636668     
   466.06567225599872     
   465.32219992669832     
   464.22017289044959     
   465.89869923097274     
   467.93648913567358     
   469.11982358828004     
   475.65428476139510     
   487.01771986173134     
   496.86820000271643     
   515.75515257452025     
   531.95587084951592     
   545.00452341895527     
   559.68820926015303     
   575.80328828754227     
   587.23385446909356     
   598.26269107955193     
   601.83467366702871     
   604.99770918452680     
   611.49979460704787     
   599.49287611929924     
   588.02093466690076     
   575.91415729295193     
   571.01178018803785     
   557.33861103205857     
   543.39093380741986     
   530.88723229599373     
   514.00406706583749     
   503.84168299031251     
   499.67139816413442     
   497.68593931745858     
   495.57123607474915     
   491.07870851674545     
   487.86212179687908     
   485.72426720399744     
   483.89214610305078     
   481.93702258984734     
   479.67633712430217     
   478.31849149447891     
   476.92468501672676     
   475.63160327191491     
   475.17145496523932     
   473.78040752387915     
   472.41566066661721     
   471.10851482543740     
   469.90861762066777     
   470.85728420458582     
   471.55723575655895     
   469.91719484939006     
   467.38275805653018     
   467.28615075127004     
   467.74122456574821     
   467.08461623378838     
   472.44984388237020     
   472.27488623568269     
   474.54461340370511     
   486.58750166834790     
   501.68204640909016     
   518.19846937188061     
   535.91620902828583     
   550.16953587738192     
   566.51220098748502     
   573.38933595065430     
   574.51590607876597     
   578.87032292839535     
   585.53652604936019     
   583.22063381600901     
   570.47841488770825     
   564.18503240386735     
   561.40605626784270     
   554.16805997361735     
   546.97072748687060     
   529.63057540224213     
   523.73782641817786     
   516.94581761821814     
   510.88028635356602     
   507.35523257908659     
   499.73528247650887     
   495.73801011163192     
   492.13427389560223     
   488.55596521284167     
   485.18696581465866     
   482.04115103094983     
   477.27557164565638     
   475.88408653047509     
   474.93969724668426     
   474.40101249088389     
   473.06673759665102     
   472.07826608649520     
   471.47532755012440     
   469.57004121142552     
   467.92966029612586     
   467.11188862259110     
   465.72092627251021     
   464.38378526619374     
   464.06133550316321     
   462.75752132186909     
   461.24363056109615     
   460.16232078408410     
   458.66544033547729     
   457.57829450609700     
   458.49850257987407     
   465.01857447244441     
   473.37051515652712     
   485.38316493945445     
   500.87822912741740     
   497.14542201509164     
   502.67847581635448     
   534.93332011900043     
   551.56651085927194     
   564.79926736411016     
   577.00960731154157     
   583.47529722216450     
   593.14720078976609     
   596.05596990326194     
   599.19992389705396     
   592.09746164390720     
   582.86253685670260     
   572.40678262324957     
   568.42651579566177     
   560.32382129005100     
   529.99318898971160     
   516.69422957303789     
   509.16839577921894     
   501.16389564378778     
   495.37266754618628     
   490.85813700376394     
   488.24370553592649     
   485.91564827230496     
   483.22057401959199     
   481.40277321367813     
   479.53270378458546     
   478.10576095393975     
   476.45102438918815     
   474.92483168460569     
   473.73256283412900     
   472.43665220332582     
   471.29082321024202     
   469.83420095106771     
   468.57775448338782     
   467.49830645901955     
   466.29036988055628     
   465.07284252206040     
   464.62169553001439     
   464.45497251175715     
   465.39880810047356     
   463.61295348031410     
   461.11490795245879     
   459.87032804303681     
   461.16717389124841     
   469.83053574625234     
   481.07173770364335     
   493.02511233499990     
   509.75941877919820     
   523.18309160949593     
   530.76392077493313     
   536.69297808468650     
   541.96229049026374     
   569.60328373939035     
   554.09122849389360     
   542.24457608125226     
   570.14299923257272     
   589.08741777629200     
   579.63889075926465     
   579.22014172312925     
   569.57637995433799     
   565.91720445787928     
   556.15007157022876     
   551.67841270052099     
   532.46504506443159     
   526.88914126097109     
   512.63438720672866     
   504.86878620215992     
   498.37603258442726     
   493.15130212317263     
   487.88710405512194     
   484.57765368469569     
   481.50348664695184     
   479.02017807773836     
   477.24675554824546     
   475.44262548250157     
   473.56619661204115     
   472.08935928026943     
   470.69875324239450     
   469.38331667582412     
   468.32845032215948     
   469.18827499955756     
   469.65718128209107     
   467.93376088511911     
   466.23624526508854     
   464.94940468351888     
   464.32470951455832     
   463.95502689423387     
   462.97122572296763     
   463.73823110573500     
   463.06009297789359     
   461.70897494372025     
   464.63677270194950     
   469.19285750314015     
   476.05866985282171     
   484.79947862343721     
   503.21171819217972     
   512.63000269906013     
   535.54796359780153     
   555.34074601848590     
   568.68211734591137     
   568.16017607609979     
   595.59757958964519     
   600.44582926257533     
   604.39582922182160     
   603.14116001083835     
   570.76054716040073     
   528.21479601369720     
   529.80761143340942     
   529.17190800797391     
   522.76193410823646     
   516.59216781343002     
   511.30831582784123     
   510.55189861785550     
   501.91063861061616     
   495.93234712861909     
   492.50328417282225     
   489.10355589866577     
   487.68706789002101     
   485.25938530183242     
   480.42893033044078     
   479.17958297195918     
   479.31729087167889     
   477.99843949033749     
   475.91984068492542     
   472.78686314892605     
   470.13952158471636     
   468.22655697873842     
   467.31208042422332     
   466.02093860777842     
   464.44179313199976     
   462.92863135156455     
   461.52436849467580     
   460.16613996273531     
   459.16465587669899     
   457.97157626597124     
   457.05410364948284     
   456.51374249858043     
   457.27088534563865     
   458.24324473689882     
   459.49694309717722     
   464.79135325572719     
   475.35429840757109     
   487.35663909397829     
   504.68306416183628     
   522.10505090327536     
   536.18846862800274     
   550.67555250804548     
   567.19763424606401     
   582.63813668945158     
   596.54675229145596     
   602.86261586553928     
   607.08437395863689     
   584.96790434132970     
   603.75818793077099     
   611.98476532369637     
   595.65708922826411     
   558.12807612819824     
   541.20314451014849     
   536.88504561071329     
   525.12939519315296     
   518.17592284190198     
   508.37911010747217     
   500.18385538138892     
   494.38046831076286     
   490.47619971926116     
   487.71649935484191     
   485.44525809004949     
   482.86030685270509     
   481.45469307502083     
   479.01187674815799     
   477.04510702417616     
   475.76301914351427     
   474.03916367797632     
   472.40389480179488     
   470.62446531966418     
   469.32617101908681     
   467.44071190812980     
   465.76174069647578     
   464.51590838179658     
   463.01277277415358     
   461.94180916922056     
   460.94108230378117     
   460.86577163082580     
   462.36236332019564     
   463.97876566378062     
   463.71033491040362     
   464.15718287030722     
   465.59673283127069     
   467.23534299074879     
   470.50794393517657     
   477.43951817110030     
   499.28787678526652     
   512.39505741386574     
   532.85746253762989     
   550.70124724838445     
   562.65847469936455     
   587.25255803926359     
   577.68710563459683     
   596.24917941942579     
   596.64201966175142     
   587.52973592319995     
   597.82233720274849     
   600.59386823032492     
   590.44752572769812     
   565.15833798068763     
   564.07834799283557     
   548.00405765086998     
   531.92902479272664     
   522.57010016659956     
   513.91248933599161     
   506.04943102585281     
   499.08426989925425     
   493.73936279956007     
   490.05884212806097     
   488.47589177779804     
   487.33223602461510     
   485.18167917573402     
   483.56245062384573     
   481.14673302564194     
   480.56615846731717     
   480.47508533830916     
   479.58474820432878     
   478.67927282501756     
   479.27021460852916     
   477.85574175913229     
   477.18615807519348     
   475.93921906351767     
   474.38857244043447     
   471.77150040205544     
   471.45120065092550     
   470.80082321001618     
   469.98885868564679     
   469.18232202885929     
   469.17982414036095     
   468.84089973517160     
   468.61160621686071     
   471.75718788972631     
   477.77160700380637     
   486.23607926334358     
   495.92450850704586     
   509.75920958329374     
   535.22800744211884     
   550.49303999360166     
   563.43333053457604     
   581.13849630891605     
   585.85306212730416     
   585.29545984181766     
   590.91900752306447     
   594.58718355778319     
   591.71608046816561     
   577.19243127937989     
   538.53534457324508     
   531.97576218094162     
   523.94940789777104     
   530.36724829194134     
   522.64804143032291     
   509.93021796809558     
   500.67039857461140     
   494.87774412459663     
   491.10344258691134     
   486.36828729068634     
   483.67715955300991     
   481.09386091427308     
   479.05159312593810     
   477.10183737308654     
   476.05591701475856     
   475.44095774184575     
   474.72545225893276     
   473.07876164745409     
   472.80129817204102     
   472.83685107791308     
   472.41650669684594     
   471.98710394996334     
   471.52950017409671     
   470.85073972994144     
   469.78044769642929     
   467.82800456032828     
   467.05220752650354     
   466.01199606575631     
   466.54184598708207     
   467.16329124150207     
   468.09940397331872     
   467.69160464873880     
   466.70457101036374     
   466.95187402374449     
   468.92895188252737     
   473.67252315719276     
   479.40133420970182     
   479.88295094629927     
   475.08193235631018     
   484.45704586409647     
   498.67477737035938     
   503.77873064855714     
   503.40721961983110     
   503.62129800423014     
   506.45427427090590     
   508.48704428291768     
   495.24114922975156     
   492.34776767618621     
   490.47297546883289     
   489.07964366955792     
   486.95995565692550     
   486.62126920100451     
   483.70270045748435     
   482.35953620085979     
   476.00010965659715     
   469.64678533209224     
   466.30534997626808     
   464.73489257681359     
   463.60342659167389     
   462.69962546075783     
   461.95966795454785     
   460.56286617461217     
   459.43222929874383     
   458.52382650415819     
   457.99567321998319     
   457.19162891214955     
   456.96653516547104     
   456.98609766317401     
   458.00743064930225     
   457.38007147092895     
   457.25649024343818     
   456.61693303289803     
   455.89037058646278     
   455.83285787017246     
   455.79524514300374     
   455.86875167246524     
   454.48274590488825     
   454.70908755957959     
   455.36626111628760     
   454.99477537358018     
   456.46660143511514     
   459.27949036086386     
   465.19857233270312     
   479.43455638297377     
   490.01565423579024     
   506.34608102092346     
   524.23944648513668     
   524.69525745474630     
   560.54950524532887     
   560.97681717437115     
   573.24591964857120     
   569.56456354457009     
   584.46584094608988     
   586.82623176316622     
   588.61705696061949     
   586.60614981681931     
   558.18224472730174     
   547.21388667773169     
   540.17687184027432     
   520.47205928603887     
   511.51998476766221     
   505.81571149298941     
   500.21774163829832     
   493.86339866063275     
   488.90788634897461     
   485.41432204219547     
   483.55271369304558     
   482.00190774055494     
   481.18286919569834     
   480.10300002455773     
   478.61246755757412     
   476.96749276168208     
   474.54775277337524     
   473.44588797038972     
   472.68622831414820     
   471.86752235225509     
   470.63126225634988     
   469.66107760597913     
   468.94572534891682     
   467.71105862961713     
   466.17168257805469     
   464.79422111817951     
   463.39911086772207     
   461.60372198222228     
   459.59610497414366     
   459.48964591382259     
   459.92659322593499     
   460.55268594416390     
   461.93934489997264     
   462.96988165536732     
   466.15306764961304     
   468.23256275437080     
   471.63923950131897     
   472.36126604129458     
   476.06742568036373     
   488.25539036820169     
   503.42332453895551     
   520.13161851870211     
   534.06701923166031     
   524.55927421195304     
   524.21557662333237     
   526.28305310379892     
   513.48280415198474     
   514.72348708968525     
   516.34270199422508     
   513.77178145718176     
   524.15015361438259     
   519.98542378603759     
   501.88239875342379     
   487.76817108584419     
   480.44878583771225     
   474.04316448616021     
   469.54296588598709     
   467.14710973147947     
   466.38683394585877     
   464.97918173686156     
   462.82716668877629     
   461.62324875595863     
   460.65518141032760     
   460.07500127655612     
   459.42529868130413     
   459.95537861888977     
   460.92771633691876     
   460.72716437695664     
   459.92631122773042     
   458.71100238763808     
   457.67204647802913     
   457.89044547738274     
   458.23103187870657     
   457.33901519911223     
   456.65144819270080     
   455.71794504063865     
   455.00937833790465     
   455.30159289323984     
   455.09441345030996     
   454.60688612680246     
   455.09689472385986     
   457.87156642182657     
   463.20235470433255     
   472.93136102566842     
   485.18960816267207     
   498.76272411138632     
   500.65681391223700     
   480.01597211313469     
   507.54108958057395     
   517.22685197226576     
   524.61077579906453     
   529.66216485694861     
   546.89344577830070     
   554.66961701564605     
   555.51541748226930     
   530.85963601640492     
   527.39354158491676     
   516.21376712175766     
   518.34909218605583     
   512.57939396317488     
   500.88227514789071     
   497.23087234877386     
   490.72001618851175     
   482.32697280203394     
   476.52472556415762     
   473.57962218179011     
   473.75992646610246     
   473.04256613749953     
   470.60833728079501     
   467.17342287274028     
   465.01620744009261     
   464.11375775797472     
   463.30992113253114     
   462.20627395360884     
   460.42000652819121     
   458.97568783174546     
   458.38251742552723     
   457.36652393958707     
   456.33570241556964     
   456.23959603679316     
   458.71165359532921     
   458.41869111686140     
   456.95918509162368     
   457.00608651624543     
   455.89840163290006     
   453.13167573495593     
   451.44901443587213     
   450.82359907888224     
   451.63560750426120     
   459.84791863334317     
   471.64270225903152     
   484.91043815175067     
   499.97637747261570     
   512.10223420389627     
   512.13994317188485     
   538.08877412446395     
   556.53491661060787     
   564.72502074176748     
   580.07649336468296     
   586.68313184219778     
   590.24683354559318     
   590.76820895906326     
   593.58409696981403     
   579.26405981875143     
   582.34974789544401     
   581.64005988200779     
   561.05705154140867     
   544.73786448474095     
   539.89100323452840     
   519.20745406171523     
   508.05364873314772     
   495.43745868210232     
   487.97508530292436     
   484.17309329308341     
   480.52659456261597     
   477.53908028222429     
   475.36028152165193     
   473.91167066412868     
   473.42904305830200     
   472.24395637609365     
   470.92032110278348     
   469.62398493251055     
   468.54636187019656     
   467.46994544321853     
   467.03701461107852     
   465.70919651187552     
   465.02816481873958     
   464.99089495508281     
   463.34378809163519     
   461.89615546799359     
   460.47643749820043     
   460.17009760412179     
   459.12916398022770     
   458.86368086326610     
   457.54000462991797     
   457.79565022587036     
   460.33810557281407     
   464.91996878795527     
   473.22857580213304     
   486.28661696746798     
   500.13034311878442     
   514.72908869459741     
   532.03687689552339     
   542.33533016695640     
   542.42846149658840     
   537.18113891602547     
   562.11655759630594     
   568.67018719171881     
   544.33192946392899     
   568.35865246315177     
   562.85417219437784     
   553.49709827858032     
   548.34188960393533     
   562.34150285670830     
   559.57748377778182     
   550.50974758371945     
   536.57977729989727     
   521.15557041421039     
   509.84197711063484     
   497.89535185156996     
   490.74835774853483     
   486.18718137304666     
   482.49638241103321     
   480.19548235125256     
   478.45644495529524     
   476.45331918857789     
   474.66707464179802     
   472.84250909507114     
   471.17922889721143     
   469.38438161325479     
   467.54948652089786     
   466.15638895753125     
   465.82454832974543     
   464.70417486628133     
   463.69151217068213     
   463.73286859171969     
   462.34043454073810     
   460.76009736348408     
   459.63224313405948     
   458.57286869118474     
   457.90913107902082     
   457.03256951624957     
   456.04836268235783     
   456.56540522065819     
   458.19644461582402     
   463.03207199244014     
   469.62679252692988     
   480.77207484136261     
   491.30606728310113     
   507.06261160027816     
   521.83926482787513     
   538.14402913305798     
   539.10238945328695     
   552.35073656966813     
   562.19911083658508     
   565.88486009146004     
   581.72842757625426     
   592.73548640492368     
   592.10392911923918     
   588.40674672405908     
   581.41721267649564     
   575.17500092102853     
   541.87959949017113     
   528.51301076029506     
   526.79672855142007     
   517.45257822941619     
   507.23258533897615     
   497.94424651056698     
   490.77992880317197     
   486.74474104336065     
   482.73021457476773     
   480.54627099482497     
   478.37114654828758     
   476.35138976489452     
   475.01157879343486     
   473.43733743006840     
   472.06460268932091     
   470.95187218997035     
   469.67996640804995     
   469.18032877290847     
   473.18022820871704     
   471.55476069027765     
   470.43980619099358     
   467.36392250055343     
   465.02599222783897     
   464.25779440966085     
   463.06392492896356     
   462.68516649080635     
   461.73663989175293     
   461.31456524588816     
   462.10438221633115     
   462.08218328083109     
   463.84810720671118     
   473.39660281944066     
   483.46671007407724     
   494.16515408134143     
   506.36482316746395     
   515.72110230520855     
   537.10943556076211     
   558.24469449273033     
   567.66232300172078     
   578.61489346931432     
   582.01197907565177     
   588.92037662661687     
   595.47051375428748     
   598.91344447965093     
   587.30313317784896     
   591.80203296982620     
   579.44600126232638     
   565.46940458067445     
   565.70474500400576     
   555.42204234544147     
   545.30494437572088     
   532.16677001195649     
   517.02116021494965     
   507.65943941821786     
   501.19591250112802     
   497.39942115271640     
   494.95770828120089     
   492.26140931898357     
   490.17860197052107     
   488.03346949359184     
   487.17040088319061     
   487.13064647997061     
   485.88673434296840     
   484.75575610348449     
   484.07507927371853     
   483.09054343020387     
   482.20334525523305     
   481.71309881663063     
   479.20885205094123     
   477.30792455058207     
   475.48382294412960     
   476.11974992060175     
   473.29980497080840     
   473.49207640363994     
   471.93296192023024     
   470.95512105608350     
   469.92960409535971     
   468.10405964603564     
   467.97286269005951     
   472.69336150907156     
   479.29316711702086     
   486.37605173047308     
   496.39054363652252     
   509.26901474240765     
   528.80336876887895     
   530.18185727928505     
   557.64404923092820     
   573.91105403574682     
   553.94995902371443     
   541.14990277398670     
   573.52289570071741     
   557.29232814182376     
   545.78527475189537     
   532.11923116777734     
   523.47053281235776     
   512.77576016128216     
   509.52355893038441     
   508.60873328043067     
   509.38163631893076     
   499.65721191295739     
   492.73815104472385     
   487.94222286346422     
   483.30108126696445     
   480.33568653825370     
   477.95169257987385     
   475.78043234362531     
   474.53636467386752     
   473.01837593607399     
   472.16440378470060     
   471.86255943950908     
   470.80584208212645     
   469.94319850036476     
   469.25096440886790     
   469.26998223064851     
   469.85529460989648     
   468.21129847156755     
   468.40564683296327     
   468.04273750699849     
   468.67094673984479     
   467.24690065134672     
   465.36362398776703     
   463.72311079910446     
   462.22909917261671     
   460.65196031555467     
   460.32313230404873     
   460.86626302552986     
   461.80299535025921     
   465.51759990791408     
   471.55792985768932     
   478.49418737685056     
   487.36705754722067     
   489.41032597091572     
   520.84337246273503     
   538.12210252261525     
   557.51099884253279     
   565.11699441067526     
   573.44625268272125     
   575.20820159512004     
   567.66890310169492     
   575.66333548351577     
   565.79553175007663     
   562.53799470072988     
   562.40541391072986     
   565.17113321376007     
   555.62785621432135     
   529.19925353141082     
   520.81361846597827     
   520.01952740554907     
   509.37625515673011     
   499.76142992507880     
   492.94777821271623     
   489.40553390346406     
   486.49713827528893     
   483.87109666590328     
   481.78443569434381     
   479.78863340285949     
   478.35832938487511     
   477.84151987904482     
   476.38690909534876     
   475.31412861445159     
   473.69571159300330     
   471.74648674629191     
   470.86539433612865     
   469.70382614219454     
   468.09436771737887     
   466.72885922397506     
   465.37321397692153     
   464.44918026273774     
   463.64210980331717     
   462.76038481839572     
   462.79975251354983     
   463.54210703428839     
   462.48429144139220     
   462.80218976529022     
   465.51982181109207     
   466.54880792050142     
   477.81863476470363     
   481.83088143096552     
   500.41821968490882     
   507.81697163359570     
   524.12541138366760     
   531.47542434743161     
   511.62930946624721     
   505.48356981646378     
   506.44853833782787     
   515.40258519670442     
   524.90717384380412     
   566.78353991832989     
   560.48208418520255     
   562.05987857447803     
   561.16232803839000     
   548.48539140599826     
   537.77079808302801     
   537.87587251096318     
   527.08295503970839     
   515.91631154725599     
   506.46814817762089     
   495.24015754606768     
   488.24925080104316     
   484.15958119202554     
   481.19026972341476     
   478.71922454077503     
   476.65582046666179     
   474.80267551150229     
   473.25992135536961     
   471.43689211085143     
   469.71946485974416     
   468.16287028983533     
   466.98259836462177     
   465.73144218546736     
   465.23755327440045     
   464.09055028897001     
   463.08814267867086     
   462.31245100288737     
   461.19103775607459     
   460.16224652102966     
   459.52263352962319     
   459.16575278864917     
   458.55502725451169     
   458.20789749047242     
   460.49725352489531     
   461.06592864817992     
   462.38201069172521     
   465.21557999963227     
   478.46571700869174     
   490.79252031596468     
   493.47195687848449     
   515.22318212935272     
   536.91271780057627     
   550.36593210879698     
   565.22460132874608     
   576.05772428219075     
   571.71994548099622     
   565.56388384515162     
   545.03029455078081     
   536.06466452461916     
   548.44909297461697     
   566.58679490258339     
   559.19535274115378     
   540.30616463380102     
   528.88094335146116     
   519.18185320860641     
   511.74191911679537     
   503.24616690541512     
   496.74456241215580     
   491.46316943757535     
   488.29299108714235     
   485.01506386563898     
   482.93606517513700     
   481.92767731109842     
   480.63392059985432     
   479.40218025962201     
   477.78497454219968     
   476.10609347546080     
   473.60563485149322     
   470.78214974591532     
   469.16538077352340     
   467.46982524217816     
   466.55177131932828     
   465.49882704846090     
   465.96913634014447     
   465.81572742423305     
   463.95140233220354     
   462.62743343500915     
   462.19049496019062     
   461.54520548011135     
   461.93503186611906     
   463.72235564435800     
   462.64273287401255     
   459.72791400637658     
   460.10143388806932     
   460.47416730878194     
   461.71981607993195     
   475.21707889743385     
   492.96262842765736     
   505.19668884303388     
   516.29815377378281     
   520.62631748258593     
   541.50584659611502     
   558.68758746050935     
   564.19935113040560     
   566.52194523337914     
   567.66129210691872     
   567.93177315790649     
   567.52956370590584     
   564.89420295305570     
   555.72238195152477     
   554.50230254124426     
   551.04856039828121     
   540.69232168658675     
   527.16976570702354     
   515.69454491377348     
   506.28656441550106     
   497.56984317287265     
   492.27834676958884     
   488.69180075114224     
   486.38354843699949     
   486.10670508606097     
   482.89540682602035     
   479.12189427188332     
   476.51829186978790     
   474.20091463434431     
   471.79503749051810     
   469.88668463973846     
   468.33829407982586     
   467.05845692642271     
   467.36870774844505     
   467.19531716673526     
   466.30031434785013     
   465.73987190257617     
   464.35150084379745     
   464.10802344733918     
   464.49394552676671     
   464.79340073883486     
   464.71017386338252     
   465.50309972927505     
   464.95559725568097     
   463.98456695705477     
   466.97073681372399     
   468.46071032593244     
   476.40886125549713     
   483.26867539227095     
   492.94071711077754     
   498.62238186272293     
   519.35638003760175     
   538.65646279123939     
   554.35865408091070     
   567.02783840818859     
   573.45923629050537     
   578.93233838036952     
   587.66675300239945     
   585.88080439986209     
   580.13598791451307     
   575.24905249850940     
   565.11149646255637     
   564.38495089746016     
   555.91760014179374     
   540.81084837386595     
   529.28791279981442     
   516.16369483999017     
   504.74769938551475     
   497.48285566096513     
   489.87924225530242     
   485.67903983861146     
   483.11532512506159     
   480.61540032264077     
   479.00362831530794     
   477.12784649972593     
   475.78145388114484     
   474.14959411061261     
   474.13252286105995     
   475.45264382926331     
   473.24146616877204     
   469.92072789490459     
   468.60046117020221     
   467.92222241389123     
   467.83447441579460     
   468.49572122442527     
   468.19846608729932     
   467.04883392090403     
   464.36695477328112     
   462.80439271375099     
   462.16553619663591     
   462.30867529540689     
   461.03346982193125     
   459.75552400974692     
   461.19371860747572     
   464.69702817629820     
   470.08485966882296     
   477.45029057471879     
   487.99659850660817     
   493.23073074555691     
   511.07746479357468     
   522.33444343545591     
   532.80079970520478     
   548.46865565096982     
   565.48487840642895     
   582.10475961807208     
   574.63762037901267     
   561.99067255522061     
   567.53211931752730     
   547.89669885737317     
   545.44080953833679     
   541.05141024697969     
   535.12718992465466     
   530.36833951886933     
   523.03897125211199     
   514.80332810359107     
   504.16591482125938     
   493.79989619790365     
   488.56315087504078     
   485.43901005348215     
   483.14090139627928     
   479.89715130314738     
   478.84688932835462     
   479.63046904237365     
   476.56605432422498     
   473.59865334317504     
   471.76309166784495     
   470.18276047308103     
   468.83646449727848     
   469.00311003331427     
   467.59809377789429     
   469.44574954340936     
   466.96974078468963     
   464.85014777225462     
   463.95543549045971     
   463.05919681528212     
   462.20504955107185     
   461.39853138935825     
   460.61515330022553     
   460.06881563295610     
   459.86619249684253     
   459.94667934442202     
   461.49206669275270     
   464.74780849348764     
   469.90171282018724     
   473.39018417639465     
   481.75845611496396     
   494.76917232641665     
   496.58932085605909     
   500.12786891809583     
   510.37193456025329     
   517.18938558917205     
   518.28389543374067     
   548.23437628380429     
   559.24411976602835     
   565.27534836930727     
   559.48710622209649     
   563.25077264503443     
   550.40570547536299     
   513.89050523549565     
   496.54558694857604     
   490.52787190905855     
   487.06776139818328     
   484.36872147443637     
   482.06264903334551     
   479.88761482077371     
   477.57155716540956     
   476.13607713551949     
   475.10704024237225     
   474.47586475919138     
   473.86927562058145     
   472.55370459100698     
   471.05214101942460     
   470.12708165082421     
   469.29151434160190     
   468.33455271526879     
   467.56015733301052     
   466.43790076017262     
   464.89952797865374     
   464.49119175718124     
   463.97793562285477     
   461.98930882823475     
   460.52320757360462     
   459.61499091463577     
   459.04942868954907     
   460.00813332308439     
   459.42008225820479     
   459.88701033595333     
   460.07296955608223     
   459.98729285188028     
   460.84403496560981     
   463.34944033303935     
   466.65386430409308     
   473.78123385101082     
   478.64451541477837     
   486.73319671144793     
   492.10228048173087     
   499.21029116779363     
   505.16658604493813     
   515.47303534127536     
   518.16456730920891     
   531.47452585814131     
   536.91191899821206     
   546.10345214416907     
   547.91601148873019     
   544.70657186559311     
   542.80915970960837     
   541.27851131344960     
   531.83607012194011     
   523.76501597784852     
   516.64203948218278     
   513.67196329205331     
   503.29019528013981     
   493.85350492796783     
   486.75971848829943     
   482.34758397897673     
   480.21066900198792     
   477.76461212950943     
   475.23743522831614     
   473.55788080910230     
   471.76185210755307     
   470.30995061343702     
   468.61453373352862     
   467.16013578150285     
   465.65149716478658     
   464.19561889373182     
   463.26379069435990     
   462.25173726813313     
   461.20189548647625     
   462.24738714633963     
   465.50347539556924     
   465.84754280555200     
   465.82398092245109     
   464.42090157318290     
   463.44506982938452     
   461.33203156305296     
   460.97388626239450     
   460.25021526491969     
   460.93452374205339     
   462.92998701590807     
   473.73800556741207     
   483.02136846375953     
   500.39934299535872     
   513.86453301546408     
   525.76218553088347     
   538.73009155347813     
   544.35287297747027     
   540.33724277341116     
   532.17166078255843     
   524.49296402407026     
   532.42005023428044     
   538.15413971296982     
   551.57146142313104     
   542.03781816309197     
   538.28867234750624     
   524.19502837688481     
   518.42354960662010     
   506.77764826056972     
   500.19174699973706     
   497.60569046768057     
   491.96985973941332     
   486.55620009508368     
   482.99335126700453     
   479.65960686914735     
   477.65322819866515     
   475.48096982797824     
   473.26323153449999     
   471.37365898926799     
   469.71095385564894     
   467.90739224350824     
   466.51123210861914     
   465.58874099026536     
   464.62181007389927     
   465.20276686799633     
   465.73879386844942     
   465.42783926160041     
   462.90094071640794     
   461.72267021262087     
   462.06550324899405     
   461.10422071418327     
   459.95927445592292     
   459.29648110627346     
   461.49550661103524     
   460.15103064793993     
   459.31931184843285     
   459.10756771576843     
   461.27650425176591     
   466.16997211098749     
   474.25078634292083     
   487.33073052065208     
   500.14852848354258     
   506.21282505311632     
   510.50479021587216     
   514.33873038393824     
   517.79706765375636     
   549.03074204767915     
   568.47673345293947     
   578.41779637146738     
   584.15920366904265     
   586.99838855341511     
   584.61946983080850     
   587.79891025313702     
   580.98505270978660     
   571.80372104133141     
   561.52300895723840     
   550.14339395882121     
   535.50731288505278     
   523.82121889414600     
   513.44947466512667     
   500.42605983537993     
   491.67514828040515     
   486.78840577665176     
   483.34519702637732     
   480.90286450442824     
   478.24330332047407     
   476.64596266111306     
   475.09776528064941     
   473.33897464257979     
   472.43522894911018     
   471.45328725467647     
   470.54321133813272     
   470.91157993181542     
   469.33614825196014     
   468.50222374437038     
   467.31768004941802     
   466.24998599806025     
   465.33508945340611     
   465.13465554730158     
   464.86811303258810     
   463.76330921754942     
   462.78210420993997     
   461.90899498052323     
   461.27160310289497     
   461.53709311763328     
   465.87532219109193     
   469.40227034296714     
   473.38705986224096     
   480.09709402991524     
   481.50975925650698     
   492.62589539242356     
   502.30774156728853     
   510.47013586716906     
   505.40231328992644     
   496.51138796552715     
   524.03304685246974     
   544.16998716809383     
   544.29632563051200     
   558.84330976207332     
   546.78665284122792     
   549.34503802180302     
   540.64573639221067     
   548.11439417547888     
   529.24567354291776     
   520.24974513686880     
   511.42323750298891     
   504.19829171159785     
   493.90978850359613     
   486.30156267709492     
   480.18010095040290     
   477.16896502365643     
   474.44854454704944     
   472.23097765400848     
   470.40733730733979     
   469.06764213138882     
   467.87207422888741     
   466.74240687040856     
   465.66577802737294     
   464.36270528999700     
   463.26599912972620     
   463.58814724377902     
   462.61083731846747     
   461.66512821776553     
   460.96298291645701     
   460.00923710924951     
   459.07447377099703     
   457.84654737875547     
   456.65225876074862     
   455.32133170816593     
   454.28531863439468     
   453.84967310271020     
   452.79649608386075     
   452.36673662205521     
   456.86170594972674     
   461.82231732319877     
   474.11805474076340     
   483.28691173302389     
   499.55650800515269     
   517.19516120397179     
   529.31085462332601     
   543.03603325429117     
   548.15764152214444     
   560.10555921681339     
   571.01553451994459     
   576.88154061351747     
   583.47323973582536     
   587.26870192104570     
   589.82643552721095     
   582.07002392597906     
   566.99872953040608     
   564.19860772451580     
   553.45675902994913     
   542.46456871312523     
   526.58198902673200     
   515.45685000595665     
   506.99110484789861     
   501.63698675608538     
   495.68580383779113     
   490.84811753099285     
   485.52797338005882     
   483.33600631292973     
   480.38584297383341     
   477.74128937018389     
   475.72000839458605     
   474.19508791183574     
   473.64606545702247     
   472.81188616716463     
   470.81840675139767     
   470.81975419761574     
   469.21856062957903     
   468.30411888786290     
   467.51540512719572     
   466.52502612747423     
   466.14546826546899     
   466.04987286333062     
   464.62073569385234     
   463.93955385304167     
   465.24832353826446     
   465.00315073961656     
   463.73322044592697     
   462.65612046857268     
   463.05392878698814     
   469.03421921466429     
   474.26909827896537     
   485.79245221999497     
   498.63170211086498     
   509.11505862822702     
   516.09786663841123     
   537.95788169662092     
   555.75157793764106     
   558.78976965628522     
   547.84001871403416     
   552.67678443199770     
   574.92995548225815     
   575.96448311748622     
   553.12856036450000     
   540.02536540856886     
   533.89791374695642     
   529.54244084633251     
   525.02374659023815     
   523.15603788448391     
   517.06583395155474     
   508.89101634334128     
   503.46813262652620     
   494.56888881223739     
   487.74587449053672     
   483.61090702246486     
   480.44371645958182     
   479.37784816283016     
   476.93762450518000     
   477.31632543360371     
   478.63021448960126     
   479.04593750061855     
   477.80849157010459     
   476.76283227450347     
   475.85711521201119     
   476.35141217068343     
   475.10406979201753     
   474.56414471899029     
   473.29058250718322     
   471.72978988515763     
   470.74562776119694     
   469.59524477324578     
   468.88418828537266     
   469.07999773768120     
   468.66939593243757     
   468.06792802280467     
   468.21394297074778     
   468.91316774322587     
   469.05267271778723     
   471.15398147443790     
   475.10376911771380     
   482.61966576491636     
   492.67183819055077     
   502.80398722200493     
   519.82665283675351     
   533.84931816817925     
   534.38584913711964     
   555.36979203230294     
   569.96293835626261     
   573.58825305223809     
   581.88774793159337     
   585.21354212193876     
   576.75960503702629     
   560.60659744419661     
   561.84313600150415     
   556.28260016014258     
   545.18572397901119     
   520.89906229832172     
   515.81753355340254     
   510.95715695324344     
   503.52912510359857     
   497.41038992162152     
   492.05514836653043     
   490.50792016493233     
   488.00416604385543     
   484.20369473889127     
   481.84432645479075     
   480.50801400910711     
   479.47143395443413     
   478.87668919190844     
   475.52520066786775     
   473.02813487671614     
   470.94863230529404     
   468.77150254870469     
   466.84083152639209     
   465.44722786356340     
   464.06115706936032     
   462.47849563140727     
   461.57842419516362     
   460.98231815498286     
   461.35245069953021     
   461.24477310730379     
   460.04585160190067     
   460.35718483066370     
   459.06309511917374     
   458.32737020795048     
   459.17991021974774     
   463.21846409251378     
   471.85120419597013     
   482.29926308641524     
   492.61656131868483     
   503.98818269809141     
   518.42767845283242     
   531.34666337962108     
   540.47585823477436     
   543.48259641740663     
   559.98769839158354     
   566.76385719210271     
   571.78539952010783     
   562.77980540477654     
   563.62298698407346     
   562.91775150826538     
   555.46121221745841     
   548.79864056309805     
   545.90640567831940     
   535.51751043073648     
   527.95146222962364     
   517.40635947475994     
   507.72080107073953     
   499.25990687798185     
   493.01951696712695     
   488.83643701728676     
   485.68578628277231     
   483.35316695650761     
   481.06497427149236     
   479.19642207023600     
   477.92369114744770     
   476.50032133390533     
   474.60595112968900     
   473.34968505535630     
   472.43734554792383     
   470.92011884078596     
   469.19556841906518     
   467.43671771694375     
   466.38945953368625     
   465.64287126358113     
   464.92446192073686     
   463.94980406753376     
   463.43425280563952     
   461.99612865077188     
   460.66561237214506     
   459.68807553426171     
   458.90482360841997     
   458.18982029802919     
   460.04383235109862     
   464.53209972299101     
   473.21848607789349     
   480.12228922821720     
   492.20108904926661     
   508.78586518623263     
   523.79794173397340     
   536.03788542396444     
   547.90911409473563     
   563.72480671491587     
   577.77492599631137     
   583.49779704720163     
   591.85061811691492     
   590.64554422497645     
   588.37471686634581     
   586.44296272676638     
   578.86306924207690     
   565.38093100209028     
   555.17150560866889     
   543.68239502384552     
   534.39331558913250     
   520.87525966068256     
   510.80414918319906     
   502.16559473128279     
   496.25934098797507     
   492.51380742691805     
   489.80223993021593     
   487.13717910281753     
   484.42332937473668     
   482.38743676419722     
   480.46310261513986     
   478.58991749907489     
   477.07225373682036     
   475.55573778697783     
   474.54602316505947     
   475.27415785637913     
   474.30639638675825     
   471.64740998507057     
   470.29780435195346     
   469.08704258531554     
   468.02088733169035     
   466.84878084106390     
   465.60452619139267     
   464.73445873024923     
   463.97943427832593     
   462.64215197398306     
   461.93241770509684     
   461.18806904764563     
   462.72850247088991     
   468.75776775202490     
   478.07520109824407     
   490.23090069124606     
   497.21244571287690     
   506.69582009272216     
   516.41234831551287     
   537.64791935332130     
   554.97717855249709     
   570.21697860743723     
   577.04615111179544     
   586.38016989893345     
   589.05984413564011     
   587.68203968626460     
   584.29852902910659     
   587.66215004986793     
   577.96974036038773     
   565.98512844486277     
   536.60994629969332     
   521.73367583213280     
   516.35748250646225     
   510.04518152520706     
   504.84444361372391     
   502.97480920075827     
   502.30445700109954     
   495.43113351469373     
   490.85233008852731     
   488.32950536093472     
   484.91665979731818     
   482.41137740165607     
   480.01188204657774     
   478.17432833293310     
   476.57446758376472     
   475.05813893282794     
   472.29543022577712     
   471.98256721797458     
   469.90330097124996     
   468.52462996407178     
   467.31231843406272     
   465.41592797067193     
   464.34681947279330     
   463.25661577481259     
   462.25515747989033     
   461.37849905387662     
   461.72612220524167     
   463.13794804780781     
   463.70815628291314     
   461.80901999893644     
   464.34714314927936     
   468.57801677340927     
   478.10551399302631     
   480.91204095623272     
   485.23583742180483     
   506.23893872892961     
   521.23945403587754     
   530.49676595025369     
   542.01558197607801     
   547.47678599991048     
   543.63336912579985     
   523.05970194502970     
   516.88903036382874     
   524.09242265628075     
   525.73857567799325     
   520.15214110275315     
   527.08512484424591     
   546.84812527233828     
   527.96561118047373     
   509.26793624684177     
   502.99854220557478     
   497.55163450221113     
   493.98265585810333     
   488.92735547713193     
   482.63168910321627     
   479.44328889771890     
   478.03255523027423     
   475.59768387587917     
   473.57637995652414     
   471.82031514450114     
   470.15897712721886     
   468.56712184959093     
   467.14480382099237     
   466.35391718945624     
   464.98355394573690     
   464.85874727818566     
   463.85936728511177     
   463.87838427181066     
   464.06636462233308     
   464.09998522870723     
   464.66377389847094     
   464.56339923346945     
   464.36361299981166     
   464.17630491202902     
   462.42013205936422     
   460.16684540687243     
   459.18733226673925     
   458.42680869231197     
   464.58005087044961     
   466.35963273282539     
   472.69254902023152     
   485.23078944979335     
   490.31625735010851     
   502.15657297459728     
   516.50182470339973     
   528.54693988634176     
   543.96064944830812     
   554.94577032793484     
   566.66345731507135     
   573.58632875530134     
   578.92093979367110     
   583.36835326442656     
   584.55965541689034     
   580.59088643314260     
   574.62775263868878     
   564.31312006124085     
   563.21418980850126     
   549.64680691399849     
   534.80757259846064     
   520.91099668483139     
   510.33914355115621     
   499.21977797743818     
   489.81246401660263     
   488.44638733475762     
   487.24195833318794     
   484.15580290170294     
   481.30671592174406     
   479.13809195905691     
   476.69625442256228     
   474.42136074066264     
   472.84639248971035     
   471.56966116507749     
   469.65299187988552     
   469.38931533756653     
   467.43371204332129     
   466.16272364936242     
   465.23720587075104     
   464.03486956441810     
   463.03629486574465     
   462.20361958795451     
   461.76967136567174     
   460.92146982155140     
   459.61645653459703     
   459.75163934819159     
   458.96221887680332     
   457.77410565825681     
   460.18174247563422     
   469.06795448978744     
   477.22233006259370     
   489.16008062262750     
   503.09030091718193     
   518.99431089030895     
   535.21590958506147     
   550.70195255241720     
   565.14382266083737     
   574.49284016227296     
   580.77301748320065     
   591.33769472621691     
   548.67918958962105     
   555.66770042225392     
   549.65484820270228     
   535.44562011741459     
   520.80531439572019     
   523.38520976621055     
   539.59319790036056     
   532.51824497633902     
   526.07854382591131     
   515.70298779563564     
   506.60171475964199     
   496.93715093905030     
   492.57415304983863     
   487.73443816304325     
   484.33076512036098     
   481.34134399162201     
   479.63747674785253     
   477.81003587650673     
   476.36303765782225     
   474.65581540916992     
   473.23919850730351     
   471.69228855734809     
   470.01536941304420     
   469.86701546042076     
   467.80327232384764     
   466.64810371688907     
   465.36595145151250     
   463.49761036182741     
   462.23707568549622     
   461.32968313201206     
   460.42017060703739     
   459.68323537331497     
   459.30430629964661     
   458.84360544515880     
   458.54091606153696     
   459.81440090807678     
   463.41198288111457     
   470.08494394012911     
   478.51945116176967     
   489.30468720123508     
   502.55294440728426     
   513.17822957881810     
   526.56325241494346     
   539.93403012660224     
   547.82490798395395     
   557.91973002610007     
   566.03915548460088     
   570.49245641554910     
   576.10855633553672     
   582.17902457792673     
   581.61583266628406     
   582.69162666438899     
   571.41434470708941     
   559.04803766105499     
   551.10996424456926     
   540.42627613265586     
   529.94001785398848     
   518.30050595229750     
   505.73098986888238     
   498.44167333217985     
   496.58833798450121     
   492.50243533465436     
   489.45228398806063     
   487.71782313399382     
   484.58743289586431     
   481.36148190991798     
   478.45100772258326     
   476.53345053661803     
   474.63829612237436     
   473.31519764239982     
   471.98095689736647     
   470.88698550761114     
   469.62617871388392     
   468.73214535101692     
   467.73379349993809     
   466.43849763861112     
   465.61600878917238     
   464.77905782669569     
   464.20602655164140     
   463.22123812622937     
   462.50813922257703     
   462.42840615627699     
   463.21093896699398     
   462.19069833154731     
   463.31742419014529     
   466.94224490009100     
   473.35550384861136     
   480.63638210143358     
   491.95211067549405     
   504.10850099488260     
   514.46131768343139     
   526.38540809946358     
   539.07964053048397     
   548.34970277445939     
   555.62417857908895     
   563.21056752387665     
   568.00202680919836     
   573.82541523442308     
   578.87238531115111     
   574.29865162719943     
   564.93979578956623     
   559.25493924054683     
   551.81912778982655     
   538.40842553740424     
   521.71580511035927     
   511.97903734996663     
   503.40334174903012     
   496.79655017925484     
   493.39944907398439     
   491.35911600507774     
   487.15063318363815     
   484.54444732380091     
   483.99298255765189     
   481.06900680348571     
   478.98794848934159     
   477.86591212799476     
   477.85558736202341     
   474.61532869157014     
   472.68095018059603     
   471.74598167743568     
   470.28886681668115     
   468.83808045912417     
   467.15017589621743     
   465.71331414481637     
   465.58017542832425     
   464.22567462511779     
   463.08180323630171     
   462.11154360285866     
   461.87524401275658     
   460.84985894271080     
   460.00244787662291     
   459.23844081251457     
   460.70330960511694     
   465.42275643614875     
   472.66339447262129     
   481.87273329078249     
   492.39408781332287     
   501.20376927367903     
   511.25590350927615     
   522.29504669648588     
   532.83592960770170     
   542.41154386776066     
   551.88605514576443     
   559.44434664965650     
   563.94898690574462     
   567.51871991723692     
   567.45712880050439     
   568.25122018596755     
   559.24089644691162     
   550.30186528148840     
   538.25680238809809     
   526.23920197589723     
   518.80208205581425     
   512.30206015067517     
   502.57451518251833     
   495.51437238035533     
   492.74689150587113     
   490.44263161020689     
   487.78425610172570     
   486.25981782981842     
   484.00695945123215     
   479.79954383157616     
   477.55409340213612     
   475.02252277035069     
   473.40767573971885     
   472.36930187163711     
   471.51707418131593     
   471.76424308662013     
   469.85313070868739     
   470.10209415758828     
   470.64790242360323     
   470.04244879466040     
   466.94995629450096     
   464.95644014913455     
   463.63381526762902     
   463.19595964118849     
   463.38368139557713     
   461.87494343547775     
   461.96994885613952     
   460.17863419972275     
   461.42145517257529     
   465.99824801335967     
   472.46741828596083     
   481.54748531689165     
   489.77188917735941     
   503.38432843573469     
   516.91597412200520     
   534.40657110603649     
   545.39001363233149     
   554.67153392755699     
   559.38701878275924     
   567.70687637045739     
   573.90691581057922     
   579.54675721233605     
   577.68348483324667     
   577.85758642750648     
   566.70963867611090     
   553.78233717956641     
   532.17873966631635     
   517.17824419474096     
   509.47856238444393     
   504.15456730083184     
   499.78422617425554     
   495.38442398752784     
   490.19336693574894     
   486.43037012176188     
   482.85571391595846     
   480.35422820202996     
   479.60711315207072     
   477.45468349998856     
   475.25915903776666     
   473.23676860009334     
   471.53606711944286     
   469.92626398938432     
   468.48661451730698     
   467.73793479011550     
   466.56270402501190     
   465.24422384554947     
   464.34485926086228     
   463.06791909137849     
   461.75319119881289     
   460.57709551944305     
   459.52247061302347     
   458.51868076744375     
   457.73651780947444     
   457.22438300764355     
   456.58035127998829     
   456.34008234049298     
   458.97540767687542     
   464.44670200693668     
   474.05027737878413     
   484.94488939033732     
   497.68895110863730     
   511.97928015958064     
   524.21937501560592     
   538.97727187962994     
   552.45215468467029     
   566.62987176927800     
   579.90717638147896     
   587.58707567197951     
   593.23716274659978     
   597.29917078462506     
   598.30695237458087     
   597.78495172612054     
   585.99352760595593     
   576.88796487556135     
   564.94774014530844     
   551.50629803309528     
   538.29299604967355     
   524.15071273238323     
   512.60504667012140     
   502.82126802179590     
   497.21347149969722     
   493.85154573800270     
   491.07474425724843     
   488.78937761627310     
   485.61043436693046     
   483.25651488377366     
   480.90239564783565     
   478.89868299053012     
   477.16041947946383     
   475.48013704624401     
   473.84483586887666     
   472.88900515978560     
   471.94098469032855     
   470.93950161975687     
   469.67886004458165     
   468.43863597824679     
   467.36602685798039     
   466.20827756001023     
   464.98731272674155     
   464.06697213163500     
   463.11813982503043     
   462.62609517973391     
   462.37458775466524     
   463.63043326025110     
   465.83274966854583     
   468.39537680382642     
   474.59863312143159     
   486.25139391315355     
   496.54802604044306     
   509.71305237070300     
   520.25635569406791     
   542.34087315696206     
   563.67412334335711     
   572.56881781827224     
   579.57229328672793     
   584.79966835785558     
   578.09886192957947     
   577.92420397873889     
   579.64401976503621     
   575.23357100868805     
   565.81567533887892     
   555.73518078692848     
   544.95799442281407     
   533.36663622761864     
   524.11829459895534     
   514.88148241228578     
   504.41674314823302     
   496.01553947086916     
   490.80820098845970     
   487.52269686277106     
   484.82563473024510     
   483.01619385017932     
   481.53827802740352     
   480.24355111147003     
   479.01516843729388     
   477.50553685764038     
   476.94188345568892     
   478.25843866154167     
   475.73096390599210     
   473.86564161537041     
   474.21001046983332     
   474.49753729666014     
   473.36884907964873     
   472.36545098564545     
   471.85475955396817     
   472.26254725166143     
   471.80635185872620     
   471.68286004906435     
   471.46106935733968     
   471.05537032836929     
   470.78285375869672     
   470.68289938023833     
   475.55469769631873     
   478.04890437267119     
   482.84871736583403     
   484.36846432412148     
   489.80295512530819     
   496.03395306452478     
   520.54641605319966     
   530.15310917569070     
   544.52323133898437     
   550.50683781559792     
   557.18806582646414     
   559.76535961920911     
   545.86966395798970     
   544.22204277586127     
   536.98975532255395     
   537.30302723051500     
   525.58730551820508     
   520.51857830130416     
   515.28976280631491     
   513.54521881767448     
   504.85769036091074     
   501.81933068381824     
   491.75698508215220     
   487.70292808413421     
   483.06744416466540     
   480.44448043914747     
   478.08917725558643     
   476.12804647903027     
   474.78281968060207     
   473.55972920498471     
   471.51131505928612     
   470.15034589927711     
   468.89915775487742     
   467.74298367244256     
   466.64395351598205     
   466.14061033277790     
   465.09990355404108     
   464.15825417095920     
   463.39992024898606     
   462.38525283260424     
   461.39706674099074     
   460.65724862504743     
   459.56170097619332     
   458.75383123438769     
   458.91068732613223     
   458.50834206190689     
   457.98971425808088     
   457.38517987375866     
   463.82368366926340     
   465.72714006171941     
   480.77311634730233     
   485.94210741011278     
   506.39413404407463     
   514.94056480656116     
   537.78045363380193     
   547.78225362846194     
   568.50786702243886     
   578.57687948913258     
   584.03299444854031     
   588.86587100432018     
   585.34627680748270     
   584.47150465055336     
   590.24532140824010     
   597.51115752726037     
   581.75586438776349     
   579.86496765305833     
   560.80939508267568     
   555.89577429043823     
   540.42365029730900     
   535.39588549151676     
   518.45194236513453     
   511.31924074716494     
   502.73736220571459     
   497.45860813690308     
   493.81207752842374     
   490.68074868129889     
   487.97113197176947     
   485.70524180933450     
   483.18690190243035     
   481.12078501225523     
   478.66417410916239     
   476.78257625203747     
   475.92458848858496     
   474.93514143420958     
   473.54990815253063     
   472.10148822084113     
   472.11132759410935     
   471.26665362943561     
   471.02367237311648     
   470.44162969626922     
   469.28664034215467     
   468.43184457897758     
   467.96708479753312     
   467.45548063543362     
   467.19467570056349     
   466.76183344491903     
   471.34949843071468     
   472.40350922846073     
   485.20148395744820     
   489.53874654167765     
   505.40955759361600     
   511.33365954959112     
   519.12936228392005     
   523.47646550301329     
   535.63899333144354     
   541.81151019148990     
   551.53212199593543     
   556.86028380371295     
   554.05280588511732     
   553.46033126600389     
   552.71155091961396     
   555.76838986347582     
   552.95933261345317     
   552.58150408816721     
   543.49221865498782     
   540.77350223579037     
   525.67086466956698     
   521.68240560947049     
   506.08346931396892     
   499.84385195752373     
   493.25206447595883     
   489.51962892428185     
   485.99214056663760     
   483.20808008950928     
   481.39318119046482     
   479.63105256733331     
   477.79823890957567     
   476.21556326366112     
   474.46469768605397     
   473.03726433552288     
   471.04128150612701     
   469.55836927509944     
   469.02253057435689     
   468.27532595384866     
   468.16488107073457     
   467.22643033606698     
   465.85418125449490     
   464.81620534639251     
   463.48256456206252     
   462.48699807464550     
   462.91467548433457     
   462.70277035369543     
   462.23479346415587     
   461.73489718529333     
   465.59243772535996     
   466.47232641202191     
   474.59723085600649     
   477.64425107220245     
   492.77902238893228     
   498.41683866090028     
   505.95143384540313     
   509.81726622274402     
   506.93299729796718     
   507.25692210988728     
   510.83325823269115     
   512.71878286901278     
   515.40339343529286     
   517.02670240711495     
   547.09816761600098     
   560.31315503112523     
   551.27033046663803     
   551.81494411678113     
   537.97169354947971     
   534.04375726504759     
   518.92552209698511     
   515.18240682301553     
   500.92544767712371     
   494.96390970135923     
   488.21902759618990     
   484.38471543110677     
   481.47412446758278     
   478.98440033106851     
   476.28527852577344     
   474.39553421176765     
   472.29335175889048     
   470.52580876116457     
   470.23348863505026     
   469.47938922333691     
   468.99434353148808     
   468.81511859600965     
   467.05059607571349     
   465.66799559828843     
   464.74660410897985     
   463.66421038605699     
   462.11763378377992     
   461.13343127858411     
   460.34961142206691     
   459.47519488029423     
   459.75824347618141     
   459.56320609909153     
   458.72519583683527     
   458.11522146437943     
   464.32836653786910     
   466.15120321627529     
   480.00008412331812     
   485.23191734579916     
   499.36047586585079     
   505.37967827560232     
   533.96614931718273     
   546.04948250059044     
   562.08744078605287     
   571.50448213605648     
   576.98410291100618     
   581.99238355132377     
   583.95920346118078     
   584.60209901751386     
   581.02865828427912     
   582.36687400768562     
   557.10486464437133     
   551.07936367681464     
   537.79148877534146     
   533.67702164863715     
   521.66152057874558     
   518.12358917892266     
   504.62286640789131     
   498.54094045395448     
   492.47994553884701     
   488.70717984273080     
   486.69994880806019     
   484.42065261307545     
   482.42333210436061     
   480.49873477040273     
   478.39516160987642     
   476.70510495573905     
   474.06216084226168     
   472.33734825403621     
   470.80134418652841     
   470.17045958600846     
   469.34397586075534     
   468.25514305975264     
   467.06107482367912     
   465.95960557010443     
   465.07608236108138     
   464.31728531398227     
   462.88996699643729     
   461.86806787826083     
   461.64501475701854     
   460.98718133774565     
   460.70341847774978     
   460.23608510557273     
   465.30100033836487     
   466.75407509002997     
   479.01567029276157     
   483.28810320021739     
   497.43206792875128     
   503.40039585174856     
   531.50681020590741     
   542.11961462044792     
   557.55907298040927     
   566.31172029316360     
   569.67849922927155     
   573.70532788491721     
   566.65497864819872     
   566.25816926834716     
   554.44672755794295     
   552.77421317541041     
   538.39522787426074     
   534.90640017728902     
   521.66098440216513     
   517.17252342010534     
   506.34063169205933     
   501.01417144944548     
   493.72821006164384     
   490.07065001267551     
   485.47133478561921     
   482.44720660922064     
   480.63155789240295     
   478.87332707574529     
   476.33676597102141     
   474.43502870024514     
   472.99119994158997     
   471.70135988030597     
   470.13976956536516     
   468.78893648923776     
   467.13072890014888     
   466.53818918545454     
   466.72339785955239     
   466.28822722380977     
   465.39913535844511     
   464.39438179847099     
   463.51457940910871     
   462.83390080090152     
   461.93765301270327     
   461.16152825101165     
   460.76769869731231     
   460.07040974124993     
   459.43862233078778     
   458.92769855194854     
   461.94800209280339     
   462.61934083322632     
   465.08266666469461     
   465.96798599804470     
   474.67530704092439     
   478.25545668455715     
   488.67586265736520     
   492.98383202587092     
   494.84230708758020     
   497.09358895296856     
   513.54357375993891     
   520.70843969796886     
   534.61881737665499     
   542.47131845083675     
   571.49662367619453     
   588.38770383511246     
   572.27088056364812     
   569.84488820836168     
   547.19581041104209     
   540.60627422664390     
   520.95680027726758     
   513.51402393275703     
   500.96401007763035     
   495.37356637230704     
   487.84800803207838     
   482.54202451367104     
   479.92214745780984     
   477.48009786354044     
   474.91260678517961     
   472.99663799522659     
   471.19162457090744     
   469.92223982750414     
   468.60160902256996     
   467.43708350495820     
   466.13018342084661     
   465.53887120428692     
   464.18565155721689     
   462.84876569345448     
   461.92867958771325     
   460.90521709498358     
   459.69020586484265     
   458.75841884354327     
   458.77168787247376     
   458.24726225633043     
   458.30738402049019     
   457.98279587021796     
   456.86204028903842     
   456.17679519064569     
   461.79540610857345     
   463.53916017018895     
   477.85453437243257     
   483.19392692910003     
   505.55371485299247     
   514.72041936274286     
   537.12309148901863     
   546.49573711344362     
   559.17754434482606     
   566.63787090622463     
   583.36680629015768     
   591.79702552731192     
   592.52106994965879     
   595.85722010668167     
   594.30185461037229     
   599.72084205533326     
   581.52361830513894     
   578.37706557328477     
   563.17548778007847     
   557.97919544147703     
   537.21294026469002     
   528.69169774090244     
   513.60083624427364     
   506.31267515743048     
   498.67859781363865     
   493.89174854514323     
   490.03437987918693     
   487.08461073912690     
   484.52811914224327     
   482.33954418631015     
   479.30205649484026     
   476.97104488772061     
   475.50661691698639     
   473.93812768052265     
   471.49828967310998     
   470.32392738432412     
   468.87973953754300     
   467.56832899876588     
   467.17838419102895     
   466.07558412541078     
   464.37222093742304     
   463.11401291715390     
   463.01840394648178     
   462.35392583735165     
   462.59434276200886     
   462.30824182712547     
   461.67811840477805     
   461.07492963580609     
   466.46888381220725     
   468.24331805563361     
   480.80448147464296     
   485.61432595133778     
   506.12175521722099     
   514.57573667752376     
   532.42913123877497     
   541.51671646958971     
   561.29294819649363     
   570.75814489984441     
   573.36359354614922     
   577.55344520291635     
   596.26281248896976     
   605.50669072311757     
   600.94267236551423     
   604.89552729161517     
   585.29311514400240     
   581.10430263844012     
   567.93998845126305     
   562.45837144906068     
   542.36064978262425     
   534.30506378656071     
   517.65745990820790     
   510.50706763088448     
   502.14821593861319     
   497.11047264825845     
   493.76475668909529     
   490.64024023917091     
   488.25204516209766     
   486.04149955662865     
   483.60465806655878     
   481.37924097247748     
   478.94735490994918     
   477.04369123002925     
   475.27948033584528     
   473.82238789741274     
   472.57709092094018     
   471.31169269785693     
   469.74429202609332     
   468.28167703480563     
   467.02109908437876     
   465.95905853182410     
   465.77422530014047     
   465.16647006526080     
   464.08742813698933     
   463.28925272257004     
   462.82893551378515     
   462.16971072261612     
   469.08107898714553     
   471.10620159318643     
   490.19307296184519     
   497.24107457543539     
   518.72624709977674     
   527.69855034551347     
   549.47683935028533     
   559.31604179268390     
   557.41272686633272     
   559.12687082673426     
   566.87727380498086     
   571.01577577670867     
   584.43040583380343     
   590.66051541016054     
   570.67654555163324     
   569.67328526150698     
   573.00695941170329     
   573.98626599781994     
   562.95277852064180     
   559.57297648013684     
   541.04603143339114     
   535.17951395818693     
   518.24998112162734     
   510.79281892294426     
   502.78026376517380     
   497.87753785490531     
   493.70096225126724     
   490.51280892354532     
   487.13947551269575     
   484.76692779943437     
   482.30541591094317     
   480.24897872493784     
   479.29926819868189     
   478.12665440682377     
   475.71119690815999     
   473.89578228154721     
   472.98454591781723     
   471.86658174962059     
   470.14905975509186     
   468.60388147641299     
   467.36176538928322     
   466.30908776637295     
   465.81411264596397     
   464.83827711099173     
   464.28866148043028     
   463.47331190610294     
   462.14870326564852     
   461.25580767072290     
   467.62072706230322     
   469.31606141539532     
   486.14156686746782     
   491.87796651113109     
   512.27745859872527     
   521.31183614748215     
   543.54098291844332     
   553.96005410054443     
   572.81134369973483     
   582.48793454144436     
   589.66470041944160     
   595.22501792790763     
   599.33025164723063     
   602.26965881081628     
   593.89613693969943     
   596.40859231877619     
   583.31087756130137     
   582.04617300869870     
   566.39101050441172     
   561.30822545126080     
   544.40072389904674     
   537.91977268000664     
   522.80885775229478     
   515.79409528815756     
   507.38982327650569     
   502.23772014017686     
   497.94482033785977     
   494.64324129473795     
   490.67718850277237     
   487.78927553880476     
   485.46746377542337     
   483.49636776163993     
   482.42772506928424     
   481.12775419312482     
   479.37565641848522     
   478.40143747988100     
   476.78421504767698     
   475.30523401776145     
   475.17679851875755     
   474.14823074842434     
   473.12483377197685     
   472.04996684942972     
   470.08035927658017     
   469.00211827683921     
   468.25529687694086     
   467.49600177385463     
   467.01117981399938     
   466.28325772530292     
   472.11039136603023     
   473.67529827253315     
   487.82040464002273     
   492.92815676731652     
   512.22069877298168     
   519.90902791825010     
   541.70100489487834     
   551.79754570731950     
   559.50899880760448     
   565.05056092565394     
   567.43465200108778     
   569.60384784727091     
   571.28285799431899     
   572.67348143547645     
   566.74223739870808     
   567.68822002294780     
   548.14758362784437     
   541.81042376160997     
   529.95335918650721     
   526.65991487618896     
   516.27060247296322     
   512.58224835206113     
   502.19453313785675     
   497.15840865442868     
   492.01410843534745     
   488.61126554117965     
   485.10467771550435     
   482.11111133114218     
   479.22858247396613     
   477.15150982114608     
   474.94597784548580     
   473.32247195703042     
   472.08834369642784     
   470.80194003245487     
   469.12266151774975     
   468.42006338694523     
   467.17525985512827     
   465.89623278445953     
   465.64832200126313     
   464.71808904021759     
   463.03155957353465     
   461.75237671299192     
   461.38716828058773     
   460.76150441583553     
   460.79728617237134     
   460.51180390765023     
   459.72370153559615     
   459.05405480677035     
   463.01317894320539     
   464.03794348457916     
   477.44511890518976     
   481.95199178227574     
   504.46191920287237     
   513.36144585913621     
   525.35496514764509     
   531.82347635962583     
   542.45564542515331     
   549.51738773737191     
   573.76534536661779     
   584.95488715762247     
   558.47787778922475     
   552.22999111829540     
   565.03353553797831     
   574.27959213301096     
   573.47715146114808     
   574.96094302490803     
   558.02730423233731     
   553.68257818731752     
   534.10066687343829     
   525.85100283918689     
   511.74511715098498     
   505.74340370621223     
   499.06656607226029     
   494.94121866777175     
   492.21684234782566     
   489.62318339700187     
   487.16362456117758     
   485.14529725550511     
   483.56489880054261     
   481.81737328964255     
   478.74891082465456     
   476.79883328843420     
   474.33769422103290     
   472.72019615316140     
   471.34255125444355     
   470.50820734954050     
   468.62413852066010     
   466.69889789332262     
   465.23933129572686     
   464.11700114751687     
   464.61008886256212     
   463.99029689017175     
   461.87990212430617     
   460.56767911929853     
   460.46514675671210     
   460.02522214396981     
   465.53798771303110     
   467.17163674134281     
   483.99994321016453     
   490.09706309914617     
   512.37901864606454     
   521.51279226591873     
   542.46111929896517     
   553.60736339728464     
   554.83424272060631     
   558.85024771760334     
   562.99024362177306     
   566.06777511580469     
   574.87137769475214     
   577.00972811865870     
   564.96972561140740     
   565.56160765516597     
   547.27733035251663     
   543.37724219771007     
   535.54308903994706     
   531.68758825405303     
   517.97004675187691     
   512.33283084576385     
   502.96099974451596     
   498.48778424585771     
   493.65753268950147     
   490.28600083788217     
   487.28747532195194     
   484.95113412014638     
   482.16659613173039     
   480.14842383824418     
   477.41886310870763     
   475.55045459659340     
   474.61672396796132     
   473.51391485517445     
   471.89495494178067     
   470.39267240056989     
   469.87607006093020     
   469.44880583772971     
   467.13374221273682     
   465.50945430414265     
   464.49864143729820     
   463.39303756466427     
   462.41291533559939     
   461.64952802452569     
   460.14250350573559     
   458.88669772755583     
   458.47879825798094     
   457.83410037178675     
   464.78092566621604     
   467.07342582314766     
   483.41108765691399     
   489.36716979822489     
   506.37841183799549     
   514.26547214995298     
   528.27698707869979     
   535.91129829532122     
   538.04505579734098     
   540.60434271236431     
   564.50162264064272     
   572.77325808590570     
   569.09101820119986     
   567.15585246840021     
   564.43140576976600     
   569.51238143890896     
   555.49684708987911     
   553.68346690143096     
   539.00402362981094     
   536.69305750577632     
   525.23322550905243     
   519.34718297395398     
   506.27070237689668     
   500.64561202090772     
   493.66405390262526     
   489.39450629986823     
   485.90239980985422     
   483.05902583881283     
   480.59668712189432     
   478.48274554308483     
   476.87700411339756     
   475.60771548286652     
   474.25757829830195     
   472.90557821906236     
   471.26800117466047     
   470.02123244313856     
   468.73185678261081     
   468.05972766958922     
   467.00727408088693     
   465.72408767779103     
   464.68174959413602     
   463.81650921802418     
   462.09145448941280     
   460.81959504162910     
   459.98147591559695     
   459.14793674340422     
   458.46836234377326     
   457.80062442301187     
   464.77956817225754     
   466.96584821842964     
   482.42889185376038     
   487.97100855042243     
   509.23235185718084     
   518.44341357219571     
   535.32725405656493     
   543.97503334415865     
   556.30222223006979     
   563.02658525589663     
   567.52105293660088     
   568.88692533795211     
   551.66121596033599     
   546.53694012201413     
   549.80644869585967     
   554.90188498615964     
   545.97239978510197     
   545.69369672351104     
   531.73581149420556     
   528.70466330153738     
   517.84880825778100     
   512.93048900488634     
   501.84442398516182     
   497.24030727817529     
   490.90364861997369     
   486.97291545707702     
   483.65249135123918     
   481.31969422956729     
   478.74219171202054     
   476.67631411222453     
   475.09558269020471     
   473.80123163454209     
   472.47123942462940     
   471.08413222275499     
   468.94056713198177     
   467.35134703214749     
   466.26208805220210     
   465.16589364937005     
   464.05630577065170     
   462.82007183994352     
   461.36279188039958     
   460.25545233137058     
   459.45369587375285     
   458.72914789176104     
   457.88125713410017     
   457.12467730232191     
   456.58171357602981     
   455.98967725817238     
   463.42213993904363     
   465.57298308956189     
   483.58648234899948     
   490.25827278847805     
   504.72388518507950     
   511.46930074174770     
   532.29145205832140     
   543.36217152554059     
   563.44649386440381     
   574.27854650302231     
   569.67861431066865     
   570.68146173576781     
   579.56688322421758     
   584.26427185516354     
   579.65828396302470     
   583.72449130967016     
   567.16748523002684     
   563.39316925578589     
   550.21811706460619     
   545.40083124198395     
   529.45729327791582     
   522.08025111373377     
   508.96043954531910     
   503.12009426567778     
   495.80674124146435     
   491.05482925828846     
   487.41361858960033     
   484.44533960735941     
   481.41264041928105     
   479.05958916018886     
   476.93557301772108     
   474.98514749988726     
   473.08605610851731     
   471.53342343955620     
   469.56704687947627     
   468.00816406483631     
   466.74562405169479     
   465.58758027873051     
   464.03032794296411     
   462.67135484910898     
   461.59059346264019     
   460.47698399490861     
   459.38944378556670     
   458.49923038932462     
   457.57604727227391     
   456.54451344755665     
   456.32308041809830     
   455.85080197726626     
   462.78922981477166     
   464.87989802854821     
   479.49448168049270     
   484.91975991994320     
   504.69915441004247     
   513.54518686639312     
   532.23257329759895     
   541.72169406802902     
   541.50666656531484     
   543.74154098067902     
   555.65145637482840     
   561.22718654785251     
   564.40710216426510     
   566.23353018543764     
   570.93076635390435     
   577.31250946522118     
   562.40079688375897     
   560.06626859070502     
   541.82381631234136     
   536.53956512651905     
   520.80045722783393     
   513.46392080547787     
   503.00019936292563     
   498.26668820018358     
   491.14735627149992     
   486.83048590150634     
   483.37260944213790     
   480.52360184414692     
   477.39919469152005     
   474.93132903236557     
   473.05113281989264     
   471.56665230400080     
   470.80144437048028     
   469.71883724723483     
   468.07792495127745     
   466.91345604576162     
   465.75932258172315     
   465.25603820087969     
   463.98820717263879     
   462.54781775087099     
   462.29125974358868     
   461.75513281695032     
   461.00260328603076     
   460.16703933937401     
   458.91848111125051     
   458.04948188193049     
   457.94871903079365     
   457.38273837945655     
   462.19156373019024     
   463.54823413215075     
   481.21781193431428     
   487.71295725704044     
   506.27566028414412     
   514.50735901003281     
   529.10027139044166     
   536.71314305993019     
   553.91513925815059     
   562.14775546532496     
   577.18120845721660     
   584.32820479180612     
   580.98112674738206     
   581.79585640295488     
   579.38667016622344     
   582.16643283773897     
   570.34563515361901     
   568.77820385087864     
   547.26590727871985     
   541.74922834068639     
   526.28989636713948     
   518.80716054239133     
   505.84383300095413     
   499.52093387445211     
   493.05402778516981     
   488.66369100366171     
   484.87420000646955     
   482.03095084899417     
   479.10405047389304     
   476.75434280726074     
   474.41733454554742     
   472.57001715778517     
   470.56401681558532     
   469.01878792247652     
   467.60253874150999     
   466.35680600945381     
   465.45064710335743     
   465.00071824553703     
   463.93952547434299     
   462.65634126241389     
   462.62638364805008     
   462.14554530027499     
   460.48219095440538     
   459.42655855967956     
   458.99612161450614     
   458.39514876803361     
   457.86807031991793     
   457.32872196201674     
   464.42325749714996     
   466.66234688207800     
   483.08626804476813     
   489.05638212481165     
   510.54134593064822     
   520.19835666283996     
   541.43602502711565     
   552.39619637080295     
   567.07479193801873     
   575.61195865441618     
   575.69909200733639     
   578.04821378952340     
   583.95097687980262     
   588.08842702513402     
   591.31031665261196     
   597.75087571953861     
   576.61717555989628     
   571.92169997782298     
   554.52418392249535     
   550.22331455235610     
   533.10389058115447     
   524.94196268840983     
   509.91783985428634     
   502.60062305555471     
   496.36220769964478     
   492.42524228400703     
   488.99778183109038     
   485.85220623738780     
   483.00075270065383     
   480.72918489848632     
   478.73968121697476     
   476.99999901751522     
   474.54271542085502     
   472.83368492787037     
   471.33774971404267     
   469.90717077315986     
   469.31991674095133     
   468.85645477098643     
   468.09987899029602     
   466.86680516341170     
   465.67975927083057     
   464.76179825539788     
   463.01313701674007     
   461.93593135716128     
   460.76199354703238     
   459.74491029824964     
   459.33068424807971     
   458.68557851523650     
   465.71678678017651     
   467.80355880496830     
   481.57999489008250     
   486.94887402923007     
   512.82822348424884     
   524.10848884125210     
   541.56390045579144     
   550.89277301547588     
   568.49066960995162     
   577.56583246094647     
   576.77248760510702     
   578.23741744102676     
   582.43901494559634     
   583.95430262726518     
   577.54316461257201     
   580.41359272907232     
   567.20941586607023     
   563.88794257368647     
   545.90881936148401     
   541.45097387942531     
   529.79821711893214     
   523.28851610579829     
   510.16650083940647     
   504.52317471537810     
   498.79023939150449     
   494.73369605796051     
   491.06929894237965     
   488.43382612913382     
   485.91460844401342     
   483.88653008038284     
   479.71039543631133     
   477.28964553225711     
   475.19712700259100     
   472.55491023770509     
   471.09648623169915     
   469.48047095356537     
   467.57093003090955     
   466.60379181789546     
   465.64126766075844     
   464.09278039895133     
   462.84372407807552     
   461.62808126248405     
   460.36877757578583     
   459.09191779467631     
   458.22798906656232     
   457.45935687060779     
   456.66724766832152     
   455.91733008859666     
   459.02858298826982     
   466.13898483205645     
   478.62430282666537     
   493.09340218581559     
   507.79461592014383     
   522.46438468612041     
   535.91427394731193     
   548.55267507296753     
   547.66839580410908     
   557.48855412502405     
   581.69288522837144     
   564.70082797406099     
   562.31010692785537     
   555.80855346600299     
   530.41459750659567     
   556.76173727314699     
   575.81517418503631     
   570.42770113961717     
   536.57322860293812     
   529.91208496680792     
   517.18953740607333     
   511.41908221079910     
   500.28505255398204     
   497.17266766479599     
   493.94381388556133     
   491.55127967753191     
   489.63918358218069     
   488.02928221615508     
   486.00655329425916     
   485.29657593391528     
   483.75691411047438     
   481.91353846805248     
   480.06281145381752     
   478.23516752291135     
   472.64718077033228     
   470.31249152354815     
   469.37082497464792     
   468.88133358774837     
   468.56874865862108     
   467.65002619551944     
   465.88178690626773     
   464.74620389307552     
   462.45573615105371     
   461.03522104433290     
   459.91775132272005     
   458.91283304912446     
   458.08268060641825     
   457.25496858762347     
   462.71113138383521     
   463.18666347364621     
   475.44512980388583     
   480.04428625129287     
   494.52796568517948     
   500.56766602151640     
   524.66344867721796     
   534.01696126046886     
   536.37248599885902     
   535.94228529398879     
   533.79420994419388     
   529.78816770947935     
   551.77488521776911     
   558.31086154400850     
   533.79923059690645     
   528.34604899560088     
   520.45011580279493     
   517.99982871652287     
   512.42443457811999     
   510.18360884275398     
   503.96470210804421     
   501.30267041323305     
   492.73320744032793     
   488.74194718383501     
   483.18740032331021     
   480.10944833624620     
   478.17883314864451     
   476.46401935961700     
   474.29021778426289     
   471.13419104716940     
   468.90728762993325     
   467.71574161674715     
   466.73678582913504     
   465.86907154481844     
   465.08079760358783     
   464.83101520436270     
   464.21981162701195     
   463.30086247917473     
   462.12410439638666     
   460.26381093581335     
   459.06761334138400     
   458.93433017193917     
   458.44602959014736     
   457.66462911560791     
   456.07910666887193     
   454.22729189539501     
   452.63094447984184     
   451.68265602101064     
   458.73215949013161     
   460.88609797144181     
   473.18020474423491     
   477.77004907552055     
   499.70253119364833     
   508.42336804703746     
   528.42067128921383     
   540.07337829326491     
   552.18630550996272     
   563.46699797059807     
   572.99829606424419     
   580.76875192600858     
   587.32549366041883     
   589.07504581993874     
   590.93864354101936     
   588.86143289433721     
   572.84245255378391     
   564.75091922609477     
   532.11815993264167     
   539.38175438902238     
   524.62056213602727     
   518.20974011565363     
   508.12579835681186     
   503.20190884370578     
   492.67723623578416     
   487.92209769977450     
   485.06581346164052     
   482.63612255643619     
   480.50585881436450     
   478.08755471706388     
   475.94188265615315     
   474.51302425434852     
   473.40408554608217     
   472.46859232276034     
   471.67700433903673     
   470.53336536891788     
   469.28259677424330     
   466.73654352799485     
   464.90992422853310     
   463.34892481237773     
   461.87471682319136     
   460.74750870503141     
   459.76846397493523     
   459.77014550972797     
   459.51516540269716     
   459.19364019346773     
   457.68531223191366     
   457.16958889805710     
   462.04613502584050     
   463.69163903396537     
   473.63844525786249     
   485.02081040541708     
   497.54214698988881     
   516.55383627926619     
   522.97958029021152     
   524.23074398871609     
   552.80991241572849     
   547.57918179411070     
   523.01096539432979     
   510.45467756216397     
   510.91853512062102     
   499.83051850434884     
   495.95345965622579     
   507.35943058569961     
   519.19128366742018     
   523.10563388206435     
   537.94127172954552     
   518.79898925201667     
   505.99409457374281     
   498.29143623102766     
   490.76441347156077     
   483.83458887461501     
   479.00510348893101     
   475.17570252347076     
   471.77406945754393     
   468.61926273440992     
   466.55787367589920     
   464.36856905108397     
   462.99650718475311     
   461.76341761401267     
   460.39494500355636     
   458.74815004212638     
   457.34550737241062     
   455.93916078172498     
   454.89967492905402     
   454.25513926148216     
   453.40110548971722     
   452.19554695523613     
   451.14808721396946     
   450.14612782951497     
   449.27638438237545     
   448.45339597854195     
   447.75867132935400     
   447.09517938691658     
   446.64153138231330     
   446.25253502412642     
   449.21447370555438     
   453.67993848874346     
   464.95336477938883     
   481.29831580238886     
   499.91755319953614     
   519.67749873651292     
   540.25935129948095     
   551.69642160557555     
   559.74236661064776     
   568.45688471430947     
   574.91149389237864     
   576.89431196486589     
   578.82434677604476     
   579.04197159911951     
   574.38319662434299     
   536.96604207296423     
   526.61126113435444     
   534.16654259528286     
   526.97261938850727     
   518.89348026821835     
   510.12919555347645     
   499.76828230774061     
   493.00201561049528     
   487.55334227222937     
   484.70673820629781     
   481.85380335798192     
   479.48685903306250     
   477.47296796296365     
   475.45667527003542     
   473.85292300828121     
   472.81198606817293     
   471.90189864801380     
   470.33136865773940     
   469.31234410178479     
   469.36212687427701     
   469.06629242634205     
   469.16565282574379     
   469.09265533120868     
   468.65271076163771     
   466.81436624263915     
   464.78227160037216     
   462.68806444587267     
   461.41051013296180     
   460.75070741346144     
   460.78703868645334     
   461.63419498080776     
   460.40422217905046     
   460.77327729974974     
   463.70911715909170     
   465.83336919651032     
   467.84630060114347     
   470.88877156848065     
   473.94881984395522     
   475.59991560180003     
   480.10049429892348     
   497.20054404157747     
   503.16883966413440     
   520.39475073871529     
   508.89756424614967     
   501.82518330214401     
   496.48748163840958     
   490.26277529965296     
   491.15590929754620     
   494.87886444731748     
   494.93166853181367     
   491.25252513903132     
   488.40848437250469     
   486.21453805787786     
   484.24616390263589     
   480.02196863071981     
   474.59431732471882     
   469.45599478722778     
   467.06799008526485     
   465.97811475094545     
   464.66037520289137     
   463.36009053844299     
   462.29913764582335     
   461.46509752758283     
   459.73105817746676     
   458.94398640739035     
   458.20535416766540     
   456.30049138140458     
   454.05792161017058     
   452.41739135601716     
   451.27181338220532     
   451.15665112840588     
   450.81798854420106     
   449.65898710922363     
   448.74658360375417     
   447.87243583912846     
   447.15862716874773     
   446.31632636670867     
   445.50486878583831     
   445.17891048290016     
   444.46230641450290     
   444.39501037577446     
   445.60936688097252     
   451.53957154836246     
   465.33293937774363     
   473.14056029756983     
   490.41654128162406     
   498.48526439882721     
   520.90872508126893     
   532.07844017306661     
   541.99980330957430     
   548.88237718148389     
   566.20609952754705     
   574.50328921147536     
   580.43411095596764     
   586.58748188622974     
   576.83695934866648     
   578.60437924761709     
   567.09690943942110     
   565.77005928165329     
   551.28404157768944     
   546.63471883149680     
   527.78136305048429     
   520.29235659999279     
   505.61886567578171     
   499.06922038461317     
   492.29180359724501     
   488.15799844622416     
   483.96264892542479     
   480.81225566153836     
   478.21917561476414     
   476.08931382123967     
   474.18491873739742     
   472.22939383720814     
   470.46005006828079     
   468.77260002326796     
   467.12809827932773     
   465.88630712152388     
   464.74693600402071     
   463.98210709085600     
   463.06688821721616     
   461.69472506367561     
   460.46040855005913     
   459.44054954648101     
   458.37289445026926     
   457.50717007345668     
   457.24934331431359     
   456.07410776962161     
   457.22155511954298     
   457.10652652124401     
   460.30559022765203     
   461.07449548060100     
   470.52460390265577     
   474.26730746587208     
   491.98656058894005     
   499.14269437585216     
   516.24331919152212     
   523.27927681363724     
   532.96485590208204     
   537.97553465507258     
   547.36239911754865     
   553.08183890748262     
   552.49273579215719     
   554.24457887582128     
   556.64987013802465     
   561.35501996640176     
   543.94048879579407     
   540.14522593084121     
   527.10791417146186     
   523.78058050232892     
   515.21371154045789     
   511.01739031134599     
   498.69172621430727     
   493.74805783202748     
   487.91035363149956     
   482.67827388008118     
   479.65226694320614     
   477.20125978553313     
   475.18281053663611     
   473.64394000065670     
   472.18129254716786     
   470.98049845417700     
   469.52235297867850     
   468.62915247300685     
   468.09040515697706     
   468.19298870719632     
   467.86056946049308     
   466.97061359901761     
   467.72854673178915     
   467.60084434026493     
   467.46722553256228     
   467.37733559599883     
   467.24377943733413     
   466.86720456464695     
   466.43708543572666     
   466.06261962682134     
   465.75824505795515     
   465.41937727683421     
   469.59415319333789     
   479.87793033034598     
   489.32646566861285     
   491.94735484145832     
   508.78972854747684     
   515.85770213072772     
   529.53296600657904     
   536.40319398708607     
   557.77501550595935     
   567.61847430862633     
   572.60829631227875     
   577.08102837669003     
   572.17543574927345     
   571.00787043909054     
   577.32692689886812     
   582.29293454069330     
   559.31725029950269     
   555.05918466346805     
   541.88778540824160     
   538.61249050261097     
   521.26323484744080     
   514.60764243376082     
   503.67864707157838     
   498.39297762335917     
   492.27955814413542     
   488.81969083781286     
   486.92583635543269     
   484.66825402458426     
   482.39275276371274     
   480.89012446257965     
   481.26722155597639     
   481.09420581015394     
   479.26792557594160     
   477.46918331908313     
   475.43582497709463     
   473.94805220609442     
   472.74463736996825     
   472.40229557218299     
   471.14566873390601     
   469.49253113214922     
   467.88045058542531     
   466.39757760267702     
   465.33382135489512     
   464.21115516391421     
   463.10946895557385     
   462.14364204375545     
   461.28855281248065     
   460.35941723337487     
   465.88948907830797     
   473.72632861660315     
   482.59890798491517     
   492.07756225645136     
   502.42120760541223     
   513.04080857552174     
   506.74520913615186     
   521.24012336842736     
   549.19951718427649     
   560.70502352768369     
   555.98445571344246     
   554.50678957443574     
   555.88316687620716     
   546.26055000386941     
   542.16722378347561     
   532.18000881051535     
   538.19466959840952     
   531.92967533798253     
   521.89831653491046     
   516.25961796108083     
   508.29199369720749     
   501.92557527946582     
   496.67791841911651     
   491.26622512985227     
   488.12321370834508     
   485.30886056882417     
   482.53344964708702     
   479.48129414609684     
   476.41076908378352     
   474.66520163772481     
   473.93059679352598     
   473.27248343572830     
   472.37945131886863     
   471.50362381357382     
   470.41278991949827     
   468.63591911303098     
   467.46370211607712     
   466.48199460128785     
   465.55747715353300     
   464.35672340455721     
   462.51324479108507     
   460.59138841914591     
   459.27980316084813     
   460.21546915537317     
   461.65355547640297     
   460.26236672571434     
   458.03928811838801     
   456.83657893984650     
   461.00526179224585     
   462.22150907982444     
   471.64747789758991     
   475.14194713019185     
   489.55506101835238     
   495.92698738031322     
   511.72957720167159     
   518.81033115110381     
   533.34902079294056     
   541.07502352359700     
   540.64361751798549     
   541.39203157353938     
   550.96376835023023     
   554.25144057285536     
   548.24276729323753     
   550.50339099441578     
   542.26002184386255     
   541.52094755102553     
   532.64666645646798     
   530.10750379602439     
   516.51378043326008     
   510.19657017640412     
   498.16376615972587     
   493.06489967255203     
   487.43079572850451     
   481.82320752619734     
   477.22039565329720     
   473.33213987899376     
   471.65314106185895     
   470.13991018802136     
   468.73321744509383     
   467.45901301751042     
   466.05801784004910     
   464.81281206256602     
   463.27411742637565     
   462.06327896045315     
   460.87605198178341     
   459.09078806186091     
   458.27690531796094     
   457.27366199149259     
   454.61237399547610     
   454.13548114469654     
   453.75662844672030     
   454.23688884225459     
   453.77405307539078     
   453.85839555060454     
   452.34464354718659     
   450.12385831769802     
   452.11216312398312     
   460.81860050834234     
   473.65206243819273     
   489.20724824724368     
   506.29869738141190     
   523.61794750177694     
   541.36533440430969     
   556.93229362484954     
   572.46956585497833     
   579.81000840122113     
   588.38614800370215     
   597.71611662348164     
   607.24257708001915     
   608.22074818967872     
   607.01282287923766     
   599.93564376746247     
   569.19759343118881     
   584.05988101051048     
   580.28412401358014     
   566.27605649139991     
   549.50087447581518     
   525.51371534631960     
   513.78568230262579     
   507.98004518571383     
   505.86857087110519     
   500.80310045399381     
   496.03127398389103     
   490.48266592368435     
   485.88405285645069     
   482.62372833508732     
   481.07657269340939     
   479.80134373151236     
   477.92731896136502     
   475.49546134005527     
   473.36290277243194     
   471.72986799787031     
   470.26962706284854     
   470.15679287847234     
   467.48998583419137     
   465.45427776299545     
   464.30547260462907     
   463.22359128917509     
   461.91794571636626     
   460.94972497772801     
   459.95282211713237     
   458.92104014443396     
   458.06316712466270     
   457.42673378068719     
   459.33880647633436     
   463.82435335924743     
   471.90054860095876     
   484.76946585152382     
   501.66774014036179     
   516.38746928004775     
   530.68706491200430     
   538.80108688669077     
   538.36086077333118     
   543.10147975788243     
   551.71853939206608     
   550.63801145917546     
   548.58347783580905     
   544.69575904143494     
   535.43719798903669     
   550.79150748798111     
   544.28649059589316     
   544.07879112837691     
   540.00674495147462     
   538.42285722840631     
   520.59960680611402     
   514.07888019739221     
   503.34510534005250     
   495.39962073759631     
   491.79763213271877     
   488.26352488398794     
   485.50507395309154     
   482.76763394459277     
   479.97151899450290     
   476.68913740416599     
   474.24167483120806     
   472.05178911043885     
   470.36470243863056     
   468.75868958621106     
   467.11342294076752     
   465.84397354162553     
   464.59008777663871     
   464.64002098077293     
   462.57459064635066     
   460.98973781368448     
   459.99322127158354     
   458.78885262549738     
   457.45120174621240     
   456.70008618497354     
   455.32028237943308     
   453.98841548602451     
   452.84552578755222     
   452.12850560662525     
   454.48427796852548     
   462.08947873591796     
   477.04074117364178     
   493.07844408361791     
   508.00858444021611     
   523.33726679166239     
   539.91906073037512     
   556.25153954030748     
   545.26966298859384     
   567.74364535260713     
   572.24511316357973     
   546.99022217309937     
   548.34822145978205     
   558.15574371815910     
   599.91512465270125     
   606.83174999203266     
   596.45027972281093     
   585.49853240989171     
   578.92405442458130     
   540.92412643410614     
   528.81094941878939     
   514.29541702493805     
   508.04853368457009     
   500.51682150162878     
   493.97345161093841     
   489.38145922970301     
   487.30565492188350     
   485.48696153257822     
   483.52445099442264     
   481.46995388728885     
   480.80546744011866     
   479.10887917154582     
   476.55144612000049     
   474.73045180819440     
   473.71557041140437     
   473.96252887432922     
   474.21421125475388     
   474.89061626233217     
   473.50516980552737     
   472.42517825037436     
   471.82588346193097     
   468.85746923174895     
   466.95242574534086     
   467.68391565290915     
   467.17088807207409     
   464.20674716876056     
   461.63651759554807     
   460.47356390016944     
   460.82835018970178     
   463.39332594858973     
   468.44941446627433     
   472.66157086790582     
   476.32021629996922     
   497.28472565827889     
   504.60063397523493     
   503.60781325004314     
   499.82583791992568     
   500.10944157825941     
   499.28320104373591     
   496.88601212878518     
   493.89808770875584     
   490.48932230339949     
   482.79647282246839     
   490.02952186860591     
   500.54857599222657     
   512.80568282738261     
   525.94067733063389     
   522.39644431958277     
   513.76869308649270     
   499.80798960587538     
   488.82649103021339     
   479.81431477507834     
   475.65884855782275     
   473.81147140505954     
   473.76314366972144     
   471.74560589886607     
   470.11351117386789     
   467.63772655862874     
   464.89173542039043     
   463.34812422213980     
   462.76637371909254     
   462.35204565045359     
   460.97707495229787     
   459.99024914342914     
   457.64206512147194     
   457.39955675994901     
   455.54504245850961     
   453.88233710121006     
   453.08605245728103     
   452.11451221103408     
   451.29751140115849     
   450.24841236786733     
   449.16810641908143     
   448.26643025719864     
   447.47125792859566     
   446.92601941779901     
   448.92703816138498     
   455.91580875558202     
   468.99573650492727     
   483.55619475069432     
   500.71575805133841     
   518.15826627628235     
   534.50965565802369     
   531.14227475399753     
   519.67940944864904     
   531.10071101238486     
   567.80883256878701     
   557.80814471792041     
   592.07671153246872     
   592.77112694587765     
   585.82336990855333     
   550.98404675352901     
   558.20063699879165     
   559.13734884667576     
   541.14236684037940     
   534.77695753664716     
   520.69656525979315     
   516.27130820464686     
   504.80502869874016     
   496.17226587021452     
   490.24347973954150     
   485.89986047773277     
   481.95094994598418     
   479.28404433906957     
   476.94978979629332     
   474.51245146180105     
   472.10918767065925     
   469.75673493214595     
   468.15187179210750     
   466.42974313540293     
   464.77592304959717     
   463.55526979566088     
   462.36863931160741     
   461.26136872419482     
   460.32193616961320     
   459.05440168632572     
   458.18004573037081     
   457.04163120134365     
   455.95764520399666     
   454.92070842998538     
   454.14923570495370     
   453.36135863188628     
   452.60803929487309     
   452.12193588894979     
   453.81682198075970     
   460.66773754942363     
   476.01671845491069     
   479.00650270994629     
   492.73258984627074     
   497.88861037442251     
   500.97203826793617     
   522.03242012891201     
   543.50322033388181     
   547.17160540155510     
   554.08670114909432     
   536.01940915780733     
   529.60140520267521     
   519.19025337196126     
   506.17731095634139     
   501.32511699392802     
   496.84746845012523     
   492.79060714007983     
   491.20182909374756     
   489.84553482948331     
   488.45410517249854     
   486.64562697239171     
   483.11522536987928     
   479.06053793044475     
   476.80883844380037     
   475.20105602406011     
   472.89394838085917     
   469.50670853781179     
   467.95221777038307     
   467.15626387410725     
   466.14367969784365     
   464.51166633147091     
   463.96318577202095     
   463.74582949029343     
   461.63717484657735     
   459.08907012429597     
   457.41151419190510     
   456.02341819732277     
   454.94904761308652     
   453.75587381565720     
   452.95021803882958     
   452.06045963478243     
   451.47427682173031     
   451.96844621349646     
   452.23577702841072     
   450.57976749788634     
   449.23996885827438     
   448.37503548276419     
   451.16247945185540     
   459.69896748586297     
   469.12045185355402     
   476.73143370100024     
   494.08272934013701     
   503.88972689404392     
   516.82591343875083     
   527.72285739956749     
   544.11962045344069     
   544.12710386165020     
   542.00602100505978     
   521.74146124557160     
   505.61630071629656     
   554.13253917411816     
   569.84195877631669     
   580.32972066821549     
   564.37585901874945     
   561.65486778442641     
   537.22831154878395     
   529.68189477012254     
   515.13893672395432     
   508.82797808020212     
   498.56626861302937     
   493.56478462872695     
   488.80940435286152     
   482.25412863122801     
   477.06988450384466     
   476.12244062414220     
   472.82853788303362     
   471.06019391091479     
   469.85010605154423     
   468.84460865324786     
   467.98506961693374     
   466.73413475941686     
   465.37486859247656     
   463.99122751753538     
   462.95681243963020     
   463.94047186108725     
   462.59306851866313     
   460.87179540768068     
   460.30603066733522     
   460.32813088923211     
   459.20735915432630     
   458.26240065469574     
   456.89463682846821     
   454.07786697767830     
   452.41964011132706     
   453.67969755168997     
   456.89891057020765     
   456.78354505227048     
   458.35666080199485     
   464.18870260633719     
   468.89776142774122     
   467.52302456165381     
   465.47478112269857     
   465.66463588342839     
   466.29894513335853     
   467.11407986034584     
   467.56261368972804     
   467.63217876017944     
   475.06898319936005     
   484.96732122979245     
   495.74201170333527     
   509.96936976052370     
   514.82127403156323     
   523.25600258314296     
   510.06855496457172     
   497.10884191787829     
   493.27944212198713     
   487.35307655918842     
   478.24860174865449     
   470.25722107762783     
   465.36249248874782     
   462.16997119273543     
   459.88861505438200     
   458.02358470168986     
   456.30983820517213     
   454.67049421922496     
   453.23315418218789     
   452.01451224275610     
   450.68226205402340     
   449.53794792680139     
   448.61807901059586     
   447.55963839245652     
   446.79316219352683     
   447.65858897756914     
   445.97129018069830     
   445.01481041287690     
   444.57517046659660     
   443.90943170556949     
   443.22784294801636     
   442.44703683022908     
   441.76086582386688     
   441.10981136209995     
   440.36992326723112     
   439.73201722201492     
   442.33214146287742     
   450.20958753347128     
   462.63165337921788     
   477.90664851226398     
   492.39297679283135     
   508.27919026738778     
   521.66205187188825     
   537.85483953109861     
   538.73390888668087     
   556.11072976120204     
   579.17738034789932     
   575.10961858420217     
   563.33285279921870     
   571.82652395953403     
   560.75941782669304     
   579.87621411073962     
   542.00683482486920     
   530.38910917445423     
   519.97205559581766     
   506.85129233728594     
   502.44886030003698     
   503.39958649249758     
   496.38057257679213     
   490.49628443797661     
   484.10336838590729     
   480.36993978328400     
   478.14942760636393     
   475.34331255301214     
   473.14571472067183     
   471.07278966861554     
   469.54770627010964     
   468.23088741820817     
   467.10650020602975     
   466.01508901056047     
   464.70197886093354     
   463.50533183979201     
   462.22473343811453     
   462.41301327836112     
   460.72419509013992     
   459.27034803244646     
   458.40290760213753     
   457.42096373126043     
   456.61273149783642     
   455.70141532447064     
   454.98633118061628     
   454.17408105879491     
   453.56558524666156     
   453.02520574456605     
   454.99613376323475     
   459.35920148841024     
   473.39769483148160     
   481.10819241668941     
   491.45418125532962     
   495.04001135449516     
   483.49543783707139     
   477.83186356575459     
   482.95182672753174     
   491.24248718472910     
   500.95935315051815     
   561.83007574872204     
   578.99911011539314     
   579.15769680595099     
   549.41277404977336     
   540.67333861330201     
   530.77584174015954     
   558.48639410484918     
   550.77643539079418     
   540.84106000365909     
   525.11422486698996     
   522.19830602910088     
   509.47185579344472     
   496.66719844945612     
   489.68370907460786     
   485.50338260654388     
   481.65830697663330     
   479.34700465828053     
   476.50901890456129     
   474.43371196437590     
   472.60992763988736     
   470.58981167433211     
   468.78109935311443     
   467.32318927425121     
   465.60068890660943     
   464.15615394952226     
   462.92117933398612     
   463.28165200166580     
   461.59694106567451     
   460.16206918896165     
   458.96861680526251     
   457.78672304773477     
   456.92236415907314     
   455.90289391925842     
   454.72223567506757     
   453.73328225043377     
   452.83436711370541     
   451.92910297474248     
   453.82731146752081     
   462.55831470081813     
   474.68128706776821     
   487.94871414732199     
   501.93422056926568     
   516.57224130459349     
   533.87956664852777     
   556.63971536952920     
   574.29331470776015     
   590.66789131111659     
   610.60127456852183     
   555.99441335458710     
   523.18243770530898     
   513.58448441740575     
   506.79265062434047     
   504.20608761529598     
   505.50146688645088     
   508.58283182273107     
   511.85512929966200     
   517.25902061794693     
   500.40542598504101     
   494.87122041960833     
   488.91545902133362     
   482.00028459313887     
   477.38253197409000     
   475.05836123130848     
   472.80362112792511     
   470.90505285634049     
   469.23620818183309     
   467.81830144107261     
   466.01188530089684     
   464.41255605592312     
   463.20199182493451     
   462.36382810081659     
   461.53690390362027     
   460.64972627508098     
   459.77325447078806     
   460.53262557546071     
   458.81869944128886     
   458.48029698063374     
   460.43571475381015     
   460.44686309682697     
   459.50244202314263     
   459.74491194034692     
   460.01829737460042     
   459.77437429366273     
   459.92450985524931     
   459.55372646024819     
   460.35412849711793     
   462.24675889072785     
   462.29042072219744     
   460.92634599712642     
   461.37341142292422     
   465.22020520164205     
   488.62076208570682     
   489.29851924482466     
   500.19652935087692     
   503.00966160119259     
   518.29798031384803     
   528.07298709598695     
   524.21685954143641     
   519.65956815808340     
   521.06442535762585     
   544.28615445326568     
   522.86767812836899     
   531.64797802564897     
   529.47535538331772     
   517.35814126434320     
   506.95037029371463     
   498.61487608609013     
   487.93792540299512     
   480.39623865250627     
   475.77409159007482     
   472.59299762049602     
   470.44475234285107     
   468.37256288084615     
   466.38195382323903     
   465.01468758190873     
   464.16439986416941     
   463.26317036207331     
   462.11771413378187     
   461.68029294561740     
   461.24970381581102     
   460.85742213719158     
   460.14622120209623     
   458.15329229111626     
   456.11310852561940     
   454.07414672580632     
   453.21975339886967     
   452.30651649012287     
   451.95476963470441     
   453.44655808274365     
   456.10560040473388     
   456.75781252976270     
   456.56783889757003     
   456.34258811030605     
   456.90302846403739     
   459.12688748667182     
   461.37138901286829     
   464.31228322872096     
   471.56587075563760     
   470.15214869031325     
   475.22633592348859     
   482.43903070935687     
   490.45259858921617     
   499.14305186351976     
   508.43640637896715     
   504.91364711543099     
   498.65083445396209     
   499.72766890101173     
   504.01430347133982     
   509.20855092464626     
   513.37280939101925     
   514.88307494831145     
   508.55360906496628     
   506.04523946799452     
   499.53562490387503     
   492.03060115320096     
   483.71109368046803     
   477.30869426251655     
   472.60351893716330     
   469.34767761983278     
   466.35173360328196     
   464.95688988753773     
   464.03436535618619     
   462.64664824334716     
   460.88833899922298     
   459.35489729397284     
   458.71363946630805     
   458.30746816529222     
   457.40091720026925     
   457.46833572062150     
   456.68952644201983     
   457.06498700926352     
   455.04915507458514     
   452.39605494764982     
   451.66044762425753     
   452.60068134579757     
   452.89956292257557     
   453.06745340132977     
   453.29931212373663     
   453.59011370144435     
   453.93812459700632     
   454.31250168485496     
   459.14927201986143     
   459.56883579241969     
   461.43315971683433     
   470.20322656050445     
   478.33457398821514     
   486.95688266238716     
   526.52057687955505     
   517.42580714652013     
   517.68351908092279     
   525.31799732548575     
   535.17474442881917     
   550.55230758871824     
   564.35015132680633     
   574.69244633448909     
   580.31980535596858     
   576.86372731675169     
   558.23110614278505     
   555.16738096380993     
   550.57271365762563     
   535.80446811392778     
   522.95983401118031     
   510.39077279000293     
   503.71202292654931     
   495.05911998581524     
   489.54941670289338     
   484.92165465553325     
   481.67822781620873     
   478.69457721577061     
   476.70988024560859     
   474.44477961036262     
   472.44546107502026     
   470.08415639098439     
   468.50365706800051     
   467.32181013215563     
   466.12028970342408     
   464.61199951311278     
   463.25631077198460     
   463.28913682728580     
   461.23886283903551     
   459.90273076879134     
   458.77356836824885     
   458.05987975434317     
   457.24818814496626     
   455.98918136771192     
   454.88562171225510     
   454.08721652340597     
   453.38332616856547     
   452.23389527513103     
   452.98318065720918     
   455.02933272164989     
   458.34923017008373     
   468.80610143378078     
   489.51162495339457     
   509.32938977402256     
   520.30900782255083     
   529.05670118773389     
   533.74985663891164     
   534.98924979386766     
   537.79084576679907     
   542.16000013470580     
   559.37695014951453     
   579.48552755973878     
   567.17644431434712     
   559.52923956220252     
   545.27530457881437     
   530.24117833122114     
   529.11893091155753     
   522.74862837796070     
   514.56784446697998     
   500.98356910569566     
   492.67959748368582     
   487.63291172279349     
   483.53293691110650     
   481.32581742914198     
   479.21874826115283     
   476.93401721465347     
   477.08995109423341     
   475.79837983078181     
   475.06014269180150     
   474.86713189204789     
   473.38525305104361     
   470.46247120483423     
   469.47209394697484     
   467.79336017529204     
   466.25487052723520     
   466.79051698972864     
   465.17579470906651     
   463.87759048740304     
   462.78770774730265     
   462.52257518719563     
   463.47080872455689     
   461.35025486519680     
   459.56286206871613     
   457.97549418789129     
   456.82157697552287     
   457.03082067163217     
   458.83503158768309     
   460.48760019619465     
   463.16816624735708     
   472.86778426783297     
   483.33728759968170     
   496.64878163880314     
   499.61774926757357     
   501.17566854901412     
   504.91972504547488     
   516.37339442655468     
   515.68517753222841     
   513.16770237758556     
   515.45109232994412     
   521.55048435931462     
   526.85892512436021     
   544.35615798326353     
   545.54859820650870     
   567.16815783300240     
   554.79909059357124     
   544.56405229992959     
   530.81233841126800     
   521.91875618313247     
   506.72327031844208     
   498.73140037487173     
   492.89895838755564     
   489.35836973005638     
   483.65600499185462     
   478.42995730125438     
   475.53170415779374     
   473.69592106268055     
   472.05114620350543     
   470.55046900652457     
   470.11467107658314     
   471.37530460554188     
   470.70283388826221     
   469.60039897235282     
   468.45584412838423     
   468.31687027285523     
   464.98719881612897     
   463.43783275552511     
   463.22700973171146     
   462.54997068282972     
   460.55339919115454     
   458.96253376680107     
   458.54281860334135     
   461.82132988012916     
   461.96046062456242     
   461.10887040033265     
   462.39850062123821     
   466.48498007976036     
   470.66208813334066     
   481.07003184672669     
   482.95219047722435     
   495.85020664102512     
   517.61340223792331     
   526.42513876267014     
   523.15432797904634     
   523.78216285856479     
   528.99313863285533     
   531.70875902594423     
   528.37937343943156     
   527.90994550069149     
   541.30919303454004     
   549.75743033019319     
   539.15252126706264     
   540.14368659414515     
   516.40383429741109     
   514.57822460903230     
   510.17808205541132     
   501.69734895164720     
   491.85428834852758     
   486.19647538426528     
   480.13584765800232     
   476.38078919770601     
   473.65063203848609     
   471.09022709927262     
   469.11703994439404     
   467.44304125972133     
   465.81417464092863     
   464.35025432142652     
   462.88232894437073     
   461.33534565404926     
   459.79077077665499     
   458.34662304741425     
   457.23857693416647     
   456.25244627888537     
   456.13133849312248     
   455.06772180372161     
   453.83294910895040     
   453.23165537810650     
   452.56811379497532     
   451.73385069075437     
   451.05014214311240     
   450.48438893438811     
   450.04355542883513     
   449.04578320562661     
   449.85787408643807     
   456.19705130137248     
   466.30891661819533     
   482.73486832764547     
   500.65312263518132     
   516.61042364524724     
   529.07705632926024     
   510.89693122962262     
   534.78577640332037     
   552.68964814538424     
   581.93026456615189     
   593.04107247775823     
   591.03270410577443     
   587.99980697957142     
   556.55229583787082     
   536.46616654852494     
   524.16904672816452     
   516.14444939495320     
   512.95790669689734     
   515.99517025062221     
   517.69484409881102     
   515.91123850742736     
   506.49680585933714     
   491.02139606245089     
   483.73834723288616     
   480.11412830250327     
   477.60722252325183     
   475.46648764242218     
   473.25717784896591     
   471.24867928271971     
   469.98494782652443     
   468.36971677465829     
   467.02589728020502     
   466.03382811038068     
   464.82718988829623     
   463.24956774314853     
   462.39531645140869     
   461.39667529365340     
   463.57438923528809     
   461.44741044067922     
   459.84845039143778     
   458.48200792877725     
   457.45850559683356     
   456.54252972134833     
   455.59208258739625     
   455.09761221519972     
   455.69477231678007     
   455.90806404684633     
   457.93424456290808     
   462.80388599732430     
   465.57891404298061     
   470.23513609113252     
   479.43677774108153     
   490.02507231131028     
   490.31071375085912     
   477.74377848014353     
   485.94756406657444     
   490.49308772319660     
   527.97317057539124     
   550.76068783383971     
   571.87741121183524     
   544.58254229587840     
   543.11667063967127     
   533.35675773263483     
   528.51744717852091     
   526.54568771676691     
   524.65652707324796     
   518.82225496522449     
   512.20567376879171     
   503.13278950773935     
   492.24262694801081     
   489.01532386714314     
   481.77426303597537     
   478.50887171834046     
   476.56369536823286     
   474.90389576593407     
   473.19288879572957     
   470.78856775877034     
   468.32857259880535     
   466.26705119069152     
   465.43911986834138     
   464.17185165556577     
   463.00766056805816     
   462.27062609723407     
   461.82087985715765     
   460.66954617456406     
   458.38679096226218     
   456.56657111477494     
   455.17105622388971     
   454.10489168743993     
   453.23111977126860     
   452.04902824531814     
   451.18142609575045     
   450.38622726185770     
   449.42297118298137     
   448.77186559243171     
   451.21523328813510     
   460.47291636651153     
   471.34057891857771     
   484.62443072642901     
   498.88629753585303     
   512.86795420345891     
   528.63003825193300     
   552.11710016530662     
   563.40774744222551     
   563.83533405566493     
   550.68225717622079     
   548.88841492535312     
   547.59112070865865     
   539.97281333653359     
   527.25342996762004     
   516.42521656989675     
   525.33082659799993     
   540.44149322805526     
   558.35683927307355     
   555.50144445346905     
   537.77970422638907     
   514.92410249968782     
   501.82903892815511     
   493.93197473922061     
   488.51123812121159     
   486.32315860130427     
   482.32885342445502     
   479.43062555881050     
   477.19749758506850     
   475.01435972850453     
   473.36524326056764     
   471.59109277037777     
   469.92123016798809     
   468.55328825198302     
   467.28001046613900     
   466.72965190250949     
   465.29070492689681     
   463.83882700200974     
   462.61375455736237     
   461.46371980721909     
   460.22514838122271     
   458.95378911353714     
   457.78877367608294     
   456.98406701296585     
   456.27025214048820     
   455.35590863112492     
   455.80591908143003     
   458.99952238751951     
   460.45105559269251     
   463.39104328215404     
   468.54756163773112     
   484.30083668492983     
   499.85201738316334     
   516.84218683048107     
   532.92062980376886     
   544.53301495670371     
   560.72692484136530     
   557.41979620771701     
   529.50506846691405     
   548.52149595507683     
   558.31565678046525     
   558.52602148189874     
   582.08963140345395     
   600.41399424410758     
   591.26814816738363     
   579.11000960906495     
   567.02100302765700     
   553.14172287013594     
   536.37040253200689     
   514.62124041040897     
   503.51551045750062     
   495.22596439541087     
   490.66247110161845     
   486.11676723015705     
   483.15448690076568     
   481.74532906869831     
   480.39011737548606     
   479.36324858586858     
   477.57519469376433     
   475.03769197508217     
   473.23039044074670     
   470.78714679440628     
   468.68050644265168     
   467.09668554225618     
   465.66484378532726     
   464.65817873778764     
   465.66231507358231     
   463.58351912671526     
   462.06204750245939     
   460.83069291400437     
   459.78483701710752     
   458.93200616103837     
   458.04151155527194     
   457.07334130179976     
   456.21619682041955     
   455.52999074942733     
   457.45484212342006     
   464.81875032153800     
   469.11360534457759     
   483.32068683364059     
   499.33175773827259     
   514.98458625521482     
   534.09595217287074     
   543.46922386786514     
   522.76792034232062     
   540.69749482286750     
   567.13493923037288     
   574.60104988777653     
   566.33061463040804     
   576.33747772476215     
   580.01441612614030     
   573.89650732475366     
   554.17974164772568     
   547.54404929498673     
   544.59697605510246     
   518.47525734715373     
   525.13567209631435     
   515.44190252792964     
   505.02312010871339     
   494.47717604695509     
   488.67004509478699     
   485.06546468967940     
   481.96837785422946     
   480.80182092071425     
   477.61746006920953     
   473.88956339805480     
   471.86862389448640     
   470.24130937075694     
   469.41416305402873     
   468.71174499981049     
   468.07550074215675     
   466.39537770751883     
   464.79262614556899     
   463.41297081820028     
   462.99700585467940     
   461.81836277908616     
   460.39766318507708     
   459.22607102958671     
   458.17487192487772     
   457.35979061755620     
   456.41460302659658     
   455.38359722683640     
   454.32816736673948     
   453.53124531846976     
   456.07135114975921     
   462.18891731719663     
   471.09772886539554     
   481.86844935197786     
   494.91738195910295     
   511.20132270058639     
   531.25413196211844     
   546.22053827922571     
   561.00512419837139     
   562.06177472941908     
   577.82097558813246     
   544.41579226620411     
   527.20688192549687     
   508.27543161627148     
   501.78293909584363     
   502.69659735272398     
   510.87002614164408     
   512.53720322029960     
   517.01321489310487     
   500.18074671957316     
   492.41274260241943     
   490.58253106526621     
   486.63542947338311     
   483.69985389656955     
   479.24084568542446     
   477.02365031976797     
   474.42911577209679     
   472.67614140019100     
   471.21740677240211     
   474.08771900014472     
   474.42876287954607     
   473.16794272266930     
   470.89683934144205     
   468.25104136897096     
   467.36783713333955     
   466.72439201060644     
   465.94389619204020     
   465.00353337731701     
   464.14205461953134     
   463.22202975165698     
   462.14401480300006     
   461.51701409414704     
   460.89764996578231     
   460.16008161001548     
   461.66525223191076     
   461.73220080959624     
   461.30270099279073     
   460.59963524373683     
   460.92578669107957     
   465.91711701523451     
   474.86125877369221     
   486.29363420570724     
   500.93379941361235     
   515.42850213274892     
   530.79651232618187     
   524.58227198757663     
   527.50606595581485     
   515.59418746746599     
   519.72392558454578     
   524.74768611054606     
   527.85094685176227     
   529.12762970992196     
   519.74512825573561     
   517.75824161944422     
   522.65617344531859     
   522.89159833074393     
   515.97585986026525     
   513.79236049768645     
   502.62919922420787     
   497.77718861847035     
   488.51699091194229     
   484.78435758413150     
   478.07059750494000     
   474.76255552942280     
   475.06466924649004     
   473.36752774237135     
   472.08822076870553     
   470.87890047896241     
   469.61321614994665     
   468.70888972420312     
   468.04901233226508     
   465.70642282411842     
   464.06967484166330     
   462.91951890685095     
   460.79796956365550     
   458.60823039732099     
   457.22061600262288     
   456.61939830825429     
   456.34699575876260     
   456.39782742850554     
   453.60858950357272     
   452.31342383908384     
   451.31185802760228     
   450.56925579796410     
   449.74893406532840     
   449.14544238556181     
   450.18829333030681     
   455.34237756911148     
   464.33651799817562     
   476.08860916075668     
   483.27698639347744     
   501.02039179530294     
   513.47044478681653     
   526.29545904004567     
   535.87833413095632     
   558.30102439592156     
   560.33857706700792     
   568.72777961044699     
   561.54856345009000     
   581.48925598965752     
   558.44118730911543     
   542.91492412645573     
   536.02103980150002     
   527.70255752265086     
   519.35264458916288     
   511.87289186157028     
   503.69524411704003     
   498.48778733906266     
   492.46383077316790     
   487.27410110386154     
   482.81000084642886     
   479.44539273789002     
   477.11241892545866     
   475.04746353072312     
   473.60006146888128     
   472.16405964956942     
   470.86467809903655     
   470.27828421281532     
   469.89330141930520     
   469.27477246482124     
   468.04476638155739     
   467.18627337470093     
   464.84145873217778     
   463.58478953722954     
   462.43717375315413     
   461.11063655274069     
   463.28135734896927     
   462.54350474717887     
   461.54103933381856     
   460.96464143794708     
   460.10836386364088     
   458.89650921708738     
   457.44456005720178     
   456.09534042696788     
   457.32590448056783     
   463.75806385331487     
   471.69247808281057     
   488.12031292449160     
   482.60312418471818     
   478.22524557224375     
   488.99764126415164     
   519.40079844321679     
   559.83397956267174     
   574.38951971849315     
   586.95971988726581     
   580.96436204760357     
   567.33231877288438     
   567.24794504603722     
   588.65572094056154     
   582.62155633042528     
   578.15152561119498     
   543.64338922240063     
   525.99695265295099     
   521.35725135294228     
   518.82154728239709     
   514.18865472187235     
   507.23337860803713     
   498.45279029734530     
   491.82696834245434     
   488.15920729126896     
   486.17040466180043     
   483.70142449024809     
   480.59600600217289     
   479.76083980895243     
   479.37633983294256     
   477.35540313372383     
   475.55264097443978     
   473.31759598062865     
   471.65350255508810     
   471.13759544996958     
   469.35798982200481     
   467.62170831427676     
   465.48578141704326     
   464.61524655683627     
   463.04280553993328     
   461.70530770214384     
   461.18365652790374     
   460.46340080833778     
   457.67194045803501     
   457.50642621177496     
   458.02828740001672     
   457.95490476037571     
   459.99211743553900     
   460.33039749456321     
   459.60937675044460     
   461.06916670447640     
   462.99952674141844     
   465.95033331027719     
   491.20961086364764     
   498.58174549665694     
   509.07975190497217     
   514.74353105049840     
   517.93648561938119     
   519.91919408912963     
   529.97956561731974     
   534.86231967546269     
   530.47057790703434     
   530.50712027139707     
   519.96428210348415     
   514.95648546100301     
   512.74190990664317     
   511.26730864683924     
   498.17720183041308     
   490.83065705837527     
   487.00665450250699     
   482.68490251253161     
   476.44914085663038     
   473.85309641129174     
   471.19116941107802     
   469.31113486033468     
   468.08694387500168     
   467.10859112299488     
   470.20483162289304     
   470.54210943660456     
   470.26334022267395     
   469.86582329738462     
   468.14142575760411     
   467.30409881046808     
   463.55180020396506     
   461.89198813825510     
   461.14450404058175     
   460.32558326359560     
   459.67216262644149     
   459.16150650957150     
   458.75905914797795     
   458.40921397035356     
   457.30504107387713     
   456.55740508878142     
   460.27087258747503     
   461.15821519723625     
   461.26773368083531     
   461.84294950668459     
   462.23229864311423     
   463.78043424810528     
   464.84667954529436     
   467.44422309884146     
   470.82933955365689     
   476.36959599632769     
   481.21467745985285     
   480.76806189463156     
   486.32053888292756     
   493.45788067651557     
   500.90480830095908     
   497.01066993005270     
   504.06033727572333     
   505.25728041775977     
   501.49757147189393     
   497.97529923229632     
   491.41107489078939     
   489.54405850324184     
   485.28744605840603     
   483.99367224426038     
   475.30510307225302     
   472.17976486849051     
   467.46868784698989     
   465.03438170739906     
   462.93409435005674     
   461.51469512284291     
   460.75394971966000     
   459.95136397878275     
   459.47321010599586     
   458.85438444039897     
   458.56331047443081     
   457.95884728842469     
   457.69264392667475     
   457.14113183392732     
   456.67860756093881     
   456.42693618235643     
   454.96912539585372     
   453.82751145900272     
   453.15894579606794     
   452.71925100678664     
   451.91626386212675     
   451.31567643629933     
   451.65074738038243     
   451.52081392302796     
   451.37966643243334     
   451.07915714005424     
   452.87103800542138     
   453.23929080511130     
   458.52735534221989     
   460.29583056478322     
   460.51084318636020     
   460.64901412441139     
   464.05024793775334     
   465.56351538092986     
   473.11075033886419     
   475.55329411909707     
   477.71162472722136     
   478.99972383493929     
   486.17338405279190     
   489.43690920703995     
   481.46377204610963     
   479.91488581358391     
   475.17609361712539     
   472.05335428064217     
   468.23064136832630     
   466.63269376764293     
   466.22930003028489     
   466.23799263035284     
   461.89405209514535     
   460.31745882790102     
   458.27974059420586     
   457.27312483314944     
   456.20170463850059     
   455.26363239913570     
   455.64472202752876     
   455.36045263067479     
   454.07469366111656     
   453.23367355038158     
   452.53736928733912     
   451.74837295420338     
   451.96021089473754     
   452.00901369218923     
   452.05516984235936     
   451.83921688619409     
   451.29504517857492     
   450.65759784048862     
   450.29325547764591     
   449.93119495967295     
   449.12349517382711     
   448.61333120681257     
   448.57966158258881     
   444.19320003991629     
   440.65941196627591     
   439.09692405817333     
   439.37073798760457     
   440.89016116980031     
   444.35129942459747     
   461.52004733153751     
   481.14818730233532     
   498.20543527349389     
   500.63735482049492     
   508.88633417810979     
   523.35463863803955     
   521.51584152319538     
   536.10669062341515     
   539.16245610137582     
   538.38530970723173     
   557.29203091411455     
   571.77444318443338     
   571.08277001750196     
   556.43578155147623     
   558.13093473683159     
   534.80163214756453     
   517.47377777812960     
   503.22045898033804     
   495.28942026569052     
   491.12609634243762     
   484.12769530990482     
   479.05066045326322     
   476.37816440535687     
   473.32520487506702     
   471.03739980112891     
   469.55763344622324     
   468.57256792246761     
   467.23703275061081     
   465.44187685890478     
   463.72091800601044     
   462.67888326593533     
   462.27360097058016     
   460.40152942091720     
   461.03393023773560     
   461.62833000102307     
   461.01363616870555     
   460.89458843578370     
   457.74327125132623     
   456.43878377244351     
   455.22933282478436     
   454.36124109785789     
   453.85600238056799     
   453.11081142346012     
   454.02376830176314     
   453.77787571835620     
   455.96580532832274     
   456.44976351821003     
   467.02121176027327     
   469.40106999886359     
   468.25920706017723     
   475.85189016929223     
   478.64868045148194     
   479.99839875885039     
   481.00636573648410     
   481.78065784847740     
   486.63407165553912     
   484.97122881721248     
   506.78794029992309     
   503.97773815858193     
   506.04282915259404     
   511.01894940938951     
   509.34506535147193     
   502.95352169312508     
   492.96230937325350     
   488.88822794634780     
   486.39637070633216     
   483.86563447201291     
   478.62121456088983     
   473.87311734178701     
   471.35541504770748     
   468.72546993541550     
   466.11089438503978     
   465.03540096722844     
   464.35944680495396     
   463.19386978920704     
   462.58563178741025     
   460.33652416060301     
   460.70962710378939     
   459.97246949148501     
   458.91036055070094     
   457.82839682058096     
   456.67705757363325     
   455.50060812198279     
   455.19716708431633     
   454.82449696161405     
   454.12876981095980     
   453.80467510712367     
   454.91598795064698     
   454.18341771918227     
   454.71112706176541     
   452.54746688161748     
   452.97506318539610     
   454.20117003485888     
   454.68346304355509     
   454.00256751401776     
   459.37246654523466     
   464.77093440045701     
   468.42900668390729     
   477.25487948220456     
   489.00121400544003     
   503.26184978733875     
   495.41700646079329     
   508.58573946762289     
   519.26563667624998     
   516.18107916143072     
   532.71285933940158     
   538.90232283338264     
   541.67106140687326     
   539.61347136193547     
   538.19469873837170     
   532.07272000865714     
   527.78281472513299     
   523.22167456416753     
   505.48238303871221     
   497.58969720300979     
   490.52715308038739     
   484.10965991187987     
   478.50550348671425     
   472.32346354128509     
   471.60818036494555     
   470.11476524620400     
   468.51503238980729     
   468.31766688938933     
   467.65631777082200     
   466.72861994517712     
   465.43846040952025     
   465.92628551672959     
   465.65839003574337     
   465.11456492671527     
   464.53334190108313     
   462.78844984499159     
   462.63689891834025     
   462.60884607077497     
   461.50511620058535     
   461.00601246672488     
   460.56320010678559     
   460.20125555534088     
   459.88842819358342     
   459.60731484879994     
   459.44297011996116     
   457.13857812814194     
   457.48706410576574     
   460.36198031690492     
   467.03105596516468     
   468.03731882662981     
   473.96941944873413     
   479.16577776193202     
   499.69681420981362     
   517.04742916517887     
   535.15654461044960     
   533.19503213002997     
   521.28426610521979     
   522.39958025597196     
   526.60598681681847     
   531.29636487474204     
   525.64457432915913     
   530.41618975833740     
   535.31332264753144     
   529.25962746306800     
   527.90833232796751     
   516.93085909251943     
   511.98150741434188     
   504.69846293488581     
   494.40068265479488     
   486.27583051634315     
   478.88627544259037     
   474.59898960864211     
   471.45430744070580     
   468.68428302463019     
   466.75778101803462     
   468.86404138356664     
   469.27349540519151     
   467.60492853513250     
   467.94754607730778     
   467.73015842271138     
   463.60321458281896     
   462.13858958331252     
   461.45039478253648     
   460.69050406140565     
   459.87680419742225     
   458.94799675744798     
   457.17306702327511     
   456.28089040660944     
   455.73125692434434     
   455.23836461699375     
   454.95713979770233     
   454.24910515075231     
   453.79631823623566     
   453.71323829671894     
   454.15677361650916     
   454.92396562193881     
   458.48600307633723     
   463.01069387014365     
   463.76428373274143     
   461.68652931379495     
   463.94594722207978     
   471.06324962892796     
   467.00458406118491     
   473.41776457300864     
   479.96563397336524     
   482.15870132621598     
   477.35689449514410     
   471.12786908681858     
   470.47949787790179     
   470.53859677483644     
   469.43110545499235     
   468.89030581258572     
   468.44841296147655     
   468.19393627247962     
   466.15677707697313     
   465.58311009006690     
   462.30279196462817     
   460.97933654850681     
   458.68271077339654     
   457.46172716854932     
   456.37764783367106     
   455.46147461291565     
   455.60983859968155     
   455.40512906981036     
   454.62497038464386     
   454.13727851658507     
   453.86578401822476     
   453.60222359170302     
   452.82719065715617     
   451.32527034749523     
   451.57630478101078     
   452.70930913269586     
   451.05254798988227     
   451.59569236836927     
   450.27411476555460     
   449.17344718300234     
   448.38914667798849     
   447.93712418987457     
   447.58420595142456     
   447.70748657258605     
   449.32798453884004     
   449.98328722869297     
   451.45604854378962     
   451.88842492507644     
   455.27340774856145     
   465.03715115877856     
   474.25105403272528     
   481.23526409938802     
   492.02753055437802     
   505.33319926270946     
   507.71614241281696     
   525.55639938502293     
   537.69389339898771     
   533.70234239427452     
   528.77725758801830     
   525.35015582451831     
   511.22392736848514     
   507.61916880860969     
   507.65628742148192     
   506.78895912791160     
   501.83132297080272     
   496.22762545038029     
   500.27235945356114     
   496.19767897932672     
   489.04145097365125     
   481.69576714098116     
   474.14170545429113     
   469.78726576324220     
   466.93222786355437     
   464.84712955942371     
   463.83409722426859     
   463.98417010241332     
   463.02502790041910     
   462.79002106174920     
   462.11576112929390     
   461.29357775528126     
   460.55815954294019     
   459.90165447987692     
   458.65065213301972     
   457.82360069756049     
   458.55493264929964     
   458.00177308328426     
   457.26963408077199     
   456.81209046506893     
   456.16286170193115     
   455.55351965129194     
   454.87800664630430     
   454.34345315528446     
   454.27748003496356     
   454.04114919710560     
   454.51638018248730     
   454.41079391074146     
   457.44124162844878     
   458.19591723289795     
   461.10784665684048     
   461.95030954533939     
   460.27231966018206     
   459.58947801869942     
   461.61977116954597     
   462.47031099529289     
   464.39956807226486     
   465.03203716405920     
   469.36041650879361     
   471.39357049930481     
   465.56546083508334     
   464.55270436274793     
   464.77230309074469     
   464.64355335797887     
   462.85316998677814     
   462.25298935669946     
   461.32374552546258     
   460.93440870059567     
   457.95484582225458     
   456.82644744650713     
   455.10776225157184     
   454.22719521669012     
   453.84122255701243     
   453.37251017266669     
   452.79806607085271     
   452.37990436921615     
   452.07499465161851     
   451.85232419257608     
   451.33768177995660     
   450.86959678782563     
   450.30252857683985     
   449.98824835658968     
   449.21158237631107     
   448.47275459637257     
   448.54645454336475     
   448.01853282217195     
   447.39561036040305     
   447.06934805742367     
   446.39875909415031     
   446.05314699206804     
   446.38744903053168     
   446.40297556755377     
   446.05382268667853     
   445.80521180818482     
   445.66419172611307     
   446.70572321289910     
   448.99396031536185     
   450.99185891430102     
   454.46774052450240     
   458.82553081219254     
   464.69149341173915     
   470.53371092621836     
   473.93504595258463     
   482.31708718261615     
   478.69860972452295     
   490.40972121617244     
   493.71679601376843     
   490.62051284690347     
   488.52756438652597     
   485.13863457885617     
   479.71470291729781     
   479.25457807036082     
   478.32572295115290     
   476.51840034238893     
   474.10531738902574     
   471.47064236725697     
   467.97157495700594     
   464.92786466300532     
   461.86121441760912     
   459.74176962092622     
   457.83320456980965     
   456.85351517419389     
   458.12397623236586     
   455.35525550597202     
   454.69563831492121     
   454.00637111761830     
   453.62331893587617     
   453.07251470109179     
   452.54118808969292     
   452.13581526756116     
   451.45394503973694     
   450.93416452641304     
   451.51444437534605     
   451.20084862585952     
   450.67731936599182     
   450.38906511019593     
   450.12852004249640     
   449.89046509548001     
   449.67087306354381     
   449.31447141760412     
   449.62318266895704     
   449.53759705292828     
   449.62353883072120     
   449.86706179807157     
   450.96906623184168     
   452.06126276305270     
   454.58594049682819     
   456.23668550879398     
   458.46460528439178     
   463.31299976889329     
   469.01761552976092     
   469.83320195269732     
   466.33061117535283     
   464.77545206904819     
   464.94134850875059     
   465.28809230915658     
   464.51404534779402     
   464.56555583196183     
   463.52441976367174     
   462.65784806463427     
   461.84105389791807     
   461.69108415074686     
   459.63212489648157     
   458.92517727428003     
   455.55159885187527     
   454.18192475416282     
   451.62472606136845     
   450.28553595868055     
   449.04560955454974     
   448.10076555727358     
   447.44150372471461     
   447.54488825402001     
   447.15635842006645     
   446.84931299380492     
   446.56592427130238     
   446.83623142034003     
   446.61450407129843     
   446.27246558240398     
   445.91454516349938     
   445.50840605394211     
   446.15294954732684     
   446.04478476644147     
   445.56512066656222     
   445.08088186246090     
   444.21001799560776     
   443.25717134977810     
   443.06710079114060     
   443.12289314346651     
   443.24475877935254     
   443.41723015992932     
   443.91123974596093     
   445.75278196825082     
   448.41840643378424     
   450.55700688077320     
   452.63268875092604     
   458.76200396154871     
   466.29602769104173     
   476.05972606814873     
   498.52567526646084     
   516.01671887579164     
   530.20557327078973     
   539.31425274578544     
   553.36131200203909     
   555.42131646806376     
   555.39210630933951     
   547.84808137660252     
   548.14446493677838     
   537.93384601794185     
   525.41966165364488     
   513.24089582652687     
   513.23538398463870     
   509.73599613228663     
   495.45241976583043     
   485.09896679325942     
   478.47721762305417     
   473.84674048923756     
   470.31472919985350     
   469.52173747075034     
   467.78842587129282     
   466.10566553051473     
   464.19665354767432     
   462.01888385039211     
   459.60989725775170     
   458.40840722769718     
   457.60789092619802     
   456.58653359838263     
   457.02178398900458     
   456.20835404583050     
   457.22183535206864     
   456.86571321877636     
   455.35818402466310     
   453.11894518737745     
   450.85596820507459     
   448.74150078930955     
   447.22855479054743     
   445.87608079465525     
   444.98911394547122     
   447.21213696477412     
   448.91031780974123     
   451.79923246719142     
   457.94289654265498     
   466.79516607345806     
   483.16754112974553     
   496.70538844588174     
   505.74013963361944     
   503.39831091146993     
   511.72599366143703     
   521.46087485576277     
   530.53682941756972     
   511.58307282310165     
   521.62595542749898     
   533.61379763593061     
   536.37790106655120     
   537.14780046626208     
   538.53502048681105     
   536.18978782898262     
   532.73369978246353     
   543.93392169251717     
   518.92727019112363     
   504.65568070470226     
   496.44635312537702     
   490.11630153983174     
   484.50282149882361     
   480.00854861863075     
   473.87756325480973     
   470.32276283482508     
   468.36137094432502     
   466.16558498657071     
   464.67966546383946     
   463.61727190473101     
   462.46817492552850     
   462.57314629106344     
   462.75689247765774     
   461.93756070405084     
   461.12245347611770     
   460.07257955555991     
   459.05850594222602     
   458.28860727302697     
   457.38409671848717     
   456.50056434902058     
   454.46819987596592     
   453.58283740570414     
   451.82220262789059     
   453.31600649349605     
   450.66844084086841     
   447.72138083509640     
   447.64254913248845     
   451.13390337359215     
   458.29870721754429     
   467.98970291063586     
   478.33003445354518     
   487.95069579914866     
   498.41006349323004     
   503.70644107292128     
   503.91493877571878     
   508.26561784393874     
   516.95823721709030     
   534.19343283136573     
   543.22518071169941     
   536.52869080543610     
   534.88377558091588     
   527.98673537166883     
   522.68938855438887     
   515.80171245419831     
   513.89890549106019     
   507.70396516521163     
   500.15347904809693     
   492.73648172641003     
   485.62829807649450     
   479.17231390619412     
   475.06672518354259     
   473.45363479660847     
   473.16487705504670     
   472.39646603644081     
   470.81690984318072     
   469.77092190356871     
   469.09371606697778     
   468.16302335979339     
   467.04422092991297     
   465.70594668856785     
   465.11518284632223     
   464.99900782404575     
   464.74827347476742     
   463.50074604556721     
   462.41723617006539     
   461.56561801668181     
   460.65165954757475     
   459.85094405003912     
   459.05192316059481     
   458.35583852135881     
   457.57217139400137     
   456.02747821869320     
   454.47171620591701     
   453.19095052793472     
   452.82474273485673     
   454.93612449039205     
   460.12169931654211     
   464.59824769995151     
   470.99860865747087     
   480.14747846079973     
   492.36283988839801     
   494.50289516140327     
   504.39501330332024     
   509.70464478094902     
   520.85964037507927     
   534.76576352112988     
   555.18764466891025     
   567.79106807489200     
   558.36843481424808     
   558.12366451296896     
   554.69125076367504     
   544.80871749170194     
   535.26243913987003     
   523.41725777980480     
   516.18597859759041     
   508.00909026625266     
   500.38562317135285     
   494.37683578395064     
   489.33258322578723     
   484.87403764035241     
   480.80784116832933     
   478.22684465868059     
   475.65210982377619     
   473.26626660126828     
   470.85600717842027     
   469.31791899899235     
   469.22076226639922     
   470.36488137764701     
   470.01862107784882     
   468.88343477703575     
   467.64552906127039     
   466.16107039344007     
   464.91591028814179     
   461.88649779993591     
   459.62642412245475     
   458.10962741151735     
   456.91303670313368     
   458.06396824260969     
   457.59024738270119     
   457.81594806311369     
   456.13690713790555     
   454.91327513560054     
   455.34988962288571     
   458.08505775647512     
   463.29887491057656     
   469.54973284998806     
   478.77405936786613     
   494.29276870218786     
   500.89249472397728     
   509.74838505407467     
   516.07737205206843     
   520.43566649736147     
   526.18696568901169     
   540.17979740233636     
   532.74288914214469     
   533.16879184546588     
   524.62501570266249     
   518.23592750365947     
   523.32132800131990     
   525.72956131445756     
   546.65355159403839     
   528.12436374027141     
   514.05789599138370     
   506.78225846420776     
   499.17835372685812     
   492.60443953388597     
   485.06103271468157     
   479.19921371980331     
   475.95360982667228     
   473.31830495035939     
   470.93644606514471     
   468.71189612770934     
   466.54376276587499     
   465.81942215919537     
   464.37269611503319     
   464.25570293241526     
   463.13714870351060     
   461.35276830412624     
   460.36984869167247     
   460.64107452939919     
   462.31667903245875     
   462.05124315926184     
   462.43827657564196     
   461.19199068364168     
   458.60153160739702     
   456.68415214854747     
   454.79825761613318     
   453.58826034092226     
   452.64459968265464     
   451.69911497938841     
   451.49611402177953     
   455.65396055282935     
   460.54277447124747     
   466.62514975817948     
   473.35592109246215     
   479.27744222005737     
   491.86949813449201     
   493.34666301678749     
   498.22767018194060     
   508.64203131138726     
   512.54052655095643     
   510.35204805391714     
   526.25594337625182     
   533.74961729016752     
   536.69938212664636     
   523.51010561960197     
   518.00445371292165     
   514.69144024025309     
   511.40918819652524     
   505.94864456423642     
   499.93606399606142     
   489.32969911987067     
   482.75792569336693     
   477.26790710905749     
   474.53712720617852     
   472.67358466619106     
   471.26920789831604     
   469.89903781267532     
   468.32025039980061     
   466.18964571235415     
   464.87810385180256     
   463.69873071511051     
   462.59728547998697     
   461.58535185748656     
   460.83540858512316     
   459.81541186220767     
   459.16571639231444     
   458.99979094004158     
   459.79493325812103     
   459.73984634864735     
   459.12983640960078     
   458.45230376586670     
   458.42133106848217     
   457.04223332527278     
   456.40925029433464     
   455.79605298416016     
   455.91883553979886     
   456.21855678566965     
   455.71254321096126     
   457.42833001535729     
   461.38229108169367     
   466.68887901061578     
   474.85991681435149     
   483.28493749502383     
   498.13569977312198     
   510.89059666165974     
   517.66519947434165     
   524.67426738300969     
   530.69331460938849     
   525.85411670779467     
   541.23115720252747     
   547.12672485297333     
   555.70679197551351     
   536.47771800318480     
   525.85064626826147     
   520.31703192509804     
   519.73422666340969     
   511.83351705895473     
   502.45854696981888     
   490.92443781153025     
   482.08396262119118     
   482.93896683467068     
   478.31116852968552     
   475.52808031434245     
   473.26493771746368     
   471.42007918554947     
   469.62727566978555     
   468.00210080399251     
   465.16558951776375     
   463.46228355120888     
   461.67887124915876     
   462.05301979277897     
   463.55011490079232     
   461.41297453142437     
   458.72411914193077     
   457.79368538266715     
   457.71643032262398     
   457.30524591130745     
   456.83333720510353     
   457.13373408604087     
   457.05882105286003     
   456.70749902852441     
   456.73669766923155     
   456.10063301705696     
   454.88293328127537     
   452.66382968346807     
   451.88816214262408     
   456.43105996952238     
   460.00091788279190     
   463.31445072366915     
   470.74654810853878     
   481.52489133322587     
   494.20076195031288     
   513.57904934885630     
   529.02656971581973     
   526.78970658172432     
   524.92897388457152     
   529.30790656383761     
   538.89074726758417     
   541.21009913588034     
   532.84699747558909     
   537.85216047657912     
   534.57078175504546     
   520.27281489807535     
   506.03977102406134     
   511.54412130108011     
   501.14483198725770     
   495.67992404602830     
   490.91213318170287     
   486.91086743572043     
   479.27303315139795     
   477.41554392824258     
   474.47869692127335     
   473.31298859786330     
   472.32690028322958     
   469.33955934868931     
   466.04357478125951     
   462.84115977521304     
   460.45613812206017     
   458.56252492900762     
   457.58300044584570     
   456.77725880885072     
   459.30915560144257     
   458.41699589004230     
   459.68650556725817     
   459.02882227694636     
   457.12439936917349     
   455.54366321104891     
   454.51003030773711     
   455.36891910074598     
   453.55092236837629     
   452.50924367912273     
   452.82758386117700     
   451.66166196543946     
   448.69358785880161     
   451.55234583923215     
   455.48604052541111     
   460.56019568733393     
   487.55235750448458     
   496.53511090262884     
   518.97007095604465     
   531.29019743453239     
   545.97847396244049     
   564.48160793384375     
   567.91194434532395     
   557.86314286383845     
   554.11495688126001     
   572.53495277512945     
   566.74975383505932     
   565.14039433513267     
   557.46776588367800     
   554.02627550675550     
   553.38383251628625     
   550.62014522817060     
   542.51771574680879     
   532.64329491287106     
   518.79478152978629     
   511.13112154401949     
   503.72167545492067     
   498.51143260596001     
   493.95018186302417     
   489.20325354386068     
   486.55519933198292     
   483.68551993969982     
   479.37992067647241     
   475.44763254772704     
   473.15648947923034     
   471.21171426790590     
   469.71597067493053     
   467.99376766020237     
   466.34614390992465     
   467.36687868783594     
   468.76553888984529     
   465.61953787943202     
   462.82352165656818     
   461.13234859855697     
   459.61858917656048     
   458.14739269063159     
   457.09781662790238     
   456.48862899774167     
   455.41812702463972     
   454.69521335644941     
   456.02116548544808     
   457.83816301287544     
   463.06225511605982     
   475.54917040312642     
   490.97502190571907     
   501.66364628059972     
   515.74691700361370     
   519.24746348652582     
   537.04824081722052     
   534.58921175702483     
   553.06907535142250     
   562.81879874840206     
   546.99077291832828     
   551.87691651417856     
   569.76849083548143     
   569.42203061432974     
   553.58883995298697     
   558.61294388690953     
   554.60173636596971     
   548.51842944211512     
   543.45651588726207     
   525.12336568572107     
   511.29260278558661     
   501.21701296196790     
   493.69512112432471     
   489.07581565770420     
   485.49522503070011     
   483.67117688520847     
   480.68420150440289     
   478.20872303260853     
   476.40124758174647     
   474.79888513450408     
   472.55000476016858     
   472.63628274088438     
   470.93592889269479     
   468.51609471302208     
   467.56786249018904     
   466.19372629687018     
   466.12850722041117     
   465.37115017453800     
   462.68871571700396     
   460.93711086422297     
   458.78707590342884     
   457.30817340117335     
   456.00428368531772     
   455.08561670556020     
   454.41359359477565     
   453.86662920643039     
   454.12421326128253     
   458.06277884795867     
   463.56877054932789     
   474.85412477665159     
   490.09166772238439     
   508.59724633109488     
   520.62871105010379     
   528.52617102231443     
   543.85050404065294     
   547.17658699275341     
   547.90943247463520     
   565.92646439739758     
   576.59507145338921     
   549.05642377156767     
   560.17092692096037     
   571.13660521780116     
   557.61987801247801     
   540.12405745315357     
   537.37086946507679     
   532.81513764416127     
   533.75724153124554     
   525.51077677205876     
   507.91163620155584     
   498.86895616540812     
   489.96658390103158     
   483.82093632557030     
   480.55515485505168     
   478.13205413882008     
   477.48494008471988     
   477.11823513067833     
   478.24272818926005     
   476.80456692670026     
   475.88916692526891     
   474.48740258881651     
   474.25189656760733     
   472.18667688653193     
   470.12559085488277     
   469.09899191443475     
   469.33271576487834     
   468.69046115076736     
   467.97955451025831     
   467.30749538790286     
   466.81593099409179     
   466.49595599622643     
   466.71844024203045     
   466.29861965644835     
   465.54380867755651     
   465.53015068614167     
   464.93306617706583     
   466.03786810191320     
   467.03975791617148     
   466.39818292992629     
   464.61776515862067     
   462.34699571660371     
   488.75023551860579     
   497.78190382109227     
   503.69118588434890     
   507.31227296632289     
   514.15096725281751     
   516.58739413090143     
   514.16798135977228     
   513.06021493499918     
   495.28384886932764     
   489.37803520590495     
   483.89236326579379     
   480.60543394705616     
   479.02047597379413     
   478.13741647023255     
   477.03077854513202     
   473.45561369596209     
   470.54930573255359     
   468.13360977234618     
   465.66461845115947     
   463.55577920655622     
   460.55732963563526     
   458.86679558384003     
   460.90759279481733     
   461.51370385314050     
   461.22710871110331     
   460.05479999387774     
   459.90264973543822     
   458.94772145368569     
   459.17870476831882     
   458.21229716265293     
   456.16025209815160     
   455.24205492728157     
   454.15838055188618     
   453.05536054746909     
   451.78526577988805     
   450.94710904937244     
   450.21351688350762     
   449.56142545686117     
   449.07149992884780     
   448.43575123062271     
   452.37967617840070     
   453.61293986002727     
   454.07062078821463     
   456.58816718604493     
   465.88461128239038     
   477.96932246779807     
   484.34283555166758     
   489.62679365372020     
   504.57078795157378     
   505.63979938678096     
   510.64607136860099     
   534.84538473673740     
   534.61305080166403     
   524.10000260078266     
   521.92359867100481     
   539.59165653710545     
   538.45984881702702     
   522.56254950220659     
   556.41667089166003     
   528.69666668870593     
   539.40511117774383     
   538.23580539678505     
   519.61732915072457     
   506.75654076803960     
   498.30313398233676     
   487.89240871804918     
   482.39341742011300     
   478.53775346113605     
   473.77215795612909     
   470.86805381844238     
   469.62196472408704     
   467.23450794116428     
   464.90484749225851     
   464.34849288610735     
   465.13480129886807     
   465.17219066201966     
   463.92320944877724     
   463.04049648435324     
   463.16972785832155     
   463.54481815957297     
   460.60909496203209     
   459.19349410229796     
   457.72360880760692     
   456.89748375539460     
   456.15673533006395     
   455.30329074847401     
   453.83721276976161     
   452.97891345263122     
   456.47322356623391     
   457.08932286869953     
   457.34776616864042     
   460.84434947135895     
   465.55278298553236     
   468.68720833866627     
   471.45753121413588     
   488.34303656331213     
   491.08565475839663     
   493.54454246102654     
   497.88058864367872     
   502.64876434192905     
   507.51476233064852     
   512.39776035396642     
   502.66796167329181     
   517.73222156273255     
   507.87717089058094     
   505.95778576305008     
   505.29861791073210     
   504.86939265985234     
   500.51104080220824     
   499.10445436495445     
   489.23730569582978     
   486.98039085420004     
   479.95721637934230     
   476.80600489717966     
   472.46089408702341     
   470.05550419490856     
   468.08868384335256     
   466.63200193576654     
   464.85492905363287     
   463.42690633516821     
   460.63956068223314     
   459.07919060836628     
   458.35513554683558     
   457.50990640197415     
   456.24182088175939     
   455.38610989951565     
   454.86536917955283     
   454.17601765145025     
   455.63787492268079     
   455.29350045123613     
   454.99853982687677     
   454.84278810847729     
   453.85207211195785     
   453.34491425063254     
   452.26749683709170     
   451.51806224276754     
   450.15390361302667     
   449.37028521091838     
   450.77114016610443     
   450.93951509449113     
   459.96307048446761     
   463.07819424470142     
   471.05730568564161     
   474.20601366527262     
   485.62029204431576     
   475.34039060838626     
   472.16177752135593     
   471.01897367412403     
   469.93316017028644     
   495.64327831817678     
   507.14590458470053     
   511.72125017670339     
   501.50420264897201     
   500.51137126837386     
   501.27216155656527     
   501.00615639375826     
   494.36211000196869     
   491.76287568728168     
   485.24066167843216     
   484.51183971461688     
   475.99523293667198     
   472.52394156037428     
   467.39543362119650     
   464.68595430721268     
   462.80108091254561     
   461.16628310266384     
   460.01470645345290     
   458.87236869539061     
   457.06785574072086     
   456.01631632615363     
   456.00406673050406     
   455.47698575483230     
   455.33838086895275     
   454.92464107727255     
   454.43579122664704     
   453.83869663665166     
   453.86478552633906     
   453.12846072989038     
   451.45479038187511     
   450.67385316058852     
   449.96488405732316     
   450.12364480600820     
   449.96987783609387     
   449.70093735857540     
   449.45572159502899     
   448.32557670671440     
   449.49546432321324     
   449.59711051074993     
   454.50935392373668     
   456.04764732564547     
   465.94847684630378     
   469.56397450880348     
   474.06064097541730     
   470.06113559562925     
   467.90736445387643     
   471.53405956010255     
   514.17571352067728     
   529.60526425926184     
   522.93955473127448     
   523.53544763207049     
   508.54106381230758     
   501.70395514946830     
   501.06813152024552     
   503.22417185603092     
   505.62751849105592     
   505.18091707182651     
   495.04587459283505     
   487.41403789784533     
   479.89330037123790     
   474.09772330835347     
   471.72336385848166     
   468.00214271680846     
   465.74136780881724     
   465.43113355708584     
   464.82481599917764     
   463.10542735457096     
   462.91918558905297     
   462.80546435059239     
   461.91082128972556     
   460.50077678377289     
   459.70700486856089     
   458.97474653006907     
   458.18122916492928     
   457.44412703383040     
   456.70595120114456     
   456.36246527004192     
   455.85392479021829     
   454.71711193933589     
   453.77007304552853     
   453.83152120811002     
   453.44450946777170     
   451.90512265618577     
   451.90967447305439     
   451.53880249993080     
   450.11094279121016     
   449.99177653746398     
   450.98700272375982     
   452.28037666602211     
   454.69388531716419     
   457.53715489960945     
   459.36798904581508     
   458.64432228663344     
   459.61933786163996     
   460.99788049408619     
   492.36731373675894     
   503.03981447412355     
   505.28676617375680     
   508.48029737772930     
   492.27660586463696     
   487.72977814618480     
   494.85143650613327     
   496.16270591163681     
   494.04810388457713     
   494.00813948784435     
   487.34671927901906     
   485.80876935684427     
   475.79388142828861     
   469.48910544997511     
   465.80924833958306     
   462.94455479669449     
   460.78910304830043     
   458.99095035392162     
   458.63337083993804     
   457.68150480661160     
   455.92925591735968     
   453.35113665564239     
   453.08243275727517     
   451.25307593436025     
   449.65625177314973     
   448.97036357158265     
   448.41112393192356     
   447.97885831521273     
   447.93154286613719     
   447.79851412601471     
   447.35079543723424     
   446.51558874567547     
   445.78350070111134     
   444.00695179362054     
   444.05299732935185     
   446.19045562167486     
   446.94686773207320     
   445.41456830593842     
   445.75254798476311     
   448.40279749531260     
   452.22378305900764     
   458.23246137577172     
   471.72321564038378     
   492.04921922283597     
   501.59213782528923     
   518.77833958303506     
   519.37682765824320     
   524.63670809119151     
   517.56604101854123     
   533.89845545842820     
   539.46077504651282     
   543.51070425677096     
   540.73801254463331     
   542.71476067454773     
   544.49896525160489     
   544.15770913501831     
   518.83356240494800     
   511.76857854402760     
   504.56406198922105     
   501.28816810142951     
   490.57363127559699     
   481.25896026735552     
   475.79853166104959     
   472.28399031750467     
   471.03152810854721     
   466.27021717500639     
   463.33921320510547     
   461.57757058409152     
   459.76646899791069     
   459.03498637460467     
   457.26506578178180     
   455.40013905894295     
   453.81451381119433     
   452.77097261375746     
   451.64477572331953     
   450.61341703684752     
   450.85529872976980     
   450.36920792572761     
   449.31383701822892     
   448.20371055115260     
   447.47956408914467     
   447.73896744974820     
   448.40614428317616     
   447.55554047518945     
   446.49343715417854     
   445.45111096625897     
   444.98790784351201     
   447.67594390470794     
   454.85173781743327     
   466.61488710216105     
   483.63633242659665     
   496.95269061796392     
   498.61720418314724     
   511.42174739420750     
   496.11404257337892     
   528.67208565278122     
   516.72769415859364     
   540.98648745382093     
   552.81471779525236     
   559.53286496901376     
   562.22193873263848     
   565.62050144756722     
   566.62700309264892     
   565.75151585359367     
   556.08713795347217     
   549.32749054306134     
   542.16456986307242     
   519.57932548994131     
   506.70111829569601     
   497.02758443117699     
   488.74208109343977     
   484.30702313084089     
   480.43849491829383     
   476.82091632125145     
   473.80391522847572     
   470.49825914475895     
   468.13807750666757     
   466.33069242185633     
   464.20066763778453     
   462.30992677833575     
   460.58092038924582     
   459.22601182967634     
   457.81558499844340     
   456.39536979732975     
   456.28553079250582     
   454.92990046199509     
   453.62517756821393     
   452.93355873420211     
   452.32730548938514     
   451.50928230219955     
   450.69103026946937     
   449.91870506876762     
   449.25524625561138     
   448.68228980639560     
   448.37988466309821     
   452.30902068483908     
   461.68523560838929     
   474.46147875467210     
   488.64184576604646     
   505.14039049405449     
   518.44712034699978     
   527.55370309921932     
   553.86999093592067     
   561.09075356287201     
   554.20528431243713     
   550.37691548976852     
   564.76876143500874     
   561.30687459484648     
   562.58715289780218     
   561.76766427574307     
   536.59795818499936     
   519.73128886584448     
   521.56494320722061     
   526.75738519948072     
   526.46600349809296     
   526.21594722897987     
   508.40386368388835     
   502.67046232840136     
   492.33467961793201     
   487.20494839835112     
   483.51321560504942     
   480.41714181533234     
   477.64216538733808     
   473.85766865879219     
   470.81757690614688     
   468.84601354640176     
   467.56905200603558     
   466.51165311669070     
   464.32274405320095     
   461.76763978763455     
   459.93557150886863     
   459.63602330102890     
   461.20934095941652     
   462.77612064068677     
   462.03652369159317     
   459.35950785662385     
   456.56647651532637     
   455.62878189704315     
   454.28994574181564     
   453.25271542686494     
   452.39756696233712     
   451.76208746096063     
   451.14917129555141     
   453.86319347974171     
   459.93373062082583     
   472.48189567382417     
   487.34994619113780     
   489.69125833575441     
   494.42448098282097     
   508.33223414572365     
   518.99733846890376     
   532.98562785750676     
   527.15287299294880     
   548.69838779983525     
   563.49597079210366     
   533.85176678687048     
   565.07054250870385     
   550.16930625762700     
   514.87826477279964     
   533.37798808743332     
   530.78664028516448     
   528.26434178646150     
   517.91354671501097     
   516.48813728441780     
   502.61427440084606     
   493.68568976522738     
   488.07259688776657     
   484.57312187123887     
   483.30344446114123     
   481.23241811544688     
   477.76026261013288     
   475.28670036128631     
   472.01030966668264     
   469.40400831319192     
   468.04915388170946     
   466.21527231727850     
   465.13826752077807     
   465.51388932256873     
   465.24282340248709     
   464.55006735382091     
   464.38212830812188     
   461.93279124889739     
   459.66315189406413     
   457.91777130157470     
   456.44889631247679     
   455.39223566350461     
   454.65890757814293     
   453.18493495403897     
   452.13793486725859     
   451.23615159144379     
   450.59813279755025     
   452.98799969077260     
   460.44348285378425     
   467.19481320505668     
   470.55466931838924     
   487.48973598856594     
   507.38317987912615     
   528.75280005766831     
   540.89696538159092     
   539.43777379352605     
   548.16830035210728     
   570.38035484119348     
   568.76464540245217     
   565.39023233719752     
   551.54679487118960     
   577.35820449204994     
   574.08682592013804     
   575.58903892629507     
   570.87330797077573     
   555.24244502104830     
   550.75229678663482     
   540.02650024999468     
   512.11482053354621     
   500.48955328299184     
   492.26783359461837     
   487.37802194998972     
   483.73231657272487     
   481.46643983332427     
   479.48765731237665     
   477.44825019466413     
   474.91730619212706     
   473.21455041640877     
   471.15547450333554     
   472.20472393794569     
   468.74556883224750     
   466.64982555147009     
   465.82249402767161     
   466.25755025951509     
   466.27904651650505     
   465.14443416895961     
   465.31621176618944     
   463.19179836583214     
   462.86272390096264     
   461.96465016650990     
   460.51327492780297     
   459.06860318369735     
   457.63291768542626     
   458.42171515931238     
   458.42417514484316     
   458.60051424000056     
   462.56746541473780     
   469.04167423456772     
   480.27634256786786     
   499.92902976670251     
   508.31200739612501     
   508.45715635321221     
   499.42300655222306     
   502.93866019319211     
   507.39939783024192     
   522.02395989242655     
   560.50156457635921     
   542.42249216126675     
   521.91008478685228     
   521.06540747930785     
   519.75937980242986     
   540.06703619716393     
   532.69607039284836     
   531.78765543793941     
   516.76611415981665     
   511.33610184790888     
   499.09281139453310     
   494.57132643870790     
   486.50124290016913     
   482.51694932004580     
   482.01447015670487     
   479.86731349844752     
   478.48300977848351     
   475.69617581599391     
   474.32950032570312     
   471.35592862485601     
   468.98560268334217     
   468.65755473334832     
   467.80267934971317     
   467.94169719310526     
   467.32465323870360     
   467.24450917959041     
   466.96362386382134     
   466.76805385924609     
   465.65401657634663     
   464.52497265205460     
   463.33343744527906     
   462.09721701821161     
   460.35503340849255     
   458.26792077007565     
   456.84829879058282     
   455.88499603267246     
   456.99101744255842     
   457.77236329806072     
   464.69603984157436     
   475.27279005268758     
   486.55707829051823     
   500.56797669773732     
   505.41176853601689     
   524.03843377702560     
   532.95907581734525     
   544.75667896187883     
   554.84700171068368     
   557.48585538386658     
   553.90375986871584     
   580.37204829960274     
   584.38664855302636     
   573.40172408533294     
   577.71663006974677     
   581.53422535087816     
   573.03932683244500     
   554.49560969004881     
   543.51072796853487     
   519.64612005649906     
   505.41638210669686     
   497.70170345376289     
   491.21456739500019     
   487.05917481060044     
   484.96726132227735     
   481.89673619569191     
   480.15977600435599     
   477.31229800332540     
   473.63399019514219     
   471.11804929494446     
   468.60820680312230     
   467.12969657963004     
   465.21915866583282     
   463.87342679265601     
   462.89610688386352     
   461.42823839900728     
   459.92185474179581     
   458.69962340025489     
   456.94855041859546     
   456.20167927050926     
   454.65221291064137     
   453.42677155128303     
   452.61255450198166     
   452.02037872079330     
   451.48081955860238     
   450.89827098913736     
   450.54708722207636     
   453.45971682596115     
   460.99351976074399     
   470.51303894242727     
   479.28058099745425     
   494.75854531528108     
   505.43638310780398     
   520.29548895798814     
   533.31200899739736     
   538.95668125939858     
   561.45460790676213     
   568.36973803827311     
   572.42718147321330     
   578.35628769531684     
   573.01996146991030     
   568.49783623683663     
   574.01955032088119     
   564.91705101203820     
   545.91996623793523     
   545.63904337851977     
   542.94607259648001     
   534.10328595044757     
   516.19305403951898     
   500.75924344610468     
   490.60497292076832     
   485.02892415266365     
   480.84773574049268     
   477.92199776179052     
   475.11242196331528     
   472.89214645349739     
   470.43459380350799     
   468.36998392957133     
   466.30021416960409     
   463.92645562232747     
   461.71836344120737     
   459.94363382015626     
   458.67798996744648     
   458.89403163042471     
   459.54958181664591     
   459.28433320604734     
   458.75260668931293     
   457.48196286370631     
   455.24026426489894     
   455.49531814928497     
   454.53911662250505     
   454.18158572254248     
   454.44432093484625     
   455.01065861496886     
   454.23574935051124     
   454.64616251519590     
   458.53912318935664     
   466.51794433587901     
   481.32408358474413     
   497.45193966526045     
   512.20334005542225     
   517.24872764589657     
   531.38332493580072     
   545.42511365692440     
   541.91423085378744     
   555.53567776298894     
   560.77913055230249     
   560.46439304982914     
   528.60637412562778     
   516.87398137335720     
   510.52742601440207     
   505.73074630722033     
   499.23787397911582     
   495.67110754333703     
   492.95421758126150     
   487.49300041257248     
   481.14333072998795     
   478.00937094897074     
   474.89644388571014     
   471.83870974132776     
   468.79664003003717     
   465.95317855005982     
   463.21026308602757     
   461.54669040803395     
   461.68683544655596     
   460.68929202778315     
   459.48052472480595     
   458.35808138422499     
   457.29376428872513     
   456.78961172870237     
   456.82577720669332     
   456.43278305146271     
   456.87862939193764     
   456.99311941014895     
   456.41198547130506     
   455.39643295847628     
   454.88714488407305     
   454.25276135679690     
   454.03302388640185     
   453.59428620221831     
   453.05821439771256     
   452.82933356994488     
   452.15326289751107     
   452.59336561444695     
   455.86497639198501     
   461.70308415641369     
   468.56778210158114     
   477.16316878620393     
   491.41100269612673     
   501.07774177087595     
   502.79804113352043     
   519.46977237782232     
   520.09836849815542     
   531.06705708410482     
   545.39605513806441     
   560.68157408269542     
   552.60858162440991     
   564.93209416107641     
   557.15748242841789     
   560.62708609267418     
   548.48473953232678     
   545.13520104156635     
   532.46632771258555     
   521.30290181512817     
   507.26368590827320     
   496.36575395906050     
   487.72869402486833     
   482.61559205204640     
   478.20230644154753     
   474.71814595254779     
   472.75653849692640     
   470.50948191493927     
   467.64751863905326     
   464.94069659571716     
   463.80773238624948     
   464.18245784835369     
   465.04435833478738     
   465.00471073065239     
   464.05056340496350     
   462.81967034023057     
   462.51608721727564     
   460.78077550314265     
   460.33122039930674     
   459.70295768772905     
   458.90006202114751     
   458.08405962054911     
   457.84902813409587     
   457.72940594586186     
   456.82971082711441     
   455.93012201905742     
   455.51725922027941     
   454.94057045807602     
   457.52919269849787     
   458.12872556128639     
   458.65206136162755     
   458.60984429844700     
   460.72046563268600     
   462.36880406031935     
   464.54264678563123     
   466.98611613635711     
   470.85272804345561     
   478.07771789942808     
   475.77341096908884     
   477.25881734708844     
   479.56675448937693     
   481.82726982269753     
   484.94091670276089     
   489.80272920790827     
   489.02289646414204     
   479.48490230285404     
   474.56521731180555     
   469.65570134866630     
   462.49780259024840     
   459.35056293613138     
   456.84914618320784     
   454.07894541367830     
   453.50312345339756     
   453.05743518847987     
   451.94800513403771     
   451.60827043940770     
   452.21210354710814     
   450.48051062159630     
   451.28880508739286     
   450.27943431036897     
   448.46711581888985     
   446.86249858231463     
   447.73592833154083     
   448.41389417916571     
   448.76368703146778     
   448.98384479377199     
   447.12486330771185     
   447.15003636947347     
   447.19487739225247     
   447.53359262030307     
   447.16665061104686     
   446.76845457497905     
   447.41951596468476     
   447.27375836351109     
   448.56751093142515     
   448.84325816203312     
   456.05699507991483     
   457.28124118586817     
   455.84820651273759     
   458.59571484631761     
   462.74130243967625     
   467.41268592405521     
   475.65272584189307     
   485.42532407847301     
   488.75483665755809     
   492.90334724457568     
   499.31723579593205     
   507.35411011976061     
   525.32877258761744     
   540.08715174441261     
   534.16331381296379     
   533.83527966042436     
   525.88221803987858     
   514.91210885601106     
   502.36196169439114     
   489.14356357056801     
   482.78075091310660     
   478.66170759088419     
   474.90938707268873     
   472.08414387374825     
   469.68968932645367     
   467.71512375776410     
   466.33758180059505     
   465.53611366308905     
   464.61292043034615     
   463.74932953160231     
   462.94359811223654     
   462.21782625968820     
   461.53411433748852     
   460.87359341350350     
   460.39749717897564     
   458.86606833095311     
   457.06729145849044     
   454.96400565975887     
   455.41922322203214     
   454.61333993465968     
   453.84169339746933     
   454.41914046786161     
   454.49066276441039     
   453.89328707558025     
   453.67421986145854     
   453.19125011718040     
   452.53603378008887     
   453.37406203155984     
   454.70027000921135     
   457.00698247961583     
   459.92761654560445     
   464.73181314566875     
   466.42279095451107     
   471.78768864562710     
   477.17410030919467     
   484.89865769276224     
   491.93677983125627     
   496.76572652943128     
   496.33259143365262     
   490.65120408941846     
   490.74843643720442     
   496.20511950843331     
   496.55606378164032     
   492.35412693697708     
   491.10133086532818     
   486.11483135830252     
   484.13744319898382     
   478.80476390303937     
   475.19527730157233     
   470.99393582473374     
   466.47637553997902     
   463.46909852348904     
   462.85318468873567     
   461.56642806571415     
   458.98233050402780     
   456.95752880613816     
   455.82013147558968     
   457.12530558196443     
   458.29353970313889     
   457.79495484312395     
   456.96311023607353     
   456.15896614150938     
   455.76763885288682     
   454.60995182796967     
   454.42457246840723     
   452.04068843175617     
   449.15664756179694     
   449.26106943705429     
   450.25496927058703     
   449.40648247467880     
   449.20124045602938     
   448.90301024562814     
   448.33067905666024     
   447.75745902065631     
   447.39601432065240     
   448.28737778270948     
   449.84759839667043     
   453.89995037627966     
   460.86416026131735     
   469.44775895150286     
   474.18910134880809     
   472.62904323786762     
   479.62446003245122     
   481.11556206379214     
   485.18204897269641     
   499.91356677762332     
   496.63439453329147     
   495.17589506490532     
   501.58077463256308     
   509.26830572634401     
   495.13836318226424     
   510.26178887314120     
   491.54381130385133     
   498.90758243628005     
   490.43776030659672     
   483.64539585142637     
   478.45963656199609     
   470.68041768256546     
   466.36204642766097     
   464.68227277950899     
   463.28946528293619     
   460.87731517541079     
   457.93538526965921     
   455.59025229070772     
   455.10090225127271     
   456.13380359668156     
   455.13116213554173     
   455.82561064225416     
   455.68252191891418     
   455.34761505584527     
   454.92036139606779     
   454.43961195827058     
   453.89043196565257     
   453.31687550980888     
   452.41366110213204     
   451.96928486424889     
   451.52615225787247     
   450.94494873667566     
   450.46418806480767     
   450.09381171991885     
   449.74830466621114     
   449.25432359909132     
   448.81174787765497     
   449.74372156903081     
   452.65689788355286     
   461.61468482544262     
   470.85178624714115     
   483.75739630492518     
   496.44395270075410     
   507.76761303820950     
   521.47777486694872     
   535.39179219445350     
   539.76133655549518     
   552.63037677637806     
   546.32198014210928     
   558.71791699616460     
   559.96483098675412     
   557.39917310283681     
   551.59787555349124     
   556.61303731620069     
   538.54230502087557     
   521.47886615750315     
   510.89652966777015     
   506.66453447470610     
   499.78075774782081     
   486.66222712674841     
   478.69236889984097     
   474.99814959587445     
   472.33333574275383     
   468.02515078233859     
   466.47815246127374     
   465.26585524079422     
   464.29815284749799     
   463.66263788019336     
   462.60138179774981     
   461.40100435515950     
   460.08985488495887     
   456.42913435884424     
   451.12578030603572     
   447.99435839410518     
   446.64604541238486     
   444.72160620983539     
   443.10556386199994     
   441.97828661879834     
   440.91839224234081     
   440.05625662396886     
   439.21728961631902     
   438.45173425017362     
   437.90868619754673     
   437.10571261929630     
   436.43513762939148     
   438.57714593698324     
   446.15673151657120     
   460.94395871472983     
   468.35168837525185     
   483.60650262278011     
   496.71404753519914     
   512.99141553365757     
   525.52479117605731     
   536.12520542510686     
   545.17060316066090     
   547.01696811198804     
   559.27149641007964     
   564.87075857061404     
   569.57045851185012     
   543.58730085539776     
   542.09678902345297     
   550.85010420984918     
   549.12292236257952     
   536.46928000291734     
   527.22340342620600     
   518.22625045247275     
   500.10400572560934     
   493.20658711979911     
   480.59974451550340     
   474.67578586978630     
   469.54582217858029     
   465.89958241006684     
   462.83643324831775     
   460.27569167474991     
   457.62679137276854     
   455.60506119698306     
   454.55494956551848     
   453.36755159404305     
   451.42065106947223     
   449.85796923566778     
   448.76414278322966     
   447.88667698429424     
   447.38167032795565     
   446.25036509023653     
   444.24057523962574     
   443.07428253819751     
   441.81975758988830     
   440.87980284668834     
   439.21674482812597     
   438.00789465540282     
   437.66202994948213     
   437.33347838547189     
   439.01229094617560     
   439.26674548785513     
   453.75175571213737     
   458.85391900497393     
   477.80541014084218     
   484.09701990947821     
   502.71147088597036     
   509.97925858680031     
   525.52279465620245     
   533.04788094039804     
   548.20713653538371     
   556.05745311367514     
   559.43624733522802     
   564.51471037404224     
   559.51881152917474     
   560.72355877699340     
   559.89990495524285     
   558.21279237274643     
   545.28675256475447     
   542.55307069887726     
   523.43613124017895     
   519.11897433025354     
   501.29753200255902     
   494.07844982609720     
   480.38411676784369     
   473.70813645137702     
   469.65233849780805     
   466.22668758085575     
   462.61225063833729     
   460.05954394255320     
   456.39818596126219     
   453.86832714200153     
   452.25692144311489     
   450.61919292211712     
   449.41074237220460     
   448.42093759577381     
   447.92538269267152     
   447.12367394963707     
   448.02062171632213     
   447.17082637002534     
   445.86021419773556     
   445.09106674187620     
   444.01980184116940     
   442.96302960203212     
   442.28943429889944     
   441.91952777463933     
   442.01898602521192     
   441.64831200977915     
   442.70864352779552     
   442.78981604430999     
   455.11877783902304     
   459.81015144279434     
   478.06194514924152     
   484.78248727345215     
   502.54921560376101     
   509.84619887381371     
   522.23988450681418     
   528.61483849877709     
   541.78286831401965     
   547.51366944821825     
   550.72048191857994     
   554.52616149509879     
   548.28558881621325     
   547.83172716099807     
   546.04923034174419     
   544.04897070334187     
   536.00055282501819     
   534.33613635064364     
   520.37904482963404     
   518.07144886885897     
   499.74453023771360     
   492.70074870142344     
   479.92844435077774     
   474.09636441847215     
   470.21998919463630     
   467.13542348011458     
   465.12574183310562     
   463.18183791455397     
   461.14245987824637     
   459.34485406707353     
   458.44324956312909     
   457.42748776223345     
   455.76819378454934     
   454.60266093890942     
   453.18194704136840     
   451.94795937701753     
   450.48215490772657     
   449.24928636360943     
   448.18965897345890     
   447.34680990031688     
   446.25112983311510     
   445.36683212716002     
   444.98422344632991     
   444.40565671499792     
   444.39710010713782     
   443.91606133288252     
   445.33975049431376     
   445.46648579811546     
   456.63267005265226     
   460.62813130306483     
   475.43837161920510     
   480.58174260442985     
   502.09108332361649     
   510.83541215711148     
   521.39772238837816     
   527.00273383811668     
   540.45711495469800     
   546.78221390356805     
   545.17964097402717     
   546.75021515113826     
   541.06695793883125     
   540.97065736829882     
   542.49090188863863     
   541.29797311171137     
   533.10767027767110     
   531.06317632805110     
   514.50510429650080     
   510.73353854462238     
   495.68777998693059     
   489.60004386234857     
   477.70348192996084     
   472.23666870213356     
   468.51308076376023     
   465.55952293218451     
   464.55465615401846     
   463.26494631753127     
   461.05129170627589     
   459.36334848361952     
   457.33064740546075     
   456.00017713892589     
   455.42741310545597     
   454.71854708107088     
   453.36118552096980     
   452.31977659660078     
   454.27322925465165     
   453.97950679480471     
   452.34589471682500     
   451.47323953116279     
   449.94045684515743     
   449.09877964282856     
   448.47828047933729     
   448.04168919969572     
   447.65215219967382     
   447.26345446799286     
   448.49581927345167     
   448.50495412061338     
   461.38692027435400     
   465.87789694161842     
   483.94494302453916     
   491.26488484070705     
   508.97302458253012     
   515.31700292759535     
   524.85686155253813     
   529.54124207663847     
   540.79410070630126     
   546.79144779379124     
   553.83843344137767     
   558.26446091806122     
   560.72227034118043     
   563.68888232432710     
   552.01324477248284     
   546.74589767167834     
   530.88096414073789     
   526.59669315790245     
   512.04019065428690     
   507.97146428258935     
   495.63928810491308     
   489.97622614655268     
   481.78585205465458     
   477.53922162990727     
   473.67250712206931     
   470.83353176661149     
   468.70626095967884     
   466.88186741274274     
   464.60835241111840     
   463.25616182688651     
   461.66886043924200     
   460.23560701916023     
   459.79297645599598     
   459.17267173614493     
   457.98290526815350     
   456.92749686609091     
   457.64378809370419     
   457.32446592333599     
   456.30405594290863     
   455.66333192485530     
   454.72846181194797     
   454.26837756907679     
   453.98537038765039     
   453.26315075630123     
   453.24956759193185     
   452.97812816218902     
   453.06994359866746     
   452.71744337280063     
   456.59353698703637     
   457.99556874970625     
   463.82276441745273     
   466.05943248530036     
   473.96764759928550     
   477.19711341256516     
   492.30343476190592     
   498.19539485667275     
   511.36115398372539     
   517.01528746241513     
   522.84211303888651     
   526.52937199094868     
   538.85952533351679     
   544.55100603545941     
   539.35080551138640     
   539.19597400946782     
   530.68603622505236     
   528.92099615560994     
   513.70970573165880     
   510.08372325663612     
   497.08621493092897     
   491.89934486855412     
   479.75166988973524     
   474.53014907701311     
   469.81256273358827     
   466.39418600780482     
   463.90232882015175     
   461.69330949393725     
   458.90690075052458     
   456.74208058760928     
   455.58746042371189     
   454.47125856869013     
   454.03063587496428     
   453.04439550189062     
   452.44125427451917     
   451.53162637221590     
   450.10021658878276     
   449.20152885414166     
   448.21633939131226     
   447.53701112900330     
   446.37335345634636     
   445.58120451703405     
   444.93166264181087     
   444.17775200302168     
   443.55526880851932     
   443.07985249379027     
   444.03288269747759     
   443.94904254789776     
   458.55734440199114     
   464.06586710863735     
   482.44713003578198     
   489.06874576787953     
   508.45179816914674     
   516.30526561375643     
   533.13671694073696     
   540.97945771735283     
   551.45351071737082     
   557.59743892012443     
   559.94452769137649     
   563.24342710152132     
   560.41865327156643     
   561.19876154797782     
   553.63639556510543     
   550.18086406033433     
   537.86041593532570     
   535.03545903742440     
   519.66484585748071     
   516.25945037673296     
   501.86033430887932     
   491.17007761833224     
   483.55788751659406     
   480.32093313153626     
   478.29123529901710     
   475.56275375477981     
   473.74411751542925     
   472.08512030601867     
   471.40509504372255     
   469.48203100771968     
   467.63510398148441     
   466.30592187334548     
   463.74085584459510     
   461.21312913086030     
   457.82940401947178     
   456.30824649448033     
   455.48522843721213     
   454.03620256233734     
   452.97827440168965     
   452.09000559839393     
   450.70077699944210     
   449.99325906740745     
   448.65980666914407     
   447.53161778097768     
   446.65460744840942     
   446.12152727243938     
   445.64304293247801     
   448.46298729480651     
   455.81563964485201     
   465.25238487628116     
   476.76185992239351     
   489.65029632435579     
   499.63557026191921     
   520.68066036712378     
   515.76581039143332     
   512.31740571721616     
   535.23580794757561     
   564.67832893584762     
   568.55477309287983     
   568.05689562032535     
   566.33660820278772     
   541.59814421091721     
   541.77774264917093     
   551.18926073556338     
   560.38920479757667     
   551.50381760498874     
   541.43946460347649     
   525.92587685077922     
   506.46702440736181     
   494.51795740930180     
   486.52872090090005     
   480.81121200142877     
   476.65221602602287     
   473.48638713669999     
   470.16077481559245     
   467.54753388077643     
   465.16089109043054     
   462.78878767964676     
   461.20211084232847     
   459.65783949667849     
   458.57535817564201     
   456.62639288345906     
   455.22138404662047     
   454.08101961098350     
   453.18678362982467     
   452.27321381860986     
   451.32019822846837     
   450.31941204799347     
   449.27582632310907     
   448.47099703251706     
   447.79593093948733     
   446.90848809151282     
   446.13941335302781     
   445.44750385402449     
   445.13468065761583     
   447.65660767910458     
   454.31670646881577     
   466.22520907868301     
   479.42212959250310     
   491.83444554177828     
   506.90100405840190     
   531.40313851690939     
   540.29932182250946     
   558.43855096427103     
   564.95362744555382     
   577.06090713635001     
   581.93867965744721     
   585.72080627071125     
   593.75077722901324     
   592.28734388366559     
   594.46935494321428     
   582.85895391456518     
   573.29471608864787     
   556.02736968379895     
   543.84509519821086     
   527.13137445020891     
   509.65478240418446     
   499.38154823687086     
   492.36047665826027     
   485.22155733948711     
   483.64474324380359     
   480.84711395250065     
   475.85444461696477     
   473.06306273330546     
   470.67575393148400     
   467.80759281878096     
   465.64210764127472     
   463.35392484582769     
   461.40734292220151     
   460.29516717016077     
   459.36388204876528     
   457.64290010959877     
   457.02277914362668     
   455.91947335273960     
   454.28037160985252     
   453.50688661609541     
   451.97190121847194     
   450.67747463384563     
   449.67854462288926     
   448.72914387166509     
   448.07720379968623     
   447.35427429414392     
   446.95993014276610     
   449.27990948249084     
   455.74375130967638     
   466.55917112857838     
   478.03455695421172     
   484.86119905947737     
   501.91671694434547     
   518.17449071559201     
   531.92054935897397     
   547.88276835641557     
   562.68562546584667     
   567.83846499115771     
   556.24418206519294     
   580.45906388749177     
   586.67934779594327     
   582.12063373997967     
   580.38431760996991     
   574.87698784530937     
   542.54003986703003     
   544.36950330742059     
   537.15046138275511     
   525.25588655649324     
   514.20589184439541     
   499.65378718418151     
   488.69771209216350     
   483.66108732530324     
   478.08774801581217     
   473.95881526534362     
   471.13358777972923     
   468.25680187116325     
   466.02711157974380     
   464.51573466215910     
   462.75661600009249     
   460.70136661868361     
   459.23529253113503     
   457.74297230081004     
   456.64119240603833     
   454.99776579863266     
   454.40849272924874     
   453.34386509085300     
   451.89830252144884     
   450.71181330947945     
   449.47477124539591     
   448.41887533085679     
   447.48703280033351     
   446.67664549020924     
   445.97928255749946     
   445.31064060828982     
   444.84485518229314     
   447.14605857170915     
   455.66098633335957     
   467.94452976832679     
   480.90064084118313     
   498.52709062244378     
   505.23967419165524     
   524.85979130754436     
   532.94576788407880     
   550.40889747131041     
   555.07231406262611     
   575.25572223669053     
   583.16642809789460     
   589.41975248696360     
   589.01637709015426     
   589.89685803275415     
   587.63107797089879     
   583.25573724600292     
   574.27745888621075     
   564.60311011755539     
   552.93894365251174     
   537.06757277105430     
   521.11714540941239     
   506.16654945275968     
   493.03012838068832     
   486.62245675323794     
   481.44838948342448     
   477.34561527849502     
   473.85317470982676     
   470.40855867593262     
   468.02633027492169     
   465.81329015160446     
   464.37939721279770     
   462.53652109850640     
   460.31194615282612     
   458.86472835979049     
   457.53901730027201     
   456.00944223043234     
   455.17971234915836     
   454.16881496229422     
   453.12824808779601     
   452.26942494018505     
   451.09051176784567     
   449.72237082340695     
   448.66064146946280     
   448.14576456242025     
   447.27187787008273     
   446.28223130213121     
   445.77041560234051     
   448.01712152162918     
   456.18388701034718     
   469.31507072586317     
   483.25856211334565     
   499.49202985285729     
   514.22957419873433     
   533.07071505958857     
   539.03778011879922     
   559.97226005178163     
   572.17524325608349     
   580.56696611300765     
   590.22791304541329     
   596.24311160424190     
   599.16892485538585     
   599.55490656733400     
   597.20742441591381     
   588.84074799499047     
   574.30323135198046     
   561.85534205437909     
   542.54374784789752     
   538.24797307039296     
   524.49188072078152     
   508.63940292373866     
   495.45360357219414     
   489.28540561271245     
   483.82885103285037     
   479.83031383194430     
   476.32814459123591     
   473.81301158015646     
   471.11975179158213     
   468.92328395882487     
   467.01954302203802     
   465.16225853732175     
   463.09307874241773     
   461.71661556557530     
   459.99430241625453     
   458.39629060602584     
   456.98661053752210     
   456.23865333935260     
   454.71096763737427     
   452.58488354396280     
   451.39255865729092     
   451.04924739476661     
   450.43591832808966     
   449.45657247658903     
   448.53219142724959     
   447.72514764369362     
   447.09977574509736     
   450.39436132546496     
   458.77853812127739     
   471.57799169073712     
   485.99051086492489     
   497.00589995898940     
   512.38902873950394     
   530.80167552316061     
   529.89310515270711     
   524.38277705198823     
   533.94345906887906     
   534.87165463218105     
   522.06030527242740     
   535.74494201952348     
   573.82584818526095     
   568.65690207359398     
   565.36358330965982     
   560.72117082775708     
   533.36230491473498     
   518.41444744879368     
   537.30045602691462     
   534.79887081559116     
   520.83586530811021     
   505.51400241085969     
   493.16376719254373     
   486.37162716407653     
   481.21858546488403     
   477.60099297385597     
   474.70510500512057     
   471.64624602009997     
   469.09475672291870     
   466.86748549770317     
   465.09158657940924     
   463.15064337320950     
   461.84833510636446     
   460.42270074978563     
   458.86926240492329     
   457.71105826918529     
   456.35396591721030     
   455.29535597178835     
   454.05840339935969     
   453.13011306554841     
   452.20406839864506     
   451.20972132511554     
   450.25143898760746     
   449.22100933373173     
   448.42864341950491     
   448.04081223276592     
   447.83114905037644     
   450.60946169691846     
   460.04027293821343     
   472.42682769461169     
   480.89194690597986     
   495.51278099720923     
   511.03677728731122     
   523.38427899686553     
   549.21635237719147     
   554.40665909857489     
   540.67346627860547     
   583.24809476745293     
   579.43866915512217     
   559.66597515969636     
   591.61860123233896     
   592.78774888390751     
   595.98281558013684     
   587.88931876413073     
   555.40205888896651     
   518.71270759511378     
   505.82789842738561     
   498.49178374887924     
   493.41098554730746     
   488.60108936624385     
   485.38773761343163     
   481.75593306349975     
   478.17496700936761     
   477.93197372714263     
   475.31870448253233     
   472.39739052508662     
   471.17591665239343     
   468.60073879259943     
   466.78449870644380     
   466.59586722802493     
   464.29899349219079     
   461.61880120484159     
   460.11843571601889     
   460.31362190825359     
   461.23630068396346     
   460.18986908704022     
   458.37172464646363     
   456.14898183893547     
   454.68685138549500     
   453.73576869189901     
   453.46595484134650     
   453.58085324706940     
   452.23163419732487     
   451.43274040565080     
   450.99962553717359     
   452.47171799743035     
   460.26287482411828     
   473.54724097564196     
   487.83863246199684     
   493.04616405430909     
   509.20356929572438     
   533.73317716909810     
   548.35701808468878     
   526.52252467337803     
   549.41316711181241     
   567.70114368062900     
   584.54493862963636     
   593.69968614965592     
   587.22526071101595     
   585.91201348069922     
   585.46223800228472     
   583.49863154156128     
   566.69651871308179     
   562.98059059239290     
   546.51657272067462     
   541.97110047128115     
   522.25409019008839     
   514.51197551786140     
   500.96842110032406     
   494.49704509695795     
   489.39225875312417     
   485.60587671736658     
   482.29774753617346     
   479.52669736071249     
   477.56296344602197     
   475.52175976446961     
   473.32255657679173     
   471.47489073410003     
   469.21756358225076     
   467.32017738241916     
   466.19303996197812     
   464.97065575329657     
   463.83808269358252     
   462.74189883865415     
   461.04270029907246     
   459.70062633702628     
   458.60039997514582     
   457.65449193245780     
   456.40241316986510     
   455.42495094302933     
   454.58530892463335     
   453.74805751021330     
   455.48866832743113     
   455.85013371712671     
   469.70791556618701     
   474.41132072425427     
   492.54060144475102     
   499.92975270463040     
   518.35524930646909     
   526.57399455604150     
   551.15765123995232     
   563.25324533448168     
   578.03324925691106     
   586.67348911001113     
   582.63633585932871     
   584.07664366886104     
   583.40463484670579     
   584.48275999129692     
   582.87876125061314     
   580.88526627705835     
   569.00787643234696     
   567.28949756915870     
   550.87240994459557     
   545.22306702056460     
   524.85031674652953     
   517.33878670479032     
   503.67012188008113     
   497.29454796346897     
   492.46194748738213     
   488.76899142184720     
   485.48879358067586     
   482.58881110343708     
   480.13664110466010     
   478.05452298827464     
   475.72614297871394     
   473.67779141913661     
   471.55827953719643     
   469.87892427259061     
   468.41963237526323     
   467.09696997340819     
   465.81296474388290     
   464.63893997096568     
   463.30373979874963     
   462.03527295074696     
   460.85510928296833     
   459.73044974902859     
   458.06440410542768     
   456.91541545058556     
   456.89114283409538     
   456.38084099468648     
   457.63339393016366     
   457.59637466932122     
   471.12963020744650     
   475.77551959931418     
   493.34409456339210     
   501.24113898908666     
   518.41157501546809     
   527.16827204681681     
   545.57537002447270     
   555.54445596836547     
   557.81576876115309     
   560.46428591041069     
   574.24985637787677     
   580.43517972620157     
   588.31232316962814     
   593.11606249847932     
   587.87217431024681     
   585.98834878207435     
   571.84222715694330     
   567.64012479722078     
   547.35072297601084     
   540.13646421285875     
   522.04221883966159     
   514.85096896905111     
   501.74130621908034     
   495.60978651279379     
   491.28952257249836     
   487.91303519120663     
   485.02080340476300     
   482.54258724644689     
   479.62234476977505     
   477.43079301422722     
   476.53968640880032     
   475.16198958693980     
   472.85827215275060     
   471.21628173796790     
   469.92232796185465     
   468.53457182851321     
   467.44881683759490     
   466.28559403388516     
   464.70400064147583     
   463.49081184528893     
   462.00510808978242     
   460.81040663196325     
   460.80208414973032     
   460.38507321308703     
   459.01799662790523     
   458.00566353990058     
   458.92144035333916     
   458.80347866804368     
   470.77861648283090     
   474.91121896788434     
   494.86691674538457     
   503.59434960787655     
   525.45049761809366     
   535.76837112411874     
   558.68383251411990     
   570.12124961647464     
   587.24076511249143     
   597.30710961893601     
   590.73703289682680     
   592.23663244624970     
   600.56697192701131     
   603.94496847271500     
   594.09702528990522     
   590.21879436845325     
   577.23258112014742     
   573.16970672628179     
   554.44818233781655     
   548.53984627576096     
   531.00997342314406     
   523.81027104627879     
   510.21975225359375     
   503.63362509838208     
   500.97726140483877     
   498.08759284027332     
   494.59397533325682     
   491.78488386503761     
   489.19364162603460     
   486.86115751388246     
   484.93859434721247     
   483.08766646296698     
   480.36078113365375     
   478.41770133195445     
   477.21541829827203     
   475.85605775066762     
   475.27257785493902     
   474.43666748812211     
   472.22698414634391     
   470.69171359833263     
   468.39660347451934     
   466.77191500931070     
   465.51785534508133     
   464.09958284443968     
   463.83326711287253     
   463.02787079347775     
   464.03302850592019     
   463.64613500274970     
   469.83158384382909     
   471.57418616905159     
   483.11862992532321     
   487.92163554123402     
   512.09309019932891     
   521.95003176972489     
   540.23020314436599     
   549.47640635556320     
   563.68975772773047     
   571.90030409319979     
   574.60680875924095     
   577.24742982130158     
   585.38633115045855     
   588.20703222104271     
   586.48174992038332     
   585.37342631918227     
   569.30250190116067     
   565.41414957562051     
   548.72247523010140     
   543.24128419561600     
   525.00817502139762     
   518.26204137919660     
   505.42198788072278     
   499.00164805981950     
   494.75157394988742     
   490.91054959473672     
   487.64395477784433     
   485.04923327264771     
   482.40555719303069     
   479.99054325796214     
   477.61017330152043     
   475.76896913817615     
   473.65917515888702     
   472.05492610818027     
   470.82842880138094     
   469.58575545985610     
   468.28421303446470     
   467.03848457811625     
   464.69817467924207     
   463.17948555086713     
   461.81609607914487     
   460.43974076303903     
   460.13058925328897     
   459.50381859161234     
   458.62317702738630     
   457.75354570872116     
   458.29436886742849     
   458.01782293654321     
   469.31955381557361     
   472.93182835220978     
   492.62429431590914     
   500.50360418721050     
   512.57202372885968     
   519.67471303934201     
   544.03993661632705     
   555.66574958513479     
   557.37573400865745     
   561.25849423926252     
   583.34411534525816     
   593.31779546526616     
   586.54515099280661     
   583.76238023963924     
   591.64714343951539     
   589.73036872772616     
   568.00039459050424     
   563.23246290965517     
   543.07351315637186     
   538.89392383512256     
   523.90806815639507     
   517.21009411332375     
   505.67508812044690     
   500.09520550381529     
   495.52967164704449     
   491.41146341700249     
   487.38246615129771     
   484.09064288939788     
   481.05379471996133     
   478.40473316799876     
   475.59856381972753     
   473.52936625373150     
   472.10865464497687     
   470.64168159639382     
   469.19399376242683     
   467.98137138473874     
   467.09818513852809     
   465.66057553265063     
   462.70137747185760     
   461.04623895606625     
   459.99129528565635     
   458.94511853991872     
   459.81178355830912     
   459.43571592590609     
   458.63347879369257     
   457.91974950565827     
   458.72553724941957     
   458.52825078962542     
   467.69907367292097     
   470.72413213243669     
   481.74012026315722     
   485.99209059680220     
   498.85450557800931     
   504.70000089866386     
   520.04788374538612     
   526.63419097223095     
   543.22050980231427     
   549.86450715052274     
   550.86560030201099     
   554.17936997306401     
   561.39505635285889     
   566.04967796802828     
   568.52587924106138     
   568.76992083171865     
   551.65705185996239     
   548.60369487527350     
   529.88739320797947     
   523.90415613599600     
   507.84860983236604     
   500.47539240137769     
   492.48792423146818     
   488.26093714156764     
   485.40335561337429     
   483.05994705036011     
   480.18765418670102     
   478.11386031875838     
   477.16338781146362     
   475.78886921704890     
   473.35478475997058     
   471.57953288418997     
   469.34433497599912     
   467.70771821329708     
   466.36160371176044     
   465.11123805443049     
   464.09986344070006     
   463.06758334255966     
   461.61600515675866     
   460.73138082833236     
   459.68435414476193     
   458.68668601593072     
   457.59664804249530     
   456.55259356126948     
   454.81744936416919     
   453.66283443264433     
   455.25835363594132     
   455.46563512125613     
   468.13815895414211     
   472.77792464964949     
   495.30235672222943     
   504.40297813333819     
   524.85071437283716     
   534.47907550999378     
   555.69471816315092     
   565.87327396457749     
   573.42786805932212     
   578.88795296154012     
   580.51337664431685     
   583.81504958146661     
   583.16808126164676     
   584.57696395304504     
   576.74376045887129     
   572.23145126505074     
   563.81127344946071     
   560.59050365313215     
   542.32070545375132     
   536.78792568794245     
   519.94183589285785     
   513.32123452711551     
   501.03902180704489     
   495.25695669251422     
   490.59438340704014     
   487.14602121463963     
   483.96956778390904     
   481.51043160989536     
   479.33529574688538     
   477.49230240660580     
   476.12607641467184     
   474.65379129400640     
   473.88980851964908     
   472.88630099151288     
   472.01400917170497     
   471.06354710471476     
   469.44134975676081     
   468.45232062839591     
   465.92410313706876     
   464.43389441507583     
   464.45538344320909     
   463.64440570613544     
   462.34913140507513     
   461.07717007687160     
   459.86015474120404     
   458.81032764616248     
   460.22682806553291     
   460.29834187020714     
   471.84765452876189     
   476.10565533001329     
   497.12492731417461     
   505.71690085029121     
   531.45246750276726     
   542.30191373260413     
   562.59506787451642     
   573.21861400104069     
   583.21541140055899     
   589.93733316512237     
   590.45635702127879     
   594.40674245457842     
   593.40892276048373     
   594.56815019799649     
   593.82871459824617     
   590.98173229804775     
   578.70575542765835     
   575.57596512638622     
   553.18848318395681     
   546.67957658866999     
   527.58649324560508     
   519.24712789530543     
   505.38935106603782     
   498.47953867030486     
   493.02671796817640     
   489.09610307778070     
   486.81545092544428     
   484.30513200393551     
   481.86026465891842     
   479.98945916012485     
   478.41155925353252     
   476.82873498196562     
   474.62797863742225     
   472.81072454710232     
   471.40852448528625     
   470.11505010908115     
   469.00154119167115     
   467.77125350831705     
   466.29595921135365     
   465.08020164371123     
   463.75113570092043     
   462.68352773505819     
   461.95649825824074     
   461.02603652118910     
   459.40370730892027     
   458.18584067679512     
   460.02417427710566     
   460.20313851858600     
   473.79309059054242     
   478.79210239919598     
   500.39740646883126     
   509.65106708221066     
   531.96043655031815     
   542.39555989161477     
   561.07177612568933     
   571.21829616805951     
   590.97165709687636     
   601.81141181103408     
   603.39767211827495     
   607.52115004349707     
   612.61929631030216     
   616.69140981478847     
   611.48579126075140     
   607.11344276625334     
   584.24715095365855     
   576.70505110800048     
   559.61909177678376     
   553.35965973507609     
   532.04858635838934     
   524.18444306802428     
   510.02590614171146     
   503.31284457992643     
   497.88713151945171     
   493.83831576511824     
   491.01077981139036     
   488.15389697014683     
   485.96859622553484     
   483.76289994791955     
   481.17685872784210     
   479.16722907176478     
   477.86620120309908     
   476.55517211918243     
   473.94044024922897     
   472.04853928927145     
   470.58599168025654     
   469.30383354018653     
   467.28209912299843     
   465.66338324012889     
   464.42790571473978     
   463.30593123387735     
   462.72112294819220     
   461.59716105489150     
   460.45649009626817     
   459.38862588392459     
   459.98250475556341     
   459.69711934320668     
   474.43643181959533     
   479.91219114997978     
   502.98362955439313     
   512.35359725255853     
   535.70290289151751     
   546.25271069948337     
   560.37718909411467     
   567.92484169777742     
   587.53819802655698     
   597.83834208593032     
   605.86844726886454     
   561.72631640299824     
   557.52765848129513     
   557.93850995436276     
   563.61556164364288     
   547.04218434567565     
   532.17904406893240     
   521.93337906264412     
   516.33721788289540     
   512.00386308681880     
   507.53713777492152     
   503.72452676502002     
   495.06965422675546     
   488.95185012179707     
   484.82393082990433     
   481.44645972742245     
   478.41269886288694     
   476.04769906739438     
   474.86226561577087     
   473.17480225512764     
   471.62832272500839     
   469.77845306096930     
   468.28514220882732     
   467.06245650496106     
   465.33999610003764     
   463.79156226775103     
   463.14681920591823     
   461.81184489759943     
   460.41109277242606     
   459.58732720405465     
   458.77795220062359     
   458.33609115890783     
   458.91816062650440     
   458.65679155423510     
   457.81927621158394     
   457.07767564735332     
   456.36697124408721     
   460.68524978841532     
   473.28557376089219     
   481.58119250686389     
   491.31101992769055     
   505.43549366314750     
   513.64728378535835     
   518.82215870597929     
   521.34972098561570     
   524.75763173043879     
   536.13288768792904     
   541.24601829137646     
   549.38055396628613     
   554.28278113905651     
   555.71995528283912     
   558.81291842786766     
   558.69546178254734     
   556.04224982926496     
   542.73791266179569     
   539.72128818252247     
   527.83403904980685     
   524.30425011105672     
   509.83064629207797     
   504.09523798783380     
   492.93255095012421     
   487.77535307412739     
   484.75483043192213     
   482.24610160108813     
   479.92973365548636     
   477.93530349687916     
   475.68646686548186     
   473.82723977783252     
   471.50466222072134     
   469.68281462990336     
   468.90193183892683     
   468.00968803174521     
   467.19931155965747     
   466.11941733455672     
   464.82303062988319     
   463.77003450443186     
   462.37207617688784     
   461.36524697851070     
   459.98334793025833     
   459.10432893760407     
   458.99180075543904     
   457.95058880645246     
   457.83008184373870     
   457.54229232473205     
   457.95759264220408     
   457.91670058698895     
   470.21910341398109     
   474.65539501822411     
   490.23311730618047     
   496.51625507332074     
   512.23359450999646     
   520.24918532901052     
   540.26691962847269     
   550.16605805313725     
   566.88259077241401     
   575.34238404925952     
   589.44035987970858     
   598.30030340196504     
   589.93951768716431     
   584.44852934513074     
   571.38241735678218     
   567.20089017378893     
   553.50224598355510     
   549.73888894486890     
   540.72573099433544     
   537.90369249051469     
   522.14964516955797     
   516.57075898870744     
   503.01569318746743     
   496.42567099292819     
   491.35424830369402     
   487.63732363973349     
   484.83573839846855     
   482.29110501049314     
   479.90033868813669     
   477.74518359275697     
   475.71058535388869     
   473.91605275320296     
   472.27911531555418     
   470.95193109528645     
   469.60281003004940     
   468.38444480987772     
   466.99313809240203     
   465.82648860865481     
   464.28803132001104     
   463.02361370807904     
   461.81482785604834     
   460.66062427388857     
   460.37611014471770     
   459.73737109497552     
   457.97973527360483     
   456.77417753588901     
   458.40515620856161     
   458.59675553812258     
   471.78409602564176     
   476.73182819332965     
   493.31228436296874     
   500.67527732773550     
   512.97439879277920     
   519.70174351146613     
   535.90102383430951     
   543.78574679223595     
   563.48299533552631     
   572.13876358655375     
   584.94361612193700     
   589.48882835637903     
   569.16473102966074     
   563.39096108792205     
   559.72440065571959     
   555.95232075925605     
   540.54887593638716     
   535.54922255607698     
   517.96944317887130     
   512.24193392284724     
   502.58166512531989     
   498.12526084794888     
   489.92589126509876     
   485.76188578026495     
   481.59399005865026     
   478.74550930518438     
   476.70424305836639     
   474.83106243556188     
   473.38937268528264     
   472.17760677928885     
   470.86585923257792     
   469.54933230451900     
   467.95208932826796     
   466.66645971268690     
   465.44293394911313     
   464.39091391921977     
   463.17291556064305     
   462.11888798580668     
   461.11065095177713     
   460.17338285501569     
   460.01450883015127     
   459.40206493454804     
   458.93243157468891     
   458.05325282816364     
   457.22806076835769     
   456.56253942445500     
   457.66127946077438     
   457.75149635500367     
   469.73341007634605     
   474.09162911554006     
   492.35500291577455     
   500.94033577611827     
   521.49775270206749     
   531.51803670351649     
   533.02095497172490     
   536.13629599668286     
   553.50227289951783     
   560.53759274266872     
   553.63370311195843     
   552.47450731889762     
   548.90938382151046     
   547.76363943324725     
   542.78778638585220     
   538.92054747317673     
   523.81568062315648     
   518.30243443447785     
   511.74944547869353     
   510.52967727498611     
   499.07031606406389     
   494.56492673948981     
   487.75289618674429     
   484.21407783207513     
   480.96908425036145     
   478.58117433315113     
   475.85022562516639     
   473.77775977996214     
   471.57551572231586     
   469.84456822219170     
   468.15615758019885     
   466.74728774901803     
   465.51975465264576     
   464.37632830821332     
   463.31442483764948     
   462.28485175356570     
   461.05051996768918     
   460.21645898415420     
   457.74645337953194     
   456.29734833251837     
   455.95437012043379     
   455.17553922797174     
   453.94366225449494     
   452.82438280369945     
   452.91025632635518     
   452.48166122932577     
   453.07928666067153     
   453.00586013471894     
   465.40045772058124     
   469.74659411150259     
   488.19954685407890     
   494.82945819940278     
   508.66740989455303     
   516.27760663020592     
   527.63003015950255     
   532.99048878139195     
   538.27327160980917     
   541.28558919401939     
   544.42612661823819     
   546.99192323541570     
   539.40515733126711     
   538.68956240995010     
   538.88698880120842     
   537.69514452478677     
   529.66994237005804     
   527.98455160730634     
   513.00544200643208     
   507.10895239021033     
   495.69982819848525     
   491.49726571523462     
   484.59248251084830     
   481.10920373274990     
   477.59207524450613     
   475.30206170856604     
   473.47176790355519     
   471.79825394806340     
   470.57393999939802     
   469.40638575378199     
   468.55037726105303     
   467.63433998215157     
   467.72869202701946     
   467.40796380243944     
   466.12067220593133     
   465.25560132140589     
   465.52965003025946     
   465.17663357489852     
   463.75113370894593     
   462.67749420696953     
   461.61277381907098     
   460.70456536890811     
   460.44999642832585     
   460.01466566206028     
   459.05496465303816     
   458.40575878323483     
   458.02473058631438     
   457.32921471217776     
   458.59617987423889     
   458.49822109368785     
   461.81697146662680     
   462.50601706539521     
   467.72676510321639     
   469.62765843064165     
   473.32098606682939     
   475.11545309071454     
   477.25943222909149     
   478.48839380829764     
   474.81990747602447     
   474.26915483854901     
   474.28187259629397     
   474.62423243349826     
   476.70128793682250     
   476.78991764092848     
   477.64914270449310     
   478.29252582355122     
   472.52438043724470     
   470.46835510126061     
   464.96258182011132     
   462.76653125742916     
   460.06776428426645     
   458.62193794863418     
   457.37524183798683     
   456.40344154825976     
   455.03156540473316     
   453.97417084500370     
   453.00211121617031     
   452.29941992191033     
   451.35707738877329     
   450.54550634254088     
   450.04736287143174     
   449.60515939938159     
   449.40665856702191     
   449.08989531736728     
   449.39189537584372     
   448.98313747633955     
   448.24386097277022     
   447.88844880917605     
   447.22823092599805     
   446.87679564228887     
   446.07070493129379     
   445.55818868360512     
   444.78183142312207     
   444.20830052310163     
   445.58834249887144     
   445.81556230347417     
   453.73123057985140     
   456.73638522088555     
   465.50031930821564     
   469.30994096757473     
   486.29153556065614     
   492.83270792605924     
   516.58841730094468     
   526.60379769789472     
   532.95594887702953     
   538.83430281670144     
   556.19237345301167     
   564.88899443539117     
   570.65200777101995     
   574.15889461906863     
   556.46073206507833     
   549.89710016696370     
   542.50452922923841     
   541.50569937665239     
   523.28448488935976     
   518.60743546408185     
   505.53532547675860     
   500.37470195354473     
   489.09760230498796     
   483.89104391391243     
   480.25953648713784     
   477.53857738339082     
   475.10427669116200     
   472.71811220235895     
   470.27375142073032     
   468.61666347516564     
   467.31101661470024     
   466.02637109766493     
   464.47021819176939     
   463.14765063411346     
   462.05105384638773     
   461.13022776641327     
   460.81225941964317     
   460.07127160926495     
   458.42876450651090     
   457.42985089143929     
   456.77001478612931     
   455.99622684466334     
   455.16561555405656     
   454.36782178347067     
   453.39592872926107     
   452.71678730029078     
   453.85997593599132     
   453.74724787759436     
   467.18012303908961     
   471.67616452141226     
   490.66687929162919     
   498.38126138598784     
   519.81485961474380     
   529.13626939206551     
   551.42601421166319     
   562.52542262938346     
   574.83692987503537     
   582.43818783790300     
   592.75566736068856     
   600.35057111029653     
   588.91422059753359     
   587.37844472128063     
   572.36777942138008     
   565.25358320320072     
   552.10390760285270     
   548.11907700842369     
   535.28404452027917     
   531.84702773507706     
   516.35933534190394     
   510.28552478211463     
   500.87167714588389     
   496.52568204575090     
   492.01584461701543     
   488.54561670630812     
   486.52505248115028     
   484.50734861291858     
   481.89531895267703     
   479.29805626267841     
   477.48263312117649     
   475.92168768832965     
   473.15253073043351     
   471.09532503928523     
   470.28128582855260     
   469.33218790148419     
   468.46186292163321     
   467.19963512926097     
   465.44675705372168     
   464.07702525965198     
   462.72897774996710     
   461.75513756361721     
   461.53751952872386     
   461.08296681731548     
   459.70379739674655     
   458.73904872464573     
   458.94288167225437     
   458.45056584834441     
   469.27513070857742     
   473.22533223356771     
   492.78834620547451     
   500.02535807798876     
   520.31950138319576     
   529.46271180501151     
   550.69451234749545     
   561.13476085862578     
   567.87843125558913     
   573.88150677538806     
   563.57583638715198     
   561.91694317761585     
   573.21309433375291     
   575.60128834741602     
   565.23116480952922     
   561.07099339292506     
   558.48567049334429     
   557.29298127829156     
   539.87451454004201     
   535.66021293213998     
   518.29509332672103     
   512.62751035863619     
   500.22627478262194     
   494.48202081424989     
   490.03836035377651     
   486.70947213595275     
   485.13717831765632     
   483.33522263249785     
   480.70534356674341     
   478.68837368611344     
   476.58480508784044     
   474.77311126882711     
   473.49867449708933     
   472.21359296507978     
   470.33629511942365     
   468.87119772370858     
   466.98011486439401     
   465.65029446040717     
   464.21539916118547     
   462.76812412236899     
   461.17530164633843     
   459.91311291917657     
   459.03847075225110     
   458.10807890311565     
   457.46588668859408     
   456.71510663651128     
   457.76819281942568     
   457.67915641476446     
   470.11910680971135     
   474.41267258010186     
   491.21417552416011     
   498.18967627347610     
   513.33310683799652     
   520.85268353363733     
   543.01099997735480     
   553.18561366064637     
   565.92070237378812     
   573.75884439067386     
   578.43758125052852     
   584.00183750135614     
   586.79125670472115     
   590.54501916871800     
   587.87992704736757     
   583.21957001023509     
   562.81785352207248     
   556.16818718295895     
   539.61429344858675     
   534.55708043303810     
   519.15478287920428     
   513.38650230221742     
   503.59533897474103     
   498.98321012121437     
   494.65685817941022     
   491.51932770615906     
   488.54463966531904     
   485.94089857082548     
   483.92160093354346     
   482.06427411523561     
   479.75572897353442     
   477.94220063378827     
   475.90575603928858     
   474.33288722427193     
   473.30949456442966     
   472.15362197716183     
   471.40857261093277     
   470.50033016084217     
   468.28504872735994     
   466.84522343336494     
   465.94477099548561     
   464.78799142713302     
   463.23315063681486     
   461.98494201313969     
   460.96783061819076     
   460.02565779911276     
   461.65312544869084     
   461.66055891414106     
   474.18124498375573     
   478.51493690575148     
   493.28051124194633     
   499.90519978323613     
   510.80898298730591     
   516.76499058680145     
   524.42311361893167     
   528.96024410023040     
   545.63754891404972     
   553.29699196438742     
   574.83929692934078     
   584.72354761585279     
   592.53919991336682     
   598.46811704267077     
   599.10467248180362     
   600.11161543800574     
   577.42740547287576     
   570.23770270093223     
   551.87754227245682     
   545.11323525696491     
   525.70295215301746     
   518.01497532139126     
   504.94624584878147     
   498.45186116125330     
   494.22913666367845     
   490.67520656035919     
   487.07441899802649     
   484.35258457072996     
   481.59518442303568     
   478.87968232761204     
   476.39051696144764     
   474.16812902696643     
   471.52544925961013     
   469.76986421104601     
   468.67257890218730     
   467.49384980899617     
   466.28004686104396     
   465.04884771991533     
   463.49187766514547     
   462.21127344194207     
   461.32341439385124     
   460.33303695192433     
   459.44553932073899     
   458.53646792203159     
   457.75197029729424     
   457.05219953791072     
   458.86420022350791     
   459.11958057490222     
   472.03861219267299     
   476.58813524361523     
   497.27709832264651     
   505.23067611818050     
   527.30860026958055     
   537.63718625563615     
   561.67451163073611     
   573.12231309241497     
   588.59830241321220     
   598.33397896766587     
   604.66040276088358     
   610.97736109440677     
   606.01920934227360     
   607.50510011219490     
   600.09780133139452     
   596.54984122271719     
   572.88364118291247     
   566.45215544402697     
   546.90581869734820     
   539.27731734458007     
   524.96698671870786     
   518.21305234836200     
   504.85721903735293     
   498.09889068397092     
   492.98752423490913     
   489.11708552554813     
   485.20777832411750     
   481.82790585625520     
   477.74052060777439     
   474.76443329081195     
   472.28035487835876     
   470.15966160701504     
   467.71529258201963     
   465.43584064841411     
   463.45412933051176     
   461.80424778909020     
   460.59864568674811     
   459.23810374678715     
   457.42360826301689     
   456.00474220263067     
   454.68438905909625     
   453.55362606661515     
   452.67184588585167     
   451.67395827486052     
   451.17229910017096     
   450.42037013454450     
   452.34796566476064     
   452.64790404066679     
   466.45670181982160     
   471.51704184298467     
   491.67259638565787     
   499.24965077106106     
   520.33761108449664     
   530.54065596260887     
   552.79599621804573     
   563.99878852534687     
   578.51096087602241     
   587.47878479370615     
   593.48551018262697     
   598.82232078001709     
   598.44967221782792     
   601.64773793539393     
   599.09847374785090     
   597.50559248865079     
   580.51929372283416     
   576.81276755018325     
   558.08362051786992     
   553.45853346670276     
   531.03405716909197     
   521.60247152823104     
   507.41493025748258     
   500.04684533054672     
   494.37801801235520     
   490.06840268194787     
   486.12462890915884     
   482.93642483890585     
   479.37109864127802     
   476.20733812945417     
   473.36980633086580     
   471.10340659602065     
   469.53039059832116     
   468.13265515265107     
   465.55774462070593     
   463.70472927459741     
   462.37401555796896     
   460.95157795671662     
   459.72225164919490     
   458.56146694517679     
   457.24962070020678     
   455.89952713228365     
   455.14141304554028     
   454.17172877618486     
   453.42127739655240     
   452.61689309701273     
   454.67970056588263     
   454.95502618146548     
   470.16738354853345     
   476.03478882148636     
   497.62605748648207     
   505.88348534830203     
   528.95300104530645     
   540.21078269088025     
   562.38415295439290     
   573.03612262850584     
   584.17887666198533     
   591.48919723915014     
   593.95259951436344     
   597.79771880993019     
   592.19583330522937     
   592.81358962141303     
   594.49341454199521     
   592.47903042945359     
   574.96897888426292     
   570.63121871068347     
   547.86003040390108     
   541.49226677172737     
   522.26176441393477     
   514.20991918340133     
   502.07349324243722     
   495.65990315810933     
   490.32450734228547     
   486.40525659334980     
   482.34980533342190     
   479.18169502971739     
   476.39620402360521     
   474.20431613515569     
   472.36908950483041     
   470.55980490785231     
   468.82672590082018     
   467.26264084306229     
   465.99775187549710     
   464.56797795282051     
   463.55834867689379     
   462.41786115384002     
   460.70364633186102     
   459.40921867028777     
   457.89030056010222     
   456.64532392560926     
   455.05900526943907     
   453.89972393867282     
   453.48526582393163     
   452.88623950066579     
   454.19867182074438     
   454.06738646721493     
   469.67843571833441     
   475.49476928130741     
   496.20128487720831     
   503.79812843627195     
   524.21043605416571     
   533.51334328288146     
   549.52517154932275     
   557.63869678433934     
   566.41935526107216     
   571.50457866316015     
   570.44396018511134     
   571.84464687420143     
   576.20843045515448     
   579.94077725967986     
   581.68251841769472     
   580.74696022382307     
   567.82947268603039     
   565.63537127887764     
   548.97127255292526     
   544.63287937688574     
   524.14166844787474     
   516.60998103421605     
   502.95537503920201     
   496.53885529461593     
   491.13562892742266     
   486.90585022522248     
   483.26430997100476     
   480.21930928860496     
   478.02679389552918     
   475.81971119485638     
   474.43299559245509     
   472.96140066973879     
   469.88290080489679     
   467.96490213629443     
   467.12890709218573     
   466.13916518815824     
   465.08446321647386     
   463.88161483897187     
   462.40571249714571     
   461.39326252841721     
   460.27718595622144     
   459.36312196314566     
   458.51423897304414     
   457.36831739537951     
   456.19553271059931     
   455.30135029688972     
   457.29555591095686     
   457.53866852706244     
   472.46666541989441     
   477.67514539172464     
   497.94971240184094     
   506.45658553026453     
   525.23224692105987     
   533.99442233420234     
   554.14102532569063     
   563.58663280656344     
   575.71826408784432     
   583.76380425000855     
   593.28289714662242     
   599.71654120471214     
   595.65794184276581     
   596.38079338132411     
   589.09570570068956     
   585.35059536023834     
   575.48472680884481     
   573.03110733936501     
   552.07423628368178     
   545.80234542952292     
   526.75363180850889     
   519.70785799886562     
   507.55437876519579     
   501.70327036225444     
   497.42324488574394     
   493.94092987617950     
   489.86218456398734     
   486.53106653625525     
   484.68593421327211     
   482.86642655595136     
   480.82587605243839     
   479.01152376546582     
   477.04708046359684     
   475.43283121892085     
   474.00709575985343     
   472.62275235204379     
   470.88250512763449     
   469.69949430492090     
   468.60351078041049     
   467.40131395065941     
   465.96867198923928     
   464.81721505020954     
   463.80685276972633     
   462.84613550854618     
   462.32092963338897     
   461.62357827377491     
   463.00088209109163     
   462.91260782630565     
   471.97560575977650     
   475.21098715361239     
   496.80248393282972     
   505.46749655932348     
   524.41913133560820     
   533.51244649101841     
   555.91044751649190     
   558.66861538342937     
   574.84067606028748     
   590.70120966736590     
   596.87216711526196     
   602.40033659842015     
   597.56915409920282     
   589.27096929053153     
   569.25786579745204     
   560.59886497868388     
   545.84542179031519     
   543.06239761339327     
   537.44981345984672     
   524.42501769373803     
   513.72621439852651     
   503.26918568275556     
   496.18708626282427     
   491.32549744838468     
   487.16106266513560     
   483.96865283629450     
   482.27513273376178     
   481.47949382518726     
   480.84343210584564     
   479.30390364765356     
   478.84750530454551     
   477.36939699200457     
   474.35071743724376     
   473.70340787015130     
   473.47156025102737     
   472.55853578473346     
   472.45627145386277     
   472.04072715238698     
   471.04206546121191     
   470.59555220857300     
   469.99461771748128     
   469.69786420763467     
   468.54397495176875     
   468.36124999011622     
   468.37495993374699     
   468.51044480847872     
   467.99734598695034     
   468.90144485692457     
   471.55021254695771     
   476.65192804224671     
   481.54377741930301     
   482.74979464838952     
   480.21938900479836     
   479.28347096711184     
   480.91871929870979     
   488.04545996528151     
   491.69071514750874     
   501.97900070150359     
   528.59791663455053     
   529.52605176150792     
   529.35356359823118     
   523.43143141988276     
   531.27785132533506     
   527.99035572275727     
   537.27043728400531     
   525.10021327819948     
   512.03762009964407     
   510.24372806693930     
   497.35207899156745     
   491.89382978732203     
   483.02315870461985     
   478.95857449473550     
   476.62780999839561     
   474.69928647267432     
   471.35476903923603     
   471.03927921318666     
   470.33130100499363     
   469.10041628636628     
   467.80910125284959     
   466.47495868389694     
   465.37933574177697     
   464.77121055056000     
   464.98296310385183     
   463.13204935761649     
   462.17457446576236     
   460.83088006156862     
   459.61501656699346     
   460.22668473681597     
   459.97696235211799     
   459.28298130075086     
   458.42340818286470     
   457.94915998868760     
   457.30007015054798     
   456.73807584872020     
   456.39813546326877     
   460.51640891267499     
   469.43754959538114     
   481.27676874476600     
   493.72885525732437     
   510.46226923622231     
   514.31030393728417     
   537.21085392762200     
   546.36235661730109     
   552.54459202133614     
   551.99007193016439     
   553.37630910162841     
   553.17998377093863     
   554.17466464293955     
   565.82841851508613     
   570.54685157511005     
   562.75754376983286     
   560.52089638687539     
   546.30350355742132     
   542.60461910664469     
   533.38532818924671     
   529.62285592401463     
   512.66531715634665     
   507.04635253136786     
   496.25138253904134     
   491.22390389617692     
   486.70360251450444     
   483.22404613641561     
   480.05635190704896     
   478.09960667375839     
   478.29811731480680     
   476.99848764311656     
   474.62692445523112     
   471.46759223443263     
   469.32023101539482     
   467.82740661854251     
   466.63216546592361     
   465.98081476742880     
   465.37397503771251     
   463.64814850673122     
   462.46691618717239     
   461.27405098373180     
   461.45150832078059     
   461.56741140192622     
   461.18301802951981     
   461.04930121366226     
   459.88743235265900     
   457.79772655919692     
   457.09294148416990     
   460.76012643088052     
   465.80890543955076     
   474.73907088064971     
   495.69371128596413     
   504.37972843863679     
   530.38980488595382     
   541.87092020157536     
   552.85945736708379     
   559.21239235654321     
   578.70433590987489     
   587.24571856701971     
   590.55891413907204     
   593.90692622977656     
   590.92375378304371     
   592.70125999769493     
   596.71913531108248     
   597.60861722409777     
   579.51353264072839     
   575.73609311579753     
   554.58281636434504     
   547.09843858900240     
   528.43379875170842     
   515.16040935534807     
   505.98677111877203     
   500.66039175927477     
   495.61109653828055     
   491.13807292256206     
   488.49121956271023     
   486.35829327322472     
   483.66839290854915     
   482.01244053191022     
   479.90244957085872     
   477.77265438099442     
   476.18627911280572     
   474.89776042348046     
   473.32816016947243     
   471.86959692746291     
   471.47782782429169     
   470.23263467046019     
   469.10698014787579     
   468.48330911406799     
   467.85700604541705     
   466.47986310048026     
   465.00246452995719     
   463.50708236752001     
   462.64389198873010     
   461.84058633263351     
   461.19478324610202     
   465.15669719617472     
   473.90882732649675     
   487.39906709363032     
   503.92439821416093     
   504.38602367705806     
   519.94692773317047     
   526.94741505617139     
   554.01897358634517     
   566.07123790820538     
   528.05317652533540     
   518.54583043703451     
   515.61205181037462     
   514.47295429388475     
   515.53084325539032     
   516.98213461722173     
   514.37049689336413     
   517.43079521766629     
   515.12666476046172     
   511.82131217961222     
   508.28504756902004     
   504.31071755243630     
   499.39174600119156     
   493.77385395643000     
   486.91642305755943     
   484.74505168640815     
   482.56358832034311     
   480.17299638790064     
   476.84173647448222     
   473.97391385449646     
   472.46706173041434     
   471.41972044456492     
   473.79096332707860     
   471.56285363297525     
   468.47113890532478     
   466.53951779536345     
   465.16827521782892     
   463.87863037502166     
   462.97691481456047     
   461.71905489300320     
   460.57479518519256     
   460.55516279857903     
   461.46022380324678     
   459.69433932098752     
   458.71448915302835     
   458.19526540516466     
   460.76933686115683     
   458.37295441136149     
   457.38858304714671     
   463.72897025298226     
   476.72453792984231     
   478.45278652683675     
   479.33122485834190     
   483.70976878521475     
   498.88758240376461     
   506.19823058315859     
   525.66776607580255     
   534.69970452788641     
   544.16383240102653     
   555.79945296898438     
   564.02733897805149     
   569.93652224500818     
   568.90312173163397     
   571.17001760474909     
   569.38567670210932     
   568.46853595306482     
   565.40780482996990     
   564.48451785462680     
   546.28838580331342     
   541.94933728733429     
   522.81181092838631     
   505.57823841368082     
   496.16053478001805     
   491.29082216685100     
   487.80820369736807     
   485.17280167282615     
   483.61953811106895     
   481.60073393233455     
   480.05222804416434     
   478.39790680196910     
   478.38853150699134     
   478.87748145744376     
   478.36559065126681     
   477.20576986010923     
   476.05092536462951     
   475.08963879842241     
   473.96966796721102     
   473.33247453541838     
   472.50056430263641     
   471.35877070249535     
   468.56359854627556     
   466.20594211458456     
   465.04955973976740     
   463.58698071437607     
   462.87731284305374     
   462.08169136312631     
   463.21357817580753     
   464.20077098820281     
   465.58847363323133     
   468.35259637594459     
   472.50192479387147     
   477.95191972383475     
   481.82248062628702     
   517.50356070473367     
   545.42714230281649     
   557.59877514282357     
   572.39192942459272     
   581.35951677548758     
   583.28102862888022     
   586.19714753271739     
   578.45916809182233     
   576.15293337278308     
   583.13257985041173     
   586.41261520001069     
   565.61790660818872     
   562.24136967570394     
   547.97819042503352     
   526.34194084489320     
   515.85140747451351     
   507.04490496232847     
   499.59550653736125     
   496.06326731618356     
   494.65945002661130     
   492.82531066250090     
   490.97264536777021     
   489.74315426654903     
   488.30243373787351     
   484.95233719944866     
   482.55007497619806     
   478.75741219293843     
   476.90778521415098     
   475.77554435665070     
   475.62217828643230     
   473.47034857303908     
   473.24628321466668     
   473.44438277753738     
   471.74395399180696     
   470.30823509003909     
   469.52961697621174     
   469.49202219375479     
   470.39627136383677     
   469.31642633246616     
   464.69195575359521     
   462.64291649704910     
   464.86944451747945     
   465.17738972756882     
   477.41756339228129     
   481.77033411615093     
   497.61231171389818     
   503.72286046032963     
   516.98675314152854     
   522.23918789862489     
   533.19170686300106     
   538.38496260551335     
   540.78918846484589     
   543.32421364716811     
   549.81444502642034     
   552.52453988476168     
   547.27818718373521     
   547.39733571139868     
   540.84137301507587     
   537.94865963888321     
   532.73300037473371     
   535.95293980328665     
   530.31885283841598     
   521.92699430202219     
   510.21355534091242     
   497.70006881903049     
   489.96157655306081     
   488.14246295158739     
   487.57297402090842     
   481.71450128935618     
   478.48051840753010     
   475.56560541659496     
   473.17517914838601     
   471.14846521427086     
   469.92071185798750     
   470.46156484449079     
   470.56650509223380     
   469.77730006734987     
   468.69540807718073     
   466.66949896675152     
   464.90267042988251     
   462.99469496645702     
   462.65819027084768     
   463.15249489006692     
   462.48426247737785     
   462.32168621561709     
   461.67804944002597     
   460.74587882333333     
   459.64471438338683     
   459.77806071893360     
   460.27590858559728     
   463.74105836203182     
   468.13973232934302     
   474.22351781985094     
   487.19998566547480     
   490.59249995045428     
   502.74713887722248     
   507.64229074158442     
   530.66165556337216     
   540.61485024345279     
   517.86917786745119     
   522.50457847255086     
   544.76848942371396     
   553.72003492607496     
   557.17155959097954     
   560.78059057067787     
   566.79271444482754     
   566.13582627107553     
   555.92084962945728     
   555.19432742271840     
   536.82339361949766     
   533.57198037783689     
   517.85328012930006     
   511.54653775922480     
   500.64654604541801     
   498.69883103309780     
   495.39530982762807     
   489.33606756496073     
   487.02709327984167     
   485.05637511161137     
   483.36191150131401     
   481.53212844160373     
   478.59898562611619     
   481.04198996015526     
   476.35466787546142     
   473.71961084550560     
   472.92253707503824     
   471.63211763845345     
   469.18763951831806     
   468.90779448848929     
   468.31983682739275     
   464.76473863165916     
   462.67500225694516     
   461.14590258251349     
   460.63079303622300     
   460.04052399242329     
   459.80362852611864     
   459.14111983803502     
   459.23152319315199     
   458.69326989095390     
   465.94125362034794     
   468.14854355323610     
   478.88693650439171     
   485.31935972365824     
   491.17536234929599     
   506.07142959548798     
   525.08722208948484     
   506.34482726616329     
   508.54273464891338     
   510.99522676912517     
   523.01012226344903     
   527.57472504189263     
   522.91048218329297     
   523.34325371695923     
   520.59991621198117     
   518.81574671966291     
   522.42583451233520     
   522.23393123389167     
   510.33111073143095     
   507.93762666523560     
   497.08168292403928     
   491.71814307768966     
   486.90969611203246     
   484.08571299490285     
   481.79510094373927     
   479.84274116062545     
   478.11344179493716     
   476.30680729666204     
   474.62268114355425     
   472.65989018349887     
   471.01308813716690     
   468.73636546200373     
   465.88995673666034     
   464.41407240835582     
   463.79374897547132     
   462.58018979556391     
   462.27262259471854     
   460.97135764459978     
   460.61859361836883     
   459.81220288626457     
   460.33225903691022     
   459.52607038297703     
   457.19924118534618     
   457.09244514070258     
   454.58854237234061     
   453.24198426450977     
   453.17916324191958     
   456.11628981686749     
   462.95937360175066     
   467.95913759441135     
   480.21322981641367     
   484.77770018817358     
   499.27676490416650     
   505.27478933459219     
   514.76511351013301     
   520.03296374376930     
   521.81762866994518     
   524.50984286489529     
   527.25501515626706     
   528.77400180789368     
   534.14037530834833     
   536.55309129091006     
   530.37260074006406     
   527.67791438149447     
   525.43420833116500     
   524.91556578435120     
   514.56499447791180     
   512.88908785588137     
   499.83439375559442     
   495.49259488151108     
   487.11275362656585     
   483.00769737322236     
   479.93723372175066     
   477.56328362976933     
   476.46255768033285     
   475.08257370107128     
   472.47924465902008     
   470.77172591113913     
   469.56862644040871     
   468.43429205194855     
   467.91091486184115     
   467.02687223470002     
   465.28230537874828     
   464.12306114373763     
   464.24571880294076     
   463.49985561499045     
   462.37593592028395     
   461.60462829581064     
   461.38594650082547     
   460.87459192872763     
   459.92623540039773     
   459.05976933020031     
   458.51738881483988     
   458.02474884022411     
   457.99509089668351     
   457.56029247369588     
   463.26595853630766     
   465.16374045937874     
   475.99923773118712     
   480.29955457908488     
   489.81613429075043     
   494.37793249766810     
   503.72253590196806     
   508.77910827913291     
   520.30316630682273     
   526.01483021592969     
   532.13658256414010     
   535.76382369859311     
   535.06066578018101     
   535.21334947484138     
   537.08588083418397     
   537.49374638654388     
   528.13020272149652     
   525.37369065852602     
   516.96111957242556     
   513.52642003539120     
   500.38821955880422     
   495.48423884061543     
   487.20855333390716     
   482.47907753733801     
   479.18064296173048     
   476.74532033846668     
   474.45372609339324     
   472.54779767579612     
   470.85770521570390     
   469.56867512536917     
   468.14243452282454     
   466.83509764887589     
   464.69803843091830     
   463.22539418506523     
   462.53694895174146     
   461.84420097007228     
   461.17363347761000     
   459.94798138877889     
   458.06922236244122     
   456.89694755203197     
   455.65132576836248     
   454.70099388897381     
   452.86188076629702     
   451.42221147924511     
   451.24720571577831     
   450.89279354387673     
   453.88348635530133     
   454.89416917936921     
   471.48172693307504     
   477.93967674668852     
   501.68554632640956     
   511.55190672346578     
   537.15695227459912     
   548.88081993507467     
   566.46115332265640     
   574.67422108558708     
   583.27889521942518     
   588.98590465235964     
   605.48958388398455     
   613.86300408417856     
   605.47366129168051     
   605.22172489939305     
   602.40091466487911     
   600.17353586166155     
   581.61735063372907     
   577.58163242696560     
   561.31688857985421     
   557.00471205072427     
   538.12935371893218     
   530.28936417553302     
   516.42883850804242     
   508.97180852095272     
   504.21129075330009     
   500.31053446161900     
   496.56033892558725     
   493.04429369893035     
   490.13911708629320     
   488.19471345469259     
   486.12527716171496     
   484.20064994422864     
   481.99212628388216     
   479.96482556016360     
   478.25997206897966     
   476.78349954938506     
   475.18592554106601     
   473.68668905417655     
   470.95133523644648     
   469.07776412425784     
   467.29039674552342     
   465.77201468348176     
   464.86977456035476     
   463.99234273146988     
   463.01370568568359     
   462.13539596539886     
   465.10593878031074     
   465.50844065694474     
   480.46884554603321     
   485.38206237190832     
   508.00936469031677     
   517.75224546513493     
   538.76946609262359     
   548.35341718072311     
   562.42167595855415     
   569.07298639177100     
   576.29395422791561     
   580.02631809233776     
   578.77301526484177     
   580.03780573752738     
   586.70520594735729     
   590.60198917865114     
   590.40411215600955     
   589.51165564637074     
   575.00956470000222     
   573.03799553936756     
   556.84435630579594     
   553.05050658430025     
   531.56563765171143     
   523.83513147808333     
   507.58318928524005     
   499.20300174765651     
   493.57442488831310     
   489.14304279060190     
   485.29712460881524     
   481.83348322327828     
   479.35724669814090     
   477.12010521628781     
   475.61525757867867     
   474.09201158080788     
   472.79310141635654     
   471.57563975573822     
   470.99264747232792     
   469.92557529472191     
   468.60465052920273     
   467.42917905015429     
   465.93519950463792     
   464.67224762856603     
   464.01838060256267     
   463.22517171976222     
   463.06981044745157     
   462.55909838337845     
   462.22426936132024     
   461.83091808033379     
   464.64013762151376     
   464.97696312303049     
   481.58895709287629     
   487.61970210266315     
   510.62913245359601     
   519.70340293186484     
   542.06094184497874     
   551.64545225096367     
   563.94827754345999     
   571.23135326758313     
   580.38392463186756     
   587.14454710975065     
   597.58418986963954     
   604.04760592562229     
   610.28788926017569     
   614.78507602714967     
   609.20485382991603     
   606.60702271401203     
   584.58815569677142     
   579.64968323237474     
   564.13097591625592     
   558.45899186170243     
   537.71681366339874     
   530.19464064923307     
   517.44936284869084     
   510.45246331994650     
   504.88413845312829     
   500.56037606568731     
   496.54915302604547     
   493.24138145553940     
   490.51615270514645     
   488.00024900221746     
   486.65963333080907     
   485.11605169690665     
   483.21389703986517     
   481.45708765739403     
   480.10004717837916     
   478.78639649103172     
   477.59933346382837     
   476.00065597240030     
   473.80805266073963     
   472.03790385767206     
   471.09722744752656     
   470.02419735344984     
   468.36446641524577     
   467.13492716915539     
   466.39147570028763     
   465.56088163577027     
   468.80592846869320     
   469.48719797577587     
   485.53923013212034     
   491.94677822784229     
   513.83290924536061     
   523.69936995760838     
   545.94247999591255     
   555.88769996787471     
   574.33163568350994     
   583.78269841453925     
   582.33687683547464     
   584.00627632418411     
   576.95633233365686     
   575.20302002276060     
   580.99898962592499     
   584.58044988871325     
   580.50841850738254     
   578.11955121562676     
   575.82695056746604     
   575.84952833561147     
   560.42640476656925     
   556.55150480674479     
   534.93505390387611     
   526.38079079630393     
   514.31903137827101     
   508.21280578053722     
   503.47136935605010     
   499.67801840834727     
   495.23098318096839     
   491.73390289658840     
   488.26550584527212     
   485.71019197149150     
   484.19078769464573     
   482.67225580163068     
   481.34823583181770     
   479.93039000969827     
   477.96768194139696     
   476.19167781651208     
   476.21983603639239     
   475.19560086913759     
   473.67969784485643     
   472.55962339623761     
   471.30986032662707     
   470.01752957424560     
   468.86355370186533     
   468.00458275408960     
   467.92968992192573     
   467.17993086410792     
   469.56094326972561     
   470.01703042202541     
   480.33426917049729     
   483.93517655448613     
   499.19982256839376     
   505.56561077468575     
   529.48618447646652     
   539.82859105408511     
   565.33448003974695     
   577.34249938878963     
   596.20073471655678     
   606.17694685410447     
   616.31290936159075     
   623.47321557719317     
   614.73738841665795     
   615.01773438936129     
   599.73192570117396     
   590.82828296526191     
   580.21968317884011     
   574.95558500773052     
   555.22573468962685     
   551.60248204007917     
   534.10260146686369     
   526.20149692619975     
   515.06350209316429     
   509.54339271688889     
   505.28057696238011     
   501.72139250327677     
   497.26671357562725     
   493.37283064334224     
   490.38251082576414     
   487.68886206552031     
   485.73953536215595     
   484.10950474919639     
   481.69518625615365     
   479.68854287620104     
   478.21462979754131     
   476.86994912935450     
   476.92724195478809     
   475.96472667013938     
   474.50840232353119     
   473.42897690533420     
   471.86347717388441     
   470.56049144921656     
   470.37733971828692     
   469.52087053687467     
   468.87744072034718     
   468.07305125807392     
   468.82979987701054     
   468.34203111582065     
   472.87700455927541     
   474.09515554429800     
   493.66274238052688     
   501.43451721312852     
   517.41651604679453     
   524.84528511084659     
   538.60192060919280     
   545.59685475881656     
   560.87357233569344     
   568.11963085110790     
   567.43476302045372     
   568.46097135170908     
   560.21407778744890     
   560.01609199431323     
   555.74982393501853     
   553.43991778706788     
   541.83399016217140     
   538.74420502703390     
   528.33207788521338     
   523.38458754697319     
   508.93760690926911     
   502.52741258316632     
   495.07497003860550     
   491.61087978135038     
   487.56068414573912     
   484.53640626927262     
   481.48265553094194     
   479.03684448270621     
   477.05208657979813     
   475.43474802471212     
   473.65963521533524     
   472.13226074514381     
   471.05551206845132     
   469.84205964200549     
   468.51083567881784     
   467.38072029769893     
   467.16005426150247     
   466.29832143765157     
   464.55949287570036     
   463.20113643674813     
   463.03115107506227     
   462.42948814231511     
   460.72955621189953     
   459.69408669196184     
   458.96167804163963     
   458.27495331185077     
   461.81875860421877     
   462.75339419792829     
   478.09699142138766     
   483.63355705297090     
   502.17225154620968     
   510.34262120839850     
   527.97653978057872     
   537.02856012931295     
   558.27332433690663     
   568.52576096532073     
   583.87311621498702     
   592.63662215854299     
   587.39427413227145     
   585.78578463748113     
   585.29861833446228     
   582.20957456655958     
   568.43359220467096     
   562.99564955425581     
   549.02642425316958     
   545.79266023850198     
   532.83068241916976     
   528.57196493464460     
   513.67475280491772     
   507.66125222007815     
   497.17925082079392     
   492.23403415336605     
   489.47526549345281     
   486.80902343786300     
   483.41051699247663     
   480.83883414732014     
   478.96282403899590     
   477.33467751330772     
   476.04367691744181     
   474.78266288666816     
   473.52725343908787     
   472.41421814451121     
   470.78012498507820     
   469.25036366841840     
   468.34009190099886     
   467.13295663752848     
   465.29006080003228     
   464.01014433606105     
   463.52207559553221     
   462.80460198617561     
   462.03358748797012     
   461.24872459574414     
   460.74495100205797     
   460.03786291731154     
   462.33786189477735     
   462.71755532109648     
   476.18183954224276     
   481.02343114489815     
   496.32077351371868     
   502.53821798852056     
   524.45157046148449     
   534.43816748384427     
   552.15555138252410     
   561.76336068181968     
   554.47562984470596     
   553.44610111955330     
   565.58392506564792     
   568.57067210814114     
   561.14071246593949     
   560.89810905731497     
   557.98234721977678     
   557.23560751218474     
   549.75066500199443     
   547.16304635272138     
   531.22272843341341     
   524.81568681926444     
   510.38678838052709     
   505.29175940828281     
   496.67311839997279     
   492.03300033708030     
   488.83897901007651     
   486.26100727450580     
   483.49383756949896     
   481.70104710493933     
   479.70190152853053     
   478.16721630181348     
   476.05015189741931     
   474.31950537099596     
